关键词,类型,来源,运行次数,累计新增条数,平均热度,命中率,首次发现,最近运行
职场表达,种子,固定种子词,178,run7(2026-08-18)_0/18=0.0%; 29,约29,run7(2026-08-18)_0/18=0.0% | 08-18run2_5/18=27.8% | 08-18run4_1/20=5.0% | 08-18run6_10/11=90.9%,2026-07-17,2026-08-18
面试技巧,种子,固定种子词,180,run7(2026-08-18)_1/20=5.0%; run5(2026-08-18)_0/20=0.0%; 2+8(run6),约23（1条样本）,run7(2026-08-18)_1/20=5.0% | run5(2026-08-18)_0/20=0.0% | 08-18run2_0/20=0.0% | 08-18run4_0/20=0.0% | 08-18run6_8/15=53.3%(过滤3条纯技术岗笔试题+4条低相关),2026-07-17,2026-08-18
面试什么话该说,种子,固定种子词,179,run7(2026-08-18)_0/19=0.0%; run5(2026-08-18)_0/19=0.0%; 2+11(run6),约14,run7(2026-08-18)_0/19=0.0% | run5(2026-08-18)_0/19=0.0% | 08-18run2_1/19=5.3% | 08-18run4_1/20=5.0% | 08-18run6_11/14=78.6%,2026-07-17,2026-08-18
面试什么话不能说,种子,固定种子词,178,16,约63,08-18run2_3/11=27.3% | 08-18run4_1/20=5.0% | 08-18run6_10/12=83.3%,2026-07-17,2026-08-18
视频面试技巧,活跃,大家都在搜;run2_无XHS(Chrome未连接),5,27,"约15(08-03run4,8条样本:48/35/2/2/8/1/13/11)","run2_5/11≈45.5%(XHS4/5+web1/6,活跃复查)",2026-06-24,2026-08-04
社招面试自我介绍,活跃,大家都在搜,3,run3(2026-08-18)_2/19=10.5%; 11,约820（2条样本）,"run3(2026-08-18)_2/19=10.5% | 08-02run1_8/8=100.0%(当日首轮,XHS+web合计;新增8条)",2026-06-24,2026-08-18
面试反问,活跃,大家都在搜,24,129,1474,"run2_30%(3新/~10抓;一亩三分地反问帖/知乎反问场景还原/简历网分寸感);run4_38%(3新/8抓;送命题/AI反问),HR视角/分寸感等差异角度有增量);run4_33.3%(14新/42抓;XHS12+web2;时隔4天复查[上次07-14],主动反问/反问逆袭话题仍有充沛供给,与新候选""面试反杀hr""形成防御vs进攻流量互证);run3_31.3%(5新/16抓;XHS13+web3;我用这样的反问拿下大厂offer/MIT面霸奉劝会反问2条XHS+校招反问攻略/5个问题让hr哑口无言/你还有什么问题要问的3条web新增,时隔1天复查仍有中等供给);07-20run3_10.0%(3新/30抓;XHS20+web10;美国面试结束时HR问any questions该问什么/面试最后反问这3个问题面试官当场改印象2条XHS+土木建筑学院官网HR超爱听的5个面试反问1条web新增,时隔1天复查供给延续零星);本轮活跃复查新增1条XHS(面试反问如何一箭三雕例子纯享版,36赞);5.0%(1新/20抓;07-31;距上次运行07-20隔11天复查,命中率低于预期,值得关注是否进入长期饱和",2026-08-05,—
英文面试技巧,活跃,大家都在搜,5,29,约8455(8455/6613新领涨),"run5_0/10=0%(长空档复查[距07-08隔27天]仍深度饱和,结果被历史高赞老帖主导)",2026-06-24,2026-08-04
大学生面试技巧,候选,大家都在搜,1,2,约1.2万,首投约15%(2新;1.2万/—;与面试技巧簇约80%重叠但应届生子赛道有增量),2026-06-24,2026-07-02
线上面试话术,活跃,大家都在搜,3,run4(2026-08-16)_2/20=10.0%; 7,约1870（2条样本）,"run4(2026-08-16)_2/20=10.0% | run4,2/18=11.1%;run4二次复查(距07-07首投隔24天),XHS新发现1条(头部大厂高阶leader系列,6699赞);web侧新增1条(应届生线上视频面试)",2026-06-24,2026-08-16
职场委婉表达,活跃,大家都在搜,5,"43; run3(2026-08-12,web-only因XHS未登录)新增4条(4/15≈26.7%)","约35(08-03run4,6条样本:1/1/20/107/10,web2条无点赞数据) | run3(08-12)均值—(web-only无点赞数据)","08-03run4_XHS4/5=80%+web2/2=100%,长空档复查(距07-20隔14天)再验证高命中规律 | run3(2026-08-12)_4/15≈26.7%(活跃复查,web-only,选取原因为距上次运行天数最长(最近运行字段此前为空);新增高情商的人说话办事有多厉害[知乎]/如何高情商回怼[知乎]/如何高情商回复领导[知乎]/会来事的职场人都是这样高情商回复领导的[知乎]共4条,过滤11条重复[数英职场正向沟通/搜狐10个高情商话术/知乎高情商聊天话术等];未达40%阈值,活跃状态不受影响)",2026-06-24,2026-08-12
薪资待遇话术,活跃,筛选标签,6,50,约2609(4条XHS样本:2.5万/3122;2条web无热度),"run_长空档26天复查_XHS8/24=33.3%+web2/2=100%,合计10/26≈38.5%(2026-08-06)",2026-06-24,2026-08-06
hr问题,活跃,筛选标签,11,run4(2026-08-13)新增16条(16/19=84.2%); 62,约2205(16条样本) | 前值见历史,"run4(2026-08-13,同日第4轮)_16/19=84.2%(长空档活跃复查(距07-20隔24天,综合排序);验证长空档规律持续有效;新增速码面试入职前一定要和HR确认的7大问题(1天前发布)/HR只相信这八种离职原因1251赞等;过滤1条与求职内容无关的AI Agent招聘工具笔记) | 前值:run7_20%(2新/~10抓;65个最常见面试问题CSDN/HR高频反问牛客);run3_24.4%(11新/45抓;XHS10+web1;HR面经题库/多轮面试确认问题供给明显回升,当日历史最高命中率);run3_26.9%(7新/26抓;XHS22+web2,经相关性过滤剔除4条泛HR职业内",2026-06-24,2026-08-13
高情商表达,退休,筛选标签,2,14,约1830(含本轮混合估算),07-29run3:29.4%(10新/34抓;XHS+web混合;本轮新增10条计入累计),2026-06-24,2026-07-29
简单大气的自我介绍,活跃,"小红书综合排序,首投升级",3,"本轮新增3条(3/6=50%,3条因非职场场景[校园新生/主播/自媒体]过滤); 前值见历史",约1.0(本轮3条样本:0/3/0),"run2_长空档复查(距07-17隔25天)_3/6=50%(2026-08-11;命中率低于历史平均,核心原因为泛义词'自我介绍'被校园/主播/自媒体等非职场场景内容大量稀释,建议后续投放前先人工复核前排是否偏题,参考'面试装松弛感'语义漂移案例)",2026-06-25,2026-08-11
职业规划,活跃,小红书综合排序,4,35,6912,88.0%,2026-07-10,2026-08-17
面试技巧和话术万能回答,退休,大家都在搜/筛选标签,1,0,—,首投~5%(高重叠退休),2026-06-24,2026-07-10
结构化面试万能分析公式,活跃,大家都在搜/筛选标签,3,run2(2026-08-14)_8/19=42.1%; 11,约926（8条样本）,run2(2026-08-14)_8/19=42.1% | 07-29run3:17.4%(8新/46抓;XHS+web混合;本轮新增8条计入累计),2026-06-24,2026-08-14
面试反问环节可以问什么,活跃,大家都在搜/筛选标签,3,21,1,"run2_7/13≈53.8%(XHS6/6+web1/7,活跃复查,筛选最新排序失效改用综合排序样本)",首投40%(4新/约10),2026-08-04
面试成功的征兆,候选,大家都在搜/筛选标签,1,4,—,"首投14.3%(4新/28抓;XHS20+web8;面试官说了下面3句话说明你通过面试了/这些玄学信号出现时/面试技巧54面试HR说这5句话恭喜你稳了3条XHS+鲸选型面试官说什么话暗示成功1条web新增;高热样本你要被录用了的征兆8908赞与低热样本9个积极信号55赞标题结构高度相似,进一步验证账号体量而非标题结构是热度决定因素;首投命中率14.3%低于40%活跃阈值,标注已试投候选)",2026-06-24,2026-07-20
离职原因怎么说,活跃,大家都在搜/筛选标签,25,run4(2026-08-16)_4/19=21.1%; 160,约722（4条样本）,"run4(2026-08-16)_4/19=21.1% | run3_30%(3新/~10抓;高情商回答36氪版/HR七大认可原因/脉脉话术);原:run5_30%(3新/~10抓;牛客话题页/低高情商对比帖/知乎老帖);run3_28.6%(12新/42抓;XHS10+web2;涨薪话术/辞职信模板/书面场景细分角度供给充沛,当日全场最高命中率);07-19run1_25%(3新/12抓;XHS2+web1;跳槽理由/秒过offer话术等子话题小幅增量,供给转弱但未完全饱和);07-20run3_26.7%(12新/45抓;XHS35+web10;离职原因怎么说决定了新公司迎接你的态度/HR知道但不一定會拆穿的5句離職理由/我做管理后才发现离职原因这样写等9条XHS+简历本/简历网/CSDN 3条web新增,供给仍充沛);本轮活跃复查新增5条(XHS3+web2);为什么离职我见过最聪明的回答/面试被问离职原因怎么答[15分钟前新发]/经验贴离职原因怎么答三条XHS+CSDN/脉脉两条web;19.2%(5新/26抓;07-31;距上次运行07-20隔11天复查,命中率高于同批次种子词,离职话题供给仍相对充沛",run4约28%(4XHS+3网页;最高命中率),2026-08-16
沟通话术,活跃,大家都在搜/筛选标签,4,27,约5千(被1.8万拉高),2026-08-15run2:16.7%(1新/6抓;web-only;距07-30约16天空档；web-only，命中率16.7%低于长空档规律预期，待XHS复核),2026-06-24,2026-08-15
讲话逻辑/表达框架,活跃,大家都在搜/筛选标签,2,15,—,"08-03run1活跃复查_0/40=0%(完全饱和,抽查条目均为历史旧发布,唯一疑似新样本""1张图搞定所有逻辑关系""实为2025-08-03去年同日旧文)",2026-06-24,2026-08-03
职场漂亮话,活跃,大家都在搜/筛选标签,6,38,约1.3万,08-18run1_7/21=33.3%,2026-06-24,2026-08-18
弱者表达,种子,"大家都在搜/筛选标签｜20260816升种子:run3命中率90.0%(18/20)全场最高,而饱和的面试种子已掉到0%",4,run7(2026-08-18)_1/20=5.0%; 26,约16（1条样本）,"run7(2026-08-18)_1/20=5.0% | run2_25%(2新;气场口头禅888/戒掉气息54);run3_18/20=90.0%(2026-08-05,长空档复查[距07-10隔26天]全场最高命中率,验证长空档规律,数字清单体+强弱对比体大量新发)",2026-06-24,2026-08-18
谈薪技巧,活跃,大家都在搜/筛选标签,14,100,"1166;本轮谈薪技巧类新增25条XHS均值约2771,web1条","run5(2026-08-16)_4/10=40.0%(web-only,XHS风控) | 0%(run4:完全饱和建议降频);run4_24.1%(7新/29抓;XHS2+web5;时隔12天复查[上次07-06],供给转弱但未完全饱和,建议继续保持低频复查节奏，勿连续同日投放);run5_39.4%(26新/66抓;XHS25+web1;07-31;距上次运行07-18隔13天复查,谈薪照着念/薪资被砍了还不知道谈薪前先确认这些[6.7万赞]/克服恐惧类多篇高热样本集中涌现,较run4(24.1%)明显回升,再次验证复查间隔越长命中率越高规律,建议维持约2周一次的复查节奏)",2026-06-28,2026-08-16
被问到有没有其他offer怎么回答,活跃,大家都在搜/筛选标签,5,32,约3899(9条样本:769/7616/154/6045/441/8862/9880/197/2007),"run_长空档26天复查_17/20=85.0%(2026-08-06,历史最高单轮新增,强力验证长空档规律)",2026-07-09,2026-08-06
面试问团队氛围,活跃,大家都在搜/筛选标签,2,12,"约39(08-03run4,8条样本:9/2/4/77/16/131/66/9)","08-03run4_8/8=100%(候选二投,累计67%→100%,达40%阈值升级活跃;注意与既有活跃词""面试反问""内容重叠度较高,需持续过滤)",2026-07-09,2026-08-03
职场强势表达,活跃,大家都在搜,3,10,—(网页源),"run2_60%(6新/10抓;网页;强势话术/沉默震慑术/问题反弹术/情绪分离法等心理学包装话术,与谈判/绩效反馈场景形成新素材);原:75%; run1_0%(0新/6抓;web;长空档复查[距07-16隔24天],本轮检索结果均为已收录旧文,零新增)",2026-06-25,2026-08-09
职场有效表达,退休,大家都在搜,3,6,—,"08-01run3_0/20=0.0%(长空档活跃复查,距07-04隔28天,本轮未见新发布,相关搜索标签收割:职场生存法则话术/职场高效表达);08-01run3_0/20=0.0%(长空档活跃复查,距07-04隔28天,本轮未见新发布,相关搜索标签收割:职场生存法则话术/职场高效表达)",首投60%(6新/约10),2026-08-01
办公室例会话术,活跃,大家都在搜,2,19,—,2026-08-15run2:40.0%(2新/5抓;web-only;距07-30约16天空档；体制内公文口径站源为新发现),2026-06-25,2026-08-15
向上汇报话术,活跃,高频标题,11,"69; 本轮新增5条(5/7≈71.4%,web-only)",1190 | run(08-12)均值—(web-only无点赞数据),"run2约17%(4新;供给渐饱和;反直觉钩子仍有增量);run4_34.6%(9新/26抓;XHS4+web5;时隔17天复查[上次07-01],万能公式/汇报结构/PREP公式等子话题仍有稳定供给,未现明显饱和,建议维持约2周一次复查节奏) | run(2026-08-12)_5/7≈71.4%(长空档复查,距07-18隔25天;web-only因XHS未登录;新增如何向领导汇报工作/如何向领导汇报工作有什么好的方法和技巧/和领导高效沟通懂这6点就够了/如何跟领导简单高效的汇报工作/向领导汇报工作有哪些注意事项共5条知乎问答,过滤2条重复[向领导汇报工作的七个技巧/【沟通】如何进行向上汇报];长空档规律在web渠道下亦成立,但样本量小及web天然去重历史池特性需XHS复核确认)",2026-06-25,2026-08-12
面试暗示你已经通过了,候选,大家都在搜,1,13,—,"候选首投40.6%(13新/32抓;XHS;与已收录'面试潜台词''面试成功的信号'两词重叠约60%以上,原始命中率达标但收录口径下增量价值有限,标注已试投暂不升级活跃",2026-06-25,2026-07-19
部门面试自我介绍,活跃,大家都在搜,2,13,6769,08-01run1_8/17=47.1%;—;08-17run4_5/14=35.7%,2026-06-25,2026-08-17
面试时候的自我介绍,候选,大家都在搜,1,6,"本轮新增6条,均值约5527; 前值:—","run1_6/20=30%(2026-08-08;首投;20条XHS样本新增6条[一张图概括英文自我介绍/面试做自我介绍90%的人第一句话就错了/面试自我介绍满分话术2分钟速成拿offer/这是我见过的最好的自我介绍/全英面试题请介绍一下你自己/500强面试001黄金3分钟自我介绍],另网页侧新增2条[知乎-面试自我介绍这样说一分钟让HR记住你/人人都是产品经理-运用产品的3个层次做好面试自我介绍];未达40%阈值维持候选,建议下轮优先复投)",2026-06-25,2026-08-08
技术面试反问,候选,大家都在搜,1,6,—,"首投32%(6新/22抓;XHS时间排序19+web3;结果与既有活跃词'面试反问'高度重叠[如面试一定要会反问会反问会反问-胖菠萝堡8.2万赞等泛反问内容占多数],未见明显区别于通用反问的'技术垂直'内容;判断该词与'面试反问'边际区分度低,建议下轮观察是否降级,暂不独立升级活跃)",2026-06-25,2026-07-17
大厂面试反问,候选,大家都在搜,2,6,—,"08-01run3候选首投3/20=15.0%(未达40%阈值,维持候选;字节hr喜欢的面试反问41赞/4个反问让面试官下定决心录用你929赞/大厂面试官不告诉你的3个隐藏加分项3赞1天前;与既有活跃词'面试反问'内容重叠度高);08-01run3候选首投3/20=15.0%(未达40%阈值,维持候选;字节hr喜欢的面试反问41赞/4个反问让面试官下定决心录用你929赞/大厂面试官不告诉你的3个隐藏加分项3赞1天前;与既有活跃词'面试反问'内容重叠度高)",2026-06-25,2026-08-01
二面反问,候选,大家都在搜,0,0,—,—,2026-06-25,—
面试反问hr,候选,大家都在搜,0,0,—,—,2026-06-25,—
薪资争取话术,活跃,大家都在搜,2,14(含run4新增8条),"约14(run4样本8条:23/4/4/8/16/8/—/11均值约10.5,历史—)","首投26%(6新/23抓;XHS时间排序20+web3;新增跟老板提加薪90%的人一开口就输了[50赞]/HR实话谈薪被压价这样回能加钱[65赞]/跳槽谈薪掌握这些技巧薪资直接涨40%[214赞]等,内容与既有词区分度高、供给充沛,升级活跃;XHS搜索页'大家都在搜'联想捕获谈薪相关长尾候选词) | run4_长空档复查(距07-17隔25天)_8/8=100%(2026-08-11;XHS最新排序全部相关,大胆开问原来谈薪要这么答23赞/薪资不是报出来的而是前面一点点争取来的4赞/HRBP怎么跟老板谈涨薪成功率90%的方法/HR给不到期望薪资怎样一句话翻盘8赞等,创该词历史单轮最高命中率纪录,再次验证长空档规律)",2026-06-25,2026-08-11
谈薪禁忌千万别犯,活跃,大家都在搜,8,run3(2026-08-14)_5/20=25.0%; 57,约3159（5条样本）,"run3(2026-08-14)_5/20=25.0% | 07-29run4:43.3%(13新/30抓;XHS4+web9;活跃复查[上次07-01,28天空档],供给明显回升);本次11%(饱和)",2026-06-25,2026-08-14
应届生怎么谈薪,活跃,大家都在搜,2,13,—(网页源无点赞数据),"run2_6/26≈23.1%(2026-08-07;长空档复查[距07-15隔23天],XHS新增:震惊职场狠人谈薪方法/薪资被砍了还不知道谈薪前先确认这些/14句高阶薪资谈判话术/面试谈高薪小tips[11.8万赞全场最高]/想谈薪资无从开口5步教你拿下更高工资/加拿大秋招应届生谈薪技巧,验证长空档规律); 前值:首投70%(7新/10抓;网页;资深HR谈薪知乎/argue薪资技巧牛客/应届生谈薪水的困惑知乎/1~2k谈薪技巧CSDN等多来源满贯命中,首投即验证充沛供给)",2026-06-25,2026-08-07
boss终面面试一般会问什么,活跃,大家都在搜,2,17,3424,"08-01run2_4/5=80.0%(候选首投,综合排序,5抓中1条与记忆库已收录重复,4条新增覆盖高管面/CEO面/终面通关技巧等角度,命中率达40%阈值升级为活跃);08-17run4_13/24=54.2%",2026-06-25,2026-08-17
逻辑表达力,活跃,小红书筛选标签/网页高频,2,14,"约48(被334一条拉高,08-03run2)",08-03run2_10/10=100%(长空档复查[距07-07隔27天]再次验证高命中规律),2026-06-25,2026-08-03
面试问题清单,候选,小红书筛选标签/网页高频,1,3,约474,12%(首投),2026-06-25,2026-07-08
面试抗压能力,活跃,小红书筛选标签/网页高频,2,16,"约6919(被4.1万/1.2万两条拉高,08-03run2)","08-03run2_9/12=75%(注:本轮筛选最新排序切换失败,实为综合排序样本,已在运行日志说明)",2026-06-25,2026-08-03
面试优缺点怎么说,活跃,小红书筛选标签/网页高频,19,126,"2167;本轮新增11条XHS均值约3185,web2条","run5(2026-08-16)_3/9=33.3%(web-only,XHS风控) | 0717run1_14%(3新/22抓;XHS时间排序20+web2;新增面试官就喜欢你这样说自己的缺点[252赞]/最大的缺点是什么面试官最喜欢的8个回答[626赞]/面试满分回答你的优越点是什么[97赞];较07-16的92%大幅回落,判断为常规波动非真实饱和,维持活跃观察下轮); 原:run4_92%(12新/13抓;小红书时间排序;距上次运行07-11供给明显回升,面试被问你的缺点是什么三个回答直接抄[31赞]/就职短处长处转化用语[17赞]等多来源,仅1条与""面试什么话该说""关键词重叠[面试被问优缺点要怎么说]); 原:run16_0%(饱和);run18_27.7%(13新/47抓;XHS11+web2;07-31;距上次运行07-17隔14天复查,HR问你的缺点该怎么回答[8868/1.5万赞两个版本]/你有什么缺点原来这才是外企面试官想听的等多来源,较run17(14%)回",2026-07-06,2026-08-16
面试万能公式,候选,小红书筛选标签/网页高频,1,5,—,—,2026-06-25,2026-07-01
主动提问,退休,小红书筛选标签/网页高频,1,3,—,"08-02run4执行07-31历史建议予以退休(关键词""主动提问""在小红书语境下高频指向AI Prompt工程/社交破冰话题,与职场表达/面试反问主题不符,不建议原样复投);候选首投(07-31)10.7%(3新/28抓)",2026-06-25,2026-08-02
终面反问环节可以问什么,候选,大家都在搜,0,0,—,—,2026-06-25,—
销售面试反问,候选,大家都在搜,0,0,—,—,2026-06-25,—
程序员面试反问,候选,大家都在搜,0,0,—,—,2026-06-25,—
宝洁八大问,活跃,大家都在搜,2,28,"约905(19条样本均值,含4547/2907/2337/1843/1082等多条高热;部分样本Mercor/WLB排行榜主题轻微漂移)","run3_90%(9新/~10抓;首次投放,STAR框架/急救模板/案例版等经典长青内容命中率极高,建议升级活跃);run4_19/20=95.0%(2026-08-05,长空档复查[距07-14隔22天]近满贯命中,邪修速成体新发现)",2026-06-25,2026-08-05
外包谈薪,退休,大家都在搜,1,1,—,"08-02run4执行07-31历史建议予以退休(20条结果中约15条为外包员工薪资/社保吐槽话题而非谈薪话术技巧,与主题匹配度低);候选首投(07-31)5.0%(1新/20抓)",2026-06-25,2026-08-02
跳槽谈薪,候选,大家都在搜/筛选标签,1,7,267,08-01run1_7/23=30.4%;—,2026-06-25,2026-08-01
收到offer怎么谈薪,活跃,大家都在搜,2,7,—(网页源无点赞数据),"run2_2/11≈18.2%(2026-08-07;长空档复查[距07-15隔23天],XHS新增:offer薪资不满意如何二次谈判/Shopify Senior程序员跳槽总结); 前值:首投50%(5新/10抓;网页;8年HR薪酬谈判全攻略知乎/offer怎么谈牛客/6套话术正保会计/筑招人才网/三茅人力资源网五条新增,与应届生怎么谈薪构成薪资谈判主题簇)",2026-06-25,2026-08-07
社招谈薪技巧,退休,大家都在搜,1,1,890(单条样本),"首投run1_5.0%(1新/20抓,2026-08-06;与既有'谈薪'活跃词簇高度重叠,未达40%阈值维持候选)",2026-06-25,2026-08-06
实习谈薪,活跃,大家都在搜,3,23,约900,08-18run2_3/11=27.3%,2026-06-25,2026-08-18
电话谈薪技巧,活跃,大家都在搜,1,5,约480(2条样本:772/188;2条web无热度),"候选二投_XHS3/10=30.0%+web2/2=100%,合计5/12≈41.7%(2026-08-06,达40%阈值升级为活跃)",2026-06-25,2026-08-06
涨薪案例,活跃,筛选标签,2,8,约500,08-18run2_4/7=57.1%,2026-06-25,2026-08-18
加薪话术,活跃,筛选标签,2,21,约1178(7条样本:374/343/116/224/820/770/5302),"82.4%(14新/17抓;XHS9+web5;08-02run2候选首投,远超40%阈值,升级为活跃) | 08-18run4_7/20=35.0%",2026-06-25,2026-08-18
向上汇报话术模板,活跃,大家都在搜,1,11,"约900(混合,多条无显示热度)","首投run1_55.0%(11新/20抓,2026-08-06)远超40%阈值,同轮升级为活跃",2026-06-25,2026-08-06
高质量汇报话术,候选,大家都在搜,1,5,—,"run1_5/17≈29.4%(2026-08-07;候选首投,未达40%升级阈值,维持候选,与既有活跃词""向上汇报话术模板""存在中度重叠需注意); 前值:—",2026-06-25,2026-08-07
职场汇报万能话术,活跃,大家都在搜,1,11,"约7006(被7.1万一条拉高,08-03run2)","08-03run2_11/15≈73.3%(达40%阈值,候选首投升级为活跃;注:综合排序样本)",2026-06-25,2026-08-03
向上管理,活跃,高频标题,2,40,"1078(候选首投,样本量34条XHS)",08-03run1活跃复查_2/34=5.9%(超级干货五星级职场向上沟通与目标管理47赞[4小时前]/纳瓦尔上升期最容易做错的三件事24赞[2天前]),2026-06-25,2026-08-03
结构化汇报,活跃,高频标题,2,29,约2536(8条有热度样本/15条新增),"82.4%(14新/17抓;XHS9+web5;08-02run2候选首投,远超40%阈值,升级为活跃) | 08-18run4_15/20=75.0%",2026-06-25,2026-08-18
PREP公式,活跃,高频标题,3,25,"本轮新增13条,均值约335; 前值:—","run4_13/20=65%(2026-08-08;长空档复查距07-15隔24天;20条XHS样本新增13条relevant[职场人狠狠码住PREP模型/3分钟学会PREP/4个表达公式/职场高手底层汇报模型PREP/用PREP公式让沟通效率翻倍/结论先行PRER模型/建议尽早用这两个模型锻炼表达/职场100个技能解决逻辑表达混乱/PREP黄金表达法/面试两套公式搞定面试官/汇报总被说没重点PREP和SCQA/说话没人听因为顺序错了PREP四步闭环/面试说话没逻辑试试PRER沟通法则],另过滤1条营销文案结构类不相关内容;再次验证长空档规律,本轮为该词历史单轮最高命中率); 前值:run3_33%(2新/6抓;网页;CSDN-PREP黄金沟通法则+知乎麦肯锡电梯汇报术两条新增);原:首投run1_63%(10新/~16抓;网页;知乎/博客园/简书/CSDN/融管理社区/RGF日企HR等多来源，首次投放供给充沛)",2026-06-25,2026-08-08
周例会如何汇报,活跃,高频标题,1,5,"约2779(08-05首投,5条样本:10000/3409/100/145/242)","run1候选首投_5/8=62.5%(远超40%阈值,同轮升级为活跃)",2026-06-25,2026-08-05
面试潜台词,活跃,高频标题,14,本轮新增6条(100.0%); 92,约12(本轮6条样本:6/6/1/2/17/41),"run3_6/6=100.0%(2026-08-11;长空档活跃复查[距07-29隔13天],不同面试官潜台词拆解读懂真实意图6赞/今天教你听懂HR的潜台词6赞/面试时HR说的这些话真实意思是41赞等6条全新发布笔记,再次验证长空档规律持续有效,本轮全场最高命中率)",run4约15%(1XHS+2网页;建议降频),2026-08-11
克服面试恐惧,活跃,高频标题,2,run2(2026-08-17)新增4条; 23,"约384（1条XHS样本）| 4414(候选首投,样本量20条XHS)","2026-08-17run2_4/13=30.8%(XHS+web) | 47.9%(23新/48抓;XHS20+web3;07-31候选首投;可是我真的很讨厌面试[4.6万赞]/你可以一边害怕一边勇敢[1.7万赞]/【全英】面了50+次才发现自信并不能练出来[7425赞]等情绪共鸣类高热样本密集涌现,远超40%升级阈值,首投即升级为活跃)",2026-06-25,2026-08-17
面试活人感,活跃,小红书高频标题(面试松弛感赛道),6,33,约2千,"run2_5/20=25.0%(2026-08-07;距07-14长空档24天,新增:面试的本质其实就是气质筛选1077赞/拿不下面试官可能是因为没活人感1251赞/面试答题一定要有活人感949赞/面试最重要不是能力而是你展现出的掌控感/一分钟提升面试活人感); 前值:run2_10%(1新/~10抓",2026-07-02,2026-08-07
hr定薪一般要多久,候选,大家都在搜/筛选标签/高频标题,1,3,约低(仅web样本),"08-03run3_web3/9≈33.3%(XHS侧筛选最新排序切换失败样本作废未计入,建议下轮重投验证真实命中率),未达40%阈值,维持候选",2026-06-25,2026-08-03
面试通过谈薪资怎么谈,候选,大家都在搜/筛选标签/高频标题,0,0,—,—,2026-06-25,—
工作应聘应该问哪些,候选,大家都在搜/筛选标签/高频标题,0,0,—,—,2026-06-25,—
面试官想录用你的表现,活跃,小红书大家都在搜,3,24,"约527(08-04,8条样本:76/7/230/2415/33/16/1358/43,长空档28天复查历史最高命中)",08-04run1_8/8≈100.0%,2026-06-25,2026-08-04
面试反问环节案例,候选,大家都在搜/筛选标签/高频标题,0,0,—,—,2026-06-25,—
面试不能说哪些个人信息,活跃,大家都在搜/筛选标签/高频标题,1,13,约14487(2条样本:3519/5.4万;7条无热度),"候选首投_XHS9/13=69.2%(过滤1条低相关加拿大政府面试内容)+web4/4=100%,合计13/17≈76.5%(2026-08-06,全场最高命中率,远超40%阈值升级为活跃)",2026-06-25,2026-08-06
面试没有工作经历怎么写,活跃,大家都在搜/筛选标签/高频标题,1,13,约1839(08-03run2),"08-03run2_13/14≈92.9%(达40%阈值,候选首投升级为活跃;注:综合排序样本)",2026-06-25,2026-08-03
表达框架,候选,大家都在搜/筛选标签/高频标题,1,5,—,"run1_5/17≈29.4%(2026-08-07;候选首投,未达40%阈值维持候选;已过滤1条低相关""8种AI提示词框架""); 前值:—",2026-06-25,2026-08-07
表达系统,退休,大家都在搜/筛选标签/高频标题,0,0,—,08-02run4候选积压清点(674>30阈值)按尾部低价值退休;与讲话逻辑/表达框架簇高度重叠且从未试投,2026-06-25,2026-08-02
沟通力模型,退休,大家都在搜/筛选标签/高频标题,0,0,—,08-02run4候选积压清点(674>30阈值)按尾部低价值退休;与结构化表达/沟通话术簇高度重叠且从未试投,2026-06-25,2026-08-02
候选(已试投),退休,大家都在搜/筛选标签/高频标题,1,4,约3千(被4万拉高),"08-02run4发现该行关键词列疑似历史数据污染(实际内容为状态占位字符串而非真实关键词),予以退休清理,day7run1约13%(4新;与职场表达簇高重叠)",2026-06-30,2026-08-02
职场人品训练,退休,大家都在搜/筛选标签/高频标题,0,0,—,08-02run4候选积压清点(674>30阈值)按尾部低价值退休;与职场表达/面试赛道相关性存疑且从未试投,2026-06-25,2026-08-02
面试官提问技巧和思路,退休,大家都在搜/筛选标签/高频标题,1,1,170,"08-02run4候选首投4.3%(1新/23抓;XHS;厉害的人都在用苏格拉底式提问170赞;其余结果与既有'面试反问'''面试博弈论'簇约90%重叠,未达40%阈值维持候选,建议后续不再原样复投)",2026-06-25,2026-08-02
面试肢体语言,活跃,小红书大家都在搜,4,33,约3918(7条XHS新增均值),08-17run1_12/25=48.0%(XHS+web),2026-06-25,2026-08-17
面试说三个缺点,候选,面试优缺点大家都在搜,1,8,"约35(08-03run3,8条混合样本)","08-03run3_8/28≈28.6%(XHS5/19+web3/9,首投,未达40%阈值,维持候选,已试投)",2026-07-03,2026-08-03
面试优缺点怎么高情商回答,活跃,大家都在搜/筛选标签/高频标题,1,8,约20(run4样本8条:69/3/14/2/—/1/60/—均值约21.5),"run4_首投8/8=100%(2026-08-11;面试必问你有什么缺点保姆级教程69赞/面试被问缺点怎么答三个标准话术直接套用3赞/来自面试官角度的分享缺点也是优点14赞等,远超40%阈值同轮升级为活跃)",2026-06-25,2026-08-11
薪资谈判技巧与策略,候选,大家都在搜/筛选标签/高频标题,1,4,本轮新增4条,"run1_4/26≈15.4%(2026-08-08;候选首投;26条样本新增4条:薪资谈判技巧[她有一只粉红兔,6632]/跳槽谈薪的8个技巧[2768]/超实用的9大谈判技巧[4568]/被裁后成功谈薪的复盘[陈砍砍谈判];未达40%阈值维持候选,与""谈薪""母题高度重叠竞争密度高)",2026-06-25,2026-08-08
职场谈薪攻略,候选,大家都在搜/筛选标签/高频标题,0,0,—,—,2026-06-25,—
面试万能话术,活跃,筛选标签/大家都在搜,3,"11; run3(2026-08-12,web-only因XHS未登录)新增2条(2/6≈33.3%)",约1万 | run3(08-12)均值—(web-only无点赞数据),"高;07-20run2_12.5%(6新/48抓;XHS5+web1;结构化面试人际关系30万能回答/速背7道通用面试题/英文面试大脑空白应对等子话题延续小幅增量;网页侧HR邀约话术模板1条新增,与求职者视角话术形成对照) | run3(2026-08-12)_2/6≈33.3%(活跃复查,web-only;新增面试问题大合集分析及回答模板完整版[知乎]/军队文职面试万能模板附急救话术避坑清单[知乎]共2条,过滤4条重复[面试中通用话术和技巧/面试自我介绍模板/面试自我介绍该怎么说金句模板/绝版招聘面试话术全套宝典])",2026-06-26,2026-08-12
面试自我介绍模板,活跃,大家都在搜,10,run3(2026-08-18)_4/20=20.0%; 62,约482（3条样本）,"run3(2026-08-18)_4/20=20.0% | run3约0%(全部已收);08-01run3_5/20=25.0%(长空档活跃复查,距07-03隔29天;面试自我介绍别上来就背简历62赞/救命这是我见过的蕞好的自我介绍505赞/面试官让你做自我介绍不是想听你念简历29赞2天前/用这4页PPT征服面试官37赞/项目经理面试第一问自我介绍86赞);08-01run3_5/20=25.0%(长空档活跃复查,距07-03隔29天;面试自我介绍别上来就背简历62赞/救命这是我见过的蕞好的自我介绍505赞/面试官让你做自我介绍不是想听你念简历29赞2天前/用这4页PPT征服面试官37赞/项目经理面试第一问自我介绍86赞)",2026-06-26,2026-08-18
面试通过话术,候选,大家都在搜,1,"0; 首投新增5条(5/5=100%,web-only)",— | run(08-12)均值—(web-only无点赞数据),"— | 首投run(2026-08-12)_5/5=100%(web-only因XHS未登录,全场最高但样本量小;新增面试复试后HR说一周内给通知这有戏吗/怎样巧妙的问HR面试结果/当HR说了这些话预示你面试已经通过了/面试成功后如何礼貌回复HR呢/面试完HR电话通知说各方面不错会再看看其他求职者希望还大吗共5条知乎;内容多为""如何判断是否有戏""话题,与词库候选长句""面试官说等人事通知有戏吗""高度同源;参照08-09先例暂不升级为活跃,标记""强候补""待XHS恢复后复投确认)",2026-06-26,2026-08-12
面试该说点什么,候选,大家都在搜,1,1,"本轮新增1条,热度1068; 前值:—","run1_1/20=5%(2026-08-08;首投;20条XHS样本仅""job interview面试，骂醒一个是一个""[Lilly in Au,1068赞,2025-01-03]1条新增,其余与已同日反复投放的""面试技巧/面试什么话该说""等种子词高度重叠,未达40%阈值维持候选)",2026-06-26,2026-08-08
谈薪攻略,退休,大家都在搜,0,0,—,08-02run4候选积压清点(674>30阈值)按尾部低价值退休;与活跃词谈薪技巧/谈薪禁忌千万别犯高度重叠且从未试投,2026-06-26,2026-08-02
hr说帮我争取薪资,退休,大家都在搜,0,0,—,08-02run4候选积压清点(674>30阈值)按尾部低价值退休;表述生硬搜索意图弱且从未试投,2026-06-26,2026-08-02
第一次谈薪,候选,大家都在搜,1,3,约1425(79/184/7998均值),"08-02run4候选首投15.0%(3新/20抓;XHS;工作史上最低加薪第一次为自己开口[79赞]/谈薪走到这一步HR不会说但已经放弃你了[184赞]/入职自用sop谈薪篇[7998赞,本轮最高]三条新增;其余17条与既有谈薪技巧/谈薪禁忌千万别犯/应届生怎么谈薪簇约85%重叠,未达40%阈值维持候选",2026-06-26,2026-08-02
谈薪方法,候选,大家都在搜,1,本轮新增1条; 前值:0,—,"run2首投_1/8=12.5%(2026-08-09;候选首投,web-only;XHS未登录未能同步验证;新增:万能谈薪话术薪资涨50%[知乎];落入已饱和谈薪母题,未达40%阈值维持候选); 前值:—",2026-06-26,2026-08-09
面试中的黑话,退休,大家都在搜,0,0,—,08-02run4候选积压清点(674>30阈值)按尾部低价值退休;与既有活跃词HR面试黑话高度重叠且从未试投,2026-06-26,2026-08-02
面试中的潜台词,活跃,大家都在搜,1,7,"约2871(7条XHS样本:815/59000/8563/3115/34000/2885,交替低高值)","候选首投run1_46.7%(7新/15抓;2026-08-08;超40%阈值同轮升级为活跃;但抽查显示7条新增中至少5条与已连续3次确认饱和的'暗示信号/回去等通知'母题高度同源[读懂面试官的潜台词/面试一定要听懂HR的潜台词/找工作要明白的潜台词等],仅角度包装为'潜台词'而非'暗示',建议后续复投优先级降低,不作为独立细分角度;前值:—",2026-06-26,2026-08-08
面试通过的信号,候选,大家都在搜,0,0,—,—,2026-06-26,—
面试暗语,退休,高频标题,0,0,—,08-02run4候选积压清点(674>30阈值)按尾部低价值退休;与面试中的潜台词/面试通过的信号簇高度重叠且从未试投,2026-06-26,2026-08-02
面试成功了的征兆,候选,大家都在搜,1,3,—,day8首投约17%(3新/约18;XHS多已收),2026-06-26,2026-07-01
面试被问优缺点,活跃,大家都在搜(面试优缺点怎么说),1,5,本轮新增5条,"run1_5/11≈45.5%(2026-08-08;候选首投;11条样本新增5条:面试缺点回答公式[1095]/Behavioral Interview还有人不知道说什么嘛/HR问你的缺点该怎么回答一篇讲清楚[孙悟书,8872]/面试必问你的优缺点是什么[番茄小面,4867]/你有什么缺点原来这才是外企面试官想听的;远超40%阈值,同轮升级为活跃)",2026-07-09,2026-08-08
职场委婉表达技巧,活跃,大家都在搜,1,8,约2427(XHS5条样本:369/4829/5984/176/3982;web3条无热度数据),"候选首投run1_XHS5/15=33.3%+web3/3=100%,合计8/18≈44.4%(2026-08-08;超40%阈值同轮升级为活跃;供给以'委婉拒绝领导任务/体面拒绝/职场社交弦外音'角度为主,与既有活跃词职场高情商表达/职场经典话术重叠度中,注意后续选题去重);前值:—",2026-06-26,2026-08-08
结构化表达,活跃,大家都在搜,6,本轮新增1条(16.7%); 46,8(本轮1条样本),"run3_1/6≈16.7%(2026-08-11;长空档活跃复查[距07-20隔22天],结构化六大题型回答框架8赞,核心发现=该词供给已被公考/教师招聘'结构化面试'内容大量占据[10分钟的教师编面试/高校辅导员结构化面试九大类万能模板/重庆两江教招现场模拟题等],与corporate职场结构化表达重叠度持续走低,建议后续降低投放优先级或改用更精确query过滤公考内容)",run2_无XHS(扩展未连接同run1),2026-08-11
职场常用委婉表达,候选,大家都在搜,1,"0; 首投新增2条(2/5=40.0%,web-only)",— | run(08-12)均值—(web-only无点赞数据),"— | 首投run(2026-08-12)_2/5=40.0%(web-only因XHS未登录;新增高情商表达新晋管理者的职场软实力/高情商回复共2条知乎,过滤3条重复[高情商回复话术专治嘴笨/领导说辛苦了邀功式回复/职场沟通话术库50个高情商回复];命中率达候选默认阈值但样本全部来自web且量小,参照08-09先例暂不升级为活跃,标记""强候补""待XHS恢复后复投确认)",2026-06-26,2026-08-12
线上面试可以看稿子吗,活跃,大家都在搜/相关搜索,1,8,"约55(run4样本8条:11/12/11/23/9/6/269/299均值约80,中位数约11.5)","run4_首投8/8=100%(2026-08-11;讲到线上面试怎么读稿等技巧型内容,核心发现=该赛道分化为话术型与AI提词工具型两条供给线[芦笋提词器269赞/老白用AI299赞],远超40%阈值同轮升级为活跃,选题时需注明与工具类账号差异化定位)",2026-06-26,2026-08-11
向上汇报方案,候选,大家都在搜/相关搜索,0,0,—,—,2026-06-26,—
向上级汇报工作话术,候选,大家都在搜/相关搜索,0,0,—,—,2026-06-26,—
视频面试开场白,候选,大家都在搜/相关搜索,1,本轮新增8条; 前值:0,—,"run2首投_8/9≈88.9%(2026-08-09;候选首投,web-only;新增8条:喜马拉雅问答/搜狐HR开场白/HR笔记/简历网x2/BOSS直聘有了/知乎HR进阶开场白/YY简历网;命中率远超40%阈值但样本全部来自web,建议XHS恢复登录后补充验证再决定是否升级为活跃); 前值:—",2026-06-26,2026-08-09
视频面试有什么技巧吗,候选,大家都在搜/相关搜索,0,0,—,—,2026-06-26,—
真实面试视频,候选,大家都在搜/相关搜索,0,0,—,—,2026-06-26,—
小马哥面试万能模板,候选,大家都在搜/相关搜索,0,0,—,—,2026-06-26,—
面试高情商话术(职场限定),候选,大家都在搜/相关搜索,0,0,—,—,2026-06-26,—
结构化万能话术,候选,大家都在搜/相关搜索,0,0,—,—,2026-06-26,—
结构化面试不能说的信息,候选,大家都在搜/相关搜索,0,0,—,—,2026-06-26,—
面试失败预兆,活跃,小红书筛选标签/高频标题,1,7,"约809(08-05首投,7条样本:375/278/71/719/2149/33/2)","run1候选首投_7/8=87.5%(远超40%阈值,同轮升级为活跃)",2026-06-26,2026-08-05
hr暗示,活跃,小红书筛选标签/高频标题;候选首投升级(2026-08-07),1,18,约1300(样本含3462/3615/2300/2020/1061/779等多条高热),"run1候选首投_18/23≈78.3%(2026-08-07;远超40%阈值,当日全场最高命中率,同轮升级为活跃;裁员信号/HR暗示/Layoff预警等子话题供给充沛)",2026-06-26,2026-08-07
面试行为暗语,活跃,小红书筛选标签/高频标题,1,"run(2026-08-13)新增5条(5/8=62%,升级为活跃); 0",—,"run(2026-08-13)_5/8=62.5%(候选首投,XHS已登录;新增教培老师面试前看清暗语2赞/招聘圈16句暗语打工人一定要看懂14赞/面试官的8句潜台词大真实了3赞等,过滤3条与既有活跃词'面试暗示已经通过了'/'hr暗示'高度同源重复[面试时HR说的这些话真实意思是/读懂面试官的潜台词];命中率远超40%阈值,同轮升级为活跃) | —",2026-06-26,2026-08-13
利他性话术,候选,小红书筛选标签/高频标题,0,0,—,—,2026-06-26,—
职场拒绝话术say_no,活跃,小红书筛选标签/高频标题,5,63,约1250(本轮16条新增均值),84.2%,2026-06-26,2026-08-15
金字塔原理表达,活跃,小红书筛选标签/高频标题,3,run3(2026-08-14)_15/19=78.9%; 24,约1004（15条样本）,run3(2026-08-14)_15/19=78.9% | 07-29run3:29.3%(12新/41抓;XHS+web混合;本轮新增12条计入累计),2026-06-26,2026-08-14
即兴表达(原即兴表达话题),活跃,小红书筛选标签/高频标题,3,45,约1.4万;08-05run2约3585(12条样本:8000/2641/703/5341/1082/16/141/899/23/1330/2.2万/840),"高(职场相关度中,有少儿口才噪声);07-20run2_60.5%(23新/38抓,经内容质量过滤[剔除播音主持培训机构噪声2条+高等教育课程1条]后实际收录20新/47抓=42.6%;XHS15+web5;时隔近1个月[原首投2026-06-26]重新投放,供给大幅回升,""每日打卡训练系列""[新闻述评Day38/表达力方法论Niu/跟着晨晨练表达]与""万能公式清单体""两类结构占比最高,达到活跃词高位命中率;网页侧12堂课程页/临场发言3招练习等5条新增;run2_12/20=60.0%(2026-08-05,距07-20隔16天长空档复查,""打卡训练体""与""数字清单体""供给持续充沛,再次验证长空档命中率更高规律)",2026-06-26,2026-08-05
自我介绍万能公式,活跃,小红书筛选标签/高频标题;run2_无XHS(Chrome未连接),4,28,约6千,08-18run1_2/13=15.4%,2026-06-26,2026-08-18
面试装松弛感,活跃,小红书筛选标签/高频标题,4,24,"本轮新增4条,均值约334; 前值:约5千(历史XHS)；本轮网页源无点赞数据","run4_4/19≈21.1%(2026-08-08;长空档复查距07-15隔24天;19条XHS样本中大量结果语义漂移为""面试穿搭/通勤穿搭""服饰品类而非表演松弛心态本身,经相关性过滤仅4条真正相关新增[面试的精髓表演松弛和自信/其实就是表演松弛和自信/面试就是要表现松弛感/放轻松面试需要松弛感];核心方法论:该词与""面试博弈论""类似存在明显关键词语义漂移现象,建议后续投放前先人工复核前排是否偏题); 前值:run3_60%(6新/10抓;网页;知乎问题668860830两位答主+360doc+bilibili+腾讯云+米高蒲志共五来源,较run1/2大幅回升);原:55%",2026-06-26,2026-08-08
沟通模型,候选,小红书筛选标签/高频标题,0,0,—,—,2026-06-26,—
三明治拒绝法(原职场三明治拒绝法),活跃,大家都在搜/筛选标签,3,44,约1568,08-15run5:66.7%(8新/12抓;原始10条经相关性过滤后8条),纯职场子集),2026-08-15
反PUA话术,退休,大家都在搜/筛选标签,1,8,约600,约40%,2026-06-26,2026-06-27
职场怎么拒绝别人,活跃,大家都在搜/筛选标签,1,8,"约9(08-03run4,8条样本:1/2/1/2/12/1/39/7)","08-03run4_8/8=100%(候选首投,达40%阈值升级活跃)",2026-06-26,2026-08-03
面试中如何营造松弛感,候选,大家都在搜/筛选标签,0,0,—,—,2026-06-26,—
面试松弛感怎么练,候选,大家都在搜/筛选标签,0,0,—,—,2026-06-26,—
活人感,候选,大家都在搜/筛选标签,1,0,—,"run1候选首投_0/~30(相关性过滤后计入0条;2026-08-07;搜索结果被""活人感""泛生活/摄影/人设营销话题主导[拍视频活人感/活人感vlog/活人感博主起号/2026消费市场趋势等],与职场面试主题关联度低,判定语义漂移,建议后续不再单独投放该短词,若需保留活人感相关内容应继续依赖既有活跃词""面试活人感""精确限定)",2026-06-26,2026-08-07
金字塔原理工作汇报技巧,候选,大家都在搜/筛选标签,0,0,—,—,2026-06-26,—
麦肯锡表达(原麦肯锡逻辑表达术),活跃,大家都在搜/筛选标签,3,39,约1363,08-15run5:25.0%(3新/12抓;原始7条经相关性过滤后3条),2026-06-26,2026-08-15
结构化思维,候选,大家都在搜/筛选标签,0,0,—,—,2026-06-26,—
职场表达话术,活跃,大家都在搜/筛选标签,2,12,"约497(08-04,8条样本:0/41/4/14/32/5/3872/8,长空档28天复查历史最高命中)",08-04run1_8/8≈100.0%,2026-06-26,2026-08-04
职场高大上表达技巧,候选,大家都在搜/筛选标签,0,0,—,—,2026-06-26,—
面试说错了怎么补救,候选,大家都在搜/筛选标签,0,0,—,—,2026-06-26,—
面试不该说的别说,候选,大家都在搜/筛选标签,0,0,—,—,2026-06-26,—
面试个人优缺点怎么写,候选,大家都在搜/筛选标签,0,0,—,—,2026-06-26,—
如何礼貌谈加薪,活跃,大家都在搜/筛选标签;候选首投升级(2026-08-11),1,5,约4(5条样本:8/5/5/2/1),"run3候选首投_5/8=62.5%(2026-08-11;谈加薪别只说我很努力8赞/谈涨薪那天我准备了一个月十分钟就谈完了5赞/2min学会1on1提加薪不尴尬的3句英文5赞等5条新增,远超40%阈值同轮升级为活跃;与既有谈薪技巧/加薪话术簇重叠度中,注意后续选题去重;下拉联想捕获'怎么委婉的提加薪/加薪一般加多少'两个近似变体)",2026-06-26,2026-08-11
面试松弛感怎么表现,候选,小红书大家都在搜,0,0,—,—,2026-06-27,—
面试如何保持松弛感,候选,小红书大家都在搜,0,0,—,—,2026-06-27,—
高情商自我介绍,活跃,小红书大家都在搜,3,run4(2026-08-14)_5/19=26.3%; 24,约1003（5条样本）,run4(2026-08-14)_5/19=26.3% | 07-29run3:31.7%(13新/41抓;XHS+web混合;本轮新增13条计入累计),2026-06-27,2026-08-14
万能自我介绍开头,候选,小红书大家都在搜,0,0,—,—,2026-06-27,—
一分钟自我介绍模板,候选,小红书大家都在搜,0,0,—,—,2026-06-27,—
超有梗的自我介绍,候选,小红书大家都在搜,0,0,—,—,2026-06-27,—
职场反pua经典话术,活跃,小红书大家都在搜;候选首投升级(2026-08-11),1,9,约103(9条样本:1/1/2/38/8/790/9/2/74),"run3候选首投_9/20=45.0%(2026-08-11;从职场委婉语手册web结果衍生;职场PUA老娘反手就是一个大比兜/职场所有带PUA你的话都可以这样回复38赞/面对职场PUA挑刺如何清醒回击790赞[本轮全场最高]等9条新增,超40%阈值同轮升级为活跃;相关搜索联想捕获新候选'职场破局话术大全/职场话术反制技巧')",2026-06-27,2026-08-11
工作pua话术如何应对,候选,小红书大家都在搜,0,0,—,—,2026-06-27,—
反自证话术,候选,小红书大家都在搜,0,0,—,—,2026-06-27,—
面试潜台词怎么答,候选,小红书大家都在搜,0,0,—,—,2026-06-27,—
工作面试潜台词,候选,小红书大家都在搜,0,0,—,—,2026-06-27,—
面试表现出强烈意愿,候选,小红书大家都在搜,0,0,—,—,2026-06-27,—
求一个面试机会的话术,候选,小红书大家都在搜,0,0,—,—,2026-06-27,—
职场常用表达,候选,小红书大家都在搜,0,0,—,—,2026-06-27,—
职场生存法则话术,候选,小红书大家都在搜,1,2,约500(45/职场十大阴招),"—;候选首投,命中率16.7%(2新/12抓;XHS1+web1;与职场表达/职场沟通话术等已收录词簇重叠约80%,未达40%升级阈值,标注候选(已试投),不建议短期内优先投放;本行合并此前06-27与07-18两次重复添加的同名候选词条",2026-06-27,—
职场委婉表达方式,候选,小红书大家都在搜,0,0,—,—,2026-06-27,—
职场中如何表达自己,候选,小红书大家都在搜,0,0,—,—,2026-06-27,—
职场实用表达,候选,小红书大家都在搜,0,0,—,—,2026-06-27,—
职场提升表达,候选,小红书大家都在搜,0,0,—,—,2026-06-27,—
面试技巧大全,候选,小红书大家都在搜,0,0,—,—,2026-06-27,—
面试必问问题,活跃,小红书大家都在搜,3,run1(2026-08-14)_2/18=11.1%; 15,约836（2条样本）,"run1(2026-08-14)_2/18=11.1% | 38%;07-20run2_24.5%(12新/49抓;XHS10+web2;必问10题标准答案/数据岗必问20题/候选人提问表/Behavioral面试问题等清单体子话题密集增量,当日供给回升明显好于同簇的""""面试技巧""""""""面试万能话术""""等种子/活跃词,建议下次维持中等偏高复查频次",2026-06-27,2026-08-14
面试应该怎么准备,候选,小红书大家都在搜,0,0,—,—,2026-06-27,—
面试该说些什么,候选,小红书大家都在搜,0,0,—,—,2026-06-27,—
面试时怎么说,候选,小红书大家都在搜,0,0,—,—,2026-06-27,—
公务员面试开头过渡语怎么说,候选,小红书大家都在搜,0,0,—,—,2026-06-27,—
面试想到什么说什么,候选,小红书大家都在搜,0,0,—,—,2026-06-27,—
面试一开始要说什么,候选,小红书大家都在搜,0,0,—,—,2026-06-27,—
面试问你上一份工作为什么辞职,候选,小红书大家都在搜,0,0,—,—,2026-06-27,—
最终面试通过的征兆,候选,小红书大家都在搜,0,0,—,—,2026-06-27,—
结构化面试不能透露个人信息,候选,小红书大家都在搜,0,0,—,—,2026-06-27,—
校招自我介绍模板,候选,小红书大家都在搜,0,0,—,—,2026-06-27,—
秋招自我介绍模板,候选,小红书大家都在搜,0,0,—,—,2026-06-27,—
无经验面试自我介绍,候选,小红书大家都在搜,0,0,—,—,2026-06-27,—
向上汇报技巧,候选,小红书大家都在搜,0,0,—,—,2026-06-27,—
工作汇报话术公式,候选,小红书大家都在搜,0,0,—,—,2026-06-27,—
汇报话术,候选,小红书大家都在搜,1,4,—,—,2026-06-27,2026-07-01
谈薪注意事项和技巧,候选,小红书大家都在搜,0,0,—,—,2026-06-27,—
hr谈薪怎么争取薪资,候选,小红书大家都在搜,0,0,—,—,2026-06-27,—
谈薪谈低了可以再谈嘛,候选,小红书大家都在搜,0,0,—,—,2026-06-27,—
谈薪话术怎么争取,候选,小红书大家都在搜,0,0,—,—,2026-06-27,—
有梗的自我介绍,候选,小红书大家都在搜,0,0,—,—,2026-06-27,—
一段吸引人的自我介绍,候选,小红书大家都在搜,0,0,—,—,2026-06-27,—
高情商个人介绍,候选,小红书大家都在搜,0,0,—,—,2026-06-27,—
谈薪要点,候选,小红书大家都在搜/筛选标签,1,5,约6983(5条样本:2.8万/561/2/856/5494),"候选首投25.0%(5新/20抓;08-05run2;真正的谈薪从来不在最后1天前2.8万赞领涨;未达40%阈值,维持候选(已试投)",2026-06-27,2026-08-05
接受了offer还能谈薪吗,候选,小红书大家都在搜/筛选标签,0,0,—,—,2026-06-27,—
hr说这已经是最高薪资了,候选,小红书大家都在搜/筛选标签,0,0,—,—,2026-06-27,—
薪酬谈判要点,候选,小红书大家都在搜/筛选标签,0,0,—,—,2026-06-27,—
职场表达用语,候选,小红书大家都在搜/筛选标签,0,0,—,—,2026-06-27,—
面试要准备什么东西,候选,小红书大家都在搜/筛选标签,0,0,—,—,2026-06-27,—
面试停下思考怎么表现,候选,小红书大家都在搜/筛选标签,0,0,—,—,2026-06-27,—
结构化面试经典100题,候选,小红书大家都在搜/筛选标签,0,0,—,—,2026-06-27,—
面试必问问题清单,活跃,小红书大家都在搜/筛选标签,2,run6(2026-08-15)_1/19=5.3%; 9,约306（1条样本）,"run6(2026-08-15)_1/19=5.3% | 64.3%(9新/14抓;XHS8+web1;07-30run4候选首投;远超40%升级阈值,亚马逊offer炫耀体[186赞/57评论]与HR包子妈低热深度解析[2赞]形成鲜明对比样本,升级为活跃(候选首投升级-2026-07-30run4))",2026-06-27,2026-08-15
面试官必问的问题,活跃,小红书大家都在搜/筛选标签,1,8,约1012(8条样本:118/324/1678/4888/326/31/236/496),"候选首投40.0%(8新/20抓;08-05run2;HR面试100问面试汇总/面试高频9大问题保姆级攻略等多来源,达40%阈值升级为活跃",2026-06-27,2026-08-05
面试说半天可以给结果吗,候选,小红书大家都在搜/筛选标签,0,0,—,—,2026-06-27,—
面试被问能不能接受加班怎么回答,候选,小红书大家都在搜/筛选标签,0,0,—,—,2026-06-27,—
向上汇报的方法,候选,小红书大家都在搜/筛选标签,0,0,—,—,2026-06-27,—
面试潜台词识别,候选,小红书大家都在搜/筛选标签,0,0,—,—,2026-06-27,—
即兴表达万能模板,候选,小红书大家都在搜/相关搜索/筛选标签,0,0,—,—,2026-06-27,—
即兴表达训练方法,候选,小红书大家都在搜/相关搜索/筛选标签,0,0,—,—,2026-06-27,—
表达能力训练100篇,候选,小红书大家都在搜/相关搜索/筛选标签,0,0,—,—,2026-06-27,—
开会即兴临时发言万能模版,候选,小红书大家都在搜/相关搜索/筛选标签,0,0,—,—,2026-06-27,—
麦肯锡表达技巧,候选,小红书大家都在搜/相关搜索/筛选标签,0,0,—,—,2026-06-27,—
麦肯锡30秒法则,活跃,小红书大家都在搜/相关搜索/筛选标签,3,30,"约百至千级(混合,多条无显示热度视为低)","run5(XHS源)_13/13=100%(2026-08-06,长空档24天[距07-13],全部相关结果均为新增,过滤3条篮球/创业无关噪声;前值:run4网页源70%)",有营销/PPT噪声需过滤,2026-08-06
麦肯锡100个关键词法,候选,小红书大家都在搜/相关搜索/筛选标签,0,0,—,—,2026-06-27,—
麦肯锡封神思考法,候选,小红书大家都在搜/相关搜索/筛选标签,0,0,—,—,2026-06-27,—
麦肯锡话术,候选,小红书大家都在搜/相关搜索/筛选标签,0,0,—,—,2026-06-27,—
离职原因简短怎么写,候选,小红书大家都在搜/相关搜索/筛选标签,0,0,—,—,2026-06-27,—
hr问上一份工作离职原因,活跃,小红书大家都在搜/相关搜索/筛选标签,2,run6(2026-08-15)_7/20=35.0%; 8,约196（7条样本）,"run6(2026-08-15)_7/20=35.0% | 57.1%(8新/14抓;XHS5+web3;07-30run4候选首投;远超40%升级阈值,但与既有活跃词'离职原因怎么说'簇重叠约50%+,升级为活跃(候选首投升级-2026-07-30run4))",2026-06-27,2026-08-15
委婉离职怎么说,候选,小红书大家都在搜/相关搜索/筛选标签,0,0,—,—,2026-06-27,—
离职原因怎么填,候选,小红书大家都在搜/相关搜索/筛选标签,0,0,—,—,2026-06-27,—
简短的离职话术,候选,小红书大家都在搜/相关搜索/筛选标签,0,0,—,—,2026-06-27,—
三明治沟通法,候选,小红书大家都在搜/相关搜索/筛选标签,0,0,—,—,2026-06-27,—
拒绝三明治话术,候选,小红书大家都在搜/相关搜索/筛选标签,0,0,—,—,2026-06-27,—
职场反内卷话术,候选,小红书大家都在搜/相关搜索/筛选标签,1,6,约百级(低),day5首投约50%(相关过滤后6新/12抓);多躺平/反内耗心态文案+反PUA污染,纯话术稀少且低热,2026-06-27
三明治批评法,候选,小红书大家都在搜/相关搜索/筛选标签,0,0,—,—,2026-06-27,—
软柿子人设,候选,小红书大家都在搜/相关搜索/筛选标签,0,0,—,—,2026-06-27,—
借钱三明治拒绝法,候选,小红书大家都在搜/相关搜索/筛选标签,0,0,—,—,2026-06-27,—
面试的小技巧,活跃,小红书大家都在搜,5,run5(2026-08-18)_0/20=0.0%; 21,"约1万(2.7万/2.4万/5950领涨,本轮无新样本未改变均值)","run5(2026-08-18)_0/20=0.0% | 0%(0新/约40抓;本轮抽查条目[一个小技巧面试官也想帮你拿offer/像销售一样去面试/面试时最加分的状态有活人感/如果你工作也认真做了但一面试就大脑空白]经核实均已在此前运行中收录,判断该词进入深度饱和期,建议后续降频或延长复查间隔至2周以上",2026-06-28,2026-08-18
面试的顶级心态,活跃,小红书大家都在搜,10,70,2.3万;08-05run2约7070(6条样本:136/2455/813/2.8万/1016/1万),"run4_10%(2新;3218/462;多已收);07-19run4_81.8%(27新/33抓;XHS;活跃复查首次当日投放,为本轮全场最高命中率,松弛感/克服紧张/顶级心法等子话题集中爆发新增量,建议提高该词复查频次);run2_6/20=30.0%(2026-08-05,距07-19隔17天长空档复查,再次验证长空档命中率更高规律)",2026-07-08,2026-08-05
职场中文表达,候选,小红书大家都在搜,0,0,—,—,2026-06-28,—
职场语言表达,候选,小红书大家都在搜,0,0,—,—,2026-06-28,—
职场常用语大全,候选,小红书大家都在搜,0,0,—,—,2026-06-28,—
职场文字,候选,小红书大家都在搜,0,0,—,—,2026-06-28,—
面试要说什么话术,候选,小红书大家都在搜,0,0,—,—,2026-06-28,—
面试一般问什么,候选,小红书大家都在搜,0,0,—,—,2026-06-28,—
面试反问要问什么,候选,小红书大家都在搜,0,0,—,—,2026-06-28,—
一面反问面试官问题,候选,小红书大家都在搜,0,0,—,—,2026-06-28,—
国企面试反问,候选,小红书大家都在搜,0,0,—,—,2026-06-28,—
新凯来谈薪,候选,小红书大家都在搜,0,0,—,—,2026-06-28,—
校招谈薪资怎么谈,候选,小红书大家都在搜,0,0,—,—,2026-06-28,—
互联网大厂谈薪技巧,候选,小红书大家都在搜,0,0,—,—,2026-06-28,—
谈薪hr说去争取薪资,候选,小红书大家都在搜,0,0,—,—,2026-06-28,—
打工反内卷话术,候选,小红书大家都在搜,0,0,—,—,2026-06-28,—
职场反内卷的方法,候选,小红书大家都在搜,0,0,—,—,2026-06-28,—
反内卷金句,候选,小红书大家都在搜,0,0,—,—,2026-06-28,—
100句高情商话术,退休,小红书大家都在搜,1,3,约5千,"day5run4首投但恋爱/撩男污染严重(撩人/哄男人/绿茶版),职场相关仅3条(情绪价值100条5084/温柔说话5212),相关度低保持候选",2026-06-28,2026-06-28
说话嘴甜的话术,候选,小红书大家都在搜,0,0,—,—,2026-06-28,—
可复制粘贴的自我介绍模板,候选,小红书大家都在搜/筛选标签/高频标题,0,0,—,—,2026-06-28,—
自我介绍模板i人专用,候选,小红书大家都在搜/筛选标签/高频标题,1,2,约2千,"day6首投约40%(2新/约5抓);搜索结果多为通用自我介绍,与自我介绍簇高重叠,i人专属内容稀少",2026-06-28,2026-06-29
一分钟自我介绍满分模板,候选,小红书大家都在搜/筛选标签/高频标题,1,3,约300(多为新号低赞),"day6run3首投约30%(3新/10抓);与面试自我介绍模板/自我介绍万能公式/高情商自我介绍簇约70%重叠+多新号低热,暂不升活跃",2026-06-28,2026-06-29
面试1分钟自我介绍模板,候选,小红书大家都在搜/筛选标签/高频标题,0,0,—,—,2026-06-28,—
简短有趣的自我介绍,候选,小红书大家都在搜/筛选标签/高频标题,0,0,—,—,2026-06-28,—
向上反馈话术模版,候选,小红书大家都在搜/筛选标签/高频标题,0,0,—,—,2026-06-28,—
50句高情商汇报话术,候选,小红书大家都在搜/筛选标签/高频标题,0,0,—,—,2026-06-28,—
贵人汇报话术模版,候选,小红书大家都在搜/筛选标签/高频标题,1,8,约千级(低;先做可用的人3.1万为向上社交母题异常值),"day5run4首投约53%(8新);谢胜子系列垄断该niche但单条多为百级-5千;50句高情商汇报话术仅7赞印证纯SOP标题雷区;汇报赛道天花板低再确认,保持候选(低热)",2026-06-28,2026-06-28
向上汇报8个关键场景SOP,候选,小红书大家都在搜/筛选标签/高频标题,0,0,—,—,2026-06-28,—
和老板1on1怎么聊,候选,小红书大家都在搜/筛选标签/高频标题,0,0,—,—,2026-06-28,—
汇报技巧话术,候选,小红书大家都在搜/筛选标签/高频标题,0,0,—,—,2026-06-28,—
每日汇报话术,候选,小红书大家都在搜/筛选标签/高频标题,0,0,—,—,2026-06-28,—
面试成功的信号,活跃,小红书大家都在搜/筛选标签/高频标题,18,run4(2026-08-14)_9/20=45.0%; 97,约551（9条样本）,"run4(2026-08-14)_9/20=45.0% | run2_12%(1新/8抓;网页源);07-19run4_57.6%(19新/33抓;XHS;活跃复查首次当日投放,与面试潜台词形成同簇互证,供给充沛);07-29run1_22.2%(6新/27抓;XHS6/20+web0/7;活跃复查(上次07-19,10天空档);XHS6+web0;强录取信号/HR8个信号等子话题零星增量;网页侧本轮无新角度切换,7条全部与既往重复)",2026-07-08,2026-08-14
hr想录用你的表现,候选,小红书大家都在搜/筛选标签/高频标题,0,0,—,—,2026-06-28,—
面试官暗示面试通过,候选,小红书大家都在搜/筛选标签/高频标题,0,0,—,—,2026-06-28,—
录用前的前兆,候选,小红书大家都在搜/筛选标签/高频标题,0,0,—,—,2026-06-28,—
信号解读,候选,小红书大家都在搜/筛选标签/高频标题,0,0,—,—,2026-06-28,—
面试中如何体现AI思维,候选,小红书大家都在搜/筛选标签/高频标题,0,0,—,—,2026-06-28,—
面试官注意力管理,候选,小红书大家都在搜/筛选标签/高频标题,0,0,—,—,2026-06-28,—
职场会接话,活跃,小红书大家都在搜/筛选标签/高频标题,4,37,"约1.4万(13条新增均值,被8.1万/3.9万拉高)",65.0%,2026-06-28,2026-08-15
50句万能场面话术,候选,小红书大家都在搜/筛选标签/高频标题,0,0,—,—,2026-06-28,—
职场漂亮话2.0,候选,小红书大家都在搜/筛选标签/高频标题,0,0,—,—,2026-06-28,—
高情商话术300例,候选,小红书大家都在搜,0,0,—,—,2026-06-28,—
职场高情商接话模板,活跃,小红书大家都在搜,3,2026-08-16run1_5/20=25.0%,约4200,2026-08-16run1:25.0%(5新/20抓) | 07-30run2:40.7%(11新/27抓;XHS10+web1;距上次运行07-28约32天长空档复查，命中率40.7%，再次验证'复查间隔越长命中率越高'规律；本轮全场最高热样本'会接话，就是本事❗️'(1376赞)与全场次高'当你,2026-06-28,2026-08-16
职场如何有效接话,候选,小红书大家都在搜,0,0,—,—,2026-06-28,—
职场接话公式,候选,小红书大家都在搜,0,0,—,—,2026-06-28,—
职场新人接话,候选,小红书大家都在搜,0,0,—,—,2026-06-28,—
职场接话训练,候选,小红书大家都在搜,0,0,—,—,2026-06-28,—
社恐易学的万能接话公式,候选,小红书高频标题,0,0,—,—,2026-06-28,—
超绝面试心态,候选,小红书大家都在搜,0,0,—,—,2026-06-28,—
面试必胜心态,候选,小红书大家都在搜,0,0,—,—,2026-06-28,—
强者的顶级心态,候选,小红书大家都在搜(泛心态噪声),0,0,—,—,2026-06-28,—
面试通过的超绝心态,候选,小红书高频标题,0,0,—,—,2026-06-28,—
hr应对(谈薪),候选,小红书筛选标签,0,0,—,—,2026-06-28,—
压价(谈薪),候选,小红书筛选标签,0,0,—,—,2026-06-28,—
个人离职原因,候选,小红书大家都在搜,0,0,—,—,2026-06-28,—
离职申请原因,候选,小红书大家都在搜,0,0,—,—,2026-06-28,—
职场幽默接话,活跃,接话簇自然扩展,12,32884,约2300(10条XHS样本混合),"run12_10/20=50.0%(2026-08-06,长空档26天再验证[距07-12],XHS高命中;前值:run11_0%网页完全饱和)",2026-06-28,2026-08-06
万能接话话术,候选,小红书大家都在搜/筛选标签,0,0,—,—,2026-06-28,—
工作高情商接话,候选,小红书大家都在搜/筛选标签,0,0,—,—,2026-06-28,—
职场高情商梗,候选,小红书大家都在搜/筛选标签,0,0,—,—,2026-06-28,—
幽默接话万能话术,候选,小红书大家都在搜/筛选标签,0,0,—,—,2026-06-28,—
回话有术接话有招,候选,小红书大家都在搜/筛选标签,0,0,—,—,2026-06-28,—
幽默接话技巧,候选,网页搜索,1,3,—,43%(首投;3新web;需XHS验证热度再决升降),2026-07-09,2026-07-09
对方上班了怎么幽默回复,候选,小红书大家都在搜/筛选标签,0,0,—,—,2026-06-28,—
职场幽默话术,活跃,网页搜索/大家都在搜,2,9,"约1575(08-05,5条样本:2250/1158/2088/376/3)","run2_5/8=62.5%(长空档复查,距07-09隔27天,2026-08-05)",2026-07-09,2026-08-05
接领导的话,候选,小红书大家都在搜/筛选标签,0,0,—,—,2026-06-28,—
高情商接话领导万能话术,候选,小红书大家都在搜/筛选标签,0,0,—,—,2026-06-28,—
高情商职场应对话术,活跃,小红书大家都在搜/筛选标签,6,19,800,5.3%,2026-06-28,2026-08-17
职场接话指南,候选,小红书大家都在搜/筛选标签,0,0,—,—,2026-06-28,—
职场情商话术,候选,小红书大家都在搜/筛选标签,0,0,—,—,2026-06-28,—
职场上怎么接话,候选,小红书大家都在搜/筛选标签,0,0,—,—,2026-06-28,—
高情商回复领导话术,候选,小红书大家都在搜/筛选标签,0,0,—,—,2026-06-28,—
给贵人汇报工作怎么说,候选,小红书大家都在搜/筛选标签,0,0,—,—,2026-06-28,—
怎么给贵人主动汇报,候选,小红书大家都在搜/筛选标签,0,0,—,—,2026-06-28,—
100条高情商聊天话术大全,候选,小红书大家都在搜/筛选标签,0,0,—,—,2026-06-28,—
高情商聊天说话技巧,候选,小红书大家都在搜/筛选标签,0,0,—,—,2026-06-28,—
面试怎么说自我介绍,候选,小红书大家都在搜/筛选标签,0,0,—,—,2026-06-28,—
面试问些什么,候选,小红书大家都在搜/筛选标签,0,0,—,—,2026-06-28,—
面试有戏的信号,活跃,大家都在搜(面试成功的信号),1,5,—(web-only无点赞数据),08-17run1_5/8=62.5%(web-only),—,2026-08-17
面试可能通过的信号,候选,小红书大家都在搜/筛选标签(day6),0,0,—,—,2026-06-29,—
面试中的积极信号,候选,小红书大家都在搜/筛选标签(day6),0,0,—,—,2026-06-29,—
面试一定能过的信号,候选,小红书大家都在搜/筛选标签(day6),0,0,—,—,2026-06-29,—
面试被录用的信号,候选,小红书大家都在搜/筛选标签(day6),0,0,—,—,2026-06-29,—
面试中哪些信号基本稳了,候选,小红书大家都在搜/筛选标签(day6),0,0,—,—,2026-06-29,—
面试通过的积极信号,候选,小红书大家都在搜/筛选标签(day6),0,0,—,—,2026-06-29,—
面试官暗示你稳了,候选,小红书大家都在搜/筛选标签(day6),0,0,—,—,2026-06-29,—
腾讯面试反问,候选,小红书大家都在搜/筛选标签(day6),0,0,—,—,2026-06-29,—
个人工作汇报话术,活跃,小红书大家都在搜/筛选标签(day6),4,36,"约15828(8条XHS新增均值,被11.2万拉高)",08-17run1_10/25=40.0%(XHS+web),2026-06-29,2026-08-17
面试提问禁忌话题,候选,小红书大家都在搜/筛选标签(day6),0,0,—,—,2026-06-29,—
安静的人面试,候选,小红书大家都在搜/筛选标签(day6),0,0,—,—,2026-06-29,—
面试时间很短,候选,小红书大家都在搜/筛选标签(day6),0,0,—,—,2026-06-29,—
离职邮件模板,候选,小红书大家都在搜/筛选标签(day6run2),0,0,—,—,2026-06-29,—
裸辞话术,候选,小红书大家都在搜/筛选标签(day6run2),0,0,—,—,2026-06-29,—
甩锅话术,活跃,小红书大家都在搜/筛选标签(day6run2),18,run5(2026-08-14)_13/20=65.0%; 147,约18594（13条样本）,"run5(2026-08-14)_13/20=65.0% | run5_27%(8新/30抓;web2+XHS6;网易/虎嗅两条网页+心理操控者的常用话术[2625赞,相关性中等待观察]/英语里的高情商甩锅句/看印度同事展示如何让锅消失在空气中/职场嘴替精准防甩锅英文表达/NPD最爱用的一句甩锅的话/怼人爽句做吵架界的扛把子六条XHS新增,运行5次后供给仍有边际增量; 原:run4_86%(12新/14抓;小红书时间排序;距上次运行07-14仅隔2天供给仍充沛,避免背锅的第一步从识别甩锅话术开始[2763赞视频笔记]为本轮该词最高赞样本,2条与历史重复[破解甩锅话术不知道怎么怼/开会甩锅模版]); 原:run3_40%(4新/~10抓;攻防策略/反将一军/巨婴同事/5步自保指南);原:run4(网页源)70%(7新/10抓;婉拒同事甩锅合集知乎/背锅应对指南搜狐/防背锅指南/回怼话术/腾讯新闻拒绝背锅);历史72%;07-29run1_60.0%(15新/25抓;XHS12/19+web3/6;活跃复查(上次07-17,12天空档);XHS12+web3;本轮全场最高命中率;北美高管反制甩锅(2601赞)/前亚马逊L8防甩锅(2150赞)等英文职场话术子话题强势增量,供给远未饱和)",run1_5%(XHS完全饱和;仅1网页新),2026-08-14
述职话术,候选,小红书大家都在搜/筛选标签(day6run2),0,0,—,—,2026-06-29,—
演讲开场白,活跃,小红书大家都在搜/筛选标签(day6run2),7,run2(2026-08-17)新增4条; 41,约6750（2条XHS样本）| 约2500(4225/4175/4111),"2026-08-17run2_4/13=30.8%(XHS+web) | run4,8/20=40.0%;run4二次复查(距07-06首投隔25天),XHS新增2条(不会开场=演讲失败4赞低热样本/万能开场话术257赞);web侧6条新经典开场白技巧文章命中率高,本轮最高",2026-06-29,2026-08-17
反尬聊话术,候选,小红书大家都在搜/筛选标签(day6run2),0,0,—,—,2026-06-29,—
高情商怼人话术,候选,小红书大家都在搜/筛选标签(day6run2),0,0,—,—,2026-06-29,—
职场分寸感,活跃,小红书大家都在搜/筛选标签(day6run2),4,46,约3200(3.1万/1.7万/1.3万领涨),"08-16run2:18/20=90.0%全场最高;距07-30隔17天长空档复查,边界感子话题供给大幅回升,第N次验证长空档规律",2026-06-29,2026-08-16
期望薪资区间,候选,小红书大家都在搜/筛选标签(day6run2),0,0,—,—,2026-06-29,—
HR压薪话术,活跃,小红书大家都在搜/筛选标签(day6run2),8,run5(2026-08-14)_0/19=0.0%; 291765,约2500(含本轮混合估算),"run5(2026-08-14)_0/19=0.0% | 07-29run4:54.3%(19新/35抓;XHS;活跃复查[上次07-03,26天空档],供给大量回升,当日全场最高命中率);run4约0%(完全饱和)",2026-06-29,2026-08-14
述职报告话术,候选,小红书大家都在搜/筛选标签(day6run2),0,0,—,—,2026-06-29,—
谈薪资怎么争取,候选,小红书大家都在搜/筛选标签(day6run3),0,0,—,—,2026-06-29,—
入职要求提供薪资流水,候选,小红书大家都在搜/筛选标签(day6run3),0,0,—,—,2026-06-29,—
和hr谈薪酬怎么争取,候选,小红书大家都在搜/筛选标签(day6run3),0,0,—,—,2026-06-29,—
职场调侃话术,候选,小红书大家都在搜/筛选标签(day6run3),0,0,—,—,2026-06-29,—
hr争取薪资话术,候选,小红书大家都在搜/筛选标签(day6run3),0,0,—,—,2026-06-29,—
手上有offer怎么和另一家hr谈薪,候选,小红书大家都在搜/筛选标签(day6run3),0,0,—,—,2026-06-29,—
社招跳槽涨薪多少合适,候选,小红书大家都在搜/筛选标签(day6run3),0,0,—,—,2026-06-29,—
hr谈薪话术,候选,小红书大家都在搜/筛选标签(day6run3),0,0,—,—,2026-06-29,—
怎么和hr争取薪资,候选,小红书大家都在搜/筛选标签(day6run3),0,0,—,—,2026-06-29,—
要求涨薪话术,候选,小红书大家都在搜/筛选标签(day6run3),0,0,—,—,2026-06-29,—
已经同意了offer薪资还能再谈吗,候选,小红书大家都在搜/筛选标签(day6run3),0,0,—,—,2026-06-29,—
hr三面谈薪资技巧,候选,小红书大家都在搜/筛选标签(day6run3),0,0,—,—,2026-06-29,—
hr怎么和候选人谈薪,候选,小红书大家都在搜/筛选标签(day6run3),0,0,—,—,2026-06-29,—
谈薪hr说给领导申请一下,候选,小红书大家都在搜/筛选标签(day6run3),0,0,—,—,2026-06-29,—
满分自我介绍模板,候选,小红书大家都在搜/筛选标签(day6run3),0,0,—,—,2026-06-29,—
一分钟吸引人自我介绍,候选,小红书大家都在搜/筛选标签(day6run3),0,0,—,—,2026-06-29,—
1分钟自我介绍怎么写,候选,小红书大家都在搜/筛选标签(day6run3),0,0,—,—,2026-06-29,—
自我介绍一分钟简单大方,候选,小红书大家都在搜/筛选标签(day6run3),0,0,—,—,2026-06-29,—
没有校园经历的自我介绍,候选,小红书大家都在搜/筛选标签(day6run3),0,0,—,—,2026-06-29,—
结构化表达训练,候选,小红书大家都在搜/筛选标签(day6run3),0,0,—,—,2026-06-29,—
第一次面试要说什么,候选,小红书大家都在搜/筛选标签(day6run3),0,0,—,—,2026-06-29,—
面试自我介绍的结束语,候选,小红书大家都在搜/筛选标签(day6run3),0,0,—,—,2026-06-29,—
职场表达的重要性,候选,大家都在搜(职场表达),0,0,—,—,2026-06-29,—
万能演讲开场白,候选,大家都在搜(演讲开场白),0,0,—,—,2026-06-29,—
上台演讲开场白,候选,大家都在搜(演讲开场白),0,0,—,—,2026-06-29,—
三分钟小演讲,候选,大家都在搜(演讲开场白),0,0,—,—,2026-06-29,—
临时上台发言,候选,大家都在搜(演讲开场白),0,0,—,—,2026-06-29,—
即兴上台发言,候选,大家都在搜(演讲开场白),0,0,—,—,2026-06-29,—
演讲带动气氛的开场白,候选,大家都在搜(演讲开场白),0,0,—,—,2026-06-29,—
ppt讲课开场白,候选,大家都在搜(演讲开场白),0,0,—,—,2026-06-29,—
职场得寸进尺的分寸感,候选,大家都在搜(职场分寸感),0,0,—,—,2026-06-29,—
异性领导相处的分寸感,候选,大家都在搜(职场分寸感),0,0,—,—,2026-06-29,—
边界感强的工作,候选,大家都在搜(职场分寸感),0,0,—,—,2026-06-29,—
职场边界感如何把握,候选,大家都在搜(职场分寸感),0,0,—,—,2026-06-29,—
拒绝甩锅,候选,大家都在搜/筛选标签(甩锅话术),0,0,—,—,2026-06-29,—
如何避免甩锅,候选,大家都在搜/筛选标签(甩锅话术),0,0,—,—,2026-06-29,—
甩锅四步法,候选,大家都在搜/筛选标签(甩锅话术),0,0,—,—,2026-06-29,—
防甩锅,候选,大家都在搜/筛选标签(甩锅话术),0,0,—,—,2026-06-29,—
甩锅的高级说法,候选,大家都在搜/筛选标签(甩锅话术),0,0,—,—,2026-06-29,—
职场黑话,候选,大家都在搜/筛选标签(甩锅话术),0,0,—,—,2026-06-29,—
面试过了的潜台词,候选,小红书大家都在搜(面试潜台词),0,0,—,—,2026-06-30,—
面试后客气话你没通过,候选,小红书高频标题(面试潜台词),0,0,—,—,2026-06-30,—
工作的高级表达,候选,小红书大家都在搜(职场高级表达),0,0,—,—,2026-06-30,—
看懂JD背后的潜台词,候选,小红书高频标题(面试潜台词),0,0,—,—,2026-06-30,—
职业规划怎么说,候选,大家都在搜(离职原因怎么说),0,0,—,—,2026-06-30,—
离职原因有哪些,候选,大家都在搜(离职原因怎么说),0,0,—,—,2026-06-30,—
演讲前的幽默开场白,候选,大家都在搜(演讲开场白),0,0,—,—,2026-06-30,—
ppt开场白怎么讲,候选,大家都在搜(演讲开场白),0,0,—,—,2026-06-30,—
演讲开场白技巧,候选,大家都在搜(演讲开场白),0,0,—,—,2026-06-30,—
汇报演讲开场白,候选,大家都在搜(演讲开场白),0,0,—,—,2026-06-30,—
线上面试成功的信号,候选,大家都在搜(面试成功的信号),0,0,—,—,2026-06-30,—
面试完的积极信号,候选,大家都在搜(面试成功的信号),0,0,—,—,2026-06-30,—
行为面试通关技巧,候选,小红书大家都在搜(面试的小技巧),0,0,—,—,2026-06-30,—
面试小妙招,候选,小红书大家都在搜(面试的小技巧),0,0,—,—,2026-06-30,—
面试前要做哪些准备,候选,小红书大家都在搜(面试的小技巧),0,0,—,—,2026-06-30,—
面试万能回答公式,候选,小红书大家都在搜(面试的小技巧),0,0,—,—,2026-06-30,—
如何有效向上汇报,候选,小红书大家都在搜(向上汇报话术),0,0,—,—,2026-06-30,—
面试话术速成法,候选,小红书大家都在搜(面试的小技巧),0,0,—,—,2026-06-30,—
职场回话技巧和话术,候选,大家都在搜,0,0,—,—,2026-06-30,—
每日高情商训练,候选,大家都在搜,0,0,—,—,2026-06-30,—
领导找你单独谈话该说什么,候选,大家都在搜,0,0,—,—,2026-06-30,—
职场拒绝话术模板,候选,大家都在搜,0,0,—,—,2026-06-30,—
职场漂亮话大全,候选,大家都在搜,0,0,—,—,2026-06-30,—
万能沟通话术,候选,大家都在搜,1,2,—,day8首投~20%(2新;仅网页未查XHS),2026-06-30,2026-07-01
hr谈薪一般会压多少,候选,大家都在搜,0,0,—,—,2026-06-30,—
职场中的高情商话术,候选,大家都在搜(面试技巧/职场表达),0,0,—,—,2026-07-01,—
职场高级表达,候选,大家都在搜(职场表达),0,0,—,—,2026-07-01,—
职场话语技巧,候选,大家都在搜(职场表达),0,0,—,—,2026-07-01,—
职场表达技巧,活跃,大家都在搜(职场表达),2,11,"约2744(08-04,8条样本:4906/4152/988/252/71/9652/493/1438)","run2_8/16=50.0%(XHS8新/16抓,长空档复查距07-07隔28天,再验证长空档规律)",2026-06-25,2026-08-04
面试都应该说什么,候选,大家都在搜(面试什么话该说),0,0,—,—,2026-07-01,—
面试说什么比较好,候选,大家都在搜(面试什么话该说),0,0,—,—,2026-07-01,—
面试坐姿手怎么放,候选,大家都在搜(面试肢体语言),0,0,—,—,2026-07-01,—
面试肢体语言加分技巧,候选,大家都在搜(面试肢体语言),0,0,—,—,2026-07-01,—
谈薪说法,候选,大家都在搜(HR压薪话术),0,0,—,—,2026-07-02,—
hr和候选人谈薪话术,候选,大家都在搜(HR压薪话术),0,0,—,—,2026-07-02,—
面试到谈薪阶段意味着什么,候选,大家都在搜(HR压薪话术),0,0,—,—,2026-07-02,—
hr说超预算了怎么回复,候选,大家都在搜(HR压薪话术),0,0,—,—,2026-07-02,—
hr谈薪后多久发offer,候选,大家都在搜(HR压薪话术),0,0,—,—,2026-07-02,—
和hr谈薪技巧,候选,大家都在搜(HR压薪话术),0,0,—,—,2026-07-02,—
面试自带松弛感,候选,小红书大家都在搜(面试松弛感),0,0,—,—,2026-07-02,—
面试松弛感反而更容易通过,候选,小红书大家都在搜(面试松弛感),0,0,—,—,2026-07-02,—
面试中如何展现活人感,候选,面试活人感大家都在搜,0,0,—,—,2026-07-02,—
英文面试万能公式,候选,英文面试技巧大家都在搜,0,0,—,—,2026-07-02,—
英文面试速成技巧,候选,英文面试技巧大家都在搜,0,0,—,—,2026-07-02,—
甩锅的幽默说法,候选,甩锅话术大家都在搜,0,0,—,—,2026-07-02,—
职场语言艺术,候选,职场漂亮话大家都在搜,0,0,—,—,2026-07-02,—
面试简短自我介绍模板,候选,面试自我介绍模板大家都在搜,0,0,—,—,2026-07-02,—
面试超绝心态,活跃,面试的顶级心态大家都在搜,6,45,"约1478(08-05,8条样本:15/8735/1081/50000/33/253/350/340,中位数偏低被5万条拉高)","run3_8/16=50.0%(长空档复查,距07-08隔28天,2026-08-05)",2026-07-02,2026-08-05
面试活人感怎么表现,候选,面试活人感大家都在搜,0,0,—,—,2026-07-02,—
ai准备面试指令,候选,AI面试技巧大家都在搜,0,0,—,—,2026-07-03,—
ai面试app推荐,候选,AI面试技巧大家都在搜,0,0,—,—,2026-07-03,—
豆包ai面试怎么使用,候选,AI面试技巧大家都在搜,0,0,—,—,2026-07-03,—
高能量顶级心态,候选,面试的顶级心态大家都在搜,0,0,—,—,2026-07-03,—
面试个人优缺点,候选,面试优缺点大家都在搜,0,0,—,—,2026-07-03,—
面试潜台词技巧,候选,面试潜台词筛选标签,0,0,—,—,2026-07-03,—
面试通过后谈薪话术,候选,HR压薪话术大家都在搜,0,0,—,—,2026-07-03,—
甩锅话术教程,候选,甩锅话术大家都在搜,0,0,—,—,2026-07-03,—
甩锅话术文案,候选,甩锅话术大家都在搜,0,0,—,—,2026-07-03,—
新媒体运营甩锅话术,候选,甩锅话术大家都在搜,0,0,—,—,2026-07-03,—
面试积极心态,候选,面试超绝心态大家都在搜,0,0,—,—,2026-07-03,—
摆正面试心态,候选,面试超绝心态大家都在搜,0,0,—,—,2026-07-03,—
学会幽默接话法,候选,职场幽默接话搜索页大家都在搜,0,0,—,—,2026-07-03,—
幽默回复同事,候选,职场幽默接话搜索页大家都在搜,0,0,—,—,2026-07-03,—
职场沟通接话,候选,职场幽默接话搜索页筛选标签,0,0,—,—,2026-07-03,—
怎么变得幽默会聊天,候选,职场幽默接话搜索页大家都在搜,0,0,—,—,2026-07-03,—
活人感面试答题,候选,面试活人感搜索页大家都在搜,0,0,—,—,2026-07-03,—
普通人面试状态,候选,面试活人感搜索页大家都在搜,0,0,—,—,2026-07-03,—
反向面试问题,候选,大家都在搜(面试反问环节),1,4,—,2026-08-15run2:33.3%(4新/12抓;web-only;33.3%未达40%阈值维持候选；但该词是本轮最大答案空缺的来源，建议XHS恢复后优先复投),—,2026-08-15
职场沟通升级,候选,大家都在搜(职场有效表达),0,0,—,—,—,2026-07-04
面试让人眼前一亮,候选,面试活人感大家都在搜,0,0,—,—,2026-07-04,—
面试精神状态,候选,面试活人感大家都在搜,0,0,—,—,2026-07-04,—
面试无敌心态,候选,面试超绝心态大家都在搜,0,0,—,—,2026-07-04,—
面试时的心态,候选,面试超绝心态大家都在搜,0,0,—,—,2026-07-04,—
如何反问面试官问题,候选,面试反问大家都在搜,0,0,—,—,2026-07-04,—
面试被问还有什么问题,候选,面试反问大家都在搜,0,0,—,—,2026-07-04,—
面试反向提问,候选,大家都在搜（反向面试问题）,0,0,—,—,2026-07-04,—
二轮面试话术,候选,大家都在搜（反向面试问题）,0,0,—,—,2026-07-04,—
面试被加面是好事吗,候选,大家都在搜（面试什么话不能说）,0,0,—,—,2026-07-04,—
2026AI面试新趋势,活跃,面试赛道高频/AI热词,3,run5(2026-08-18)_17/20=85.0%; 21,约284（16条样本）,"run5(2026-08-18)_17/20=85.0% | 94.7%(18新/19抓;XHS12+web6;08-02run2活跃复查,本轮最高,实时对话式AI面试官新趋势供给极充沛)",2026-07-04,2026-08-18
面试博弈论,活跃,面试技巧XHS搜索页标题,7,18,"6339;run4_132(1条样本,08-05,距上次运行07-10已隔约26天)","20%;run4_1/8=12.5%(2026-08-05,长空档规律本轮未强力验证,新发现'量化/投行内容drift'现象——赛道被Jane Street/量化面试等无关内容大量挤占,建议后续降低该词优先级或改用更精确变体)",2026-07-04,2026-08-05
AI辅助面试技巧,候选,面试技巧XHS搜索页,1,4,—,100%,2026-07-04,2026-07-05
即兴发言,活跃,职场表达搜索大家都在搜,4,32,"约(样本少,多数无热度数据)","57.9%(11新/19抓;XHS6+web5;08-02run2活跃复查,万能公式/临场发言子话题延续供给) | 08-18run6_7/13=53.8%",2026-07-05,2026-08-18
面试配得感,活跃,面试超绝心态大家都在搜,11,58(含run4新增8条),"约21(run4样本8条:1/1/85/5/9/—/4/6均值约15.9,历史127.0)","run2_17%(4新/24抓;web2+XHS2;利用心理偏好打动面试官捷径[界面新闻]+你心中的不配得感在阻止你真正爱自己[滁州心理学会]+白男找工的配得感真的值得学+高配得感去面试反而更容易拿offer四条新增,该词经9轮运行后供给持续稀薄,建议降低投放优先级或改用更聚焦复合query'面试 配得感 心理学'复投; 原:run1_42%(5新/~12抓;心理学/高校来源差异化) | run4_长空档复查(距07-17隔25天)_8/8=100%(2026-08-11;成为博士的第一步是拥有高配得感1赞/正装果然穿上感觉自己容光焕发85赞/面试拿offer的人都有一种高配得感6赞等,与薪资争取话术同轮共同验证长空档规律,该词此前9轮供给持续稀薄的判断本轮被推翻,建议重新评估投放优先级)",run1_50%(6新;5XHS+1web;配得感赛道同质化加剧),2026-08-11
AI面试工具推荐,候选,2026AI面试新趋势子话题,0,0,—,—,2026-07-05,—
AI初筛准备,候选,2026AI面试新趋势子话题,0,0,—,—,2026-07-05,—
职场汇报逻辑表达,候选,职场表达大家都在搜,0,0,—,—,2026-07-05,—
去面试要问清楚哪些问题,活跃,面试反问大家都在搜,2,16,本轮新增10条,"run2_10/22≈45.5%(2026-08-08;长空档复查,距07-16隔23天;22条样本新增10条,含去线下面试之前建议先问清楚这五个问题[7917]/谁懂啊面试约到就去=放弃谈薪主动权[1.6万]/必备6道压力面试题[5591]等,再次验证长空档规律); 前值:run1_60%(6新/10抓;网页;求职者反向提问清单+面试防坑指南多来源角度,首投命中优秀,升级活跃);原:—",2026-07-05,2026-08-08
委婉的离职原因,候选,离职原因怎么说大家都在搜,0,0,—,—,2026-07-05,2026-07-05
面试怎么有交流感,活跃,面试什么话该说大家都在搜,2,14,本轮新增9条,"run2_9/18=50.0%(2026-08-08;长空档复查,距07-16隔23天;18条样本新增9条,含一秒解决当众紧张的顶级心态[9888]/考场85+大牛演示顶级交流感[粉笔面试王骥炎,1.1万]等,长空档规律再次验证,本轮全场最高命中率); 前值:run1_50%(5新/10抓;网页;真诚表达反模板化/技术面试沟通/公务员反模板化多来源角度,首投命中良好,升级活跃);原:—",2026-07-05,2026-08-08
事业单位面试不能说什么,活跃,面试什么话不能说大家都在搜,10,75,1633,"run5_30.8%(4新/13抓;2026-08-08;距上次运行24天,长空档复投;XHS3条[我姑是事业编面试官她说过不了的很明显621赞/过来人经验其实事业编面试也就是走个过场165赞/面试中绝对不能说的话近期踩雷182赞]+web1条[知乎答案事业单位面试要注意什么,答题/言语/仪表三方面禁忌汇总];另从知乎该词根收割2条问题标题转入词库候选[事业单位面试无话可说怎么办/事业单位面试说不出话]); 前值:run4_40%(4新/10抓;网页;技术岗两大禁忌wjhr+事业单位太差知乎两条+六大禁忌博乐市政务页共四条新增,较run3明显回升);原:run3_25%(2新/~19抓;网页源;说错话补救/翻车追问角度)",run1_65%(10新;7XHS+3web;含2026最新文),2026-08-08
低学历面试自我介绍怎么说,候选,面试什么话不能说筛选标签,0,0,—,—,2026-07-05,—
面试底层逻辑,活跃,面试顶级心态高频标题,4,19,约1.0万,run4_2/10=20.0%(长空档复查[距07-08隔27天]),2026-07-05,2026-08-04
面试回答问题结束语,候选,面试什么话该说大家都在搜,0,0,—,—,2026-07-05,—
面试配得感怎么展示,候选,面试配得感大家都在搜,0,0,—,—,2026-07-06,—
面试配得感怎么提升,候选,面试配得感大家都在搜,0,0,—,—,2026-07-06,—
临场发言,候选,即兴发言相关搜索,0,0,—,—,2026-07-06,—
面试反问加分回答,活跃,面试反问大家都在搜,2,4,"约676(08-04,2条样本:1350/1)","run2_2/20=10.0%(XHS2新/20抓,长空档复查距07-07隔28天)",2026-07-06,2026-08-04
简短离职原因,候选,离职原因怎么说大家都在搜,0,0,—,—,2026-07-06,—
deepseek社招面经,候选,社招面试自我介绍大家都在搜,0,0,—,—,2026-07-06,—
AI面试自我介绍,候选,社招面试自我介绍大家都在搜,0,0,—,—,2026-07-06,—
求职谈薪技巧,候选,谈薪技巧大家都在搜,0,0,—,—,2026-07-06,—
面试谈薪博弈论,候选,面试博弈论大家都在搜,0,0,—,—,2026-07-06,—
求职面试博弈论,候选,面试博弈论大家都在搜,0,0,—,—,2026-07-06,—
面试反问环节加分项,候选,面试反问加分回答大家都在搜,0,0,—,—,2026-07-07,—
面试有底气,候选,面试配得感大家都在搜,0,0,—,—,2026-07-07,—
怎么提高面试中的配得感,候选,面试配得感大家都在搜,0,0,—,—,2026-07-07,—
面试底层逻辑思维,候选,面试底层逻辑大家都在搜,0,0,—,—,2026-07-07,—
面试表达的底层逻辑,候选,面试底层逻辑大家都在搜,0,0,—,—,2026-07-07,—
所有面试回答的底层逻辑,候选,面试底层逻辑大家都在搜,0,0,—,—,2026-07-07,—
面试中的配得感,候选,面试配得感大家都在搜,0,0,—,—,2026-07-07,—
面试应该说什么话,候选,面试什么话该说大家都在搜,0,0,—,—,2026-07-07,—
甩锅话术怎么写,候选,甩锅话术大家都在搜,0,0,—,—,2026-07-07,—
如何避免别人甩锅,候选,甩锅话术大家都在搜,0,0,—,—,2026-07-07,—
事业编面试行为禁忌,候选,事业单位面试搜索联想,0,0,—,—,2026-07-07,—
事业单位面试自我介绍禁忌,候选,事业单位面试搜索联想,0,0,—,—,2026-07-07,—
面试王炸心态,候选,面试超绝心态大家都在搜,0,0,—,—,2026-07-07,—
面试说自己的缺点,候选,面试优缺点大家都在搜,0,0,—,—,2026-07-07,—
面试三大优点和缺点,候选,大家都在搜(面试优缺点怎么说),0,0,—,—,2026-07-09,—
面试缺点博弈论,退休,面试博弈论大家都在搜,1,0,—,0%(首投无相关内容),2026-07-07,2026-07-08
线上面试打招呼开场白,候选,线上面试话术大家都在搜,0,0,—,—,2026-07-07,—
线上面试怎么自然的看稿子,候选,线上面试话术大家都在搜,0,0,—,—,2026-07-07,—
争取线上面试话术,候选,线上面试话术大家都在搜,0,0,—,—,2026-07-07,—
职场直接表达技巧,候选,职场表达技巧大家都在搜,0,0,—,—,2026-07-07,—
英文面试攻略,候选,英文面试技巧大家都在搜,0,0,—,—,2026-07-07,—
英文面试的万能句,候选,英文面试技巧大家都在搜,0,0,—,—,2026-07-07,—
销售抗压能力怎么回答,候选,面试抗压能力大家都在搜,0,0,—,—,2026-07-07,—
职场话术模板,候选,职场表达话术大家都在搜,0,0,—,—,2026-07-07,—
利他性话术万能公式,候选,职场表达话术大家都在搜,0,0,—,—,2026-07-07,—
职场官方话术,候选,职场表达话术大家都在搜,0,0,—,—,2026-07-07,—
逻辑表达力每日一练,候选,逻辑表达力大家都在搜,0,0,—,—,2026-07-07,—
领导甩锅的幽默文案怎么写,候选,甩锅话术大家都在搜,0,0,—,—,2026-07-08,—
事业编面试哪些行为会导致不及格,候选,事业单位面试不能说什么相关搜索,0,0,—,—,2026-07-08,—
2026事业单位面试,候选,事业单位面试不能说什么相关搜索,0,0,—,—,2026-07-08,—
结构化面试不能说什么,候选,事业单位面试不能说什么相关搜索,0,0,—,—,2026-07-08,—
面试问你的性格是怎样的,候选,面试优缺点怎么说大家都在搜,0,0,—,—,2026-07-08,—
面试定薪,活跃,面试底层逻辑搜索页高热内容,3,26,"—;run4约507(6条样本:881/166/1590/106/111/187,08-05,距上次运行07-10已隔约26天)","run1_30%(5新;北美场景差异化);首投60%(10新;6XHS+4web;升级活跃);run4_10/25=40.0%(2026-08-05,再次验证长空档规律)",2026-07-10,2026-08-05
面试掌控感,退休,面试超绝心态搜索页,1,0,—,0%(首投;Web与配得感/面试心态高重叠;无独立XHS供给),2026-07-08,2026-07-08
高管自我介绍,候选,面试什么话该说搜索页,0,0,—,—,2026-07-08,—
面试信念感,候选,面试配得感大家都在搜,0,0,—,—,2026-07-08,—
面试配得感不足的表现,候选,面试配得感大家都在搜,0,0,—,—,2026-07-08,—
博弈论面试怎么答,候选,面试博弈论大家都在搜,0,0,—,—,2026-07-08,—
面试博弈论谈薪话术,候选,面试博弈论大家都在搜,0,0,—,—,2026-07-08,—
日常接话,候选,职场幽默接话大家都在搜,0,0,—,—,2026-07-08,—
高情商幽默接话,候选,职场幽默接话大家都在搜,0,0,—,—,2026-07-08,—
如何幽默接话,候选,职场幽默接话大家都在搜,0,0,—,—,2026-07-08,—
如何幽默聊天接梗,候选,职场幽默接话大家都在搜,0,0,—,—,2026-07-08,—
hr面试暗示你已经成功了,候选,面试成功的信号大家都在搜,0,0,—,—,2026-07-08,—
英文面试肢体语言技巧,候选,英文面试技巧大家都在搜,0,0,—,—,2026-07-08,—
全英文面试技巧,候选,英文面试技巧大家都在搜,0,0,—,—,2026-07-08,—
面试技巧培训,候选,面试技巧大家都在搜,0,0,—,—,2026-07-08,—
弱者表达替换表,活跃,弱者表达大家都在搜,3,15,约223(1条XHS样本:223),"run3_45.0%(9新/20抓,已过滤1条雅思词汇不相关条目;前值:run2_17%)",2026-07-12,2026-08-06
弱者气息测试,候选,弱者表达大家都在搜,0,0,—,—,2026-07-09,—
个人原因离职怎么说,候选,大家都在搜(离职原因怎么说),0,0,—,—,2026-07-09,—
面试问你有什么优势,候选,大家都在搜(面试优缺点怎么说),0,0,—,—,2026-07-09,—
薪资沟通话术,候选,薪资待遇话术大家都在搜,0,0,—,—,2026-07-09,—
争取薪资话术,候选,薪资待遇话术大家都在搜,0,0,—,—,2026-07-09,—
面试薪资话术,候选,薪资待遇话术大家都在搜,0,0,—,—,2026-07-09,—
hr问题提问刁钻,候选,hr问题大家都在搜,0,0,—,—,2026-07-09,—
结构化面试万能金句,活跃,面试什么话该说/大家都在搜(合并去重),2,run3(2026-08-15)_5/19=26.3%; 19,约2630（5条样本）,"run3(2026-08-15)_5/19=26.3% | —;07-29run1_76.0%(19新/25抓;XHS13/18+web6/7;候选首投;XHS13+web6;本轮全场最高命中率,供给以教师资格证/公务员结构化面试考公向内容为主,与corporate面试话术重叠度低但主题仍属""结构化表达""范畴;达到40%升级阈值)",2026-07-10,2026-08-15
如何面试时保持自信,候选,面试什么话该说大家都在搜,0,0,—,—,2026-07-10,—
面试的万能话术,候选,面试什么话该说大家都在搜,0,0,—,—,2026-07-10,—
面试过了怎么谈薪资,候选,面试定薪大家都在搜,0,0,—,—,2026-07-10,—
面试定薪话术范文,候选,面试定薪大家都在搜,0,0,—,—,2026-07-10,—
面试过了等定薪,候选,面试定薪大家都在搜,0,0,—,—,2026-07-10,—
定薪流程一般要走多久,候选,面试定薪大家都在搜,0,0,—,—,2026-07-10,—
怎么在面试时展示幽默,候选,面试配得感大家都在搜,0,0,—,—,2026-07-10,—
万能接话,活跃,职场幽默接话大家都在搜,2,15,约51(7条XHS样本:10/78/26/2/26/114/102),"run4_10/14≈71.4%(2026-08-07;长空档活跃复查[距07-15隔23天];截取口径,原始13/14≈92.9%;验证长空档规律持续有效); 前值:首投50%(5新/10抓;网页;蜻蜓FM高情商回话专辑+职场回复话术上篇+900句合集索引+播客100种接话技巧+口才提升宝典,与已学高情商话术簇部分重叠但角度独立,建议升级活跃)",2026-07-10,2026-08-07
个人原因离职怎么简单说,候选,离职原因怎么说大家都在搜,0,0,—,—,2026-07-10,—
离职原因回答模版,候选,离职原因怎么说大家都在搜,0,0,—,—,2026-07-10,—
面试职业规划怎么说,活跃,职业规划XHS教训,7,33,—,"run4_86.7%(13新/15抓;2026-08-08;距上次运行24天,长空档复投,本轮全场最高命中率;XHS9条[HR蕞爱听的职业规划直接抄作业4660赞/问题基础回答就不基础1.7万赞/面试被问职业规划这样回答HR直接给你涨薪660赞等]+web4条[知乎面试必问你的职业规划是什么如何完美回复/牛客职业发展规划如何回答/36氪面试时HR问你的职业规划其实是想听你这样说/向阳生涯范文]); 前值:run3_30%(3新/10抓;网页;向阳生涯范文+小白实习攻略+CSDN自我介绍职业规划薪资期望三条新增);原:run2_20%(2新/~10抓;HR职业规划真实意图解析/牛客话题合集);run3_0%(网页饱和;待XHS补)",2026-07-10,2026-08-08
如何自信表达,活跃,弱者表达大家都在搜,4,run1(2026-08-14)_4/19=21.1%; 45,约7693（4条样本）,"run1(2026-08-14)_4/19=21.1% | 0717run1_64%(13新/20抓;XHS时间排序+web1;首次发现'外刊精读体'跨账号转载现象——同一篇《如何在不自信时自信表达》被至少6个账号发布[外刊甄选77赞/精选外刊2696赞/UpMind编辑部819赞/刊刊而谈3639赞/泓博英语小剧场16赞/降噪自习室1.1万赞],同源内容点赞差异悬殊印证'点赞受账号体量污染'的假设;命中率维持高位,确认活跃地位); 原:首投90%(9新/10抓;网页;坚定自信沟通行动清单+紧张大脑空白应对法+18个说话分寸技巧+MBA10大技巧等多来源,供给充沛,建议升级活跃);07-20run1_48.9%(23新/47抓;XHS20+web3;精选外刊系列/身体语言/公开表达训练子话题密集增量,武志红心理学7924赞心理学视角样本值得关注;平均热度仅按XHS有点赞数据的20条计算,网页源3条无热度数据未计入)",2026-07-10,2026-08-14
怎么问offer进度,候选,offer博弈大家都在搜,0,0,—,—,2026-07-10,—
hr问其他面试进展,候选,offer博弈大家都在搜,0,0,—,—,2026-07-10,—
HR面试黑话,活跃,面试什么话不能说/面试潜台词搜索联想,3,20,约4454(2条XHS样本:7873/1035),"run3_41.7%(10新/24抓,原始命中23/24≈95.8%按8-12条上限截取记录;前值:run2_50%)",2026-07-12,2026-08-06
面试职业规划禁忌话题,候选,面试职业规划怎么说差异化切角,1,2,—,首投50%(2新/4抓;差异化切角),2026-07-11,2026-07-11
招聘黑话解读,退休,HR面试黑话搜索结果发现,2,7,—,"run1_0%(0新/4抓;07-13首投已收割主要来源,本轮完全饱和);原:首投70%(7新/10抓;HR视角解码体三段式-字面话术→潜台词→建议-薪资/加班/培训三类目验证)",2026-07-12,2026-07-15
弱者气息改掉方法,活跃,弱者表达替换表搜索结果发现,2,26,—,"run2_16/20=80.0%(2026-08-07;距07-14长空档24天,本轮全场最高命中率,新增含7个反内耗社交心法9.5万赞/如何戒掉身上的弱者气息4999赞/怎么改掉自己身上的弱者气息1.6万赞等16条); 前值:首投run1_67%(10新/~15抓",2026-07-12,2026-08-07
面试没通过的信号,退休,面试成功了的征兆反面视角,3,12,—,"run1_0%(0新/5抓;07-13已充分收割,本轮网页结果全部重复);原:run2_67%(6新/~9抓;双向判断体高潜)",2026-07-12,2026-07-15
AI口才训练,候选,讲话逻辑搜索页发现,1,2,—,run1_67%(2新+1已收;英语APP污染严重;建议改投职场口才训练),2026-07-12,2026-07-12
职场口才训练,活跃,如何自信表达搜索结果发现,4,"28 | run4(2026-08-12)_长空档复查(距07-19隔24天)_6/7≈85.7%(web-only因XHS未登录;新增6条含口才式演讲课程推荐/真正要练口才就这三点/如何锻炼自己的口才及表达能力/教你16种口才训练方法/管理者提升口才最好的方式练/怎样锻炼口才[均知乎],过滤1条低质转载站xueshu.com重复)",22580.6 | run4(08-12)均值—(web-only无点赞数据),"21.3%(10新/47抓;供给延续,""练出好声音""[7.1万赞]等头部账号内容拉高均值,但边际新增放缓);07-19run2_38.5%(10新/26抓;每日打卡体系列账号(小董练口才/跟着晨晨练表达)持续更新带来稳定增量) | run4(2026-08-12)_长空档复查_6/7≈85.7%(web-only,本轮全场最高命中率,验证长空档规律但需XHS复核确认真实供给强度,不单独作为升级判据因该词已是活跃)",2026-07-17,2026-08-12
面试时间很短说明什么,候选,面试没通过的信号搜索联想,0,0,—,—,2026-07-12,—
i人职场沟通,候选,脉脉高热内容发现,0,0,—,—,2026-07-12,—
如何问面试结果,候选,面试反问搜索联想,0,0,—,—,2026-07-12,—
面试情绪管理,候选,面试配得感搜索发现,1,2,—,首投10%(2新/~20抓;情绪稳定角度与面试超绝心态部分重叠;需二次验证),2026-07-13,2026-07-13
HR高质量对谈技巧,退休,面试技巧新角度发现,1,1,—,"首投5%(1新/~19抓;与run1已学""会聊才是本事""结构高重叠;命中率低)",2026-07-13,2026-07-13
讨好型人格改掉,活跃,弱者表达替换表搜索结果发现,2,24,—,"run1_18/20=90.0%(2026-08-07;长空档复查距07-13隔25天,创该词历史新高;原始命中20/20但2条[讨好型女生请疯狂做这10件事/被原生家庭伤害了咋办]因偏离职场表达主题过滤不计入); 前值:首投60%(6新/10抓;具体行为切片钩子[发消息删改10遍]优于标签直给验证)",2026-07-13,2026-08-07
HR深度追问技巧,候选,面试技巧/HR高质量对谈搜索结果发现,1,3,—,首投(网页源)30%(3新/10抓;CSDN面试官提问技巧和思路/Michael Page如何提问面试者/筑招面试官提问注意事项;与已学HR高质量对谈/HR面试黑话结构有一定重叠,未达升级线),2026-07-13
面试PREP公式模板,候选,PREP公式/面试技巧交叉发现,0,0,—,—,2026-07-14,—
求职诈骗防范(招转培招转贷),活跃,网页高频短语(面试什么话不能说搜索联想),3,本轮新增9条(XHS6+web3); 前值见历史,低(该类内容多为图文警示类无点赞数据展示),"run2_长空档复查(距07-17隔25天)_XHS6/6=100%+web3/6=50%,合计9/12=75%(2026-08-11;改用精确query'招转培 培训贷'检索,讲一下培训贷招转培/入职不成反背贷警惕招转培陷阱真实案例/福田大批招转培团伙被抓等多来源新增,验证长空档规律持续有效,五部门风险提示类通稿多平台转载)",2026-07-17,2026-08-11
DESC法则(冲突表达模型),候选,"网页高频短语(职场表达搜索联想,PREP同类框架)",0,0,—,—,2026-07-14,—
反问送命题,候选,"网页高频短语(面试反问搜索联想,一亩三分地/博客园反复出现)",0,0,—,—,2026-07-14,—
面试暗示已经通过了,活跃,网页(首投run3),3,run7(2026-08-18)_6/20=30.0%; 9,约998（6条样本）,"run7(2026-08-18)_6/20=30.0% | 08-02run4长空档活跃复查(距07-14隔19天),12.5%(1新/8抓;web;面试说等通知是不是就凉了-知乎新增1条,其余7条与07-14首投重复,长空档规律本轮未强验证,建议下次改用XHS侧补充)",2026-07-14,2026-08-18
3F倾听法,活跃,"网页(职场表达/面试技巧搜索结果高频短语,run3拓展)",3,run7(2026-08-18)_14/19=73.7%; 12,约31（14条样本）,"run7(2026-08-18)_14/19=73.7% | 08-02run4长空档活跃复查(距07-14隔19天),37.5%(3新/8抓;web;3F倾听法帮你成为职场沟通高手-搜狐/RIA学习力深度倾听3F倾听记录表-简书/思维模型如何成为倾听高手-MBA智库3条新增,验证长空档命中率回升规律)",2026-07-14,2026-08-18
结论原因建议汇报公式,活跃,"网页(职场表达/面试技巧搜索结果高频短语,run3拓展)",2,19,—(网页源无点赞数据),"run1_12/18≈66.7%(2026-08-07;长空档复查距07-14隔24天,验证长空档规律持续有效); 前值:首投run4_70%(7新/10抓;PREP/云雨伞/结论-原因-结论-措施-建议等经典汇报框架多来源,建议升级活跃)",2026-07-14,2026-08-07
行为面试法,活跃,"网页(职场表达/面试技巧搜索结果高频短语,run3拓展)",3,22,约1832(6条XHS样本:109/1573/2697/4827/1299/490),"run4_7/13≈53.8%(2026-08-07;长空档活跃复查[距07-15隔23天];综合排序未成功切换至最新导致部分为历史高热老笔记,验证长空档规律持续有效); 前值:run2_60%(6新/10抓;网页;STAR法则19例问答合集+维基百科条目+AI辅助生成面试题+简历应用指南等新增,经典长青内容持续有供给);原:首投run4_90%(9新/10抓;STAR法则经典长青内容+百科词条+实战案例多来源,建议升级活跃)",2026-07-14,2026-08-07
云雨伞汇报法(事实分析行动模型),活跃,"网页(run4拓展,来自结论原因建议汇报公式搜索结果高频短语)",2,22,"约5(13条新增样本多为图文类无点赞展示,含1条鱿鱼栽跟头5522赞已收录未计入)","run2_长空档复查(距07-15隔24天)_13/17≈76.5%(2026-08-08;13条新增,已过滤1条无关'花粉云共享雨伞'实体业务噪声;内容集中于'空雨伞/云雨伞'管理分析模型延伸至汇报/开会/电梯法则等职场表达场景,与07-15首投90%同样验证长空档规律); 前值:run1(二次投放)_90%(9新/10抓;结构化汇报""反面案例vs正面案例对比开场+金字塔/FAB/STAR/5W2H多框架合集""结构验证,供给充沛,升级活跃);原:—",2026-07-14,2026-08-08
SCQA架构(标准式/结论先行式/突出忧虑式/突出信心式),活跃,"网页高频短语(结构化表达搜索结果,知乎精讲反复出现)",3,"本轮新增10条(原始17新/20抓,按上限截取记录); 前值:12",—,"run4_长空档26天复查(改用简化关键词SCQA搜索,原候选全称SCQA架构在XHS无直接命中)_原始17/20≈85.0%,按上限截取10条计入,新增含2篇5天内新发[解读金字塔原理SCQA模/汇报开口就冷场SCQA把领导勾进来08-03新发],再次验证长空档规律持续有效,该词属知识模型科普类小众niche竞争密度低; 前值:run3_30%(3新/10抓;网页;搜狐职场表达套路SCQA架构+CSDN两篇[金字塔原理中的SCQA分析法/十大战略工具SCQA架构]三条新增,与run1[知乎系列+MBA智库]重叠度低,供给延续); 原:run3_首投90%(9新/10抓;网页;SCQA系列知乎多篇[75617984/604195255/111388037/513357600/2010536906035847740/395327225]+MBA智库百科[含ASC/CSA/QSCA三种扩展结构]+CSDN共9条新增,首次投放供给极充沛,建议升级活跃);原:—",2026-07-15,2026-08-11
自杀式回答(离职原因雷区),活跃,网页高频短语(面试什么话不能说搜索联想),2,18,"约300(12条相关新增样本多数为律师账号发布,赞藏普遍<1000)","run2_长空档复查(距07-15隔24天)_12/21≈57.1%(2026-08-08;原始19/21≈90.5%,过滤7条偏''被裁员/劝退法律谈判技巧''与核心''离职原因怎么说''主题相关性较低的条目后计入12条;律师账号大量产出'HR最爱听的离职原因'话术清单,供给持续充沛); 前值:run3_首投60%(6新/10抓;网页;知乎标准答案+CSDN两篇+博客园+半撇私塾送命题+智通直聘六条新增,建议升级活跃);原:—",2026-07-15,2026-08-08
打草稿能力(发言前准备法),活跃,"网页高频短语(如何自信表达搜索结果,人人都是产品经理);run2_无XHS(Chrome未连接)",2,本轮新增6条; 前值:3,—,"run2_6/7≈85.7%(2026-08-09;长空档复查距上次隔24天,web-only样本;XHS未登录本轮跳过;新增6条:表达能力提升训练方法/会议五分钟发言思路/练习表达能力10种方法/会议讲话技巧12篇/口才演讲技巧大全/演讲技巧讲解12篇,再次验证长空档规律但样本仅web需XHS恢复后复核); 前值:run2_75%(3新/4抓;网页;首投,人人都是产品经理""打草稿能力""原文+界面新闻/博客园职场写作演讲延伸,供给一般但相关性高);原:—",2026-07-15,2026-08-09
4-7-8呼吸法(发言紧张应对),活跃,网页高频短语(如何自信表达搜索结果反复出现);run2_无XHS(Chrome未连接),2,本轮新增2条; 前值:11,—,"run2_2/6≈33.3%(2026-08-09;长空档复查距上次隔24天;web-only,XHS未登录本轮跳过;新增:4-7-8呼吸法3步放松[搜狐]/软考考前焦虑调整指南[CSDN]); 前值:run2_92%(11新/12抓;网页;首投,百度健康/知乎/百度百科多来源验证呼吸调节法供给充沛,叠加""面试紧张缓解""角度双验证);原:—",2026-07-15,2026-08-09
金字塔原理(麦肯锡结构化写作),活跃,"网页高频短语(SCQA架构搜索结果反复关联,MBA智库/知乎多篇提及)",2,10,—,"run3_首投80%(8新/10抓;网页;知乎多篇[142681613/46584109/137379141]+CSDN两篇[qq_29986979系列/yellowzf3]+掘金金字塔原理四原则+人人都是产品经理4个角度+MBA智库金字塔原则百科共8条新增,首次投放供给充沛,建议升级活跃); run1_28.6%(2新/7抓;web;长空档复查[距07-16隔24天],健忘笔记博客+xmind博客2条新增,其余知乎/CSDN/MBA智库均为07-16已收录旧文)",2026-07-15,2026-08-09
ASC/CSA/QSCA表达变体(SCQA扩展结构),候选,"网页高频短语(SCQA架构搜索结果,MBA智库百科扩展章节)",0,0,—,—,2026-07-15,—
技术面试技巧,候选,面试技巧run1网页搜索细分角度,1,15,237,"—;07-20run1(候选首投)_30.6%(15新/49抓;XHS12+web3;AI Infra面经/System Design/大厂拷打tips等技术岗细分子话题,命中率30.6%未达40%升级阈值,标注候选(已试投),供给以海外技术岗+国内大模型Agent面试为主,建议后续可再试投一次观察稳定性",2026-07-16,2026-07-20
职场沟通模型合集,候选,职场表达run1网页搜索高频短语(PREP模型/黄金沟通法则/15个沟通模型),0,0,—,—,2026-07-16,2026-07-16
无领导小组群面技巧,活跃,网页高频短语(面试技巧-群面/无领导小组角度100%命中率),2,"本轮新增10条(原始19新/20抓,按上限截取记录); 前值:13",—,"run4_长空档26天复查_原始19/20≈95.0%创该词历史新高,按上限截取10条计入,双双验证长空档规律,该词供给充沛竞争密度低; 前值:run3_首投65%(13新/20抓;网页3条[超级简历群面通关全攻略/知乎无领导小组讨论深度攻略/CSDN群面角色分析]+小红书10条[华图教育沉浸式体验4686赞/群面四大角色踩雷vs高分2744赞/群面技巧5分钟速通2444赞等,含2条低赞新发笔记用于结构对照];Chrome本轮首次连接成功,验证该候选词小红书供给同样充沛,建议升级活跃",2026-07-16,2026-08-11
面试说错话补救技巧,活跃,网页高频短语(面试什么话不能说-说错话补救角度),4,run3(2026-08-15)_9/18=50.0%; 34,约5662（9条样本）,run3(2026-08-15)_9/18=50.0% | 07-29run2:45.8%(11新/24抓;XHS+web混合;本轮新增11条计入累计),2026-07-16,2026-08-15
无领导小组讨论模拟,活跃,"小红书""大家都在搜""(无领导小组群面技巧搜索页,2026-07-16发现)",2,14; run(08-12)新增23条(71.9%),920.0 | run(08-12)均值约1675(样本:89/43/14000/8139/432/251/124/60/35/317),"46.7%(14新/30抓;首投命中率本轮最高,角色分工/羞耻心/i人群面等情绪+身份标签角度供给充沛,建议升级活跃) | run(2026-08-12)_23/32=71.9%(长空档首次系统复查[距07-17首投隔26天],综合排序+知乎+web混合;命中率远超40%阈值验证长空档规律,新增含无领导小组—答题话术14000赞/京东无领导群面自由讨论回放8139赞及知乎无领导小组讨论技巧汇编等3篇,与既有活跃词'无领导小组群面技巧'角度高度相关但覆盖不同笔记池,注意后续选题需与该词二选一避免重复投放)",2026-07-17,2026-08-12
群面一般会留下几个人,活跃,"小红书""大家都在搜""(无领导小组群面技巧搜索页)",4,28,约1743(1条3487拉高),"0%确认(0新链接/约40抓;本轮综合排序下未见近期发布节点,判断已趋近饱和;发现1条《这三个情况说明在国企面试中你是凑人头》[425赞]疑似新但未取得详情页链接,建议下轮改用最新排序并优先补采链接) | 08-18run6_3/7=42.9%(过滤4条大厂具体面经,相关性中等)",2026-07-16,2026-08-18
面试高频题型,活跃,面试技巧run1网页搜索细分角度(2026-07-16发现),2,11; run(08-12)新增8条(29.6%),1809.0 | run(08-12)均值约2046(样本:11000/32/918/29/37/263/—/—),"24.4%(11新/45抓;首投,AI岗位面试题[产品经理/Agent]为本轮细分新角度,行为面试BQ话题延续,建议升级活跃) | run(2026-08-12)_8/27=29.6%(长空档复查[距07-17隔26天],综合排序;新增得到CEO脱不花面试一个人这4个就够了918赞/外贸口语面试最全的高频问答等,过滤多条技术向内容[2026大模型Agent面试全攻略/System Design/AI Engineer面试/LeetCode高频题]因偏离职场表达与面试沟通主题不予收录)",2026-07-17,2026-08-12
结构化面试答题框架,活跃,"小红书""大家都在搜""(面试什么话该说/面试什么话不能说/面试高频题型三个搜索页反复出现同一""结构化面试""标签簇)",3,"23; 本轮新增4条(4/6≈66.7%,web-only)",2315 | run(08-12)均值—(web-only无点赞数据),"07-18run1_20.7%(6新/29抓;活跃复查) | run(2026-08-12)_4/6≈66.7%(长空档复查,距07-18隔25天;web-only因XHS未登录;新增公务员考试结构化面试内容及技巧/公务员事业单位结构化面试经验分享/公务员考试结构化面试万能模板/公务员事业编结构化面试万能模板共4条知乎,过滤2条重复[结构化面试题型都考啥/结构化面试之题型答题思维及破题];供给集中在公考/事业编场景,纯职场向内容仍稀薄,与run3(08-11)对""结构化表达""语义漂移的判断一致)",2026-07-17,2026-08-12
无领导小组真题库,候选,"小红书""大家都在搜""(无领导小组讨论模拟搜索页-""无领导小组真题""""无领导小组模拟题库""标签)",0,0,—,—,2026-07-17,—
面试自我介绍不能透露个人信息,候选,小红书相关搜索[面试技巧/简单大气的自我介绍],0,0,—,"—(今日新发现,待首投)",2026-07-17,—
面试时怎么说自己的优缺点,候选,小红书相关搜索[面试什么话不能说],0,0,—,"—(今日新发现,待首投)",2026-07-17,2026-07-17
简短大方自我介绍金句,候选,小红书相关搜索[简单大气的自我介绍],0,0,—,"—(今日新发现,待首投)",2026-07-17,2026-07-17
职场表达能力训练,候选,小红书相关搜索[职场表达],1,3,—,"—(今日新发现,待首投);首投run1_10.3%(3新/29抓;与职场表达/自我介绍/接话簇约60%重叠,供给一般,未达40%升级阈值,保留候选继续观察",2026-07-17,2026-07-18
职业规划怎么写,候选,小红书相关搜索[职业规划],0,0,—,"—(今日新发现,待首投)",2026-07-17,2026-07-17
面试礼仪,活跃,小红书相关搜索[面试技巧],3,"19 | run4(2026-08-12)_长空档复查(距07-18隔25天)_6/9≈66.7%(web-only因XHS未登录;新增6条含面试指导之面试礼仪/面试礼仪知多少/如何应对面试官9大疑问/经历过那么多次面试你注意过这些礼仪吗/面试礼仪DosDonts[均知乎]+面试礼仪重要的四个核心原则[中公网校],过滤3条与前序重复及2条低相关机构官网页[重庆大学/上海高金MBA])",1805 | run4(08-12)均值—(web-only无点赞数据),"07-18run1_17.9%(5新/28抓;活跃复查) | run4(2026-08-12)_长空档复查_6/9≈66.7%(web-only,验证长空档规律但样本无点赞数据待XHS复核确认真实供给强度)",2026-07-17,2026-08-12
结构化面试100题,活跃,"小红书""大家都在搜""(结构化面试答题框架搜索页)",3,"27 | run3(2026-08-13)长空档复查(距07-19隔25天)新增15条(15/20=75.0%,公考/教师/医疗/护士等垂类账号持续密集更新)",2650 | run3约14(本轮10条有效样本:6/11/20/3/7/3/1/2/2/82),"07-18run1_40.0%(12新/30抓;候选首投,内容质量筛选后收录);07-19run2_60.0%(15新/25抓;公考/事业编垂类账号密集更新,本轮命中率60%创该词新高,供给远未饱和) | run3(2026-08-13)_15/20=75.0%(创该词历史新高,长空档规律强力验证)",2026-07-17,2026-08-13
面试头发怎么扎,候选,"小红书""大家都在搜""(面试礼仪搜索页)",0,0,—,"—(今日新发现,待首投)",2026-07-17,2026-07-17
不背锅的文案,候选,"小红书""大家都在搜""(甩锅话术搜索页)",0,0,—,"—(今日新发现,待首投)",2026-07-17,2026-07-17
hr透露面试问题,候选,"小红书""大家都在搜""(面试什么话不能说搜索页)",0,0,—,"—(今日新发现,待首投)",2026-07-17,2026-07-17
结构化面试对练,候选,"小红书""大家都在搜""(结构化面试答题框架搜索页)",0,0,—,"—(今日新发现,待首投)",2026-07-17,2026-07-17
国企面试礼仪,候选,"小红书""大家都在搜""(面试礼仪搜索页)",0,0,—,"—(今日新发现,待首投)",2026-07-17,2026-07-17
职场情绪价值,候选,XHS筛选标签-职场表达搜索页-2026-07-17,0,0,—,—,2026-07-17,—
AI面试,活跃,XHS'面试技巧'搜索页高频子话题[大模型Agent面试/Agent面试葵花宝典/AI Agent常见面试题]-2026-07-17,2,"11 | run2(2026-08-13)长空档复查(距07-18隔26天)新增11条(11/20≈55.0%,已过滤3.5小时学完Agent项目/AI产品面试现场/AIGC设计岗位面试问题分析/AI应用工程师面试等技术向岗位面经噪声)",1293 | run2约20(本轮9条有效样本:1/2/47/5/73/14/1/3/37),"07-18run1_39.3%(11新/28抓;候选首投,内容质量筛选后收录) | run2(2026-08-13)_11/20≈55.0%(长空档规律再次验证,26天空档命中率仍高)",2026-07-17,2026-08-13
考公面试技巧,候选,XHS'如何自信表达'搜索页-2026-07-17,0,0,—,—,2026-07-17,—
脱稿表达,候选,XHS'如何自信表达'搜索页[坚持100天不再畏惧脱稿表达]-2026-07-17,0,0,—,—,2026-07-17,—
ai模拟面试工具,候选,"小红书""大家都在搜""(AI面试搜索页,合并ai模拟面试/ai面试助手/ai面试工具三个相近说法)",0,0,—,"—(今日新发现,待首投)",2026-07-18,—
结构化面试礼仪,候选,"小红书""大家都在搜""(面试礼仪搜索页)",0,0,—,"—(今日新发现,待首投)",2026-07-18,—
面试时的肢体动作,候选,"小红书""大家都在搜""(面试礼仪搜索页)",0,0,—,"—(今日新发现,待首投)",2026-07-18,—
面试进屋礼仪,候选,"小红书""大家都在搜""(面试礼仪搜索页)",0,0,—,"—(今日新发现,待首投)",2026-07-18,—
面试怎么积累素材,候选,"小红书""大家都在搜""(面试什么话该说搜索页)",0,0,—,"—(今日新发现,待首投)",2026-07-18,—
反应慢不会接话怎么办,活跃,"小红书""职场表达""搜索页高赞笔记标题衍生(反应慢、不会聊天接话的人一定要看这期视频10.6万赞)",2,run(2026-08-13)新增8条(8/15≈53.3%); 12,"约185(7条样本:543/16/283/13/144/113,另1条评论区来源笔记5465赞) | —","run(2026-08-13)_8/15≈53.3%(长空档复查,距07-18隔26天;新增为什么别人一眼看出你工作能力差543赞/改善木讷呆滞嘴笨反应慢的有效办法283赞/嘴笨反应慢说话没逻辑怎么提高瞬时反应144赞等,再次验证长空档规律;另评论区原话采样1条来自高赞笔记[怎么看出来一个人工作能力差的]5465赞) | —(今日新发现,待首投);首投run1_40%(12新/30抓;XHS10+web2;嘴笨接话/瞬时反应/沟通力模型等多子赛道供给充沛,升级活跃",2026-07-18,2026-08-13
线上面试穿什么衣服,候选,"小红书""大家都在搜""(视频面试技巧搜索页)",0,0,—,"—(今日新发现,待首投)",2026-07-18,2026-07-18
视频面试常见问题,候选,"小红书""大家都在搜""(视频面试技巧搜索页)",0,0,—,"—(今日新发现,待首投)",2026-07-18,2026-07-18
工作中说错话了怎么补救,候选,"小红书""大家都在搜""(面试说错话补救技巧搜索页,泛化为职场场景不限于面试)",0,0,—,"—(今日新发现,待首投)",2026-07-18,2026-07-18
字节群面一般会留下几个人,候选,"小红书""大家都在搜""(群面一般会留下几个人搜索页,大厂品牌细分角度)",0,0,—,"—(今日新发现,待首投)",2026-07-18,2026-07-18
反应慢没情商咋办,候选,"小红书""大家都在搜""(反应慢不会接话怎么办搜索页,情商归因角度)",0,0,—,"—(今日新发现,待首投)",2026-07-18,2026-07-18
结构化表达三步法,活跃,"小红书""大家都在搜""(职场表达能力训练搜索页,具体方法论角度)",2,run(2026-08-13)新增7条(7/11≈63.6%); 12,约9(7条样本:9/2/20/8/15/4/4) | —,"run(2026-08-13)_7/11≈63.6%(长空档复查,距07-18隔26天;新增花14天建立起表达系统9赞/高手即兴发言三步法20赞/表达提升如何解构化表达三步亲测有效15赞等,再次验证长空档规律) | —(今日新发现,待首投);首投run3_26.7%(12新/45抓;XHS10+web2;说话逻辑/结构化思考/汇报模板等子话题供给充沛,达到升级阈值",2026-07-18,2026-08-13
职场常用语,候选,"小红书""大家都在搜""(职场表达搜索页)",0,0,—,"—(今日新发现,待首投)",2026-07-18,2026-07-18
面试时不该说的词,候选,"小红书""大家都在搜""(面试什么话不能说搜索页,语言细节角度)",0,0,—,"—(今日新发现,待首投)",2026-07-18,2026-07-18
面试反杀hr,活跃,"小红书""面试潜台词""搜索页""大家都在搜""",4,39,约2400(2951/5932为高值拉动),run1(2026-08-15)_4/9=44.4%; 07-29run2:33.3%(8新/24抓;XHS+web混合;本轮新增8条计入累计),2026-07-18,2026-08-15
结构化面试三步破题法,活跃,"小红书""结构化表达三步法""搜索页""大家都在搜""",2,run4(2026-08-13)新增19条(19/20=95.0%); 16,"约10075(19条样本,含11.7万/1.9万/1.5万×2拉高) | 前值见历史","run4(2026-08-13,同日第4轮)_19/20=95.0%(长空档活跃复查(距07-19隔25天,综合排序);命中率95.0%创该词历史新高,再次强力验证长空档规律;新增考官想听的万能开头模板破7916赞/MECE重建你的语言逻辑1.9万赞/结构化面试5类题型答题模板1.5万赞等;相关搜索收割10个新词) | 前值:—(今日新发现,待首投;体制内结构化面试方法论细分,与已收录""结构化面试答题框架""互补);07-19run2_66.7%(16新/24抓;候选二投,命中率66.7%,与结构化面试100题供给高度重叠但独立话术角度仍有增量,建议升级活跃)",2026-07-18,2026-08-13
三面hr面一般会问什么,候选,"小红书""hr问题""搜索页""大家都在搜""",0,0,—,"—(今日新发现,待首投;大厂多轮面试阶段细分角度)",2026-07-18,—
离职证明原因,候选,"小红书""离职原因怎么说""搜索页""大家都在搜""",0,0,—,"—(今日新发现,待首投;书面文书场景,与话术类""怎么说""形成口头vs书面互补)",2026-07-18,2026-07-18
面试成功信号,候选,"小红书""面试潜台词""搜索页""大家都在搜""",0,0,—,"—(今日新发现,待首投;暗示识别角度,与已收录""面试官想录用你的表现""存在一定重叠待观察)",2026-07-18,2026-07-18
面试被hr阴阳怪气,活跃,"小红书""面试反杀hr""搜索页""大家都在搜""(合并面试被hr阴阳了怎么办/面试的hr阴阳怪气两个相近变体)",2,7; run3(08-13)新增12条,"约2648(7条有效样本:811/255/1.5万/1977/165/152/178,5条无点赞数据) | 前值见历史","run3(2026-08-13)_长空档活跃复查(距07-19隔25天,本周期距上次运行第二长)_12/20=60.0%(XHS已登录真实数据,本轮全场最高;新增投简历时被HR阴阳到笑不出来/如何礼貌阴阳男hr留子和国内hr沟通被创飞/救命面试总踩坑没懂HR这些话背1.5万赞/5句话反杀阴阳你的人等,长空档规律再次验证) | 前值:—(今日新发现,待首投;与已收录""面试反杀hr""形成整体反制vs具体阴阳话术应对的细分角度);候选首投,命中率63.6%(7新/11抓;XHS7+web0),达到升级阈值,升活跃(候选首投升级-2026-07-19);供给以""阴阳怪气应对/",2026-07-18,2026-08-13
面试遇到奇葩hr经历,候选,"小红书""面试反杀hr""搜索页""大家都在搜""(合并面试到离谱的hr/面试中遇到奇葩hr/面试被hr淘汰的雷区三个变体)",0,0,—,"—(今日新发现,待首投;吐槽故事体角度,与面试反杀hr的话术攻略体形成体裁互补)",2026-07-18,2026-07-18
面试要说的话,候选,"小红书""面试什么话该说""搜索页""大家都在搜""",0,0,—,"—(今日新发现,待首投;与种子""面试什么话该说""高度相似的短语变体,待观察增量空间)",2026-07-19,2026-07-19
面试时不能说的句子,候选,"小红书""面试什么话不能说""搜索页""大家都在搜""",0,0,—,"—(今日新发现,待首投;聚焦具体句子/语言细节而非整体话题禁忌)",2026-07-19,2026-07-19
面试反杀面试官,活跃,"小红书""面试反杀hr""搜索页""大家都在搜""",2,19; run3(08-13)新增10条,约7640(10条样本:4.4万/8307/7215/533/5893/2741/3702/2617/2365/23) | 前值见历史,"run3(2026-08-13)_长空档活跃复查(距07-19隔25天,本周期距上次运行最长)_10/33≈30.3%(XHS已登录真实数据;新增压力面试是你甩开对手的好机会4.4万赞/用AI面试作弊拿到亚马逊offer8307赞/怎么让面试官对你增加好感7215赞等,再次验证长空档规律优于同日反复复查) | 前值:—(今日新发现,待首投;与已收录""面试反杀hr""形成目标对象hr vs面试官的细分角度);07-19run2_70.4%(19新/27抓;候选二投,命中率70.4%全场最高,供给极充沛,建议升级活跃并提高复查频次)",2026-07-19,2026-08-13
面试遇到了恶心的hr怎么办,活跃,"小红书""面试反杀hr""搜索页""大家都在搜""",2,24,—,"首投88.5%(23新/26抓);08-03run3_1/19≈5.3%(活跃复查,供给明显收窄)",2026-07-19,2026-08-03
不去面试了怎么和hr说,候选,"小红书""面试被hr阴阳怪气""搜索页""大家都在搜""",0,0,—,"—(今日新发现,待首投;拒绝/推脱场景话术,与职场表达系词簇形成场景互补)",2026-07-19,2026-07-19
职场中高情商话术,候选,"小红书""职场生存法则话术""搜索页""大家都在搜""",0,0,—,"—(今日新发现,待首投;与已收录""高情商表达""""弱者表达""等词存在一定重叠,待观察差异化空间)",2026-07-19,2026-07-19
职场礼貌话术,候选,"小红书""职场生存法则话术""搜索页""大家都在搜""",0,0,—,"—(今日新发现,待首投;礼貌用语细分角度)",2026-07-19,2026-07-19
面试破题技巧,候选,XHS大家都在搜/相关搜索(2026-07-19run2),1,5,,"run4,5/22=22.7%;run4首投,XHS首页0新增(与面试技巧/面试反问等簇高重叠);web侧改查'结构化面试破题思路'命中5条公考类新网页,web源表现明显优于XHS",2026-07-19,2026-07-31
反套路面试,活跃,XHS大家都在搜/相关搜索(2026-07-19run2),2,run2(2026-08-14)_2/18=11.1%; 20,约1526（2条样本）,"run2(2026-08-14)_2/18=11.1% | 候选首投,命中率40.0%(20新/50抓,经相关性过滤剔除1条日本创意广告噪声后计入;XHS11+web9;压力面套路拆解/国考面试反套路/程序员面试十大套路/HR视角自我介绍套路识别/AIGC面试作弊等多元来源,首投达到40%升级阈值,升活跃(候选首投升级-2026-07-20);与已收录""""面试反问""""""""面试反杀hr""""形成识别套路→反问反制→整体反杀的三层递进关系,内容有差异化但同属""""面试反X""""流量簇,不建议三词同日投放;网页侧国考/程序员垂直角度贡献显著(9条web新增中占多数)",2026-07-19,2026-08-14
面试反杀技巧,退休,XHS大家都在搜/相关搜索(2026-07-19run2),1,run1(2026-08-14)_0/20=0.0%; 0,,run1(2026-08-14)_0/20=0.0% | ,2026-07-19,2026-08-14
职场口才训练方法,候选,XHS大家都在搜/相关搜索(2026-07-19run2),1,3,,"run4,3/25=12.0%;run4首投,XHS新增3条(如何成为一个逻辑清晰的人2002赞本轮最高/说话磕磕巴巴没观点新闻评述打卡体185赞/恐怖的表达力是这么练成的393赞);web未单独查(与职场表达查询重叠)",2026-07-19,2026-07-31
综合分析题如何破题,候选,XHS大家都在搜/相关搜索(2026-07-19run2),1,run1(2026-08-14)_5/18=27.8%; 0,约1762（5条样本）,run1(2026-08-14)_5/18=27.8% | ,2026-07-19,2026-08-14
面试注意什么,退休,XHS大家都在搜/相关搜索(2026-07-19run2),1,run2(2026-08-14)_0/19=0.0%; 0,,run2(2026-08-14)_0/19=0.0% | ,2026-07-19,2026-08-14
面试自我介绍技巧,候选,XHS大家都在搜/相关搜索(2026-07-19run2),1,5,,"首投17.9%(5新/28抓;XHS24+web4);与已收录""简单大气的自我介绍""""自我介绍万能公式""""社招面试自我介绍""等自我介绍词簇重叠约80%,未达40%升级阈值,不建议短期内优先投放",2026-07-19,2026-07-19
面试被面试官嘲讽了,活跃,XHS大家都在搜/相关搜索(2026-07-19run2),1,run2(2026-08-14)_10/17=58.8%; 0,约706（10条样本）,run2(2026-08-14)_10/17=58.8% | ,2026-07-19,2026-08-14
hr骚扰怎么处理,候选,面试遇到了恶心的hr怎么办-大家都在搜,0,0,—,"—(2026-07-19新发现,待首投;职场骚扰应对角度,与面试遇到了恶心的hr怎么办存在部分重叠但聚焦""骚扰""这一更严重情形,酌情观察相关性)",2026-07-19,2026-07-19
面试后hr问面试感觉怎么样,候选,面试遇到了恶心的hr怎么办-大家都在搜,0,0,—,"—(2026-07-19新发现,待首投;面试结束后的回访话术场景,与面试话术类词簇互补)",2026-07-19,2026-07-19
情景模拟面试,活跃,"小红书""技术面试技巧""筛选标签",1,run3(2026-08-14)_12/20=60.0%; 0,约11452（12条样本）,run3(2026-08-14)_12/20=60.0% | ,2026-07-20,2026-08-14
如何进行技术面试,活跃,"小红书""技术面试技巧""大家都在搜",1,run3(2026-08-14)_11/19=57.9%; 0,约8148（11条样本）,run3(2026-08-14)_11/19=57.9% | ,2026-07-20,2026-08-14
校招面试问题及回答技巧,候选,"小红书""大家都在搜""(面试必问问题搜索页)",0,0,—,"—(今日新发现,待首投;校园招聘细分角度,与面试必问问题形成场景补充)",2026-07-20,—
hr终面一般问什么,候选,大家都在搜(hr问题页签),0,0,—,—,2026-07-20,—
职场高情商表达,活跃,大家都在搜(职场表达页签),1,13,"约1750(13条样本均值,含1.2万高热接话样本拉高)","候选首投13/20=65.0%(2026-08-05run3,远超40%阈值升级活跃;与既有活跃词职场幽默接话/高情商自我介绍/高情商职场应对话术接话簇约60%重叠需后续选题去重;与下方637行为同名重复候选,已合并数据)",2026-07-20,2026-08-05
不能参加面试怎么说,活跃,"源自""面试什么话不能说""页签""大家都在搜""",2,18,—,"07-29run2:90.0%(18新/20抓,首投);08-03run3_0/19=0%(深度饱和,最新笔记距今6天,非连续3次低位暂不退休)",2026-07-29,2026-08-03
终面稳了的征兆,候选,"源自""面试成功的信号""页签""大家都在搜""",1,8,—,07-29run2:28.6%(8新/28抓;XHS+web混合;本轮新增8条计入累计),2026-07-29,2026-07-29
半结构化面试万能模板,候选,"源自""结构化面试万能金句""页签""相关搜索""",0,0,—,,2026-07-29,—
面试社会现象题万能模板,候选,"源自""结构化面试万能金句""页签""相关搜索""",0,0,—,,2026-07-29,—
面试话术,候选,XHS大家都在搜/相关搜索(2026-07-29run2),0,0,,,2026-07-29,—
职场中的表达,候选,XHS大家都在搜/相关搜索(2026-07-29run2),0,0,,,2026-07-29,—
职场术语表达,候选,XHS大家都在搜/相关搜索(2026-07-29run2),0,0,,,2026-07-29,—
面试的话语,候选,XHS大家都在搜/相关搜索(2026-07-29run2),0,0,,,2026-07-29,—
面试要靠说,候选,XHS大家都在搜/相关搜索(2026-07-29run2),0,0,,,2026-07-29,—
面试禁忌,候选,XHS大家都在搜/相关搜索(2026-07-29run2),0,0,,,2026-07-29,—
hr面试被反杀怎么办,候选,XHS大家都在搜/相关搜索(2026-07-29run2),0,0,,,2026-07-29,—
面试反杀hr的问题,候选,XHS大家都在搜/相关搜索(2026-07-29run2),0,0,,,2026-07-29,—
面试反杀hr的瞬间,候选,XHS大家都在搜/相关搜索(2026-07-29run2),0,0,,,2026-07-29,—
面试的hr阴阳怪气,候选,XHS大家都在搜/相关搜索(2026-07-29run2),0,0,,,2026-07-29,—
面试开口被hr淘汰的话,候选,XHS大家都在搜/相关搜索(2026-07-29run2),0,0,,,2026-07-29,—
面试时被hr讽刺怎么办,候选,XHS大家都在搜/相关搜索(2026-07-29run2),0,0,,,2026-07-29,—
面试反杀hr的四问,候选,XHS大家都在搜/相关搜索(2026-07-29run2),0,0,,,2026-07-29,—
面试被内推的人干掉,候选,XHS大家都在搜/相关搜索(2026-07-29run2),0,0,,,2026-07-29,—
面试说错话了能过吗,候选,XHS大家都在搜/相关搜索(2026-07-29run2),0,0,,,2026-07-29,—
面试感觉自己说错了怎么办,候选,XHS大家都在搜/相关搜索(2026-07-29run2),0,0,,,2026-07-29,—
和hr聊天说错话了怎么补救,候选,XHS大家都在搜/相关搜索(2026-07-29run2),0,0,,,2026-07-29,—
面试过程中说错了怎么办,候选,XHS大家都在搜/相关搜索(2026-07-29run2),0,0,,,2026-07-29,—
面试的时候感觉说错话了,候选,XHS大家都在搜/相关搜索(2026-07-29run2),0,0,,,2026-07-29,—
面试不小心说错话,候选,XHS大家都在搜/相关搜索(2026-07-29run2),0,0,,,2026-07-29,—
面试之后加了微信怎么说,候选,XHS大家都在搜/相关搜索(2026-07-29run2),0,0,,,2026-07-29,—
高管终面,候选,XHS大家都在搜/相关搜索(2026-07-29run2),0,0,,,2026-07-29,—
终面一般会进几个人,候选,XHS大家都在搜/相关搜索(2026-07-29run2),0,0,,,2026-07-29,—
终面通过率,候选,XHS大家都在搜/相关搜索(2026-07-29run2),0,0,,,2026-07-29,—
日本终面合格征兆,候选,XHS大家都在搜/相关搜索(2026-07-29run2),0,0,,,2026-07-29,—
终面过了的征兆,候选,XHS大家都在搜/相关搜索(2026-07-29run2),0,0,,,2026-07-29,—
什么情况暗示你面试过了,候选,XHS大家都在搜/相关搜索(2026-07-29run2),0,0,,,2026-07-29,—
一面面试通过的征兆,候选,XHS大家都在搜/相关搜索(2026-07-29run2),0,0,,,2026-07-29,—
婉拒话术,候选,XHS大家都在搜/相关搜索(2026-07-29run2),0,0,,,2026-07-29,—
礼貌拒绝,候选,XHS大家都在搜/相关搜索(2026-07-29run2),0,0,,,2026-07-29,—
不参加面试怎么措辞,候选,XHS大家都在搜/相关搜索(2026-07-29run2),0,0,,,2026-07-29,—
不参加面试话术,候选,XHS大家都在搜/相关搜索(2026-07-29run2),0,0,,,2026-07-29,—
约了面试临时不想去怎么说,候选,XHS大家都在搜/相关搜索(2026-07-29run2),0,0,,,2026-07-29,—
不想参加线上面试了怎么说,候选,XHS大家都在搜/相关搜索(2026-07-29run2),0,0,,,2026-07-29,—
面试不参加了怎么说,候选,XHS大家都在搜/相关搜索(2026-07-29run2),0,0,,,2026-07-29,—
无法参加面试怎么说,候选,XHS大家都在搜/相关搜索(2026-07-29run2),0,0,,,2026-07-29,—
有事情不能去面试怎么说,候选,XHS大家都在搜/相关搜索(2026-07-29run2),0,0,,,2026-07-29,—
拒绝别人的面试怎么回答,候选,XHS大家都在搜/相关搜索(2026-07-29run2),0,0,,,2026-07-29,—
金字塔原理表达技巧,候选,XHS大家都在搜/相关搜索(2026-07-29run3),0,0,,,2026-07-29,—
金字塔结构表达话术,候选,XHS大家都在搜/相关搜索(2026-07-29run3),0,0,,,2026-07-29,—
金字塔原理解决问题的逻辑,候选,XHS大家都在搜/相关搜索(2026-07-29run3),0,0,,,2026-07-29,—
金字塔原理向上汇报,候选,XHS大家都在搜/相关搜索(2026-07-29run3),0,0,,,2026-07-29,—
吸引人的个人简介,候选,XHS大家都在搜/相关搜索(2026-07-29run3),0,0,,,2026-07-29,—
高级表达自我介绍,候选,XHS大家都在搜/相关搜索(2026-07-29run3),0,0,,,2026-07-29,—
幽默吸引人的自我介绍,候选,XHS大家都在搜/相关搜索(2026-07-29run3),0,0,,,2026-07-29,—
一分钟创意自我介绍,候选,XHS大家都在搜/相关搜索(2026-07-29run3),0,0,,,2026-07-29,—
怎样的自我介绍更吸引人,候选,XHS大家都在搜/相关搜索(2026-07-29run3),0,0,,,2026-07-29,—
高情商表达话术,候选,XHS大家都在搜/相关搜索(2026-07-29run3),0,0,,,2026-07-29,—
高情商语言表达,候选,XHS大家都在搜/相关搜索(2026-07-29run3),0,0,,,2026-07-29,—
夸人的高情商话术,候选,XHS大家都在搜/相关搜索(2026-07-29run3),0,0,,,2026-07-29,—
结构化面试万能开头,候选,XHS大家都在搜/相关搜索(2026-07-29run3),0,0,,,2026-07-29,—
面试对策类万能模板,候选,XHS大家都在搜/相关搜索(2026-07-29run3),0,0,,,2026-07-29,—
表达逻辑万能公式,候选,XHS大家都在搜/相关搜索(2026-07-29run3),0,0,,,2026-07-29,—
工作中的沟通技巧,候选,XHS大家都在搜/相关搜索(2026-07-29run3),0,0,,,2026-07-29,—
职场高频表达,候选,XHS大家都在搜/相关搜索(2026-07-29run3),0,0,,,2026-07-29,—
面试都说些什么,候选,XHS大家都在搜/相关搜索(2026-07-29run3),0,0,,,2026-07-29,—
如何回答面试官的问题,候选,XHS大家都在搜/相关搜索(2026-07-29run3),1,2,,"07-29run4:22.2%(2新/9抓;XHS+web混合;首投,与既有面试技巧/面试什么话该说簇约70%重叠,建议轮换或退休观察)",2026-07-29,2026-07-29
面试自我评价怎么说得体,活跃,XHS筛选标签/网页高频,2,18,约340(1287/901/2233领涨),"run1(2026-08-15)_2/7=28.6%; 07-29run4:51.6%(16新/31抓;XHS12+web4;首投远超40%升级阈值,自我评价/优缺点子话题供给充沛,建议升级活跃)",2026-07-29,2026-08-15
面试自我评价该怎么写,候选,XHS大家都在搜/相关搜索(2026-07-29run4),0,0,,,2026-07-29,—
面试怎么写自我评价,候选,XHS大家都在搜/相关搜索(2026-07-29run4),0,0,,,2026-07-29,—
hr压工资谈薪技巧,候选,XHS大家都在搜/相关搜索(2026-07-29run4),0,0,,,2026-07-29,—
hr给薪资后还能谈吗,候选,XHS大家都在搜/相关搜索(2026-07-29run4),0,0,,,2026-07-29,—
hr只说了薪资范围怎么回,活跃,XHS大家都在搜/网页高频,2,31,约2400,"08-16run2:8/20=40.0%;距07-30隔17天长空档复查,HR压价/期望薪资回应场景仍有增量",2026-07-29,2026-08-16
面试通过人事压薪资话术,候选,XHS大家都在搜/相关搜索(2026-07-29run4),0,0,,,2026-07-29,—
面试没离职该不该说真话,活跃,XHS大家都在搜/网页高频,2,2026-08-16run1_11/20=55.0%,约8000(HR最想听的8个离职原因5万领涨),"2026-08-16run1:55.0%(11新/20抓) | 07-30run1:77.8%(21新/27抓;XHS20+web1;候选首投，远超40%升级阈值，升级为活跃；供给聚焦""在职/离职身份坦白""具体场景，与既有种子""面试什么话不能说""重叠度经抽查低于此前""如何回答面试官的问题""案例，判断为差",2026-07-29,2026-08-16
面试自我介绍需要说每段经历吗,候选,XHS大家都在搜/相关搜索(2026-07-29run4),0,0,,,2026-07-29,—
interview必问问题,候选,XHS大家都在搜/相关搜索(2026-07-29run4),0,0,,,2026-07-29,—
面试官常见问题及回答技巧,候选,XHS大家都在搜/相关搜索(2026-07-29run4),0,0,,,2026-07-29,—
谈薪需要关注的问题,候选,XHS大家都在搜/相关搜索(2026-07-29run4),0,0,,,2026-07-29,—
面试到底要说什么,候选,XHS大家都在搜/相关搜索(2026-07-29run4),0,0,,,2026-07-29,—
职场三明治拒绝法,候选,"XHS筛选标签(2026-07-30run1,三明治拒绝法页签)",0,0,,,2026-07-30,—
麦肯锡工作法介绍,候选,"XHS大家都在搜(2026-07-30run1,麦肯锡表达页签)",0,0,,,2026-07-30,—
hr问你上一份工作的薪资怎么回答,活跃,"XHS大家都在搜(2026-07-30run1,hr只说了薪资范围怎么回页签)",2,run3(2026-08-16)_16/20=80.0%; 17,约14467（16条样本）,run3(2026-08-16)_16/20=80.0% | 07-30run2:63.0%(17新/27抓;XHS10+web7;候选首投，远超40%升级阈值，升级为活跃(候选首投升级-2026-07-30run2)；网页侧本轮贡献7条新源(nowcoder/163/mbalib/51job/CSDN/知乎x2)，为本轮全场web命中率最高的词，供给以'如何应对HR追问上一份薪资'话术分析为主,2026-07-30,2026-08-16
面试过了期望薪资说低了怎么和hr谈,候选,"XHS大家都在搜(2026-07-30run1,hr只说了薪资范围怎么回页签)",0,0,,,2026-07-30,—
离职面试问题及回答技巧,活跃,"XHS相关搜索(2026-07-30run1,面试没离职该不该说真话页签)",2,run3(2026-08-16)_0/19=0.0%; 11,,run3(2026-08-16)_0/19=0.0% | 07-30run2:50.0%(11新/22抓;XHS10+web1;候选首投，远超40%升级阈值，升级为活跃(候选首投升级-2026-07-30run2)；本轮全场最高热样本'空窗期一年，这套回答思路很有参考价值'(1108赞)聚焦空窗期这一细分场景，与既有'离职原因怎么说'类词形成场景互补,2026-07-30,2026-08-16
hr问上一份薪资多少怎么回答,候选,"XHS大家都在搜(2026-07-30run2,hr问你上一份工作的薪资怎么回答页签)",0,0,,,2026-07-30,—
hr接受的离职原因,候选,"XHS大家都在搜(2026-07-30run2,离职面试问题及回答技巧页签)",0,0,,,2026-07-30,—
身体原因离职面试怎么回答,候选,"XHS相关搜索(2026-07-30run2,离职面试问题及回答技巧页签)",0,0,,,2026-07-30,—
职场高情商回应模板,候选,"XHS大家都在搜(2026-07-30run2,职场高情商接话模板页签)",0,0,,,2026-07-30,—
职场回话,候选,"XHS大家都在搜(2026-07-30run2,职场高情商接话模板页签)",0,0,,,2026-07-30,—
电话面试的自我介绍,候选,"XHS大家都在搜(2026-07-30run2,面试什么话该说页签)",0,0,,,2026-07-30,—
聊天万能回复模板,候选,"XHS大家都在搜(2026-07-30run2,职场高情商接话模板页签)",0,0,,,2026-07-30,—
高情商话术每日一练,候选,"XHS大家都在搜(2026-07-30run2,职场高情商接话模板页签)",0,0,,,2026-07-30,—
见习岗面试自我介绍,候选,XHS大家都在搜(2026-07-30run3),0,0,,,2026-07-30,—
有效的沟通技巧,候选,XHS大家都在搜(2026-07-30run3),0,0,,,2026-07-30,—
日常沟通话术,候选,XHS大家都在搜(2026-07-30run3),0,0,,,2026-07-30,—
引导式聊天话术,候选,XHS大家都在搜(2026-07-30run3),0,0,,,2026-07-30,—
礼貌拒绝工作的话术,候选,XHS大家都在搜(2026-07-30run3),0,0,,,2026-07-30,—
拒绝跨部门安排的工作,候选,XHS大家都在搜(2026-07-30run3),0,0,,,2026-07-30,—
拒绝内推话术,候选,XHS大家都在搜(2026-07-30run3),0,0,,,2026-07-30,—
如何委婉拒绝老板增加工作,候选,XHS大家都在搜(2026-07-30run3),0,0,,,2026-07-30,—
讲话思维框架要点,候选,XHS大家都在搜(2026-07-30run3),0,0,,,2026-07-30,—
演讲逻辑框架,候选,XHS大家都在搜(2026-07-30run3),0,0,,,2026-07-30,—
办公室开会开场白,候选,XHS大家都在搜(2026-07-30run3),0,0,,,2026-07-30,—
会议话术,候选,XHS大家都在搜(2026-07-30run3),0,0,,,2026-07-30,—
周一开会工作汇报话术,候选,XHS大家都在搜(2026-07-30run3),0,0,,,2026-07-30,—
开周例会主持词,候选,XHS大家都在搜(2026-07-30run3),0,0,,,2026-07-30,—
应届生面试技巧,候选,面试技巧大家都在搜,0,0,—,—,2026-07-30,—
结构化面试万能例子,候选,面试什么话该说大家都在搜,0,0,—,—,2026-07-30,—
面试怯场自救,候选,面试的小技巧大家都在搜,0,0,—,—,2026-07-30,—
职场边界感怎么处理,候选,职场分寸感大家都在搜,0,0,—,—,2026-07-30,—
hr问空窗期怎么说,候选,hr问上一份工作离职原因大家都在搜,0,0,—,—,2026-07-30,—
面试提问hr的问题清单,候选,面试必问问题清单大家都在搜,0,0,—,—,2026-07-30,—
群面脱颖而出技巧,候选,面试的小技巧大家都在搜,0,0,—,—,2026-07-30,—
面试问题及回答范文,候选,面试必问问题清单大家都在搜,0,0,—,—,2026-07-30,—
职场专用术语,候选,职场表达大家都在搜(2026-07-31),0,0,,,2026-07-31,—
如果面试官问你还有问题吗,候选,面试什么话该说大家都在搜(2026-07-31),0,0,,,2026-07-31,—
面试自我介绍话术,候选,面试什么话不能说大家都在搜(2026-07-31),0,0,,,2026-07-31,—
面试时可以说自己还在职吗,候选,面试什么话不能说大家都在搜(2026-07-31),0,0,,,2026-07-31,—
面试没去怎么解释,候选,面试什么话不能说大家都在搜(2026-07-31),0,0,,,2026-07-31,—
涨薪话术,候选,谈薪技巧大家都在搜(2026-07-31),0,0,,,2026-07-31,—
秋招提前批谈薪话术,候选,谈薪技巧大家都在搜(2026-07-31),0,0,,,2026-07-31,—
面试官问缺点应该怎么回答,候选,面试优缺点怎么说大家都在搜(2026-07-31),1,6,"约100(多为个位到数百,一条67)","run3候选首投,未达40%升级阈值,暂不升级,继续候选观察;高赞样本(6.4万赞黄豆酱SILVIA帖此前已收录)本轮用于结构复读;本轮22.2%(6新/27抓)",2026-07-31,2026-07-31
个人优点和缺点怎么写,候选,面试优缺点怎么说大家都在搜(2026-07-31),0,0,,,2026-07-31,—
克服面试紧张,候选,克服面试恐惧大家都在搜(2026-07-31),1,3,约5000(被8.9万拉高),"run3候选首投,命中率偏低,继续候选观察;本轮11.5%(3新/26抓)",2026-07-31,2026-07-31
实习面试心态,候选,克服面试恐惧大家都在搜(2026-07-31),0,0,,,2026-07-31,—
面试被问抗压能力,候选,克服面试恐惧大家都在搜(2026-07-31),0,0,,,2026-07-31,—
国企向上管理,候选,向上管理大家都在搜(2026-07-31),0,0,,,2026-07-31,—
如何向上管理男领导,候选,向上管理大家都在搜(2026-07-31),0,0,,,2026-07-31,—
面试的反问环节,候选,"XHS大家都在搜(2026-07-31run2,面试反问页签)",0,0,,,2026-07-31,—
可以反问面试官的问题,候选,"XHS大家都在搜(2026-07-31run2,面试反问页签)",0,0,,,2026-07-31,—
面试你还有什么想问的吗,候选,"XHS大家都在搜(2026-07-31run2,面试反问页签)",0,0,,,2026-07-31,—
体面的离职理由,候选,"XHS大家都在搜(2026-07-31run2,离职原因怎么说页签)",0,0,,,2026-07-31,—
面试说了不该说的话怎么办,候选,"XHS大家都在搜(2026-07-31run2,面试什么话不能说页签)",0,0,,,2026-07-31,—
外包hr谈薪,候选,"XHS大家都在搜(2026-07-31run2,外包谈薪页签)",0,0,,,2026-07-31,—
面试视频,候选,"XHS大家都在搜(2026-07-31run3,面试技巧页签)",0,0,—,—,2026-07-31,—
面试官自我介绍,候选,"XHS大家都在搜(2026-07-31run3,面试什么话该说页签)",0,0,—,—,2026-07-31,—
面试不能透露个人信息,候选,"XHS大家都在搜(2026-07-31run3,面试什么话不能说页签)",0,0,—,—,2026-07-31,—
述职话术模板,候选,"XHS大家都在搜(2026-07-31run3,个人工作汇报话术页签)",0,0,—,—,2026-07-31,—
面试怯场急救包,候选,"XHS大家都在搜(2026-07-31run3,克服面试紧张页签)",1,8,526,"17.4%(8新/46抓;XHS5+web3;首投,'我再也不怕自我介绍了！面试汇报公开表达'/'悟出了2个面试通过的底层逻辑'[2589赞,本轮全场最高,核心方法论:把面试官当平等社交对象+自我介绍埋钩子引导追问]/'嘴笨真的能救！即兴演讲太实用了'/'省考面试翻盘6分'/'小技法面试前总是紧张做一次勇气练习'五条XHS+知乎三篇[如果面试很紧张怎么办六个技巧/如何控制面试时的紧张情绪/教你如何治愈面试紧张症];未达40%阈值暂不升级活跃,但首投绝对量与话题延展性均不错,建议下轮复查",2026-07-31,2026-08-02
线上面试话术模板,候选,线上面试话术run4大家都在搜,0,0,—,—,2026-07-31,—
面试破题金句,候选,面试破题技巧run4相关搜索,0,0,—,—,2026-07-31,—
面试破题技巧模板,候选,面试破题技巧run4相关搜索,0,0,—,—,2026-07-31,—
每日一练口才,候选,职场口才训练方法run4大家都在搜,0,0,—,—,2026-07-31,—
100天口才训练打卡,候选,职场口才训练方法run4大家都在搜,0,0,—,—,2026-07-31,—
职场口才表达培训,候选,职场口才训练方法run4大家都在搜,0,0,—,—,2026-07-31,—
职场情商文案,候选,大家都在搜(08-01今日8根词搜索页收割),1,run4(2026-08-14)_4/19=21.1%; 0,约16572（4条样本）,run4(2026-08-14)_4/19=21.1% | ,2026-08-01,2026-08-14
大厂hrbp谈薪,活跃,大家都在搜(08-01今日8根词搜索页收割),1,run4(2026-08-14)_8/20=40.0%; 0,约378（8条样本）,run4(2026-08-14)_8/20=40.0% | ,2026-08-01,2026-08-14
演讲答辩技巧,候选,大家都在搜(08-01今日8根词搜索页收割),1,run5(2026-08-14)_4/19=21.1%; 0,约1144（4条样本）,run5(2026-08-14)_4/19=21.1% | ,2026-08-01,2026-08-14
高情商接话万能话术,候选,大家都在搜(08-01今日8根词搜索页收割),1,run5(2026-08-14)_1/19=5.3%; 0,约7（1条样本）,run5(2026-08-14)_1/19=5.3% | ,2026-08-01,2026-08-14
面试部长的自我介绍,候选,大家都在搜(08-01今日8根词搜索页收割),1,run3(2026-08-15)_7/19=36.8%; 0,约3303（7条样本）,run3(2026-08-15)_7/19=36.8% | ,2026-08-01,2026-08-15
怎么和hr说涨工资,退休,大家都在搜(08-01今日8根词搜索页收割),1,1,—,"2.4%(1新/41抓;XHS0+web1;首投即发现该确切措辞与已活跃的'调薪能涨多少'/'加薪话术'两词高度重叠[前排XHS样本如《一个人涨薪最快的方式》1624赞经核实已于08-02run1经'调薪能涨多少'收录],建议后续不再单独原样重投该措辞,并入调薪能涨多少/加薪话术簇追踪即可;web侧仅新增《面试过程中怎么跟HR谈薪资》1条",2026-08-01,2026-08-02
绩效访谈问题及回答,活跃,大家都在搜(08-01今日8根词搜索页收割),1,run3(2026-08-15)_16/18=88.9%; 0,约717（16条样本）,run3(2026-08-15)_16/18=88.9% | ,2026-08-01,2026-08-15
晋升答辩自我介绍,活跃,大家都在搜(08-01今日8根词搜索页收割),1,13,184,"08-02run1_13/13=100.0%(当日首轮,XHS+web合计;新增13条)",2026-08-01,2026-08-02
调薪能涨多少,活跃,涨薪案例run2大家都在搜,1,14,799,"08-02run1_14/14=100.0%(当日首轮,XHS+web合计;新增14条)",2026-08-01,2026-08-02
求职规划,活跃,职业规划run2大家都在搜,1,run6(2026-08-15)_17/18=94.4%; 0,约1370（17条样本）,run6(2026-08-15)_17/18=94.4% | ,2026-08-01,2026-08-15
招聘漏斗面试问题,活跃,被问漏斗数据怎么回答run2相关搜索,1,run6(2026-08-15)_8/19=42.1%; 0,约243（7条样本）,run6(2026-08-15)_8/19=42.1% | ,2026-08-01,2026-08-15
涨薪历程,活跃,涨薪案例run2大家都在搜,1,run3(2026-08-16)_17/20=85.0%; 0,约1541（17条样本）,run3(2026-08-16)_17/20=85.0% | ,2026-08-01,2026-08-16
职场高效表达,候选,大家都在搜,0,0,—,—,2026-08-01,—
职场语句,活跃,08-02今日8根词搜索页/相关搜索收割,1,run3(2026-08-16)_9/20=45.0%; 0,约82（9条样本）,run3(2026-08-16)_9/20=45.0% | ,2026-08-02,2026-08-16
工作面试技巧,候选,08-02今日8根词搜索页/相关搜索收割,1,run3(2026-08-18)_2/20=10.0%; 0,约633（2条样本）,run3(2026-08-18)_2/20=10.0% | ,2026-08-02,2026-08-18
求面试话术,候选,08-02今日8根词搜索页/相关搜索收割,1,run3(2026-08-18)_3/20=15.0%; 0,约1516（3条样本）,run3(2026-08-18)_3/20=15.0% | ,2026-08-02,2026-08-18
社招面试时的自我介绍,候选,08-02今日8根词搜索页/相关搜索收割,1,run5(2026-08-18)_2/20=10.0%; 0,约897（2条样本）,run5(2026-08-18)_2/20=10.0% | ,2026-08-02,2026-08-18
社招面试自我介绍模板,候选,08-02今日8根词搜索页/相关搜索收割,1,run5(2026-08-18)_1/20=5.0%; 0,约212（1条样本）,run5(2026-08-18)_1/20=5.0% | ,2026-08-02,2026-08-18
社招个人介绍,候选,08-02今日8根词搜索页/相关搜索收割,1,run7(2026-08-18)_2/20=10.0%; 0,约4907（2条样本）,run7(2026-08-18)_2/20=10.0% | ,2026-08-02,2026-08-18
ai辅助面试,活跃,08-02run2今日8根词搜索页/相关搜索收割,1,run7(2026-08-18)_14/20=70.0%; 0,约1008（14条样本）,run7(2026-08-18)_14/20=70.0% | ,2026-08-02,2026-08-18
线上面试神器app,候选,08-02run2今日8根词搜索页/相关搜索收割,0,0,,,2026-08-02,
三分钟发言稿,候选,08-02run2今日8根词搜索页/相关搜索收割,0,0,,,2026-08-02,
即兴发言范文,候选,08-02run2今日8根词搜索页/相关搜索收割,0,0,,,2026-08-02,
体制内即兴发言,候选,08-02run2今日8根词搜索页/相关搜索收割,0,0,,,2026-08-02,
高情商涨工资话术,候选,08-02run2今日8根词搜索页/相关搜索收割,0,0,,,2026-08-02,
个人申请调薪理由,候选,08-02run2今日8根词搜索页/相关搜索收割,1,5,,"08-03run1候选首投_5/52=9.6%(职场人速进调薪申请表模板2赞/超实用精华员工加薪申请撰写指南/临近年中总结如何大方跟领导提加薪13赞/加薪申请被驳回99%是因为你只说我辛苦1赞/涨薪40%晋升3个谈薪逻辑帮你拉高涨幅,均为低热样本;未达40%阈值,维持候选)",2026-08-02,2026-08-03
申请加薪模板,候选,08-02run2今日8根词搜索页/相关搜索收割,0,0,,,2026-08-02,
结构化汇报技巧,候选,08-02run2今日8根词搜索页/相关搜索收割,0,0,,,2026-08-02,
职场结构化汇报,候选,08-02run2今日8根词搜索页/相关搜索收割,0,0,,,2026-08-02,
跟老板面试自我介绍,候选,08-02run2今日8根词搜索页/相关搜索收割,0,0,,,2026-08-02,
面试内容可以问吗,候选,08-02run2今日8根词搜索页/相关搜索收割,0,0,,,2026-08-02,
谈薪后加面,候选,"XHS""面试被加面是好事吗""验证页大家都在搜(08-02run3)",0,0,,,2026-08-02,
私企涨薪沟通技巧,候选,"XHS""怎么和hr说涨工资""大家都在搜(08-02run3)",0,0,,,2026-08-02,
涨工资普调,候选,"XHS""怎么和hr说涨工资""大家都在搜(08-02run3)",0,0,,,2026-08-02,
去面试怎么说,退休,大家都在搜(面试什么话该说搜索联想),1,0,—,"08-03run1候选首投_0/40=0%(全部为历史旧发布,与既有职场表达/面试什么话该说种子高度重叠,未达40%阈值,维持候选,建议后续降低优先级或改用更聚焦query)",2026-08-02,2026-08-03
事业编面试哪些信息不能说,候选,"XHS""结构化面试不能说的信息""验证页相关搜索(08-03run1)",0,0,,,2026-08-03,2026-08-03
试用期转正话术,候选,"XHS""试用期过了没谈转正""下拉补全(08-03run2)",1,4,"约129(08-04首投,4条样本:55/2/31/429)","run1_4/17≈23.5%(XHS4新/17抓,候选首投,未达40%阈值维持候选)",2026-08-03,2026-08-04
试用期不想转正,候选,"XHS""试用期结束不想转正怎么办""下拉补全(08-03run2)",0,0,,,2026-08-03,
面试主动问结果话术,候选,"XHS""怎么礼貌的问面试结果""相关搜索(08-03run2)",1,3,"约663(08-04首投,3条样本:2/1982/5)","run1_3/10≈30.0%(XHS3新/10抓,候选首投,未达40%阈值维持候选,该母题多为已饱和的面试后要不要问结果角度)",2026-08-03,2026-08-04
实习生谈薪资技巧,候选,"XHS""实习生谈薪资怎么谈""相关搜索(08-03run2)",0,0,,,2026-08-03,
hr定薪一般几天兑现,活跃,hr定薪一般要多久-大家都在搜,1,10,—,"run2_10/10=100.0%(XHS5/5+web5/5,候选首投,08-03run3同词因筛选失效未成功复投,本轮补投成功,达40%阈值升级活跃)",2026-08-03,2026-08-04
面试要求说三个缺点,活跃,面试说三个缺点-大家都在搜,1,6,"约6(08-04首投,6条样本:5/10/4/12/1/2)","08-04run1_6/6≈100.0%(候选首投满贯,升级活跃)",2026-08-03,2026-08-04
面试脱敏训练图,候选,大家都在搜/相关搜索(08-03run4收割),0,0,—,—,2026-08-03,—
面试话术培训,候选,大家都在搜/相关搜索(08-03run4收割),0,0,—,—,2026-08-03,—
大厂视频面试经验,候选,大家都在搜/相关搜索(08-03run4收割),0,0,—,—,2026-08-03,—
职场简洁表达技巧,活跃,大家都在搜/相关搜索(08-03run4收割),1,5,—,"run2_5/12≈41.7%(XHS3/6+web2/6,候选首投,达40%阈值升级活跃)",2026-08-03,2026-08-04
职场委婉表达方法,候选,大家都在搜/相关搜索(08-03run4收割),0,0,—,—,2026-08-03,—
面试全流程视频,候选,大家都在搜/相关搜索(08-03run4收割),0,0,—,—,2026-08-03,—
职场学会拒绝别人,候选,大家都在搜/相关搜索(08-03run4收割),0,0,—,—,2026-08-03,—
工作怎么拒绝别人,候选,大家都在搜/相关搜索(08-03run4收割),0,0,—,—,2026-08-03,—
拒绝入职的礼貌话术,候选,大家都在搜/相关搜索(08-03run4收割),0,0,—,—,2026-08-03,—
绩效面谈方案模板,候选,大家都在搜/相关搜索(08-03run4收割),0,0,—,—,2026-08-03,—
绩效谈话沟通技巧,候选,大家都在搜/相关搜索(08-03run4收割),0,0,—,—,2026-08-03,—
空降中层如何快速融入团队,活跃,大家都在搜/相关搜索(08-03run4收割),1,12,"约14(08-04首投,XHS8条样本:5/3/31/10/1/6/6/15+web4条)","08-04run1_12/12≈100.0%(候选首投满贯,升级活跃)",2026-08-03,2026-08-04
银行合规演讲稿ppt模板,候选,大家都在搜/相关搜索(08-03run4收割),0,0,—,—,2026-08-03,—
空降领导应对方法,候选,大家都在搜/相关搜索(08-03run4收割),0,0,—,—,2026-08-03,—
面试需要怎么说,候选,"XHS""面试什么话该说""大家都在搜(08-04)",0,0,—,—,2026-08-04,—
面试官暗示你被录用了,候选,"XHS""面试官想录用你的表现""大家都在搜(08-04)",0,0,—,—,2026-08-04,—
面试官说1-2天hr会告知结果,候选,"XHS""面试官想录用你的表现""大家都在搜(08-04)",0,0,—,—,2026-08-04,—
面试有戏的征兆,候选,"XHS""面试官想录用你的表现""大家都在搜(08-04)",0,0,—,—,2026-08-04,—
被录用的前兆,候选,"XHS""面试官想录用你的表现""大家都在搜(08-04)",0,0,—,—,2026-08-04,—
面试官说一周内出结果,候选,"XHS""面试官想录用你的表现""大家都在搜(08-04)",0,0,—,—,2026-08-04,—
实习面试官想录用你的表现,候选,"XHS""面试官想录用你的表现""大家都在搜(08-04)",0,0,—,—,2026-08-04,—
职场应对话术大全,候选,"XHS""职场表达话术""大家都在搜(08-04)",0,0,—,—,2026-08-04,—
职场专业术语,候选,"XHS""职场表达话术""大家都在搜(08-04)",0,0,—,—,2026-08-04,—
职场术语大全,候选,"XHS""职场表达话术""大家都在搜(08-04)",0,0,—,—,2026-08-04,—
职场经典话术,活跃,"XHS""职场表达话术""大家都在搜(08-04)",1,8,—,"run1候选首投_XHS5/10+web3/6=8/16=50.0%(超40%阈值,同轮升级为活跃)",2026-08-04,2026-08-04
职场礼貌话术用语,候选,"XHS""职场表达话术""大家都在搜(08-04)",0,0,—,—,2026-08-04,—
高情商话术背诵,候选,"XHS""职场表达话术""大家都在搜(08-04)",0,0,—,—,2026-08-04,—
面试的个人期望怎么写,候选,"XHS""面试要求说三个缺点""大家都在搜(08-04)",0,0,—,—,2026-08-04,—
面试中的性格弱点怎么写,候选,"XHS""面试要求说三个缺点""大家都在搜(08-04)",0,0,—,—,2026-08-04,—
微信视频面试小技巧,候选,大家都在搜/相关搜索(08-04run2收割),0,0,—,—,2026-08-04,—
集体面试要注意什么,候选,大家都在搜/相关搜索(08-04run2收割),0,0,—,—,2026-08-04,—
hr确认薪资要多久,候选,大家都在搜/相关搜索(08-04run2收割),0,0,—,—,2026-08-04,—
定薪需要几天,候选,大家都在搜/相关搜索(08-04run2收割),0,0,—,—,2026-08-04,—
职场常用句式,候选,大家都在搜/相关搜索(08-04run2收割),0,0,—,—,2026-08-04,—
面试个人性格优缺点,候选,大家都在搜/相关搜索(08-04run2收割),0,0,—,—,2026-08-04,—
面试对工作的期待,候选,大家都在搜/相关搜索(08-04run2收割),0,0,—,—,2026-08-04,—
面试无反问,候选,大家都在搜/相关搜索(08-04run2收割),0,0,—,—,2026-08-04,—
面试紧张急救法,候选,XHS一面试就紧张怎么办验证页大家都在搜(08-04),0,0,—,—,2026-08-04,—
假装面试不紧张,候选,XHS一面试就紧张怎么办验证页大家都在搜(08-04),0,0,—,—,2026-08-04,—
怎么防止面试紧张,候选,XHS一面试就紧张怎么办验证页大家都在搜(08-04),0,0,—,—,2026-08-04,—
面试装自信方法,候选,XHS一面试就紧张怎么办验证页大家都在搜(08-04),0,0,—,—,2026-08-04,—
主动找领导谈升职,活跃,XHS怎么找领导表达自己想升职验证页大家都在搜(08-04),1,12,—,"run1候选首投_XHS5/6+web7/7=12/13≈92.3%(远超40%阈值,同轮升级为活跃)",2026-08-04,2026-08-04
面试反问锁定offer,候选,XHS面试反问加分回答搜索页大家都在搜(08-04),0,0,—,—,2026-08-04,—
面试反问错误示范,候选,XHS面试反问加分回答搜索页大家都在搜(08-04),0,0,—,—,2026-08-04,—
面试反问法,候选,XHS面试反问加分回答搜索页大家都在搜(08-04),0,0,—,—,2026-08-04,—
面试反问必问问题,候选,XHS面试反问加分回答搜索页大家都在搜(08-04),0,0,—,—,2026-08-04,—
试用期转正申请模板,候选,XHS试用期转正话术搜索页大家都在搜(08-04),0,0,—,—,2026-08-04,—
主动提转正话术,候选,XHS试用期转正话术搜索页大家都在搜(08-04),0,0,—,—,2026-08-04,—
面试后续跟进话术模板,候选,XHS面试主动问结果话术搜索页大家都在搜(08-04),0,0,—,—,2026-08-04,—
职场表达能力提升,候选,XHS大家都在搜/相关搜索,0,0,,,2026-08-04,—
HR面试英文,候选,XHS大家都在搜/相关搜索,0,0,,,2026-08-04,
跟老板谈升职,候选,XHS大家都在搜/相关搜索,0,0,,,2026-08-04,
职场高级话术,候选,XHS大家都在搜/相关搜索,0,0,,,2026-08-04,
工作话术模板,候选,XHS大家都在搜/相关搜索,0,0,,,2026-08-04,
打工人话术,候选,XHS大家都在搜/相关搜索,0,0,,,2026-08-04,
职场小白话术,候选,XHS大家都在搜/相关搜索,0,0,,,2026-08-04,
面试底层逻辑万能话术,候选,XHS大家都在搜/相关搜索,0,0,,,2026-08-04,
面试自我介绍说什么,候选,XHS大家都在搜/相关搜索,0,0,,,2026-08-04,
面试试岗怎么说,候选,XHS大家都在搜/相关搜索,0,0,,,2026-08-04,
职场大白话高级感表达合集,候选,XHS职场表达搜索页大家都在搜(08-05),0,0,—,—,2026-08-05,—
面试不能透露个人信息包括哪些,候选,XHS面试什么话不能说搜索页大家都在搜(08-05),0,0,—,—,2026-08-05,—
面试心态篇,候选,XHS面试超绝心态搜索页大家都在搜(08-05),0,0,—,—,2026-08-05,—
面试好心态,候选,XHS面试超绝心态搜索页大家都在搜(08-05),0,0,—,—,2026-08-05,—
职场幽默话术大全,候选,XHS职场幽默话术搜索页大家都在搜(08-05),0,0,—,—,2026-08-05,—
打工人调侃自己的段子,候选,XHS职场幽默话术搜索页大家都在搜(08-05),0,0,—,—,2026-08-05,—
面试不合格的原因,活跃,XHS面试失败预兆搜索页大家都在搜(08-05),1,18,"约1450(10条样本均值,含1.1万高热'你面试没通过的真正原因'拉高)","候选首投18/20=90.0%(2026-08-05run4,本轮全场最高命中率,远超40%阈值同轮升级为活跃)",2026-08-05,2026-08-05
周例会汇报模板,候选,XHS周例会如何汇报搜索页大家都在搜(08-05),0,0,—,—,2026-08-05,—
周例会工作汇报怎么写,候选,XHS周例会如何汇报搜索页大家都在搜(08-05),0,0,—,—,2026-08-05,—
面试强大心态,候选,小红书大家都在搜(08-05run2:面试的顶级心态页),0,0,—,—,2026-08-05,—
即兴表达的话题,候选,小红书大家都在搜(08-05run2:即兴表达页),0,0,—,—,2026-08-05,—
即兴表达练习,候选,小红书大家都在搜(08-05run2:即兴表达页),0,0,—,—,2026-08-05,—
面试官问的问题例子,候选,小红书大家都在搜(08-05run2:面试官必问的问题页),0,0,—,—,2026-08-05,—
谈薪沟通技巧,候选,小红书大家都在搜(08-05run2:谈薪要点页),0,0,—,—,2026-08-05,—
谈薪实战案例,活跃,小红书大家都在搜(08-05run2:谈薪要点页),1,8,"约1049(8条样本均值,含5563/1683高热拉高)","候选首投8/20=40.0%(2026-08-05run3,恰达40%阈值升级活跃;与既有活跃词谈薪技巧/薪资争取话术/加薪话术谈薪簇重叠度中,注意后续选题去重)",2026-08-05,2026-08-05
弱者表达方式大全,候选,小红书大家都在搜(08-05run3:弱者表达页),0,0,—,—,2026-08-05,—
弱者表达能力训练题库,候选,小红书大家都在搜(08-05run3:弱者表达页),0,0,—,—,2026-08-05,—
宝洁八大问满分答案,候选,小红书大家都在搜(08-05run3:宝洁八大问页),0,0,—,—,2026-08-05,—
宝洁八大问英文,候选,小红书大家都在搜(08-05run3:宝洁八大问页),0,0,—,—,2026-08-05,—
企业谈薪,候选,小红书大家都在搜(08-05run3:谈薪实战案例页),0,0,—,—,2026-08-05,—
薪水谈判,候选,小红书大家都在搜(08-05run3:谈薪实战案例页),0,0,—,—,2026-08-05,—
职场上高情商说话技巧,候选,小红书大家都在搜(08-05run3:职场高情商表达页),0,0,—,—,2026-08-05,—
职场跨部门沟通话术,活跃,小红书大家都在搜(08-05run3:职场高情商表达页),1,14,"约317(6条样本:438/334/174/110/382/461,其余8条无热度数据)","候选首投14/20=70.0%(2026-08-05run4,远超40%阈值同轮升级为活跃)",2026-08-05,2026-08-05
hr面试和业务面的区别,候选,小红书大家都在搜(08-05run4:hr面和业务面区别问的问题验证页),0,0,—,—,2026-08-05,—
走定薪流程代表什么,候选,小红书大家都在搜(08-05run4:面试定薪页),0,0,—,—,2026-08-05,—
跨部门沟通与协作,候选,小红书大家都在搜(08-05run4:职场跨部门沟通话术页),0,0,—,—,2026-08-05,—
跨部门合作沟通话术,候选,小红书大家都在搜(08-05run4:职场跨部门沟通话术页),0,0,—,—,2026-08-05,—
面试失败的原因,候选,小红书大家都在搜(08-05run4:面试不合格的原因页),0,0,—,—,2026-08-05,—
面试合格后下一步是什么,候选,小红书大家都在搜(08-05run4:面试不合格的原因页),0,0,—,—,2026-08-05,—
空降新领导老员工怎么做,候选,小红书大家都在搜(08-05run4:新领导空降老员工如何应对验证页),0,0,—,—,2026-08-05,—
讲ppt声音抖怎么办,候选,小红书大家都在搜(08-05run4:讲PPT声音发抖怎么控制验证页),0,0,—,—,2026-08-05,—
越级汇报怎么跟领导说,活跃,小红书大家都在搜(08-05run4:刚换领导汇报节奏对不上验证页),1,10,约6274(2条XHS样本:12000/548),"首投run1_50.0%(10新/20抓,原始命中17/20≈85.0%按上限截取;远超40%阈值,同轮升级为活跃)",2026-08-05,2026-08-06
职场大白话高级表达,候选,小红书大家都在搜(08-06run1:根词收集页搜索建议面板),0,0,—,—,2026-08-06,—
职场高级表达大全,活跃,小红书大家都在搜(08-06run1:根词收集页搜索建议面板),1,8,—,"首投run2_8/16=50.0%(2026-08-07;候选首投超40%阈值升级活跃,新增含职场中更senior的表达方式/听不懂职场黑话翻译成人话/字少惊艳4.9万赞等); 前值:—",2026-08-06,2026-08-07
面试练习,候选,小红书大家都在搜(08-06run1:根词收集页搜索建议面板),1,7,约4013(6条XHS样本:4187/874/112/791/18000/115),"首投run1_30.4%(7新/23抓,未达40%阈值,维持候选)",2026-08-06,2026-08-06
面试时不该说的话术,候选,小红书大家都在搜(08-06run1:根词收集页搜索建议面板),0,0,—,—,2026-08-06,—
口头说面试通过了,活跃,小红书大家都在搜(08-06run1:根词收集页搜索建议面板),1,17,—,"首投run2_17/17=100%(2026-08-07;候选首投满贯命中,远超40%阈值升级活跃;重要发现=搜索结果实际语义漂移为""口头offer""生态而非""口头通知面试通过"",内容多为口头offer被鸽/多久转正式offer经历贴,与原词本义有偏差,后续选题需以""口头offer""角度切入); 前值:—",2026-08-06,2026-08-07
面试答复,候选,小红书大家都在搜(08-06run1:根词收集页搜索建议面板),0,0,—,—,2026-08-06,—
hr问有offer为什么来面试,候选,小红书大家都在搜(08-06run1:根词收集页搜索建议面板),0,0,—,—,2026-08-06,—
应届生面试被问有没有其他offer,候选,小红书大家都在搜(08-06run1:根词收集页搜索建议面板),0,0,—,—,2026-08-06,—
hr问其他公司进程怎么回答,候选,小红书大家都在搜(08-06run1:根词收集页搜索建议面板),0,0,—,—,2026-08-06,—
工资怎么谈话术,候选,小红书大家都在搜(08-06run1:根词收集页搜索建议面板),0,0,—,—,2026-08-06,—
问薪酬待遇话术,候选,小红书大家都在搜(08-06run1:根词收集页搜索建议面板),0,0,—,—,2026-08-06,—
薪资待遇怎么说,候选,小红书大家都在搜(08-06run1:根词收集页搜索建议面板),0,0,—,—,2026-08-06,—
回复薪资话术,候选,小红书大家都在搜(08-06run1:根词收集页搜索建议面板),0,0,—,—,2026-08-06,—
接到谈薪电话,候选,小红书大家都在搜(08-06run1:根词收集页搜索建议面板),0,0,—,—,2026-08-06,—
定薪电话怎么沟通,候选,小红书大家都在搜(08-06run1:根词收集页搜索建议面板),0,0,—,—,2026-08-06,—
自我介绍不能透露个人信息,候选,小红书大家都在搜(08-06run1:根词收集页搜索建议面板),0,0,—,—,2026-08-06,—
面试可以说自己是党员吗,候选,小红书大家都在搜(08-06run1:根词收集页搜索建议面板),0,0,—,—,2026-08-06,—
职场语言艺术搞笑段子,候选,大家都在搜/相关搜索(2026-08-06新词收割),0,0,—,—,2026-08-06,—
职场高情商段子,候选,大家都在搜/相关搜索(2026-08-06新词收割),0,0,—,—,2026-08-06,—
30秒定律,候选,大家都在搜/相关搜索(2026-08-06新词收割),0,0,—,—,2026-08-06,—
社招谈薪话术,候选,大家都在搜/相关搜索(2026-08-06新词收割),0,0,—,—,2026-08-06,—
争取offer薪酬话术,候选,大家都在搜/相关搜索(2026-08-06新词收割),0,0,—,—,2026-08-06,—
社招谈薪话术模板,候选,大家都在搜/相关搜索(2026-08-06新词收割),0,0,—,—,2026-08-06,—
简短汇报话术,候选,大家都在搜/相关搜索(2026-08-06新词收割),0,0,—,—,2026-08-06,—
向上汇报的技巧和话术模板,候选,大家都在搜/相关搜索(2026-08-06新词收割),0,0,—,—,2026-08-06,—
向上级汇报工作话术模板,候选,大家都在搜/相关搜索(2026-08-06新词收割),0,0,—,—,2026-08-06,—
向上汇报的万能模板话术技巧,候选,大家都在搜/相关搜索(2026-08-06新词收割),0,0,—,—,2026-08-06,—
汇报工作话术模版,候选,大家都在搜/相关搜索(2026-08-06新词收割),0,0,—,—,2026-08-06,—
怎么幽默回复同事,候选,大家都在搜/相关搜索(2026-08-06新词收割),0,0,—,—,2026-08-06,—
怎么风趣幽默的接话,候选,大家都在搜/相关搜索(2026-08-06新词收割),0,0,—,—,2026-08-06,—
社招能谈薪吗,候选,大家都在搜/相关搜索(2026-08-06新词收割),0,0,—,—,2026-08-06,—
社招如何谈薪资,候选,大家都在搜/相关搜索(2026-08-06新词收割),0,0,—,—,2026-08-06,—
hr面试话术模板,候选,小红书大家都在搜/相关搜索(2026-08-06 run3新词收割),0,0,—,—,2026-08-06,—
hr面试开场白怎么聊,候选,小红书大家都在搜/相关搜索(2026-08-06 run3新词收割),0,0,—,—,2026-08-06,—
面试练习软件,候选,小红书大家都在搜/相关搜索(2026-08-06 run3新词收割),0,0,—,—,2026-08-06,—
越级汇报模板,候选,小红书大家都在搜/相关搜索(2026-08-06 run3新词收割),0,0,—,—,2026-08-06,—
hr面试常用语,候选,小红书大家都在搜/相关搜索(2026-08-06 run3新词收割),0,0,—,—,2026-08-06,—
面试ai助手,候选,小红书大家都在搜/相关搜索(2026-08-06 run3新词收割),0,0,—,—,2026-08-06,—
hr面试语气,候选,小红书大家都在搜/相关搜索(2026-08-06 run3新词收割),0,0,—,—,2026-08-06,—
面试跟练,候选,小红书大家都在搜/相关搜索(2026-08-06 run3新词收割),0,0,—,—,2026-08-06,—
面试练习搭子,候选,小红书大家都在搜/相关搜索(2026-08-06 run3新词收割),0,0,—,—,2026-08-06,—
不小心越级汇报,候选,小红书大家都在搜/相关搜索(2026-08-06 run3新词收割),0,0,—,—,2026-08-06,—
不能越级汇报,候选,小红书大家都在搜/相关搜索(2026-08-06 run3新词收割),0,0,—,—,2026-08-06,—
面试练习群,候选,小红书大家都在搜/相关搜索(2026-08-06 run3新词收割),0,0,—,—,2026-08-06,—
面试每日一练,候选,小红书大家都在搜/相关搜索(2026-08-06 run3新词收割),0,0,—,—,2026-08-06,—
面对面试官的提问怎么回答,候选,面试什么话该说搜索结果-大家都在搜,0,0,—,,2026-08-07,
面试最忌讳什么,候选,面试什么话不能说搜索结果-大家都在搜,0,0,—,,2026-08-07,
怎么样才能改掉讨好型人格,候选,讨好型人格改掉搜索结果-相关搜索,0,0,—,,2026-08-07,
当讨好型人格开始觉醒,候选,讨好型人格改掉搜索结果-相关搜索,0,0,—,,2026-08-07,
讨好型人格的对立人格,候选,讨好型人格改掉搜索结果-相关搜索,0,0,—,,2026-08-07,
付出型和讨好型的区别,候选,讨好型人格改掉搜索结果-相关搜索,0,0,—,,2026-08-07,
讨好型人格的形成原因,候选,讨好型人格改掉搜索结果-相关搜索,0,0,—,,2026-08-07,
不要做讨好型人格,候选,讨好型人格改掉搜索结果-相关搜索,0,0,—,,2026-08-07,
数据分析结论怎么写,候选,结论原因建议汇报公式搜索结果-大家都在搜,0,0,—,,2026-08-07,
汇报结论原因方案公式,候选,结论原因建议汇报公式搜索结果-大家都在搜,0,0,—,,2026-08-07,
先分析再给结论的汇报方式,候选,结论原因建议汇报公式搜索结果-大家都在搜,0,0,—,,2026-08-07,
讨论与结论怎么写,候选,结论原因建议汇报公式搜索结果-大家都在搜,0,0,—,,2026-08-07,
汇报分析结论,候选,结论原因建议汇报公式搜索结果-大家都在搜,0,0,—,,2026-08-07,
汇报技巧先说结论,候选,结论原因建议汇报公式搜索结果-大家都在搜,0,0,—,,2026-08-07,
工作汇报用语,候选,高质量汇报话术搜索结果-大家都在搜,0,0,—,,2026-08-07,
公司汇报话术,候选,高质量汇报话术搜索结果-大家都在搜,0,0,—,,2026-08-07,
万能汇报话术,候选,高质量汇报话术搜索结果-大家都在搜,0,0,—,,2026-08-07,
职场汇报话术大全,候选,高质量汇报话术搜索结果-大家都在搜,0,0,—,,2026-08-07,
表达框架模板,候选,表达框架搜索结果-大家都在搜,0,0,—,,2026-08-07,
表达框架训练,候选,表达框架搜索结果-大家都在搜,0,0,—,,2026-08-07,
常用表达结构,候选,表达框架搜索结果-大家都在搜,0,0,—,,2026-08-07,
表达系统搭建方法,候选,表达框架搜索结果-大家都在搜,0,0,—,,2026-08-07,
万能表达框架模板,候选,表达框架搜索结果-相关搜索,0,0,—,,2026-08-07,
结构表达,候选,表达框架搜索结果-相关搜索,0,0,—,,2026-08-07,
讲话思维框架,候选,表达框架搜索结果-相关搜索,0,0,—,,2026-08-07,
面试时不能透露个人信息,候选,小红书大家都在搜/相关搜索面板(2026-08-07 run2),0,0,,,2026-08-07,
改掉身上弱者的气息,候选,小红书大家都在搜/相关搜索面板(2026-08-07 run2),0,0,,,2026-08-07,
工作中不要散发弱者气息,候选,小红书大家都在搜/相关搜索面板(2026-08-07 run2),0,0,,,2026-08-07,
弱者气息的表现及改掉方法,候选,小红书大家都在搜/相关搜索面板(2026-08-07 run2),0,0,,,2026-08-07,
如何消减弱者气息,候选,小红书大家都在搜/相关搜索面板(2026-08-07 run2),0,0,,,2026-08-07,
不要有弱者心态,候选,小红书大家都在搜/相关搜索面板(2026-08-07 run2),0,0,,,2026-08-07,
弱者气息书,候选,小红书大家都在搜/相关搜索面板(2026-08-07 run2),0,0,,,2026-08-07,
怎么摆脱自己的弱者气息,候选,小红书大家都在搜/相关搜索面板(2026-08-07 run2),0,0,,,2026-08-07,
弱者气息的表现及克服方法,候选,小红书大家都在搜/相关搜索面板(2026-08-07 run2),0,0,,,2026-08-07,
正常人面试状态,候选,小红书大家都在搜/相关搜索面板(2026-08-07 run2),0,0,,,2026-08-07,
面试中的活人感,候选,小红书大家都在搜/相关搜索面板(2026-08-07 run2),0,0,,,2026-08-07,
面试活人感强技巧,候选,小红书大家都在搜/相关搜索面板(2026-08-07 run2),0,0,,,2026-08-07,
面试怎么有活人感,候选,小红书大家都在搜/相关搜索面板(2026-08-07 run2),0,0,,,2026-08-07,
面试怎么显得有活人感,候选,小红书大家都在搜/相关搜索面板(2026-08-07 run2),0,0,,,2026-08-07,
工作的高级说法,候选,小红书大家都在搜/相关搜索面板(2026-08-07 run2),0,0,,,2026-08-07,
职场高级词汇,候选,小红书大家都在搜/相关搜索面板(2026-08-07 run2),0,0,,,2026-08-07,
职场新式表达大全,候选,小红书大家都在搜/相关搜索面板(2026-08-07 run2),0,0,,,2026-08-07,
打工人高级说法,候选,小红书大家都在搜/相关搜索面板(2026-08-07 run2),0,0,,,2026-08-07,
职场高级表达方式,候选,小红书大家都在搜/相关搜索面板(2026-08-07 run2),0,0,,,2026-08-07,
hr口头承诺,候选,"小红书大家都在搜(2026-08-07 run3,hr暗示词根)",0,0,,,2026-08-07,
应届生谈薪指南,活跃,"小红书大家都在搜(2026-08-07 run3,应届生怎么谈薪词根)",1,12,约246(6条XHS样本:7/186/9/28/8/1240),"run4候选首投_12/12=100%(2026-08-07;远超40%阈值,同轮升级为活跃;与谈薪母题高度相关但角度聚焦应届生,供给充沛); 前值:",2026-08-07,2026-08-07
hr已经暗示你了,活跃,"小红书大家都在搜(2026-08-07 run3,hr暗示词根)",1,11,约693(8条XHS样本:7/5/23/24/73/846/3437/1132),"run4候选首投_11/12≈91.7%(2026-08-07;远超40%阈值,同轮升级为活跃;与今日已升级的hr暗示词根高度同源,供给同样充沛); 前值:",2026-08-07,2026-08-07
行为面试问题及答案,候选,"小红书大家都在搜(2026-08-07 run4,行为面试法词根)",0,0,,,2026-08-07,
行为面试技巧,候选,"小红书大家都在搜(2026-08-07 run4,行为面试法词根)",0,0,,,2026-08-07,
行为面试法是什么意思,候选,"小红书大家都在搜(2026-08-07 run4,行为面试法词根)",0,0,,,2026-08-07,
行为面试法培训,候选,"小红书大家都在搜(2026-08-07 run4,行为面试法词根)",0,0,,,2026-08-07,
聊天幽默接梗技巧,候选,"小红书大家都在搜(2026-08-07 run4,万能接话词根)",0,0,,,2026-08-07,
万能沟通公式,候选,"小红书大家都在搜(2026-08-07 run4,万能接话词根)",0,0,,,2026-08-07,
hr会暗示你通过吗,候选,"小红书大家都在搜(2026-08-07 run4,hr已经暗示你了词根)",1,7,"约900(7条样本含1条5904赞真正想招你的人拉高均值,其余多为百位数)","run1(候选首投)_7/18≈38.9%(2026-08-08;7条新增,略低于40%阈值暂不升级活跃,但已明确高于候选平均水平,建议下次长空档复查作为活跃候补优先复投)",2026-08-07,2026-08-08
面试官让我等hr通知,候选,"小红书大家都在搜(2026-08-07 run4,hr已经暗示你了词根)",0,0,,,2026-08-07,
应届生hr谈薪,候选,"小红书大家都在搜(2026-08-07 run4,应届生谈薪指南词根)",1,3,约650(3条样本127/1590/257),"run1(候选首投)_3/18≈16.7%(2026-08-08;搜索结果语义漂移为泛化'谈薪资'内容而非'应届生'细分角度,与08-07run4首投100%的'应届生谈薪指南'词根形成对比,建议后续优先复投应届生谈薪指南而非本词)",2026-08-07,2026-08-08
应届毕业生能谈薪吗,候选,"小红书大家都在搜(2026-08-07 run4,应届生谈薪指南词根)",0,0,,,2026-08-07,
应届生定薪,候选,"小红书大家都在搜(2026-08-07 run4,应届生谈薪指南词根)",0,0,,,2026-08-07,
秋招面试技巧,活跃,"小红书大家都在搜(2026-08-08,面试技巧词根)",2,13,—(web-only),2026-08-15run2:100.0%(6新/6抓;web-only;100%(6/6)；08-15run1已录63.6%(7/11)，两轮独立web样本累计13/17=76.5%，远超40%阈值，叠加8月中旬秋招提前批时令高峰，本轮升级为活跃（web-only升级，已在日志注明，待XHS恢复后复核）),2026-08-08,2026-08-15
云雨伞分析,候选,"小红书大家都在搜(2026-08-08,云雨伞汇报法词根)",0,0,,,2026-08-08,
汇报方法,候选,"小红书大家都在搜(2026-08-08,云雨伞汇报法词根)",0,0,,,2026-08-08,
职场新人谈薪,候选,"小红书大家都在搜(2026-08-08,应届生hr谈薪词根)",0,0,,,2026-08-08,
00后谈薪方法,候选,"小红书大家都在搜(2026-08-08,应届生hr谈薪词根)",0,0,,,2026-08-08,
接到offer谈薪,候选,"小红书大家都在搜(2026-08-08,应届生hr谈薪词根)",1,2,—(web-only),run1(2026-08-15)_2/6=33.3%; ,2026-08-08,2026-08-15
入职怎么谈薪,候选,"小红书大家都在搜(2026-08-08,应届生hr谈薪词根)",0,0,,,2026-08-08,
hr应届生薪酬,候选,"小红书大家都在搜(2026-08-08,应届生hr谈薪词根)",0,0,,,2026-08-08,
毕业生谈薪,候选,"小红书大家都在搜(2026-08-08,应届生需要谈薪吗验证词)",0,0,,,2026-08-08,
应届毕业生谈薪,候选,"小红书大家都在搜(2026-08-08,应届生hr谈薪词根)",0,0,,,2026-08-08,
应届hr薪资水平,候选,"小红书大家都在搜(2026-08-08,应届生hr谈薪词根)",0,0,,,2026-08-08,
应届生面试谈薪,候选,"小红书大家都在搜(2026-08-08,应届生hr谈薪词根)",0,0,,,2026-08-08,
prep万能公式,候选,大家都在搜,0,0,—,—,2026-08-08,—
prep法则是什么,候选,大家都在搜,0,0,—,—,2026-08-08,—
prep表达模型,候选,大家都在搜,0,0,—,—,2026-08-08,—
面试如何装出松弛感,候选,大家都在搜,0,0,—,—,2026-08-08,—
面试装松弛感技巧,候选,大家都在搜,0,0,—,—,2026-08-08,—
半导体面试自我介绍,候选,大家都在搜,0,0,—,—,2026-08-08,—
面试一般要说些什么,候选,大家都在搜,0,0,—,—,2026-08-08,—
面试通过要问什么问题,候选,大家都在搜,0,0,—,—,2026-08-08,—
面试什么能说什么不能说,候选,小红书大家都在搜(面试什么话不能说/事业单位面试不能说什么两页共同出现),0,0,—,—,2026-08-08,—
面试对自己的职业规划,候选,小红书大家都在搜(面试职业规划怎么说搜索页),0,0,—,—,2026-08-08,—
职场真实表达技巧,候选,小红书大家都在搜(职场委婉表达技巧搜索页),0,0,—,—,2026-08-08,—
职场表达情商技巧,候选,小红书大家都在搜(职场委婉表达技巧搜索页),0,0,—,—,2026-08-08,—
面试反问环节,退休,大家都在搜(去面试要问清楚哪些问题结果页),1,0,—,"run1_0%(0新/7抓;web;候选首投,检索结果全部与活跃词""面试反问""历史收录高度重叠,建议后续与""面试反问""合并不单列候选)",2026-08-08,2026-08-09
薪酬谈判策略,候选,大家都在搜(薪资谈判技巧与策略结果页),1,5,—,"run1_83.3%(5新/6抓;web;候选首投,mokahr/do1/知乎九步曲[438997789]/中略咨询/keycourse共5条新增,本轮全场最高命中率,建议下轮结合小红书交叉验证后升级活跃",2026-08-08,2026-08-09
薪资谈判顺序,候选,大家都在搜(薪资谈判技巧与策略结果页),0,0,—,—,2026-08-08,—
薪酬谈判九步曲,退休,"WebSearch(知乎438997789,薪酬谈判策略验证结果)",1,本轮新增0条; 前值:0,—,"run1_首投0/0=0%(2026-08-11;小红书精确关键词搜索无任何结果返回,判定该候选词非真实XHS搜索习惯用语[原为知乎标题衍生]);run2_退休(2026-08-11;确认0搜索结果非真实用户搜索用语,按建议标记退休不再复投)",2026-08-09,2026-08-11
说话有分寸技巧,候选,"WebSearch(知乎441681207,职场表达根词结果)",0,0,—,—,2026-08-09,—
职场委婉语手册,活跃,"WebSearch(中新网,职场强势表达根词结果)",1,本轮新增6条(XHS4+web2); 前值:0,约12(XHS4条样本:32/2/15/0),"run1_首投XHS4/6≈66.7%+web2/5=40%,合计6/11≈54.5%(2026-08-11;超40%阈值同轮升级为活跃;新增职场沟通的加分项话术32赞/把嗯嗯好哒换成这4句话后同事开始尊重我了15赞/如何礼貌委婉地拒绝上级领导的加班要求等,供给以'委婉拒绝/礼貌用语替换'角度为主,与既有活跃词职场委婉表达/职场委婉表达技巧重叠度需后续观察)",2026-08-09,2026-08-11
结构化思维表达,候选,WebSearch(金字塔原理根词相关搜索),0,0,—,—,2026-08-09,—
会议发言技巧,活跃,"web搜索标题(打草稿能力轮衍生,知乎会议五分钟发言问题)",1,"本轮新增10条(原始12新/17抓,按上限截取记录); 前值:0",—,run1_首投12/17≈70.6%(2026-08-11;远超40%阈值同轮升级为活跃;新增含2条1小时内新发[会议发言怎么讲话-明亮的铭昨天18:14/如何在正式场合发言-叶子社会化指南43分钟前]及多条中高赞[外企Presentation九大环节必备口语表达1552赞/咨询技能之Junior如何在客户会议里讲话1093赞/我发现一个发言不紧张的秘诀1863赞]),2026-08-09,2026-08-11
面试话术模板大全,候选,web搜索标题(视频面试开场白轮域名高频出现:简历网/YY简历网等模板站点集群),0,0,—,"候选新发现(2026-08-09;来自视频面试开场白轮web结果关联发现,未试投)",2026-08-09,—
无领导小组抢话怎么办,活跃,"评论区原话衍生(无领导小组群面技巧轮,Airn评论:十二人无编号群面抢话混乱)",1,本轮新增11条(XHS6+web5); 前值:0,"约4(XHS6条样本:23/0/1/0/0/0,低赞新发为主)","run1_首投XHS6/6=100%+web5/6≈83.3%,合计11/12≈91.7%(2026-08-11;远超40%阈值同轮升级为活跃;来源评论区原话衍生[无领导小组群面技巧轮,Airn评论];新增群面所有人都急着表现自己23赞/HR说无领导小组讨论角色终极抢攻略/群面别再抢Leader这样做稳拿高分等,与词库长句'群面抢不上话怎么办'本轮同步验证通过高度同源,后续选题需二选一避免重复投放)",2026-08-11,2026-08-11
群面没编号怎么发言,活跃,无领导小组群面技巧轮相关搜索/大家都在搜,1,"run4(2026-08-13)候选首投新增8条(8/8=100%,相关性过滤后;原始命中8/20=40.0%,过滤12条无关内容[群面暗示结果/职场吐槽段子/加拿大生活等]后剩8条全部相关且全部为新增笔记); ","约13880(8条样本,含9.3万拉高;去除拉高样本后中位数偏低多在个位数到三位数)","run4(2026-08-13)_8/8=100%(候选首投,综合排序;直接命中留学生小组讨论不敢说话5句话救场11赞/群面也是面试插不上话先别抢C位3赞等,与本账号持续标记的'十几人无编号完全失序群面'答案空缺高度吻合);远超40%阈值同轮升级为活跃",2026-08-11,2026-08-13
SCQA模型案例,候选,SCQA轮大家都在搜,0,0,—,—,2026-08-11,—
麦肯锡SCQA模型,候选,SCQA轮大家都在搜,0,0,—,—,2026-08-11,—
会议发言公式,候选,会议发言技巧轮大家都在搜,0,0,—,—,2026-08-11,—
如何做好会议发言,候选,会议发言技巧轮大家都在搜,0,0,—,—,2026-08-11,—
面试通关话术模板,候选,面试什么话该说轮相关搜索,0,0,—,—,2026-08-11,—
职场沟通逻辑,候选,职场表达轮大家都在搜,1,run3(2026-08-12)候选首投_web-only新增1条(1/6≈16.7%),run3均值—(web-only无点赞数据),"run3(2026-08-12)_1/6≈16.7%(候选首投,web-only;新增职场发展职场上如何提高沟通效率[知乎]1条,过滤5条重复[秒懂职场汇报沟通3个底层逻辑/职场沟通篇/10个句式/8个要点/如何高效沟通六诀窍];未达40%阈值不升级为活跃,因XHS未登录数据不完整,建议下次XHS恢复后重投)",2026-08-11,2026-08-12
面试松弛感秘诀,候选,面试技巧轮大家都在搜,1,run3(2026-08-12)候选首投_web-only新增3条(3/12=25.0%),run3均值—(web-only无点赞数据),"run3(2026-08-12)_3/12=25.0%(候选首投,web-only;新增求职面试很紧张如何缓解压力教你3个方法[知乎]/放轻松6招教你缓解面试紧张感[知乎]/面试指导第一次面试紧张是你吗[知乎]共3条,过滤9条重复[为何面试官越来越看重松弛感/临场发挥小技巧/克服面试紧张9种方法/教你如何治愈面试紧张症/2026年面试技巧6个实战要点等];未达40%阈值不升级,因XHS未登录本轮无法验证真实笔记供给,建议下次连接后复投)",2026-08-11,2026-08-12
超简短自我介绍,候选,简单大气的自我介绍轮大家都在搜,0,0,—,—,2026-08-11,—
高质量自我介绍,候选,简单大气的自我介绍轮大家都在搜,0,0,—,—,2026-08-11,—
大方得体的自我介绍,候选,简单大气的自我介绍轮大家都在搜,0,0,—,—,2026-08-11,—
简短的自我介绍,候选,简单大气的自我介绍轮大家都在搜,0,0,—,—,2026-08-11,—
独一无二的自我介绍,候选,简单大气的自我介绍轮大家都在搜,0,0,—,—,2026-08-11,—
scqa原则,候选,SCQA模型职场汇报怎么用验证页大家都在搜,0,0,—,—,2026-08-11,—
scqa模型汇报话术,候选,SCQA模型职场汇报怎么用验证页大家都在搜,0,0,—,—,2026-08-11,—
scqa结构化表达模型ppt,候选,SCQA模型职场汇报怎么用验证页大家都在搜,0,0,—,—,2026-08-11,—
怎么练群面,候选,群面抢不上话怎么办验证页大家都在搜,0,0,—,—,2026-08-11,—
职场破局话术大全,活跃,职场反pua经典话术相关搜索(2026-08-11),1,0; run(08-12)新增18条(69.2%),— | run(08-12)均值约8495(样本:39000/231/6278/15000/292/12000/9136/1405/38/11000),"— | run(2026-08-12)候选首投_18/26=69.2%(远超40%阈值,同轮升级为活跃;综合排序,新增职场万用术你学会了吗39000赞/真正的反击不是掀桌子而是不入局231赞/避免背锅的万能话术9136赞等,供给以'反击/破局/万用话术'角度为主,与既有活跃词'职场高情商表达'簇有中度重叠需后续选题去重)",2026-08-11,2026-08-12
职场话术反制技巧,活跃,职场反pua经典话术相关搜索(2026-08-11),1,0; run(08-12)新增16条(59.3%),— | run(08-12)均值约5534(样本:210/4906/155/1228/1736/61000/327/1898/68/31),"— | run(2026-08-12)候选首投_16/27=59.3%(远超40%阈值,同轮升级为活跃;综合排序,新增如何高情商回怼他人带恶意的表达61000赞/白女同事亲授的say no技巧4906赞/被泼脏水时三招让他瞬间闭嘴1898赞等,与'职场破局话术大全'今日同轮首投存在约30%笔记池重叠[职场万用术/最好的反击/外企英语100句礼貌发飙3条已计入前者,本词已排除],后续选题需二选一避免重复投放)",2026-08-11,2026-08-12
面试官的暗语,候选,面试潜台词相关搜索(2026-08-11),0,0,—,—,2026-08-11,—
结构化表达模型,候选,结构化表达相关搜索(2026-08-11),0,0,—,—,2026-08-11,—
结构化表达的案例,候选,结构化表达相关搜索(2026-08-11),0,0,—,—,2026-08-11,—
直接拒绝话术,候选,大家都在搜(拒绝领导找你帮忙的话术验证时收割),0,0,—,—,2026-08-11,—
婉拒领导话术,候选,大家都在搜(拒绝领导找你帮忙的话术验证时收割),0,0,—,—,2026-08-11,—
求人帮忙的幽默话术,候选,大家都在搜(拒绝领导找你帮忙的话术验证时收割),0,0,—,—,2026-08-11,—
无领导小组模拟题库,活跃,无领导小组讨论模拟轮大家都在搜,2,"run(2026-08-13)新增8条(8/8=100%,升级为活跃); run4(2026-08-12)候选首投_web-only新增5条(5/7≈71.4%);新增请写出最经典的无领导小组讨论题目/有哪些比较好的无领导小组讨论试题[知乎]/HR系列无领导小组讨论经典题目及参考答案[知乎]/无领导小组讨论面试题及答案整理[CSDN]/无领导小组讨论面试真题分类精讲[PreTalent],过滤2条与前序重复;命中率远超40%阈值但因XHS未登录样本不完整,暂不升级为活跃,标记'强候补'待XHS恢复登录后复投确认",—(web-only无点赞数据),"run(2026-08-13)_8/8=100%(XHS已登录复投,真实小红书数据;新增深南电路群面无领导小组面试高频考点121题/2026年腾讯行政岗面试经典高频127题目/无领导小组面试常见话术(三)45赞/校招群面无领导小组讨论每周模拟7赞等;此前run4[08-12]为web-only71.4%强候补,本轮XHS真实登录数据远超40%阈值,确认升级为活跃) | 71.4%(5/7,候选首投,web-only,强候补待XHS复投确认)",2026-08-12,2026-08-13
求职面试高频题库,候选,面试高频题型轮大家都在搜,1,0; run3(08-13)新增7条,"约282(5条有效样本:205/166/727/126/184,2条无点赞数据) | 前值见历史","run3(2026-08-13)_候选首投(08-12新收割,今日未测试过)_7/20=35.0%(XHS已登录真实数据;新增FP&A面试高频题/AI Engineer面试建议这样准备/Google高频leetcode题目/dataanalyst面试不背题真的寸步难行等,未达40%阈值,维持候选状态待下轮复投) | 前值:—",2026-08-12,2026-08-13
职场万能反击话术,候选,职场破局话术大全/职场话术反制技巧轮大家都在搜,0,0,—,—,2026-08-12,—
职场反驳话术技巧,候选,职场话术反制技巧轮大家都在搜,0,0,—,—,2026-08-12,—
职场沟通破局话术,候选,职场破局话术大全轮大家都在搜,0,0,—,—,2026-08-12,—
高情商破局,候选,职场破局话术大全轮大家都在搜,1,0; run3(08-13)新增6条,"约4113(4条有效样本:731/1.5万/524/195,2条无点赞数据) | 前值见历史","run3(2026-08-13)_候选首投(08-12新收割,今日未测试过)_6/20=30.0%(XHS已登录真实数据,原始命中16/20=80%但经相关性过滤剔除10条泛人性心理/非职场内容[人性奥秘账号纳瓦尔进化论等]后实际收录6条;新增老祖宗对付小人心理博弈术/草台班子里最聪明的不是往上爬/毛选别人甩锅一招破局等,未达40%阈值,维持候选状态;该词与已活跃'职场破局话术大全/职场话术反制技巧'存在中度主题重叠,后续需持续去重) | 前值:—",2026-08-12,2026-08-13
职场高情商回怼,候选,"WebSearch(知乎question311123541,职场委婉表达轮相关搜索)",1,"run4(2026-08-12)候选首投_web-only新增2条(2/8=25.0%);新增私下见领导对方说批评你语气重了千万别说没事儿高情商这样回/你是如何应对工作中那些刁难你的人的[均知乎],过滤6条与run3已收录重复;未达40%阈值维持候选,因XHS未登录数据不完整建议下次XHS恢复后复投",—(web-only无点赞数据),"25.0%(2/8,候选首投,web-only)",2026-08-12,2026-08-12
职场沟通踩雷点,活跃,"WebSearch(知乎question1905271407262278572,职场表达轮相关搜索)",1,"run(2026-08-13)候选首投综合排序新增12条(12/20=60.0%,远超40%阈值同轮升级为活跃;新增12种低情商你占了几种2220赞/你的合作空间决定了你的职场天花板[黄执中]8748赞/职场中的一些隐形霸凌2604赞/沟通能力强的人说话都是这样的5662赞等)",约2858(11条有效样本:2220/1106/7409/1969/16/857/8748/2604/660/5662/174),"60.0%(12/20,候选首投,综合排序,XHS已登录真实数据)",2026-08-12,2026-08-13
面试紧张怎么快速缓解,活跃,WebSearch(面试松弛感秘诀轮相关搜索),1,"run(2026-08-13)候选首投综合排序新增14条(14/20=70.0%,远超40%阈值同轮升级为活跃,本轮全场最高命中率;新增撒贝宁的紧张自救法5162赞/我发现一个面试无敌的顶级心态5142赞/大心脏邓亚萍的顶级抗压法2504赞等,覆盖面试及广义上台紧张两类场景)",约1257(14条有效样本:2275/19/10/924/5142/20/477/23/170/4/614/2504/254/5162),"70.0%(14/20,候选首投,综合排序,XHS已登录真实数据)",2026-08-12,2026-08-13
口才式演讲,候选,职场口才训练轮WebSearch(知乎question478883060),0,0,—,—,2026-08-12,—
无领导小组讨论真题库,候选,无领导小组模拟题库轮WebSearch(PreTalent/CSDN/知乎),0,0,—,—,2026-08-12,—
无领导小组模拟题目,候选,无领导小组模拟题库相关搜索(2026-08-13),0,0,—,—,2026-08-13,—
无领导小组试题及答案,候选,无领导小组模拟题库相关搜索(2026-08-13),0,0,—,—,2026-08-13,—
无领导小组模考,候选,无领导小组模拟题库相关搜索(2026-08-13),0,0,—,—,2026-08-13,—
无领导小组收题本,候选,无领导小组模拟题库相关搜索(2026-08-13),0,0,—,—,2026-08-13,—
ai面试辅助工具,候选,AI面试轮大家都在搜,0,0,—,—,2026-08-13,—
结构化面试100题电子版,候选,结构化面试100题轮大家都在搜,0,0,—,—,2026-08-13,—
职场沟通避坑,候选,职场沟通踩雷点轮大家都在搜,0,0,—,—,2026-08-13,—
面试脱敏专用视频,候选,面试紧张怎么快速缓解轮大家都在搜,0,0,—,—,2026-08-13,—
无领导小组材料分析题,候选,小红书搜索建议(无领导小组讨论的题目有哪些词库验证轮衍生),0,0,—,—,2026-08-13,—
hr聊天沟通时的话术,候选,小红书猜你想搜(面试被hr阴阳怪气笔记详情页衍生),1,"run4(2026-08-13)候选首投新增5条(5/20=25.0%原始;相关性过滤后5/5=100%,过滤15条与已饱和'谈薪'母题重叠内容后剩5条); ",约2753(5条样本),"run4(2026-08-13)_原始5/20=25.0%,相关性过滤后5/5=100%(候选首投,综合排序;供给被'谈薪压价/谈薪话术'已饱和母题严重稀释,真实HR聊天沟通类内容占比仅25%;未达40%阈值[按原始口径]维持候选,建议下轮改用更精确query如'HR初次聊天怎么开口'避免与谈薪重叠)",2026-08-13,2026-08-13
领导气场培养,候选,小红书搜索建议(控场能力和领导能力怎么培养词库验证轮衍生),0,0,—,—,2026-08-13,—
结构化面试三步答题法,候选,结构化面试三步破题法相关搜索,0,0,—,—,2026-08-13,—
结构化面试各模块答题框架,候选,结构化面试三步破题法相关搜索,0,0,—,—,2026-08-13,—
群面技巧和话术,候选,群面没编号怎么发言相关搜索,0,0,—,—,2026-08-13,—
hr自我介绍怎么说,候选,hr问题大家都在搜,0,0,—,—,2026-08-13,—
hr高情商沟通话术,候选,hr聊天沟通时的话术大家都在搜,0,0,—,—,2026-08-13,—
线上面试,候选,"小红书大家都在搜(2026-08-15,面试技巧/面试什么话该说词根)",0,0,,,2026-08-15,
见习面试自我介绍,候选,"小红书大家都在搜(2026-08-15,面试技巧/面试什么话该说词根)",0,0,,,2026-08-15,
秋招提前批,候选,秋招面试技巧轮 牛客/CSDN 站内高频标签(2026-08-15run2),1,4,约89(相关性过滤后2条均值),10.5%,2026-08-15,2026-08-15
反问环节问题清单,活跃,反向面试问题轮 知乎相关问答衍生(2026-08-15run2),1,7,约2287(7条相关新增均值),41.2%,2026-08-15,2026-08-15
例会发言技巧,活跃,办公室例会话术轮 百度知道/博客园衍生(2026-08-15run2),1,run2(2026-08-17)新增13条; 0,约4845（8条XHS样本）| ,2026-08-17run2_13/20=65.0%(XHS+web) | ,2026-08-15,2026-08-17
高情商回复话术,候选,沟通话术轮 知乎专栏标题(2026-08-15run2),0,0,,,2026-08-15,
反问可以问哪些问题,候选,"小红书相关搜索(反问环节问题清单轮,2026-08-15run4)",0,0,,,2026-08-15,
反问回答问题,候选,"小红书相关搜索(反问环节问题清单轮,2026-08-15run4)",0,0,,,2026-08-15,
反问小技巧,候选,"小红书相关搜索(反问环节问题清单轮,2026-08-15run4)",0,0,,,2026-08-15,
反问话术模板,候选,"小红书筛选标签(面试官反问你还有什么问题轮 话术模板,2026-08-15run4)",1,2026-08-16run1_4/19=21.1%,约1150(相关性过滤后),2026-08-16run1:21.1%(4新/19抓) | ,2026-08-15,2026-08-16
提前批免笔试,候选,秋招提前批轮 牛客/博客园站内高频表述(2026-08-15run4),0,0,,,2026-08-15,
体面拒绝话术,候选,职场拒绝话术轮 前排标题高频原句(2026-08-15run4),1,4,约1564,08-15run5:33.3%(4新/12抓;原始7条经相关性过滤后4条),2026-08-15,2026-08-15
高情商接话公式,活跃,职场会接话轮 前排标题高频原句(2026-08-15run4),1,6,约5153,08-15run5:50.0%(6新/12抓;原始6条经相关性过滤后6条),2026-08-15,2026-08-15
面试大脑空白怎么学,候选,"小红书下拉补全(面试大脑空白,2026-08-15run5)",0,0,,,2026-08-15,
面试大脑空白没词怎么办,候选,"小红书下拉补全(面试大脑空白,2026-08-15run5)",0,0,,,2026-08-15,
面试临场发挥,活跃,"小红书搜索筛选标签(面试被问到细节答不上来怎么办,2026-08-15run5)",1,2026-08-16run1_14/27=51.9%,约1.3万(压力面试4.4万/马上要面试3.4万领涨),2026-08-16run1:51.9%(14新/27抓) | ,2026-08-15,2026-08-16
面试失败案例,候选,"小红书搜索筛选标签(面试被问到细节答不上来怎么办,2026-08-15run5)",0,0,,,2026-08-15,
面试问题打不出来怎么办,候选,"小红书大家都在搜(面试被问到细节答不上来怎么办,2026-08-15run5)",0,0,,,2026-08-15,
万能场面话,候选,高情商接话公式轮 前排标题高频原句(2026-08-15run5),0,0,,,2026-08-15,
面试脏面评,活跃,小红书评论区原话+牛客帖(2026-08-16run1),1,14,约1200,"08-16run2候选首投:14/20=70.0%,远超40%阈值升级为活跃;面评焦虑为全新独立场景域",2026-08-16,2026-08-16
面试凉了的信号,活跃,"知乎问题标题(怎么判断自己面试是不是凉了,2026-08-16run1)",1,12,约250,"08-16run2候选首投:12/20=60.0%,远超40%阈值升级为活跃;判读型场景域供给充沛但答案层薄",2026-08-16,2026-08-16
反问被敷衍,候选,小红书下拉补全+笔记评论区(2026-08-16run1),0,,,,2026-08-16,
面试知识盲区,候选,"小红书前排标题高频原句(面试答不上来怎么说轮,2026-08-16run1)",0,,,,2026-08-16,
面试手撕没做出来还能过吗,候选,"小红书下拉补全(面试手撕题没做出来,08-16run2)",0,0,,,2026-08-16,
面试算法题写不出来怎么办,候选,"小红书下拉补全(面试手撕题没做出来,08-16run2)",0,0,,,2026-08-16,
面试怎么看出来自己过没过,候选,"小红书下拉补全(面试手撕题没做出来,08-16run2)",0,0,,,2026-08-16,
面试官敷衍话术,活跃,"小红书下拉补全(面试官敷衍,08-16run2)",1,8,,"run5(2026-08-16)_8/10=80.0%(web-only,XHS风控) | ",2026-08-16,2026-08-16
面试官敷衍傲慢,候选,"小红书下拉补全(面试官敷衍,08-16run2)",0,0,,,2026-08-16,
面试完等通知,活跃,"小红书下拉补全根词(面试完等通知9条补全,需求密度极高,08-16run2)",1,19,,"run5(2026-08-16)_19/25=76.0%(web-only,XHS风控) | ",2026-08-16,2026-08-16
面试说等通知是什么意思,候选,"小红书相关搜索(面试完说等通知,08-16run2)",0,0,,,2026-08-16,
面试说等通知是拒绝吗,候选,"小红书相关搜索(面试完说等通知,08-16run2)",0,0,,,2026-08-16,
面评一般写什么,候选,"小红书大家都在搜(面试脏面评,08-16run2)",0,0,,,2026-08-16,
脏面评是什么意思,候选,"小红书大家都在搜(面试脏面评,08-16run2)",0,0,,,2026-08-16,
面评怎么看,候选,"小红书大家都在搜(面试脏面评,08-16run2)",0,0,,,2026-08-16,
腾讯面试有面评吗,候选,"小红书大家都在搜(面试脏面评,08-16run2)",0,0,,,2026-08-16,
面试follow up邮件,候选,WebSearch 面灵AI/超级简历(08-16run2),0,0,,,2026-08-16,
职场边界感说话尺度,候选,"WebSearch 知乎专栏(职场分寸感轮,08-16run2)",0,0,,,2026-08-16,
面试跟进邮件,候选,2026-08-16run5收割(源④知乎/牛客问题标题),0,0,—,—,2026-08-16,
凉经,候选,2026-08-16run5收割(源④知乎/牛客问题标题),0,0,—,—,2026-08-16,
压力面试应对,活跃,2026-08-16run5收割(源④知乎/牛客问题标题),1,6,—(web-only无点赞数据),08-17run1_6/7=85.7%(web-only),2026-08-16,2026-08-17
面试哑口无言,候选,2026-08-16run5收割(源④知乎/牛客问题标题),0,0,—,—,2026-08-16,
反压价,候选,2026-08-16run5收割(源④知乎/牛客问题标题),0,0,—,—,2026-08-16,
年度综合总包,候选,2026-08-16run5收割(源④知乎/牛客问题标题),0,0,—,—,2026-08-16,
面试内部审批,候选,2026-08-16run5收割(源④知乎/牛客问题标题),0,0,—,—,2026-08-16,
职场接话,种子,"20260816场景扩展｜接话/反应慢簇：116条、热度中位251（全场最高）、最高12.7万；且「职场表达」种子的备注写着前排被""职场会接话""变体占位",1,run3(2026-08-18)_3/17=17.6%; 0,约42（3条样本）,run3(2026-08-18)_3/17=17.6% | ,2026-08-16,2026-08-18
职场回怼,种子,20260816场景扩展｜回怼/反击簇：33条、中位68、最高55.9万(治同事)——全库天花板最高的一簇,1,run3(2026-08-18)_5/19=26.3%; 0,约515（5条样本）,run3(2026-08-18)_5/19=26.3% | ,2026-08-16,2026-08-18
开会发言紧张,种子,20260816场景扩展｜紧张/上台簇：120条、最高8.9万；场景具体不易串到非职场,1,run3(2026-08-18)_10/20=50.0%; 0,约3518（10条样本）,run3(2026-08-18)_10/20=50.0% | ,2026-08-16,2026-08-18
职场甩锅,种子,20260816场景扩展｜甩锅/背锅/抢功簇：84条、最高4.2万(甩锅小连招),1,run3(2026-08-18)_13/18=72.2%; 0,约1042（13条样本）,run3(2026-08-18)_13/18=72.2% | ,2026-08-16,2026-08-18
压力面,候选,2026-08-17run1 WebSearch知乎/CSDN问题标题,0,0,—,—,2026-08-17,
面试PUA,活跃,2026-08-17run1 WebSearch Gank Interview标题,1,22,14565,81.5%,2026-08-17,2026-08-17
面试暗示,候选,2026-08-17run1 WebSearch知乎问题标题,0,0,—,—,2026-08-17,
向上汇报,候选,2026-08-17run1 XHS个人工作汇报话术前排高频原句,0,0,—,—,2026-08-17,
述职金句,活跃,2026-08-17run1 XHS个人工作汇报话术前排高频原句,1,24,2483,88.9%,2026-08-17,2026-08-17
面试手势,候选,2026-08-17run1 XHS面试肢体语言前排高频原句,0,0,—,—,2026-08-17,
高管感表达,候选,2026-08-17run1 XHS职场表达前排原句,0,0,—,—,2026-08-17,
面试体,候选,2026-08-17run1 XHS面试技巧前排原句,0,0,—,—,2026-08-17,
万能救场话术,活跃,2026-08-17run1 WebSearch CSDN标题,1,run2(2026-08-17)新增21条; 0,约2900（13条XHS样本）| —,2026-08-17run2_21/27=77.8%(XHS+web) | —,2026-08-17,2026-08-17
高效沟通,候选,2026-08-17run1 XHS职场表达筛选标签,0,0,—,—,2026-08-17,
职场鼓励话语,候选,2026-08-17run1 XHS职场表达筛选标签,0,0,—,—,2026-08-17,
幽默救场话术,候选,XHS大家都在搜/万能救场话术,0,0,—,—,2026-08-17,—
解围话术,候选,XHS大家都在搜/万能救场话术,0,0,—,—,2026-08-17,—
例会发言内容,候选,XHS大家都在搜/例会发言技巧,0,0,—,—,2026-08-17,—
面试面评,候选,2026-08-17run3大家都在搜/结果页标签收割,0,0,—,—,2026-08-17,—
面试加面,活跃,2026-08-17run3大家都在搜/结果页标签收割,1,10,363,08-17run4_10/10=100.0%,2026-08-17,2026-08-17
述职结束语,候选,2026-08-17run3大家都在搜/结果页标签收割,0,0,—,—,2026-08-17,—
职场英文表达,候选,2026-08-17run3大家都在搜/结果页标签收割,0,0,—,—,2026-08-17,—
压力面反击话术,活跃,2026-08-17run3大家都在搜/结果页标签收割,1,10,4199,08-17run4_10/20=50.0%,2026-08-17,2026-08-17
面试感谢信,候选,2026-08-17run3大家都在搜/结果页标签收割,0,0,—,—,2026-08-17,—
面试停顿,候选,2026-08-17run3大家都在搜/结果页标签收割,0,0,—,—,2026-08-17,—
高情商接话,候选,2026-08-17run3大家都在搜/结果页标签收割,0,0,—,—,2026-08-17,—
压力面试常见问题,候选,08-17run4下拉补全/相关搜索收割,0,0,—,—,2026-08-17,
面试邀约,候选,08-17run4下拉补全/相关搜索收割,0,0,—,—,2026-08-17,
即兴发言万能公式,候选,08-17run4下拉补全/相关搜索收割,0,0,—,—,2026-08-17,
高管池,候选,08-17run4下拉补全/相关搜索收割,0,0,—,—,2026-08-17,
开会点名发言,活跃,08-17run4下拉补全/相关搜索收割,1,4,"约1089(1条拉高,余无数据)",— | 08-18run6_4/9=44.4%首投,2026-08-17,2026-08-18
终面潜台词,活跃,08-17run4下拉补全/相关搜索收割,1,9,约3.4万,08-18run1_9/21=42.9%,2026-08-17,2026-08-18
面试改期,活跃,08-17run4下拉补全/相关搜索收割,1,17,约72,08-18run1_17/18=94.4%,2026-08-17,2026-08-18
压力型面试问题,候选,08-18run1大家都在搜/知乎问题标题收割,0,0,—,—,2026-08-18,
二面压力面,候选,08-18run1大家都在搜/知乎问题标题收割,0,0,—,—,2026-08-18,
终面ceo面,候选,08-18run1大家都在搜/知乎问题标题收割,0,0,—,—,2026-08-18,
董事长终面,候选,08-18run1大家都在搜/知乎问题标题收割,0,0,—,—,2026-08-18,
会议礼仪发言,活跃,08-18run1大家都在搜/知乎问题标题收割,1,7,约2600,08-18run2_7/9=77.8%,2026-08-18,2026-08-18
推迟面试话术,活跃,08-18run1大家都在搜/知乎问题标题收割,1,8,约350,08-18run2_8/12=66.7%,2026-08-18,2026-08-18
高情商回话,候选,08-18run1大家都在搜/知乎问题标题收割,0,0,—,—,2026-08-18,
面试婉拒,候选,08-18run1大家都在搜/知乎问题标题收割,0,0,—,—,2026-08-18,
催offer话术,活跃,08-18run2大家都在搜/相关搜索收割,1,8,约508,"— | 08-18run6_8/8=100.0%首投,命中率100%,直给可复制模板,与最大答案空缺高度契合",2026-08-18,2026-08-18
涨薪成功案例分享,候选,08-18run2大家都在搜/相关搜索收割,0,0,—,—,2026-08-18,
晋升调薪,候选,08-18run2大家都在搜/相关搜索收割,0,0,—,—,2026-08-18,
开会发言礼仪,候选,08-18run2大家都在搜/相关搜索收割,0,0,—,—,2026-08-18,
hr录用信号,活跃,08-18run2大家都在搜/相关搜索收割,1,9,"约576(1条样本,余8条无热度显示)",08-18run4_9/20=45.0%,2026-08-18,2026-08-18
面试结果询问话术,候选,08-18run2大家都在搜/相关搜索收割,0,0,—,—,2026-08-18,
会议发言万能公式,候选,08-18run2大家都在搜/相关搜索收割,1,6,约798(3条样本:1535/280/579),08-18run4_6/20=30.0%,2026-08-18,2026-08-18
面试话术秘招,候选,08-18run2大家都在搜/相关搜索收割,0,0,—,—,2026-08-18,
结构化汇报模板,候选,08-18run4大家都在搜收割,0,0,—,—,2026-08-18,
结构化汇报公式,候选,08-18run4大家都在搜收割,0,0,—,—,2026-08-18,
hr积极信号,候选,08-18run4大家都在搜收割,0,0,—,—,2026-08-18,
hr录取信号,候选,08-18run4大家都在搜收割,0,0,—,—,2026-08-18,
会议发言思路,候选,08-18run4大家都在搜收割,0,0,—,—,2026-08-18,
工作会议发言,候选,08-18run4大家都在搜收割,0,0,—,—,2026-08-18,
领导点名批评,候选,run6开会点名发言根词收割,0,0,—,,2026-08-18,
延迟入职话术,候选,run6评论区原话收割,0,0,—,,2026-08-18,
正式offer怎么催,候选,run6催offer话术根词大家都在搜,0,0,—,,2026-08-18,
开会被cue,候选,run6即兴发言根词收割,0,0,—,,2026-08-18,
撕offer,候选,run6催offer话术根词收割,0,0,—,,2026-08-18,
拖offer,候选,run6催offer话术根词收割,0,0,—,,2026-08-18,
