标题,URL,来源,关键词,首次收录日期,热度
实战经验告诉你，面试官的那些：潜台词！,https://www.xiaohongshu.com/search_result?keyword=%E9%9D%A2%E8%AF%95%E6%8A%80%E5%B7%A7,小红书,面试技巧,2026-06-24,37万
表达力开挂！7个故事模型让你秒变聊天主角！,https://www.xiaohongshu.com/search_result?keyword=%E8%81%8C%E5%9C%BA%E8%A1%A8%E8%BE%BE,小红书,职场表达,2026-06-24,1360
职场有效沟通的5个基本原则,https://www.woshipm.com/zhichang/2886038.html,网页,职场表达,2026-06-24,—
00后面试自我介绍已是nextlevel了（万能公式）,https://www.xiaohongshu.com/search_result?keyword=%E9%9D%A2%E8%AF%95%E4%BB%80%E4%B9%88%E8%AF%9D%E8%AF%A5%E8%AF%B4,小红书,面试什么话该说,2026-06-24,2.6万
面试必问12题，死亡回答 VS 满分答案,https://m.wondercv.com/blog/30FF0RZi,网页,面试什么话该说,2026-06-24,—
去面试 不该说的不要说（附回答模版）,https://www.xiaohongshu.com/search_result?keyword=%E9%9D%A2%E8%AF%95%E4%BB%80%E4%B9%88%E8%AF%9D%E4%B8%8D%E8%83%BD%E8%AF%B4,小红书,面试什么话不能说,2026-06-24,2.8万
面试时绝对不能说的10句话,https://m.51job.com/news/detail.php?newsid=05_413603,网页,面试什么话不能说,2026-06-24,—
HR最常用的20个面试问题及答案,https://m.51job.com/news/detail.php?newsid=05_397182,网页,hr问题,2026-06-24,—
30个HR常问的行为面试问题和解答思路,https://www.lhhfesco.com/articles-172,网页,hr问题,2026-06-24,—
职场高情商沟通技巧,https://www.hrloo.com/news/280554.html,网页,职场表达,2026-06-24,—
职场沟通升级：5个技巧让你效率翻倍,https://cj.sina.com.cn/articles/view/7879848901/1d5acf3c501901jemq,网页,职场表达,2026-06-24,—
面试官问'你的期望薪资是多少'这样回答就ok,https://zhuanlan.zhihu.com/p/676938749,网页,薪资待遇话术,2026-06-24,—
【附话术】职场新人谈薪技巧,https://www.nowcoder.com/feed/main/detail/285bdb5073624f25a1d511ded31931ea,网页,薪资待遇话术,2026-06-24,—
面试官：你期望薪资是多少？千万别说数字，3步回答,https://zkb.gmc.edu.cn/info/1097/2655.htm,网页,薪资待遇话术,2026-06-24,—
面试避雷话术,https://www.nowcoder.com/feed/main/detail/5ec66f2a9f9f4ea0815b3ab7dbc37b0e,网页,面试什么话不能说,2026-06-24,—
面试雷区排除：面试中的五项大忌,https://www.michaelpage.com.cn/advice/career-advice/interview/5-interview-mistakes-you-should-never-make,网页,面试什么话不能说,2026-06-24,—
50个经典面试问题及详细解答,https://zhuanlan.zhihu.com/p/589628445,网页,面试什么话该说,2026-06-24,—
面试准备终极指南：10个必问问题+完美回答模板,https://www.zhitoujianli.com/blog/2025-12-16-interview-preparation-ultimate-guide/,网页,面试什么话该说,2026-06-24,—
3个反问让面试官决定录用你,https://www.xiaohongshu.com/search_result?keyword=%E9%9D%A2%E8%AF%95%E5%8F%8D%E9%97%AE,小红书,面试反问,2026-06-24,4.3万
反问环节，搞定面试官？,https://zhuanlan.zhihu.com/p/669986057,网页,面试反问,2026-06-24,—
面试中HR反问：4个万能问题,https://www.nowcoder.com/discuss/363285729504489472,网页,面试反问,2026-06-24,—
48个高频面试问题，总结高分回答模板,https://www.nowcoder.com/discuss/364011316049125376,网页,面试技巧,2026-06-24,—
HR面试必问的10个问题及回答技巧,https://zhuanlan.zhihu.com/p/67994619,网页,面试技巧,2026-06-24,—
越来越受欢迎的人，都有这11个高情商习惯,https://www.xiaohongshu.com/search_result?keyword=%E9%AB%98%E6%83%85%E5%95%86%E8%A1%A8%E8%BE%BE,小红书,高情商表达,2026-06-24,6.1万
高情商聊天？20种实用技巧和案例,https://zhuanlan.zhihu.com/p/76278152,网页,高情商表达,2026-06-24,—
试过了，普通女生也能练出超强表达力！,https://www.xiaohongshu.com/search_result?keyword=%E8%81%8C%E5%9C%BA%E8%A1%A8%E8%BE%BE&sort=time_descending,小红书,职场表达,2026-06-25,5.5万
2026实测6个职场向上沟通小技巧，效率涨35%,https://www.sohu.com/a/994998370_122532220,网页,职场表达,2026-06-25,—
2026职场进阶指南：提升沟通能力,https://gaokao.eol.cn/gzxy/yxdt/202603/t20260324_2724155.shtml,网页,职场表达,2026-06-25,—
难怪他们job interview都这么轻松,https://www.xiaohongshu.com/search_result?keyword=%E9%9D%A2%E8%AF%95%E6%8A%80%E5%B7%A7&sort=time_descending,小红书,面试技巧,2026-06-25,8331
80个面试高频问答（5大模块全覆盖）,https://www.ncss.cn/ncss/zt/msjq.shtml,网页,面试技巧,2026-06-25,—
通用的50条面试技巧,https://blog.csdn.net/m0_61257622/article/details/136202356,网页,面试技巧,2026-06-25,—
HR面过两千人总结出的经验❗拿offer必看,https://www.xiaohongshu.com/search_result?keyword=%E9%9D%A2%E8%AF%95%E4%BB%80%E4%B9%88%E8%AF%9D%E8%AF%A5%E8%AF%B4&sort=time_descending,小红书,面试什么话该说,2026-06-25,4万
STAR法则手把手梳理项目经历（附真实案例）,https://www.nowcoder.com/discuss/807724268699021312,网页,面试什么话该说,2026-06-25,—
10个高频问题+完美回答模板,https://www.nowcoder.com/discuss/865650678847262720,网页,面试什么话该说,2026-06-25,—
面试技巧（03）1分钟读懂，面试官潜台词,https://www.xiaohongshu.com/search_result?keyword=%E9%9D%A2%E8%AF%95%E4%BB%80%E4%B9%88%E8%AF%9D%E4%B8%8D%E8%83%BD%E8%AF%B4&sort=time_descending,小红书,面试什么话不能说,2026-06-25,5.9万
面试时绝对不能说的13句话,https://blog.csdn.net/yangyouni/article/details/38679483,网页,面试什么话不能说,2026-06-25,—
面试中四大禁忌,https://qh.huatu.com/2024/0708/1752672.html,网页,面试什么话不能说,2026-06-25,—
原来这才是面试官最想听到的问题‼️,https://www.xiaohongshu.com/search_result?keyword=%E9%9D%A2%E8%AF%95%E5%8F%8D%E9%97%AE&sort=time_descending,小红书,面试反问,2026-06-25,4万
面试反问问题合集，这样问很加分,https://boardmix.cn/article/interviewtips/,网页,面试反问,2026-06-25,—
i 人请直接照着念,https://www.xiaohongshu.com/search_result?keyword=%E8%B0%88%E8%96%AA%E6%8A%80%E5%B7%A7&sort=time_descending,小红书,薪资待遇话术,2026-06-25,2.4万
校招生标准答案不是数字而是'区间',https://www.gankinterview.cn/blog/when-asked-what-is-your-expected-salary-the-standard-answer-for-campus-recruits-,网页,薪资待遇话术,2026-06-25,—
当面试官询问'离职原因'，高情商的你如何回答,https://36kr.com/p/1331795223828488,网页,离职原因怎么说,2026-06-25,—
面试官问离职原因？高情商回答2说3不说,https://www.huanzhucv.com/news/42748.html,网页,离职原因怎么说,2026-06-25,—
HR最认可的七大离职原因,https://www.chinaacc.com/jiuye/zcbk/zh20231226163700.shtml,网页,离职原因怎么说,2026-06-25,—
离职原因这么回答，才体现出你的高情商,https://juejin.cn/post/7379416139975770175,网页,离职原因怎么说,2026-06-25,—
6大类结构化答题万能模板，背会直接套用,https://zhuanlan.zhihu.com/p/449788437,网页,结构化面试万能分析公式,2026-06-25,—
七天逆袭：结构化面试万能答题公式(不背模板也能通关),http://www.360doc.com/content/25/0520/19/3683866_1153752101.shtml,网页,结构化面试万能分析公式,2026-06-25,—
结构化面试典型答题模板及如何反模板,https://zhuanlan.zhihu.com/p/601953491,网页,结构化面试万能分析公式,2026-06-25,—
提升职场沟通能力的七大秘诀,https://blog.csdn.net/qq_34820371/article/details/145726751,网页,职场表达,2026-06-25,—
非暴力沟通四步骤·六种职场情境练习,https://readingoutpost.com/nonviolent-communication-at-work/,网页,职场表达,2026-06-25,—
2026届应届生校招AI面试全程指南,https://www.mianlingai.com/blog/fresh-grad-ai-interview-guide-2026/,网页,面试技巧,2026-06-25,—
想进字节必看!2026校招面试全流程+避坑技巧,https://zhuanlan.zhihu.com/p/2024889492524254560,网页,面试技巧,2026-06-25,—
"40+场面试100%通过率,14条经验",https://blog.csdn.net/dQCFKyQDXYm3F8rB0/article/details/116505661,网页,面试技巧,2026-06-25,—
前程无忧2026届毕业生秋招'避坑'指南,https://xz.chsi.com.cn/xz/zyts/202509/20250910/2293415299.html,网页,面试技巧,2026-06-25,—
"这10个面试常见问题,高情商的人如何回答",https://www.woshipm.com/zhichang/4951543.html,网页,面试什么话该说,2026-06-25,—
面试高情商回答,https://www.hrloo.com/news/238742.html,网页,面试什么话该说,2026-06-25,—
面试到底应该怎么回答最加分,https://www.jianli.com/article/gxpqqj.html,网页,面试什么话该说,2026-06-25,—
"面试时'踩雷'这些话,你说过吗!",https://zhuanlan.zhihu.com/p/615409173,网页,面试什么话不能说,2026-06-25,—
有哪些话是面试时千万不能说的,https://www.zhihu.com/question/20055335,网页,面试什么话不能说,2026-06-25,—
"求职面试中的十大禁忌,千万不要误入雷区",https://k.sina.cn/article_6451180192_1808532a0001002g4x.html,网页,面试什么话不能说,2026-06-25,—
"面试反问环节,见人下菜碟,25道题摆平面试官",https://zhuanlan.zhihu.com/p/103438499,网页,面试反问,2026-06-25,—
"HR超爱听的5个面试反问,建议收藏",https://www.chinaacc.com/jiuye/zcbk/li20241107150146.shtml,网页,面试反问,2026-06-25,—
"面试最后反问环节,问什么能让面试官印象深刻",https://www.zhihu.com/question/11166501213,网页,面试反问,2026-06-25,—
面试时反问HR提什么问题最好,https://www.hrloo.com/news/323710.html,网页,面试反问,2026-06-25,—
HR面试问题的回答技巧,https://www.mbachina.com/html/xw/201910/204654.html,网页,hr问题,2026-06-25,—
面试必备!HR面常问的20个问题及高分回答秘诀,https://www.cnblogs.com/jiang-xiao-bei/p/18714538,网页,hr问题,2026-06-25,—
【沟通】如何进行向上汇报,https://zhuanlan.zhihu.com/p/621568916,网页,向上汇报话术,2026-06-25,—
"这样汇报工作,一开口就秒杀95%的人!",https://blog.csdn.net/wx17343624830/article/details/138852681,网页,向上汇报话术,2026-06-25,—
"没业绩没思路没文笔,工作汇报8个技巧",https://zhuanlan.zhihu.com/p/622832095,网页,向上汇报话术,2026-06-25,—
"职场高手,赢在向上汇报",https://www.woshipm.com/zhichang/6076447.html,网页,向上汇报话术,2026-06-25,—
职场常被欺负怎么办?4招增强气场不被看轻,https://zhuanlan.zhihu.com/p/335812651,网页,职场强势表达,2026-06-25,—
怎么说话让别人不敢欺负你·5招提升气场,https://www.bilibili.com/video/BV1cA41157uh/,网页,职场强势表达,2026-06-25,—
有自信的肢体语言·5招让气场强大起来,https://www.epochtimes.com/gb/24/3/18/n14205089.htm,网页,职场强势表达,2026-06-25,—
如何增加说话的气场?有这三招,https://www.jianshu.com/p/4ebf888dd1f0,网页,职场强势表达,2026-06-25,—
《职场中如何清晰高效地表达》2个法则,https://zhuanlan.zhihu.com/p/553705142,网页,职场表达,2026-06-25,—
"职场人提高沟通表达能力,9个小技巧让说话更有说服力",https://zhuanlan.zhihu.com/p/668731941,网页,职场表达,2026-06-25,—
"5000字告诉你,如何提升职场表达能力",https://www.woshipm.com/zhichang/5896992.html,网页,职场表达,2026-06-25,—
"职场说话之道:6大场景,29个万能表达公式",https://zhuanlan.zhihu.com/p/680950972,网页,职场表达,2026-06-25,—
应届生面试常见15个问题及回答技巧,https://furzj.huas.edu.cn/info/1044/1183.htm,网页,面试技巧,2026-06-25,—
"述职汇报又被领导猛夸,汇报绝对是顶级能力",https://www.xiaohongshu.com/search_result?keyword=%E5%90%91%E4%B8%8A%E6%B1%87%E6%8A%A5%E8%AF%9D%E6%9C%AF&sort=time_descending,小红书,向上汇报话术,2026-06-25,1.1万
"听说这样汇报工作,一开口就秒杀90%的人",https://blog.csdn.net/sinat_33718563/article/details/142024405,网页,向上汇报话术,2026-06-25,—
思考录-如何在不同场景进行汇报的话术大全,https://zhuanlan.zhihu.com/p/531471273,网页,向上汇报话术,2026-06-25,—
面试谈薪时总吃亏?掌握这4个谈薪水技巧迅速抬高身价,https://zhuanlan.zhihu.com/p/1974512998635811006,网页,谈薪技巧,2026-06-25,—
"如何谈薪,7个谈薪技巧分享",https://www.nowcoder.com/feed/main/detail/1a84c5fb1d794413898dbf8c75f021f0,网页,谈薪技巧,2026-06-25,—
应对HR面试话术大全(吊打面试官),https://blog.csdn.net/weixin_45122999/article/details/143485083,网页,面试什么话该说,2026-06-25,—
资深HR:盘点18个高频面试问题及回答技巧(收藏),https://zhuanlan.zhihu.com/p/608520275,网页,面试什么话该说,2026-06-25,—
面试话术(主持+回答),https://zhuanlan.zhihu.com/p/1949865463292101652,网页,面试什么话该说,2026-06-25,—
面试禁忌:这几句话千万别说!,https://zhuanlan.zhihu.com/p/13275593806,网页,面试什么话不能说,2026-06-25,—
"""我不会但我可以学""面试千万别说这句蠢话,高情商都这么说",https://www.163.com/dy/article/FN70RM000544D2YH.html,网页,面试什么话不能说,2026-06-25,—
"面试自我介绍说这5句话,通过率翻倍|1000字万能模板",https://www.nowcoder.com/feed/main/detail/c561139c73504eeba38ffb4ec74aaf76,网页,简单大气的自我介绍,2026-06-25,—
强荐:七种面试自我介绍范本,https://m.51job.com/news/detail.php?newsid=05_408569,网页,简单大气的自我介绍,2026-06-25,—
一分钟面试自我介绍范文(10篇),https://zhuanlan.zhihu.com/p/678863705,网页,简单大气的自我介绍,2026-06-25,—
[2026秋招]大厂面试官视角:反问环节的5大送命题,https://www.cnblogs.com/nut-king/p/20254584,网页,面试反问,2026-06-25,—
面试最后如何向HR提问?90%的人都问错了,https://zhuanlan.zhihu.com/p/439373748,网页,面试反问,2026-06-25,—
"面试时的三大禁忌语句,务必避免!",https://www.huanzhucv.com/news/42648.html,网页,面试什么话不能说,2026-06-25,—
"小错不犯,大错却不断,面试中不容忽视的禁忌行为",https://www.jiemian.com/article/1911581.html,网页,面试什么话不能说,2026-06-25,—
2026届大厂AI秋招攻略:薪资40万+岗位激增,https://www.wondercv.com/blog/BsN2umNJ.html,网页,面试技巧,2026-06-25,—
2026春招外企面试通关指南:从网申到终面拿Offer,https://www.sohu.com/a/998500775_122633225,网页,面试技巧,2026-06-25,—
100个面试通用问题+答案(持续更新),https://zhuanlan.zhihu.com/p/665004878,网页,面试什么话该说,2026-06-25,—
面试加分技巧,https://www.jianli.com/article/gvdpeb.html,网页,面试什么话该说,2026-06-25,—
"面试谈薪,一定要确认这几点!",https://www.xiaohongshu.com/search_result?keyword=%E8%B0%88%E8%96%AA%E7%A6%81%E5%BF%8C%E5%8D%83%E4%B8%87%E5%88%AB%E7%8A%AF&sort=time_descending,小红书,谈薪禁忌千万别犯,2026-06-25,7万
"面试最后一关谈期望薪资时,HR压价该怎么应对?",https://www.zhihu.com/question/20883020,网页,谈薪禁忌千万别犯,2026-06-25,—
为什么你总被压价?揭秘HR谈薪潜台词,https://zhuanlan.zhihu.com/p/1913920876673496380,网页,谈薪禁忌千万别犯,2026-06-25,—
面试被问到缺点这样说-HR讲解正反案例,https://www.xiaohongshu.com/search_result?keyword=%E9%9D%A2%E8%AF%95%E4%BC%98%E7%BC%BA%E7%82%B9%E6%80%8E%E4%B9%88%E8%AF%B4&sort=time_descending,小红书,面试优缺点怎么说,2026-06-25,3.1万
"面试优缺点:10种回答范例与3大原则,精准掌握HR偏好",https://www.woshipm.com/zhichang/5929346.html,网页,面试优缺点怎么说,2026-06-25,—
2026年职场进阶指南：如何全面提升职场沟通能力,网页搜索,网页,职场表达,2026-06-26,—
搞懂面试官的潜台词，offer成功率大大提升,https://www.xiaohongshu.com/search_result?keyword=%E9%9D%A2%E8%AF%95%E6%BD%9C%E5%8F%B0%E8%AF%8D&sort=time_descending,小红书,面试潜台词,2026-06-26,32.5万
上班要学会委婉说话,https://www.xiaohongshu.com/search_result?keyword=%E8%81%8C%E5%9C%BA%E5%A7%94%E5%A9%89%E8%A1%A8%E8%BE%BE&sort=time_descending,小红书,职场委婉表达,2026-06-26,37
面试反问环节怎么问！看这一篇就够了,https://www.nowcoder.com/feed/main/detail/6a3dfcbf22bc41568117f4fa13e9de89,网页,面试反问,2026-06-26,—
如何回答期望薪资—别报数字，报区间(Range),https://www.gankinterview.cn/blog/how-to-answer-what-is-your-expected-salary-dont-give-a-number-give-a-range,网页,谈薪技巧,2026-06-26,—
拿了offer该如何谈薪——8年HR的薪酬谈判全攻略,https://zhuanlan.zhihu.com/p/550661968,网页,谈薪技巧,2026-06-26,—
看完这篇再去面试，瞬间提升好感度,https://www.xiaohongshu.com/search_result?keyword=%E8%A7%86%E9%A2%91%E9%9D%A2%E8%AF%95%E6%8A%80%E5%B7%A7&sort=time_descending,小红书,视频面试技巧,2026-06-26,1.3万
线上视频面试，掌握技巧也能拿下工作机会,https://www.michaelpage.com.cn/advice/career-advice/interview/tips-for-video-interview,网页,视频面试技巧,2026-06-26,—
这道面试必问题 需要一点心眼子来回答,https://www.xiaohongshu.com/search_result?keyword=%E9%9D%A2%E8%AF%95%E4%B8%87%E8%83%BD%E8%AF%9D%E6%9C%AF&sort=time_descending,小红书,面试万能话术,2026-06-26,1.8万
48个高频面试问题，总结高分回答模板,https://www.nowcoder.com/discuss/965891,网页,面试万能话术,2026-06-26,—
面试中有哪些回答问题的通用话术和技巧,https://www.zhihu.com/question/651409271,网页,面试技巧,2026-06-26,—
自我介绍的结构,https://www.xiaohongshu.com/search_result?keyword=%E9%9D%A2%E8%AF%95%E8%87%AA%E6%88%91%E4%BB%8B%E7%BB%8D%E6%A8%A1%E6%9D%BF&sort=time_descending,小红书,面试自我介绍模板,2026-06-26,4.3万
MECE重建你的语言逻辑,https://www.xiaohongshu.com/search_result?keyword=%E7%BB%93%E6%9E%84%E5%8C%96%E8%A1%A8%E8%BE%BE&sort=time_descending,小红书,结构化表达,2026-06-26,1.9万
让你快速提升的结构化表达,https://www.woshipm.com/zhichang/4392279.html,网页,结构化表达,2026-06-26,—
15个案例+16种框架工具，帮你掌握「结构化表达」,https://www.uisdc.com/structured-expression,网页,结构化表达,2026-06-26,—
10种经典表达框架，帮你快速理清表达思路,https://blog.csdn.net/varyall/article/details/127919993,网页,结构化表达,2026-06-26,—
《结构化表达》,https://fanlv.fun/2024/10/01/structural-report/,网页,结构化表达,2026-06-26,—
面试自我介绍模板,https://zhuanlan.zhihu.com/p/575525251,网页,面试自我介绍模板,2026-06-26,—
整理面试自我介绍模板四套可放心食用,https://zhuanlan.zhihu.com/p/258824616,网页,面试自我介绍模板,2026-06-26,—
一分钟自我介绍模板（20篇）,https://zhuanlan.zhihu.com/p/687393360,网页,面试自我介绍模板,2026-06-26,—
10个HR面试时的潜台词，你听懂了几个,https://www.iyunying.org/work/339218.html,网页,面试潜台词,2026-06-26,—
面试一定要听得懂HR的潜台词,https://www.my678job.com/article/693.html,网页,面试潜台词,2026-06-26,—
"解惑丨这11句面试""潜台词""，没一条是准确的",https://zhuanlan.zhihu.com/p/405375433,网页,面试潜台词,2026-06-26,—
招聘黑话盘点，看HR还能拿捏得住你？,https://zhuanlan.zhihu.com/p/475223840,网页,面试潜台词,2026-06-26,—
小白HR可用的OFFER话术,https://zhuanlan.zhihu.com/p/643269575,网页,谈薪禁忌千万别犯,2026-06-26,—
白女同事亲授的say no技巧（二）,https://www.xiaohongshu.com/search_result?keyword=%E8%81%8C%E5%9C%BA%E6%8B%92%E7%BB%9D%E8%AF%9D%E6%9C%AF&sort=time_descending,小红书,职场拒绝话术,2026-06-26,1407
金字塔原理让你的思维更有逻辑性,https://www.xiaohongshu.com/search_result?keyword=%E9%87%91%E5%AD%97%E5%A1%94%E5%8E%9F%E7%90%86%E8%A1%A8%E8%BE%BE&sort=time_descending,小红书,金字塔原理表达,2026-06-26,3655
面试的松弛感不是你什么都会而是你,https://www.xiaohongshu.com/search_result?keyword=%E9%9D%A2%E8%AF%95%E6%9D%BE%E5%BC%9B%E6%84%9F&sort=time_descending,小红书,面试松弛感,2026-06-26,3871
职场必学6个高情商拒绝同事的万能话术,https://cj.sina.com.cn/articles/view/7879848901/1d5acf3c501901jnr0,网页,职场拒绝话术,2026-06-26,—
怎么拒绝HR的正确方式｜高情商拒绝HR的实用技巧,https://blog.ihr360.com/p/8363/,网页,职场拒绝话术,2026-06-26,—
学会说不的艺术：同事甩活如何优雅拒绝,https://www.gankinterview.cn/blog/the-art-of-saying-no-how-to-gracefully-yet-firmly-refuse-when-colleagues-constan,网页,职场拒绝话术,2026-06-26,—
为何面试官越来越看重求职者的松弛感,https://www.zhihu.com/question/668860830/answer/16059687312,网页,面试松弛感,2026-06-26,—
面试艺术：如何自然演绎松弛感,https://www.nowcoder.com/feed/main/detail/2e2374ccd1624821b6e3249134d3b345,网页,面试松弛感,2026-06-26,—
2025如何谈薪：掌握谈薪技巧讨论涨薪,https://www.michaelpage.com.cn/advice/career-advice/salary-negotiation/1636556,网页,谈薪技巧,2026-06-26,—
薪资谈判攻略：应届生如何利用锚定效应涨薪,https://www.wondercv.com/blog/4zqqx2ft.html,网页,谈薪技巧,2026-06-26,—
职场人必懂的金字塔原理逻辑表达的秘密,https://sspai.com/post/99063,网页,金字塔原理表达,2026-06-26,—
会汇报工作的人都掌握了金字塔思维,https://news.qq.com/rain/a/20240307A09OK400,网页,金字塔原理表达,2026-06-26,—
2025年如何用沟通表达成为优秀管理者,https://m.sohu.com/a/870363748_121978148/,网页,职场表达,2026-06-26,—
教你求职面试万能回答问题公式,https://www.woshipm.com/zhichang/5384406.html,网页,面试技巧,2026-06-26,—
请先做自我介绍：高手这样回答最加分,https://zhuanlan.zhihu.com/p/621237361,网页,面试什么话该说,2026-06-26,—
面试自我介绍把握8大重点提升成功率,https://www.woshipm.com/share/5926832.html,网页,面试什么话该说,2026-06-26,—
面试就是要表现松弛感！,https://www.xiaohongshu.com/search_result?keyword=%E9%9D%A2%E8%AF%95%E8%A3%85%E6%9D%BE%E5%BC%9B%E6%84%9F&sort=time_descending,小红书,面试装松弛感,2026-06-27,47
好的自我介绍！让人一分钟就能记住你！,https://www.xiaohongshu.com/search_result?keyword=%E8%87%AA%E6%88%91%E4%BB%8B%E7%BB%8D%E4%B8%87%E8%83%BD%E5%85%AC%E5%BC%8F&sort=time_descending,小红书,自我介绍万能公式,2026-06-27,1284
诞总一招化解职场pua🌟打工人必看,https://www.xiaohongshu.com/search_result?keyword=%E5%8F%8DPUA%E8%AF%9D%E6%9C%AF&sort=time_descending,小红书,反PUA话术,2026-06-27,3032
面试官不说破的秘密：面试常见6潜台词，读懂即上岸,https://c.m.163.com/news/a/JHM3156005340U8O.html,网页,面试潜台词,2026-06-27,—
如何克服面试紧张情绪：五个实用小妙招,https://www.huanzhucv.com/news/43172.html,网页,面试装松弛感,2026-06-27,—
中国人保2026综合管培面试经验：经典问题、高分技巧,https://www.wondercv.com/mianjing/2026-340/,网页,面试技巧,2026-06-27,—
面试破冰：自我介绍的万能模板收藏起来,https://www.nowcoder.com/discuss/481559036815491072,网页,自我介绍万能公式,2026-06-27,—
有没有职场反PUA的经典话术,https://www.zhihu.com/question/5358077271,网页,反PUA话术,2026-06-27,—
常见的职场反PUA话术（打工人必备技能）,https://www.css3er.com/p/390.html,网页,反PUA话术,2026-06-27,—
"职场""反PUA""蜕变指南：从不敢拒接到优雅掌控",https://zhuanlan.zhihu.com/p/23874581716,网页,反PUA话术,2026-06-27,—
万字干货：一篇文章教你搞定90%的职场沟通！,https://www.woshipm.com/zhichang/4400767.html,网页,职场表达,2026-06-27,—
《沟通的方法》读书笔记：职场沟通的关键要素,https://www.qianguyihao.com/post/2021-11-22-communicate/,网页,职场表达,2026-06-27,—
永不过时的职场沟通术,https://www.shdpf.org.cn/shscjrjyfwzx/cn/jyfw/zyzd/2013/12/02/4028fc766420b0930164da68e2a05fbf.html,网页,职场表达,2026-06-27,—
工作中如何高效沟通？这六个诀窍适合每个人,https://news.mbalib.com/story/249987,网页,职场表达,2026-06-27,—
不会说话？12个技巧搞定90%的职场沟通,https://news.mbalib.com/story/243768,网页,职场表达,2026-06-27,—
职场沟通礼仪《职业礼仪》课程资源,https://www.cdp.edu.cn/__local/D/81/E9/0A5EA11192935484350D96BF0D1_18571992_1A7D32.pdf,网页,职场表达,2026-06-27,—
职场沟通的6个技巧-喜马拉雅,https://m.ximalaya.com/ask/t5858573,网页,职场表达,2026-06-27,—
8个引人舒服的职场沟通技巧（社畜落泪）,https://zhuanlan.zhihu.com/p/644580305,网页,职场表达,2026-06-27,—
面试技巧-求职攻略|职徒简历52cv,https://www.52cv.com/articles/mianshijiqiao,网页,面试技巧,2026-06-27,—
求职面试经验_自我介绍_最新面试问题大全-锤子简历,https://www.100chui.com/article/classify-mianshi/,网页,面试技巧,2026-06-27,—
公考面试真题|面试技巧|万能金句-职场密码,https://mianti.zcmima.cn/gongkaomianshi.html,网页,面试技巧,2026-06-27,—
2026留学生国内求职全攻略：网申渠道+面试技巧,https://www.highmarkcareer.com/EmploymentStatus/16723.html,网页,面试技巧,2026-06-27,—
2026考公面试资料汇总-新浪新闻,https://www.sina.cn/news/detail/5280141262455933.html,网页,面试技巧,2026-06-27,—
当面试官让你提问时如何提问能加分,https://www.zhihu.com/question/378319301,网页,面试什么话该说,2026-06-27,—
美国大学申请面试技巧：面试加分必备-托普仕,https://www.topsedu.com/apply/58490.html,网页,面试什么话该说,2026-06-27,—
19|应该如何向面试官提问-CSDN,https://blog.csdn.net/qq_37756660/article/details/136912405,网页,面试什么话该说,2026-06-27,—
面试最后可以向面试官提什么问题,https://zhuanlan.zhihu.com/p/94141723,网页,面试什么话该说,2026-06-27,—
让巧妙提问为面试加分-静安区,https://www.jingan.gov.cn/rmtzx/003001/20080916/14324648-5b49-4d66-936f-013432491077.html,网页,面试什么话该说,2026-06-27,—
作为候选人问面试官哪些问题最能加分,https://www.zhihu.com/question/1984942536830259964,网页,面试什么话该说,2026-06-27,—
程序员面试被刷？90%缺了这5个加分技巧-CSDN,https://blog.csdn.net/2503_92849134/article/details/149918284,网页,面试什么话该说,2026-06-27,—
5分钟读完28个面试加分技巧-广东财大,https://csgg.gdufe.edu.cn/_t27/2021/1205/c1163a151315/page.htm,网页,面试什么话该说,2026-06-27,—
面试过程中应注意的问题与禁忌汇总-新浪博客,https://blog.sina.com.cn/s/blog_5f28fe8a0102yb7q.html,网页,面试什么话不能说,2026-06-27,—
面试忌讳-福建技术师范学院会计学院,https://kjxy.fjjxu.edu.cn/2015/0304/c82a1425/page.htm,网页,面试什么话不能说,2026-06-27,—
求职面试中的十大禁忌千万不要误入雷区,https://www.gzsclw.com/s/xwdt/shxcs/2016/0817/100.html,网页,面试什么话不能说,2026-06-27,—
面试中这5句话是雷区千万别说-知乎,https://zhuanlan.zhihu.com/p/86750025,网页,面试什么话不能说,2026-06-27,—
面试的3大雷区：紧张、表达混乱和不懂扬长避短,http://www.woshipm.com/zhichang/920041.html,网页,面试什么话不能说,2026-06-27,—
面试过程中应注意的问题与禁忌-CSDN,https://blog.csdn.net/xiaoye142034/article/details/79173244,网页,面试什么话不能说,2026-06-27,—
面试禁忌-石家庄学院地理科学与环境学院,https://www.sjzc.edu.cn/zhxy/col/1625454774082/2021/07/06/1625552721229.html,网页,面试什么话不能说,2026-06-27,—
面试该如何做自我介绍（内含万能模板）-知乎,https://zhuanlan.zhihu.com/p/607935145,网页,面试自我介绍模板,2026-06-27,—
面试该如何做自我介绍（万能模板）-搜狐,https://www.sohu.com/a/647665340_121643012,网页,面试自我介绍模板,2026-06-27,—
面试自我介绍模板（通用30篇）-瑞文网,https://m.ruiwen.com/word/mianshiziwojieshaomoban.html,网页,面试自我介绍模板,2026-06-27,—
一分钟面试自我介绍范文-简历本,https://www.jianliben.com/article/detail/43346,网页,面试自我介绍模板,2026-06-27,—
三分钟自我介绍通用12篇-学术之家,https://www.xueshu.com/haowen/75693.html,网页,面试自我介绍模板,2026-06-27,—
汇报材料的写法另附工作汇报范文-奋书文库,https://www.fswk.com/articles/190,网页,向上汇报话术,2026-06-27,—
工作汇报模板：提升汇报质量-飞书,https://www.feishu.cn/template/work-report-template,网页,向上汇报话术,2026-06-27,—
向上管理的艺术：如何正确汇报工作-得到,https://www.dedao.cn/ebook/detail?id=nroX7MYDaKMjy7eNqrmOX6pnAQ5Vg04MpNWJzxbE9LZl1o8RkGd2BPYv4x6d9meB,网页,向上汇报话术,2026-06-27,—
如何汇报工作？周报速成套路：3类话术2方法1模板,https://zhuanlan.zhihu.com/p/586410014,网页,向上汇报话术,2026-06-27,—
如何规避薪资谈判3大误区-罗致恒富,https://www.roberthalf.cn/cn/zh/insights/career-development/how-maneuver-through-3-major-pitfalls-salary-negotiation-and-bargain-smartly,网页,谈薪禁忌千万别犯,2026-06-27,—
offer negotiation：求职如何跟公司讨价还价-一亩三分地,https://blog.1point3acres.com/how-to-negotiate-salary/,网页,谈薪禁忌千万别犯,2026-06-27,—
薪酬谈判误区：你知道几个-人人都是产品经理,https://www.woshipm.com/zhichang/1038613.html,网页,谈薪禁忌千万别犯,2026-06-27,—
HR必读：最需要掌握的20个薪酬谈判技巧,https://www.fanryes.com/articles/1645,网页,谈薪禁忌千万别犯,2026-06-27,—
面试时正确的谈薪资姿势-CSDN,https://blog.csdn.net/qq_22964783/article/details/148978289,网页,谈薪禁忌千万别犯,2026-06-27,—
面试想把薪资谈高又怕不被录取怎么谈-知乎,https://www.zhihu.com/question/403166940,网页,谈薪禁忌千万别犯,2026-06-27,—
HR：我们把薪资谈判的秘密全招了-简书,https://www.jianshu.com/p/bdd25e47e3d1,网页,谈薪禁忌千万别犯,2026-06-27,—
个人自我介绍简短高情商（20篇）-知乎,https://zhuanlan.zhihu.com/p/687283020,网页,高情商自我介绍,2026-06-27,—
高情商自我介绍（精选18篇）-第一范文,https://m.diyifanwen.com/fanwen/ziwojieshaofanwen/13749294.html,网页,高情商自我介绍,2026-06-27,—
高情商新人自我介绍（精选22篇）-瑞文网,https://www.ruiwen.com/word/gaoqingshangxinrenziwojieshao.html,网页,高情商自我介绍,2026-06-27,—
职场中面试官最喜欢的3种自我介绍,https://m.cizhixin.com/zhichang/5997.html,网页,高情商自我介绍,2026-06-27,—
高情商自我介绍范文10篇-知乎,https://zhuanlan.zhihu.com/p/678684442,网页,高情商自我介绍,2026-06-27,—
高情商自我介绍（通用19篇）-第一范文,https://m.diyifanwen.com/fanwen/ziwojieshaofanwen/14979134.html,网页,高情商自我介绍,2026-06-27,—
用50字高情商的自我介绍-睿知网,https://www.jinreo.com/content/27701.html,网页,高情商自我介绍,2026-06-27,—
面试自我介绍要脱颖而出记得这5个steps(Gavin打工皇帝),https://www.xiaohongshu.com/search_result?keyword=%E9%9D%A2%E8%AF%95%E8%87%AA%E6%88%91%E4%BB%8B%E7%BB%8D%E6%A8%A1%E6%9D%BF,小红书,面试自我介绍模板,2026-06-27,264
跟纽约顶级sales学到了向上沟通技巧(Kamar),https://www.xiaohongshu.com/search_result?keyword=%E5%90%91%E4%B8%8A%E6%B1%87%E6%8A%A5%E8%AF%9D%E6%9C%AF,小红书,向上汇报话术,2026-06-27,7298
薪酬谈判我悟了60秒最全避坑&实操指南(茜姐姐),https://www.xiaohongshu.com/search_result?keyword=%E8%B0%88%E8%96%AA%E7%A6%81%E5%BF%8C%E5%8D%83%E4%B8%87%E5%88%AB%E7%8A%AF,小红书,谈薪禁忌千万别犯,2026-06-27,27.5万
高管真正的自我介绍只用5句话就赢了(Elsy职场力),https://www.xiaohongshu.com/search_result?keyword=%E9%AB%98%E6%83%85%E5%95%86%E8%87%AA%E6%88%91%E4%BB%8B%E7%BB%8D,小红书,高情商自我介绍,2026-06-27,1929
面试凉了的6个危险信号（一抓一个准）(职场君微公益),https://www.xiaohongshu.com/search_result?keyword=%E9%9D%A2%E8%AF%95%E6%BD%9C%E5%8F%B0%E8%AF%8D,小红书,面试潜台词,2026-06-27,250
面试反反复复问的就是这15个问题(安安的安),https://www.xiaohongshu.com/search_result?keyword=%E9%9D%A2%E8%AF%95%E5%BF%85%E9%97%AE%E9%97%AE%E9%A2%98,小红书,面试必问问题,2026-06-27,2225
HR压价话术破解指南:五个实战技巧助你薪资谈判不踩坑(狐火笔记),https://foxfire.com.cn/article/302.html,网页,谈薪禁忌千万别犯,2026-06-27,—
职场沟通汇报的万能模板【收藏】(知乎),https://zhuanlan.zhihu.com/p/653979713,网页,向上汇报话术,2026-06-27,—
用好PREP原则:口头汇报/即兴演讲/面试回答全是小case(知乎),https://zhuanlan.zhihu.com/p/466041729,网页,向上汇报话术,2026-06-27,—
让一让，你们的表达力女王来了,https://www.xiaohongshu.com/search_result?keyword=%E5%8D%B3%E5%85%B4%E8%A1%A8%E8%BE%BE,小红书,即兴表达,2026-06-27,8万
即兴演讲万能框架（建议收藏）,https://zhuanlan.zhihu.com/p/450121997,网页,即兴表达,2026-06-27,—
"让""麦肯锡""提供1v1服务的专家级提示词",https://www.xiaohongshu.com/search_result?keyword=%E9%BA%A6%E8%82%AF%E9%94%A1%E8%A1%A8%E8%BE%BE,小红书,麦肯锡表达,2026-06-27,2.5万
金字塔原理拆解：麦肯锡顾问的高效汇报模型,https://runwise.co/corporate-innovation/innovation-thinking/71199/,网页,麦肯锡表达,2026-06-27,—
离职原因就这样说，HR听完当场给你涨薪,https://www.xiaohongshu.com/search_result?keyword=%E7%A6%BB%E8%81%8C%E5%8E%9F%E5%9B%A0%E6%80%8E%E4%B9%88%E8%AF%B4,小红书,离职原因怎么说,2026-06-27,4.6万
学会了以后这招拿来治同事,https://www.xiaohongshu.com/search_result?keyword=%E4%B8%89%E6%98%8E%E6%B2%BB%E6%8B%92%E7%BB%9D%E6%B3%95,小红书,三明治拒绝法,2026-06-27,55.9万
三明治拒绝法火了，年轻人为什么追捧话术公式,https://m.sohu.com/a/916313256_121123872,网页,三明治拒绝法,2026-06-27,—
三个话术巧妙的拒绝领导安排的多余工作量,https://zhuanlan.zhihu.com/p/480620157,网页,三明治拒绝法,2026-06-27,—
职场沟通技巧怎么快速提升？2025高情商沟通法,https://www.zxiantao.com/post/819.html,网页,职场表达,2026-06-27,—
面试十大禁忌，这些话不能说,https://maimai.cn/article/detail?fid=1734783595,网页,面试什么话不能说,2026-06-27,—
面试常见的7个经典问题及回答模板,https://zhuanlan.zhihu.com/p/548644919,网页,面试什么话该说,2026-06-27,—
你听说过电梯30s法则吗？,https://www.xiaohongshu.com/search_result?keyword=%E9%BA%A6%E8%82%AF%E9%94%A130%E7%A7%92%E6%B3%95%E5%88%99&sort=time_descending,小红书,麦肯锡30秒法则,2026-06-28,5359
拒绝领导加活，我用这3句话体面地说'不',https://www.xiaohongshu.com/search_result?keyword=%E8%81%8C%E5%9C%BA%E5%8F%8D%E5%86%85%E5%8D%B7%E8%AF%9D%E6%9C%AF&sort=time_descending,小红书,职场反内卷话术,2026-06-28,13(5天前)
面试应答有哪些话术和技巧？专业HR教你回答面试三大问题,https://www.wondercv.com/blog/pvglsk02.html,网页,面试技巧,2026-06-28,—
2026技术求职突围战：从趋势洞察到面试通关的实战指南,https://www.cnblogs.com/ljbguanli/p/19898776,网页,面试技巧,2026-06-28,—
谈薪实战：HR问'你目前薪资是多少'时如何既不撒谎又保留溢价空间,https://www.gankinterview.cn/blog/salary-negotiation-tactics-when-hr-asks-what-is-your-current-salary-how-to-avoid,网页,谈薪技巧,2026-06-28,—
怎样做好'向上管理'？不是讨好，而是共振,https://www.woshipm.com/zhichang/6184111.html,网页,职场表达,2026-06-28,—
职场高情商沟通——涵盖18个职场场景，近百个解决公式,https://m.mingketang.com/houseCourse/desc?id=25546,网页,职场表达,2026-06-28,—
向上管理：这样做汇报，更容易获得领导赏识,https://www.woshipm.com/share/6109239.html,网页,职场表达,2026-06-28,—
离职别忘了和摸鱼搭子告别,https://www.xiaohongshu.com/search_result?keyword=%E7%A6%BB%E8%81%8C%E5%8E%9F%E5%9B%A0%E6%80%8E%E4%B9%88%E8%AF%B4&sort=time_descending,小红书,离职原因怎么说,2026-06-28,8541
面试离职原因的最佳回答简短,https://www.hrloo.com/news/237072.html,网页,离职原因怎么说,2026-06-28,—
怎样做好向上汇报?向上汇报有什么诀窍？,https://www.zhihu.com/question/393854424,网页,向上汇报话术,2026-06-28,—
面试学会“装”，结果会真香！,https://www.xiaohongshu.com/search_result?keyword=%E9%9D%A2%E8%AF%95%E5%AE%98%E6%83%B3%E5%BD%95%E7%94%A8%E4%BD%A0%E7%9A%84%E8%A1%A8%E7%8E%B0&sort=time_descending,小红书,面试官想录用你的表现,2026-06-28,1.8万
一个很重要但被严重低估的社交技巧：接话❗️,https://www.xiaohongshu.com/search_result?keyword=%E8%81%8C%E5%9C%BA%E4%BC%9A%E6%8E%A5%E8%AF%9D&sort=time_descending,小红书,职场会接话,2026-06-28,1.9万
一个巨牛的面试心态,https://www.xiaohongshu.com/search_result?keyword=%E9%9D%A2%E8%AF%95%E7%9A%84%E9%A1%B6%E7%BA%A7%E5%BF%83%E6%80%81&sort=time_descending,小红书,面试的顶级心态,2026-06-28,8717
「有效沟通」职场生存之道，3个高情商说话技巧,https://c.m.163.com/news/a/GR5OMRV70552O074.html,网页,职场表达,2026-06-28,约—
收藏！优秀HR必备面试话术宝典(知乎),https://zhuanlan.zhihu.com/p/273355592,网页,面试技巧,2026-06-28,约—
面试过程中的十大禁忌(知乎),https://zhuanlan.zhihu.com/p/390188750,网页,面试什么话不能说,2026-06-28,约—
面试时被问到离职原因如何回答比较稳妥(知乎),https://www.zhihu.com/question/627765475,网页,离职原因怎么说,2026-06-28,约—
跳槽被问离职原因？高情商的人这么回答(知乎),https://zhuanlan.zhihu.com/p/394004902,网页,离职原因怎么说,2026-06-28,约—
离职原因？高情商回答让你脱颖而出(知乎),https://zhuanlan.zhihu.com/p/18577807047,网页,离职原因怎么说,2026-06-28,约—
如何优雅机智地和新公司谈薪水(知乎),https://zhuanlan.zhihu.com/p/29300398,网页,谈薪技巧,2026-06-28,约—
比别人多拿30%的谈薪技巧(LHH领禾),https://www.lhhfesco.com/articles-126,网页,谈薪技巧,2026-06-28,约—
职场高情商聊天话术900句(喜马拉雅),https://m.ximalaya.com/ask/t6970112,网页,职场会接话,2026-06-28,约—
职场高情商回话技巧和话术(三茅),https://www.hrloo.com/news/323138.html,网页,职场会接话,2026-06-28,约—
打工人必看！高情商对话秘籍(牛客),https://www.nowcoder.com/discuss/689165758768713728,网页,职场会接话,2026-06-28,约—
高情商接话术整理-职场管理学(新浪),https://www.sina.cn/news/detail/5272490089386122.html,网页,职场会接话,2026-06-28,约—
克服面试紧张的9种方法(知乎),https://zhuanlan.zhihu.com/p/27246016,网页,面试的顶级心态,2026-06-28,约—
怎样克服面试中的紧张情绪(知乎),https://www.zhihu.com/question/22473809,网页,面试的顶级心态,2026-06-28,约—
怎么克服面试时紧张的心理(一亩三分地),https://www.1point3acres.com/bbs/thread-736273-1-1.html,网页,面试的顶级心态,2026-06-28,约—
面试紧张怎么办(极客时间),https://time.geekbang.org/column/article/82744,网页,面试的顶级心态,2026-06-28,约—
句句带梗不冷场！高情商沟通话术大赏,https://www.xiaohongshu.com/search_result?keyword=%E8%81%8C%E5%9C%BA%E5%B9%BD%E9%BB%98%E6%8E%A5%E8%AF%9D&sort=time_descending,小红书,职场幽默接话,2026-06-28,3.4万
50句高情商接话术，让你嘴巴开挂，hold全场,https://zhuanlan.zhihu.com/p/32799746033,网页,职场幽默接话,2026-06-28,—
人缘突然变好了！就靠这80句话,https://www.xiaohongshu.com/search_result?keyword=%E8%81%8C%E5%9C%BA%E9%AB%98%E6%83%85%E5%95%86%E6%8E%A5%E8%AF%9D%E6%A8%A1%E6%9D%BF&sort=time_descending,小红书,职场高情商接话模板,2026-06-28,1.2万
职场人必看：这10个高情商话术，让你说话更有分量,https://www.sohu.com/a/1006530905_122001004,网页,职场高情商接话模板,2026-06-28,—
先做“可用的人”，再成为“必选的人”,https://www.xiaohongshu.com/search_result?keyword=%E8%B4%B5%E4%BA%BA%E6%B1%87%E6%8A%A5%E8%AF%9D%E6%9C%AF%E6%A8%A1%E7%89%88&sort=time_descending,小红书,贵人汇报话术模版,2026-06-28,3.1万
五大黄金法则：高情商职场人如何巧妙回复领导信息,https://www.chinaacc.com/jiuye/zcbk/su20240320142655.shtml,网页,贵人汇报话术模版,2026-06-28,—
🔥提供情绪价值的100条万能话术,https://www.xiaohongshu.com/search_result?keyword=100%E5%8F%A5%E9%AB%98%E6%83%85%E5%95%86%E8%AF%9D%E6%9C%AF&sort=time_descending,小红书,100句高情商话术,2026-06-28,5084
生活中有哪些常见的高情商聊天话术呢？,https://www.zhihu.com/question/490521395,网页,100句高情商话术,2026-06-28,—
HR招聘话术，回复率直接提高50%📈,https://www.hrloo.com/news/351770.html,网页,面试技巧,2026-06-28,—
HR面试：过五关斩六将后，小心阴沟翻船（避坑宝典）,https://www.cnblogs.com/crazymakercircle/p/14659738.html,网页,面试什么话不能说,2026-06-28,—
面试该说什么？5个技巧助你脱颖而出,https://m.baigua.com/blog/-77o5558,网页,面试什么话该说,2026-06-29,—
向上汇报的7大实用口诀，直接套用,https://m.hxyjw.com/zl/arc_52137/,网页,向上汇报话术,2026-06-29,—
发现一个判断面试过没过的铁律,https://www.xiaohongshu.com/search_result?keyword=%E9%9D%A2%E8%AF%95%E6%88%90%E5%8A%9F%E7%9A%84%E4%BF%A1%E5%8F%B7&sort=time_descending,小红书,面试成功的信号,2026-06-29,840
揭秘面试官暗示招聘成功的关键信号,https://www.hrloo.com/news/48610.html,网页,面试成功的信号,2026-06-29,—
安静的人，如何在面试中被看见,https://www.xiaohongshu.com/search_result?keyword=%E8%87%AA%E6%88%91%E4%BB%8B%E7%BB%8D%E6%A8%A1%E6%9D%BFi%E4%BA%BA%E4%B8%93%E7%94%A8&sort=time_descending,小红书,自我介绍模板i人专用,2026-06-29,124
性格内向，面试时如何自我介绍,https://www.zhihu.com/question/501357792,网页,自我介绍模板i人专用,2026-06-29,—
进职场先学会汇报年终述职复盘,https://www.xiaohongshu.com/search_result?keyword=%E4%B8%AA%E4%BA%BA%E5%B7%A5%E4%BD%9C%E6%B1%87%E6%8A%A5%E8%AF%9D%E6%9C%AF&sort=time_descending,小红书,个人工作汇报话术,2026-06-29,5893
高情商回答心眼子训练,https://www.xiaohongshu.com/search_result?keyword=%E9%AB%98%E6%83%85%E5%95%86%E8%81%8C%E5%9C%BA%E5%BA%94%E5%AF%B9%E8%AF%9D%E6%9C%AF&sort=time_descending,小红书,高情商职场应对话术,2026-06-29,868
离职原因最佳回答2026不踩坑模板,https://www.toutiao.com/article/7591051902999740982/,网页,离职原因怎么说,2026-06-29,—
救命😭原来HR的压薪套路这么多啊！！,https://www.xiaohongshu.com/search_result?keyword=HR%E5%8E%8B%E8%96%AA%E8%AF%9D%E6%9C%AF&sort=time_descending,小红书,HR压薪话术,2026-06-29,2537
只用1分钟却能让人记住一辈子的自我介绍,https://www.xiaohongshu.com/search_result?keyword=%E4%B8%80%E5%88%86%E9%92%9F%E8%87%AA%E6%88%91%E4%BB%8B%E7%BB%8D%E6%BB%A1%E5%88%86%E6%A8%A1%E6%9D%BF&sort=time_descending,小红书,一分钟自我介绍满分模板,2026-06-29,190
万字总结HR高频55问让你涨薪30%,https://www.testerhome.com/topics/32684,网页,HR压薪话术,2026-06-29,—
65个必看的求职面试介绍技巧与注意事项,https://zhuanlan.zhihu.com/p/21781525783,网页,面试什么话该说,2026-06-29,—
2026反向面试问题库:问到面试官刮目相看,https://www.gankinterview.cn/blog/bookmark-this-the-most-comprehensive-2026-reverse-interview-question-bank-to-imp,网页,面试反问,2026-06-29,—
🌳留子必备技能树：Presentation（二）,https://www.xiaohongshu.com/search_result?keyword=%E6%BC%94%E8%AE%B2%E5%BC%80%E5%9C%BA%E7%99%BD&sort=time_descending,小红书,演讲开场白,2026-06-29,6.8万
演讲的奥义:如何赢在开场30秒,https://zhuanlan.zhihu.com/p/359291226,网页,演讲开场白,2026-06-29,—
「心理学知识」八种界限模糊表现！,https://www.xiaohongshu.com/search_result?keyword=%E8%81%8C%E5%9C%BA%E5%88%86%E5%AF%B8%E6%84%9F&sort=time_descending,小红书,职场分寸感,2026-06-29,1511
职场不当背锅侠，不吃闷亏，不做软柿子,https://www.xiaohongshu.com/search_result?keyword=%E7%94%A9%E9%94%85%E8%AF%9D%E6%9C%AF&sort=time_descending,小红书,甩锅话术,2026-06-29,2.3万
职场遇甩锅强塞任务咋应对？高情商话术,https://www.ahfdrc.com/news/10002.html,网页,甩锅话术,2026-06-29,—
领导甩过来的锅，背还是不背？,https://www.hrloo.com/rz/14761746.html,网页,甩锅话术,2026-06-29,—
上班了，高级一点怎么说,https://www.xiaohongshu.com/search_result?keyword=%E8%81%8C%E5%9C%BA%E9%AB%98%E7%BA%A7%E8%A1%A8%E8%BE%BE&sort=time_descending,小红书,职场高级表达,2026-06-30,3615
面试必背的话术这么回答就稳了,https://blog.csdn.net/interviewpass/article/details/135661140,网页,面试什么话该说,2026-06-30,—
面试不能说的话HR的这4个问题陷阱,https://cj.sina.com.cn/articles/view/2481024135/93e16c8700101a836,网页,面试什么话不能说,2026-06-30,—
HR见过最好的离职原因是什么？,https://blog.csdn.net/xcbeyond/article/details/135903438,网页,离职原因怎么说,2026-06-30,—
离职原因怎么写最合适？2025年最新指南,https://yiban.io/geo/32024,网页,离职原因怎么说,2026-06-30,—
在职场面对领导同事甩锅教你3招拒做背锅侠,https://www.niaogebiji.com/article-63317-1.html,网页,甩锅话术,2026-06-30,—
如何拒绝同事甩锅还不伤和气？,https://zhuanlan.zhihu.com/p/1924142126582702699,网页,甩锅话术,2026-06-30,—
面试中出现这些信号表明你面试通过了,https://zhuanlan.zhihu.com/p/380557558,网页,面试成功的信号,2026-06-30,—
15个沟通模型+100个应用场景举例,https://zhuanlan.zhihu.com/p/684147161,网页,职场表达,2026-06-30,—
12场面试的经验总结：我留下了这9条面试技巧,https://www.bpteach.com/telling-interview-skills/,网页,面试技巧,2026-06-30,—
面试：对话技巧,https://bugstack.cn/md/zsxq/material/dialogue-skills.html,网页,面试什么话该说,2026-06-30,—
面试时不该说的话千万别说！直接被PASS,https://blog.csdn.net/liudada8265/article/details/138879639,网页,面试什么话不能说,2026-06-30,—
产品经理的软实力：话术表达,https://www.woshipm.com/zhichang/3614071.html,网页,职场表达,2026-06-30,—
求职必备话术，打招呼与拒绝,https://www.huanzhucv.com/news/42870.html,网页,职场表达,2026-06-30,—
在职场中说好该说的场面话,https://blog.csdn.net/qd_lifeng/article/details/144724833,网页,职场表达,2026-06-30,—
职场建议 - 编程导航 | 2026年最新程序员通职场指南,https://www.codefather.cn/learn/3/78,网页,职场表达,2026-06-30,—
干货：顶级精英在职场上绝佳的沟通表达技巧,https://www.xiaohongshu.com/search_result/?keyword=职场表达,小红书,职场表达,2026-06-30,261
2026年面试测评不通过？用对AI面试回答辅助工具，我直接从面挂逆风翻盘,https://offermore.cc/blog/2026-interview-evaluation-recovery-guide,网页,面试技巧,2026-06-30,—
2026 求职全流程通关指南：从网申笔试到面试，一步到位拿 Offer,https://www.sohu.com/a/986665957_122633225,网页,面试技巧,2026-06-30,—
面试应答有哪些话术和技巧？,https://www.zhihu.com/question/35953016,网页,面试什么话该说,2026-06-30,—
26个应聘时最漂亮的回答，让你轻松应对面试,https://clxy.xpu.edu.cn/info/1113/1510.htm,网页,面试什么话该说,2026-06-30,—
在面试时不该说的话千万别说!,https://www.jianli.com/article/owkqnq.html,网页,面试什么话不能说,2026-06-30,—
这是个好问题？求求你千万别再说这些面试禁忌语了,https://36kr.com/p/1721768361985,网页,面试什么话不能说,2026-06-30,—
😱面试时千万别说这些话,https://www.xiaohongshu.com/search_result/?keyword=面试什么话不能说,小红书,面试什么话不能说,2026-06-30,193
数据化薪资谈判：3步谈出不亏价,https://www.sohu.com/a/973313790_122569026,网页,谈薪技巧,2026-06-30,—
面试谈薪技巧全攻略：从准备到谈判的实战指南,https://blog.csdn.net/weixin_30951515/article/details/154196686,网页,谈薪技巧,2026-06-30,—
大厂集体涨薪：月薪多谈3000元，全靠这份黄金谈判法则！,https://www.keycourse.com/webArticle/webArticleDetail/13663,网页,谈薪技巧,2026-06-30,—
掌握四点谈薪技巧，涨薪50%不是梦,https://www.nowcoder.com/discuss/376401189452234752,网页,谈薪技巧,2026-06-30,—
HR压薪破解⭕️是给不了，还是你不会谈？,https://www.xiaohongshu.com/search_result/?keyword=谈薪技巧,小红书,谈薪技巧,2026-06-30,1831
我30岁当上高管的秘诀：一定要学会做好向上汇报,https://maimai.cn/article/detail?fid=1704998372&efid=e33keOTIwylcaoGB-c5NQw,网页,向上汇报话术,2026-06-30,—
向上汇报工作的方法和技巧,https://www.hrloo.com/news/117744.html,网页,向上汇报话术,2026-06-30,—
老板：汇报不要一上来就讲细节‼️附正确解法,https://www.xiaohongshu.com/search_result/?keyword=向上汇报话术,小红书,向上汇报话术,2026-06-30,535
2026年春招备战指南：从心态到技能的全链路提升,https://www.nowcoder.com/feed/main/detail/3e341723d5f74ec395bba5a18b6dbce7,网页,面试的小技巧,2026-06-30,—
2026 届计算机求职指南：如何准备技术面试,https://blog.csdn.net/m0_63345182/article/details/145514198,网页,面试的小技巧,2026-06-30,—
关于Why Company，这是我听到最好的回答‼️,https://www.xiaohongshu.com/search_result/?keyword=面试的小技巧,小红书,面试的小技巧,2026-06-30,2.7万
2026-06-30,高情商职场应对话术,小红书,高手解法：一个腾讯的真实案例,谢若成长自习室,3854
2026-06-30,职场幽默接话,小红书,千万不要学的聊天接话技巧,瑞瑞爱沟通,9629
2026-06-30,面试自我介绍模板,小红书,有没有深度，不需要长篇大论,白露在忙,6681
2026-06-30,职场拒绝话术,小红书,如何体面的拒绝别人可以用这6个方法,和人心理,4810
2026-06-30,沟通话术,小红书,万能的聊天公式,昆德拉曼,14000
2026-06-30,职场漂亮话,小红书,总结了一些职场漂亮话（同事篇）,数海拾贝者,2287
2026-06-30,HR压薪话术,小红书,面试被问期望薪资？这样回答HR直接给你涨薪,橘子聊求职,10000
💼接收offer，一定要学会这4个问题！,https://www.xiaohongshu.com/explore/68a7e892000000001c00be3d,小红书,面试技巧,2026-07-01,33.7万
通过率100%✅的面试技巧，都在这里啦！,https://www.xiaohongshu.com/explore/693fd48d000000001e02390b,小红书,面试技巧,2026-07-01,5.8万
面试中如何展示完美肢体语言,https://www.xiaohongshu.com/explore/69417421000000001f00ad20,小红书,面试技巧,2026-07-01,8.1万
"面试""撒谎""的巨大好处",https://www.xiaohongshu.com/explore/6a1f31c50000000013020400,小红书,面试技巧,2026-07-01,1571
秋招特辑|面试时，我希望你问的4个问题,https://www.xiaohongshu.com/explore/68edccba000000000301d863,小红书,面试技巧,2026-07-01,1964
HR最喜欢听的8个离职原因，照着念就行了！,https://www.xiaohongshu.com/explore/690c41620000000004021e79,小红书,面试什么话该说,2026-07-01,286
在日企，拒绝背锅的万能话术,https://www.xiaohongshu.com/explore/68a5ec80000000001d00d93a,小红书,甩锅话术,2026-07-01,1702
8个高情商话术，让你优雅拒绝甩锅,https://www.xiaohongshu.com/explore/69a12b8a0000000028023610,小红书,甩锅话术,2026-07-01,—
被甩锅别慌！3句万能回复让对方哑口无言,https://www.xiaohongshu.com/explore/6a16743900000000070283f4,小红书,甩锅话术,2026-07-01,428
职场上如何避免背锅❓万能话术来啦,https://www.xiaohongshu.com/explore/67bd86d40000000029025ce3,小红书,甩锅话术,2026-07-01,—
公开演讲不要自我介绍开场（震碎认知）,https://www.xiaohongshu.com/search_result/?keyword=演讲开场白,小红书,演讲开场白,2026-07-01,约4111
演讲开场如何抓住听众的注意力?,https://www.xiaohongshu.com/explore/69042ba500000000040100d2,小红书,演讲开场白,2026-07-01,1714
HR发出的哪些信号，是告诉你面试有戏？,https://maimai.cn/article/detail?fid=1261974095,脉脉,面试成功了的征兆,2026-07-01,—
面试官的哪些举动，其实已经暗示你通过了面试？,https://www.hrloo.com/news/183708.html,三茅人力资源网,面试成功了的征兆,2026-07-01,—
面试有戏的9个好兆头？,https://www.lagou.com/wn/encyclopedia/156,拉勾招聘,面试成功了的征兆,2026-07-01,—
职场老油条总结的9大话术模板，搞定沟通,https://zhuanlan.zhihu.com/p/567919295,知乎,万能沟通话术,2026-07-01,—
高情商职场进阶课：体制内32个实战沟通公式,https://www.shoubaba.com/en/zhichangjinjie.html/,网页,万能沟通话术,2026-07-01,—
写了三版辞职报告,https://www.xiaohongshu.com/explore/,小红书,离职原因怎么说,2026-07-01,261
为你下一次面试准备的7个肢体语言技巧,https://zhuanlan.zhihu.com/p/135315720,知乎,面试肢体语言,2026-07-01,—
面试时这5个肢体动作可以帮你加分,https://36kr.com/p/1721711149057,36氪,面试肢体语言,2026-07-01,—
如何在面试中展现自己的非语言沟通技巧,https://www.mbalib.com/ask/question-d6dc712572cd9b3800be0dbbf4a8c4a0.html,MBA智库,面试肢体语言,2026-07-01,—
面试手怎么放？掌握面试中的肢体语言技巧！,https://www.jingxuanxing.com/article/dianping/22800.html,鲸选型,面试肢体语言,2026-07-01,—
面试最后这么问，惊艳面试官（全网最详细教程,https://www.xiaohongshu.com/search_result/?keyword=面试反问&sort=time_descending,小红书,面试反问,2026-07-01,90
面试成功的信号，有2个基本就稳了!,https://www.xiaohongshu.com/search_result/?keyword=面试成功的信号&sort=time_descending,小红书,面试成功的信号,2026-07-01,47
HR压薪4句黑话💸答错一句亏几千,https://www.xiaohongshu.com/search_result/?keyword=HR压薪话术&sort=time_descending,小红书,HR压薪话术,2026-07-01,20
职场漂亮话｜会议捧领导｜忠心得体,https://www.xiaohongshu.com/search_result/?keyword=职场漂亮话&sort=time_descending,小红书,职场漂亮话,2026-07-01,8
利他性话术！20句成交金句，开口就开单！,https://www.xiaohongshu.com/search_result/?keyword=沟通话术&sort=time_descending,小红书,沟通话术,2026-07-01,3104
"🚫外企拒绝话术｜体面说""不""不生硬",https://www.xiaohongshu.com/search_result/?keyword=职场拒绝话术&sort=time_descending,小红书,职场拒绝话术,2026-07-01,29
【面试急救包】外企面试翻来覆去就问这些！,https://www.xiaohongshu.com/search_result/?keyword=英文面试技巧&sort=time_descending,小红书,英文面试技巧,2026-07-01,637
面试官暗示面试成功的信号有哪些,https://www.hrloo.com/news/70916.html,网页,面试成功的信号,2026-07-01,—
外企英文面试攻略+常见英文问题,https://zhuanlan.zhihu.com/p/515123699,网页,英文面试技巧,2026-07-01,—
史上最全英语面试问题回答大合集,https://www.hjenglish.com/new/p581292/,网页,英文面试技巧,2026-07-01,—
还有30分钟就要面试Meta了 该怎么办,https://www.xiaohongshu.com/search_result/?keyword=面试自我介绍模板&sort=time_descending,小红书,面试自我介绍模板,2026-07-01,1301
求职面试自我介绍与职业规划底层逻辑实战方法模板,https://www.rc91.net/2026/02/15734/,网页,面试自我介绍模板,2026-07-01,—
别太把领导当自己人 分寸感才是职场保命符(小Z版),https://www.xiaohongshu.com/search_result/?keyword=职场分寸感&sort=time_descending,小红书,职场分寸感,2026-07-01,1.7万
已力竭 面试问缺点到底该怎么答,https://www.xiaohongshu.com/search_result/?keyword=面试小技巧&sort=time_descending,小红书,面试的小技巧,2026-07-01,1507
被夸只会说没有啦 码住50句高情商接话,https://www.xiaohongshu.com/search_result/?keyword=职场高情商应对话术&sort=time_descending,小红书,高情商职场应对话术,2026-07-01,7309
月薪10W+的职场高情商话术,https://cn.linkedin.com/pulse/,网页,高情商职场应对话术,2026-07-01,—
谈薪时千万别说的3句话,https://www.xiaohongshu.com/search_result/?keyword=谈薪禁忌千万别犯&sort=time_descending,小红书,谈薪禁忌千万别犯,2026-07-01,4
不会谈薪 真的会把自己谈成最低价,https://developer.aliyun.com/article/1740100,网页,谈薪禁忌千万别犯,2026-07-01,—
自从学会了这些指令 写材料5分钟就搞定,https://www.xiaohongshu.com/search_result/?keyword=个人工作汇报话术&sort=time_descending,小红书,个人工作汇报话术,2026-07-01,1922
2026年述职报告写作指南 以实绩为笔用逻辑立住年度高光,https://zhuanlan.zhihu.com/p/2037993494900373239,网页,个人工作汇报话术,2026-07-01,—
分享1个面试的万能思路,https://www.xiaohongshu.com/search_result/?keyword=面试万能公式&sort=time_descending,小红书,面试万能公式,2026-07-01,1275
STAR沟通法则 500强面试题回答时的技巧法则,https://zhuanlan.zhihu.com/p/466056481,网页,面试万能公式,2026-07-01,—
star面试法四个要点 2026年分步指南与实战应用,https://www.resumemakeroffer.com/blog/post/97752,网页,面试万能公式,2026-07-01,—
每天小练10分钟，悄悄惊艳所有人,https://www.xiaohongshu.com/explore/68b0fbd8000000001c011775,小红书,职场表达,2026-07-02,479
面试多了，就发现问题来来回回就是这5类,https://www.xiaohongshu.com/explore/6964f93e000000002103e9b7,小红书,面试反问,2026-07-02,665
面试结束反问环节👉掌握主动权，稳拿offer！,https://www.xiaohongshu.com/explore/692e6443000000001b032902,小红书,面试反问,2026-07-02,227
面试时，这样话一定不要说🤬,https://www.xiaohongshu.com/explore/686a7eba0000000010013166,小红书,面试什么话不能说,2026-07-02,2689
学校不会教的面试技巧，赶紧码住❗️（含模版）,https://www.xiaohongshu.com/explore/69a3bb930000000015039fca,小红书,大学生面试技巧,2026-07-02,1.2万
竟然是AI面试,https://www.xiaohongshu.com/search_result/?keyword=AI面试技巧&sort=time_descending,小红书,AI面试技巧,2026-07-02,69
找工作必看！Claude Ai x Indeed 联手,https://www.xiaohongshu.com/explore/6a05377b0000000006022164,小红书,AI面试技巧,2026-07-02,3151
结构化面试实战培训：HR必备话术模板与候选人能力评估技巧,https://www.shangshanjingji.com/blog-detail/bL4VGXLb,网页,面试反问,2026-07-02,—
面试反问技巧，让你从被动到主动,https://www.nowcoder.com/feed/main/detail/4e3b6525b9204d5ca4c0bf72de4ba25a,网页,面试反问,2026-07-02,—
2026年AI面试如何选？五大黄金标准与避坑指南,https://www.sohu.com/a/973960920_464849,网页,AI面试技巧,2026-07-02,—
2026大厂面试AI辅助完整攻略：字节阿里腾讯百度美团策略各不同,https://www.mianlingai.com/blog/bigtech-interview-ai-comparison-2026,网页,AI面试技巧,2026-07-02,—
HR谈薪压价8大话术全拆解，学会就能反杀,https://www.xiaohongshu.com/explore/6a392d80000000001102e680,小红书,HR压薪话术,2026-07-02,191
谈薪（含话术）,https://www.xiaohongshu.com/explore/68747e3a000000000d024efc,小红书,HR压薪话术,2026-07-02,531
HR压薪破解⭕️是给不了，还是你不会谈？,https://www.xiaohongshu.com/explore/67a6c757000000002602c020,小红书,HR压薪话术,2026-07-02,1831
3句话正在悄悄压低你的薪资,https://www.xiaohongshu.com/explore/69e812a60000000022001f63,小红书,HR压薪话术,2026-07-02,3858
救命😭原来HR的压薪套路这么多啊！！,https://www.xiaohongshu.com/explore/674ec04600000000080040bd,小红书,HR压薪话术,2026-07-02,2540
面试被问：薪资达不到还来吗？高分回答模版,https://www.xiaohongshu.com/explore/69c097aa0000000023004b31,小红书,HR压薪话术,2026-07-02,954
HR疯狂压薪？5套反向回怼话术,https://www.xiaohongshu.com/explore/6a26b5700000000022021e40,小红书,HR压薪话术,2026-07-02,—
HR压薪4句黑话💸答错一句亏几千,https://www.xiaohongshu.com/explore/6a3ce7ce0000000011005a57,小红书,HR压薪话术,2026-07-02,—
HR压薪的套路,https://www.xiaohongshu.com/explore/65f5a178000000000d00fc79,小红书,HR压薪话术,2026-07-02,5064
面试压薪常见套路，谈薪别再不好意思了！,https://www.xiaohongshu.com/explore/676cd23a000000000b022798,小红书,HR压薪话术,2026-07-02,1880
你在薪酬谈判中犯的错误,https://www.xiaohongshu.com/explore/68d353cb00000000130100ba,小红书,HR压薪话术,2026-07-02,3351
HR压你薪资的4句话，说错一句亏几千,https://www.xiaohongshu.com/explore/6a1ad97e000000003601c7f2,小红书,HR压薪话术,2026-07-02,424
面试被HR压薪酬？用这个方法拿高薪！,https://www.xiaohongshu.com/explore/682eb9e1000000002300d800,小红书,HR压薪话术,2026-07-02,380
前高盛资深hr教你如何谈薪,https://www.xiaohongshu.com/explore/67e928d0000000000d016780,小红书,HR压薪话术,2026-07-02,1179
🇲🇾谈薪面试(话术版)用对就会成功涨薪,https://www.xiaohongshu.com/explore/693e1f7e000000001e004196,小红书,HR压薪话术,2026-07-02,3920
HR压薪的套路（HR左小姐）,https://www.xiaohongshu.com/explore/6a43c8f9000000001700858e,小红书,HR压薪话术,2026-07-02,—
谈薪被HR压价这样回才不吃亏,https://www.xiaohongshu.com/explore/6a0e80bf000000000603559c,小红书,HR压薪话术,2026-07-02,126
被夸只会说没有啦？码住50句高情商接话,https://www.xiaohongshu.com/explore/69c1dfcd000000001d019da3,小红书,高情商职场应对话术,2026-07-02,7323
别太把领导当自己人，分寸感才是职场保命符,https://www.xiaohongshu.com/explore/67dce47100000000030289cd,小红书,高情商职场应对话术,2026-07-02,1.7万
成年人的顶级情商：说话滴水不漏,https://www.xiaohongshu.com/explore/69da1ae70000000023025e51,小红书,高情商职场应对话术,2026-07-02,2498
读懂hr的潜台词，轻松get心仪offer,https://www.xiaohongshu.com/explore/68d4b282000000000e0239eb,小红书,面试潜台词,2026-07-02,8.8万
华尔街面试官的潜台词你一定要懂…,https://www.xiaohongshu.com/explore/6a311f2f0000000016024128,小红书,面试潜台词,2026-07-02,2.7万
求求😭面试别太老实，没心眼真的不行❗️,https://www.xiaohongshu.com/explore/68931fc4000000002501e8ff,小红书,面试潜台词,2026-07-02,8.7万
实战经验告诉你，面试官的那些：潜台词！,https://www.xiaohongshu.com/explore/67502ad50000000002039cb9,小红书,面试潜台词,2026-07-02,37万
搞懂面试官的潜台词，offer成功率大大提升,https://www.xiaohongshu.com/explore/678c81480000000017003fc9,小红书,面试潜台词,2026-07-02,32.5万
🌟面试｜要听懂面试官问题背后的潜台词！,https://www.xiaohongshu.com/explore/68c8d965000000001d026ad0,小红书,面试潜台词,2026-07-02,—
找工作一定要读懂潜台词，秒变offer收割机,https://www.xiaohongshu.com/explore/68935c6a000000002501a3e8,小红书,面试潜台词,2026-07-02,—
面试官的潜台词你一定要懂,https://www.xiaohongshu.com/explore/69ad3a67000000001a02f766,小红书,面试潜台词,2026-07-02,10.2万
求职一定要懂面试官的这些潜台词！！,https://www.xiaohongshu.com/explore/6a010f66000000003601a017,小红书,面试潜台词,2026-07-02,4351
60s教你读懂面试官的潜台词,https://www.xiaohongshu.com/explore/6a3e64b9000000000f01ca64,小红书,面试潜台词,2026-07-02,4.1万
面试后暗示你被录用的潜台词,https://zhuanlan.zhihu.com/p/1892878085935833391,网页,面试潜台词,2026-07-02,—
面试后暗示你不被录用的潜台词：听懂这些信号,https://zhuanlan.zhihu.com/p/1893612806076621088,网页,面试潜台词,2026-07-02,—
职场会接话的重要性～,https://www.xiaohongshu.com/explore/69415513000000001e00aa19,小红书,职场幽默接话,2026-07-02,12.7万
职场会接话的重要性（老板篇）,https://www.xiaohongshu.com/explore/6a051e9e00000000080026df,小红书,职场幽默接话,2026-07-02,1.7万
65个神反转段子，背下来一开口逗笑所有人,https://www.xiaohongshu.com/explore/69708fc0000000000a028806,小红书,职场幽默接话,2026-07-02,3124
半个月成为幽默之王,https://www.xiaohongshu.com/explore/697b3226000000000a032570,小红书,职场幽默接话,2026-07-02,2562
50句幽默话术，记两句就能逗笑所有人,https://www.xiaohongshu.com/explore/6743192500000000070353a3,小红书,职场幽默接话,2026-07-02,1909
一个很重要但被严重低估的社交技巧：接话❗️,https://www.xiaohongshu.com/explore/6a194d43000000000702681d,小红书,职场幽默接话,2026-07-02,1.9万
句句是爆梗，搞笑率1000%✨,https://www.xiaohongshu.com/explore/69e2ee94000000001a0332f2,小红书,职场幽默接话,2026-07-02,3033
高情商接话的9个万能公式！赶紧码住！,https://www.sohu.com/a/984743860_121886011,网页,职场幽默接话,2026-07-02,—
面试暗示你已经成功了！读懂这些不必焦虑！,https://www.xiaohongshu.com/explore/691ab7f10000000005038e6e,小红书,面试成功的信号,2026-07-02,1132
真正想招你的人，其实信号都很明显！接offer,https://www.xiaohongshu.com/explore/696f6543000000001a02d2f5,小红书,面试成功的信号,2026-07-02,5899
面试'回去等通知'，🔥秒懂潜台词,https://www.xiaohongshu.com/explore/69f22ee60000000035022f95,小红书,面试成功的信号,2026-07-02,438
面试通过和不通过的信号(亲身经历版),https://www.xiaohongshu.com/explore/69ebffaa0000000036000d59,小红书,面试成功的信号,2026-07-02,400
真正想招你的面试官，表现得真的很明显,https://www.xiaohongshu.com/explore/6a05d35c00000000060370b2,小红书,面试成功的信号,2026-07-02,958
录用前的前兆,https://www.xiaohongshu.com/explore/6847a3c9000000000c039198,小红书,面试成功的信号,2026-07-02,4968
救命！HR说这5句话=直接发offer🎯 学生速码,https://www.xiaohongshu.com/explore/66b143e90000000005030d69,小红书,面试成功的信号,2026-07-02,—
我发现，面试时只要听到这句话你就稳了😎,https://www.xiaohongshu.com/explore/68cebbef000000000e00c1a8,小红书,面试成功的信号,2026-07-02,307
面试有戏的6个信号，看到第3个就稳了,https://fly63.com/article/detial/13225,网页,面试成功的信号,2026-07-02,—
🔥面试必背！8个优点回答万能模板,https://www.xiaohongshu.com/explore/68872f550000000017030452,小红书,面试优缺点怎么说,2026-07-02,761
面试被问「缺点」这样说,https://www.xiaohongshu.com/explore/699e42870000000015039da9,小红书,面试优缺点怎么说,2026-07-02,202
逼自己背完这20题，狂拿offer,https://www.xiaohongshu.com/explore/69fade770000000022029ca6,小红书,面试优缺点怎么说,2026-07-02,2.8万
面试被问缺点？直接抄❗️,https://www.xiaohongshu.com/explore/695fd97a000000002103d233,小红书,面试优缺点怎么说,2026-07-02,1378
面试必问（优缺点模板）,https://www.xiaohongshu.com/explore/67ff4963000000001d001ef8,小红书,面试优缺点怎么说,2026-07-02,4417
Job interview 面试官真的很爱这种回答！,https://www.xiaohongshu.com/explore/6879b886000000000d02764b,小红书,面试优缺点怎么说,2026-07-02,529
面试被问缺点｜8个满分答案直接拿offer,https://www.xiaohongshu.com/explore/68a5da9d000000001c0314ee,小红书,面试优缺点怎么说,2026-07-02,—
面试优缺点问题回答技巧：诚实展现缺点避免踩坑,https://www.wondercv.com/blog/uSnxfb6O.html,网页,面试优缺点怎么说,2026-07-02,—
18. 公开演讲技巧：不要以自我介绍开场,https://www.xiaohongshu.com/explore/6808e529000000001201d9a0,小红书,演讲开场白,2026-07-02,4111
🌟 7个让人一听就上瘾的演讲开场金句,https://www.xiaohongshu.com/explore/67e396b8000000001b03bd04,小红书,演讲开场白,2026-07-02,1586
年终总结金句｜开场即炸裂 句句充满力量,https://www.xiaohongshu.com/explore/676fe798000000000b00c2f5,小红书,演讲开场白,2026-07-02,4225
MIT教了40年的课'如何演讲',https://www.xiaohongshu.com/explore/697b3745000000001a03054f,小红书,演讲开场白,2026-07-02,4175
座谈会发言，用宋佳式开场白领导说教科书级,https://www.xiaohongshu.com/explore/686fdf8f000000001703171d,小红书,演讲开场白,2026-07-02,390
撒贝宁的开场白，背下来让你文采飞扬,https://www.xiaohongshu.com/explore/68d7c988000000001203254c,小红书,演讲开场白,2026-07-02,731
放轻松，面试需要松弛感,https://www.xiaohongshu.com/search_result/?keyword=面试松弛感&sort=time_descending,小红书,面试松弛感,2026-07-02,692
汇报能力是职场顶级能力,https://www.xiaohongshu.com/search_result/?keyword=职场表达&sort=time_descending,小红书,职场表达,2026-07-02,8592
😅这些话面试千万别说,https://www.xiaohongshu.com/search_result/?keyword=面试什么话不能说&sort=time_descending,小红书,面试什么话不能说,2026-07-02,131
HR转行做猎头的十大薪酬谈判技巧排行榜,https://www.sohu.com/a/979948756_122435917,网页,谈薪技巧,2026-07-02,—
顶级猎头教你最实用谈薪技巧,https://linksinternational.com.cn/view/blogs/details/1805,网页,谈薪技巧,2026-07-02,—
2026年综合评价面试五大失分雷区及高分应对技巧,https://www.zizzs.com/gk/baokao/222496.html,网页,面试什么话不能说,2026-07-02,—
面试太紧张怎么办？- JavaGuide,https://javaguide.cn/interview-preparation/how-to-handle-interview-nerves.html,网页,面试松弛感,2026-07-02,—
超实用：5000字长文详解面试流程完全指南！不收藏会后悔,https://www.beisen.com/res/1063.html,网页,面试技巧,2026-07-02,—
😎面试官爱听的自我介绍，直接抄！,https://www.xiaohongshu.com/search_result/?keyword=面试自我介绍模板,小红书,面试自我介绍模板,2026-07-02,7497
全英面试题：请介绍一下你自己,https://www.xiaohongshu.com/search_result/?keyword=英文面试技巧,小红书,英文面试技巧,2026-07-02,14000
甩锅小连招,https://www.xiaohongshu.com/search_result/?keyword=甩锅话术,小红书,甩锅话术,2026-07-02,42000
职场指南如何当一个不背锅的人,https://blog.csdn.net/weixin_41055260/article/details/121369221,网页,甩锅话术,2026-07-02,—
直接抄！50句万能场面话｜社交场合零翻车,https://www.xiaohongshu.com/search_result/?keyword=职场漂亮话,小红书,职场漂亮话,2026-07-02,13000
howto打造外企英文面试活人感,https://www.xiaohongshu.com/search_result/?keyword=面试活人感,小红书,面试活人感,2026-07-02,70
面试像聊天 反而拿offer,https://www.xiaohongshu.com/search_result/?keyword=面试的顶级心态,小红书,面试的顶级心态,2026-07-02,12000
如何通过肢体语言增加面试好感度,https://www.jianli.com/article/ommjpm.html,网页,面试肢体语言,2026-07-02,—
HR必须掌握20种面试肢体语言,https://www.hrloo.com/news/48244.html,网页,面试肢体语言,2026-07-02,—
AI面试避坑指南｜80%的人栽在这3点,https://www.xiaohongshu.com/search_result/?keyword=AI面试技巧,小红书,AI面试技巧,2026-07-03,4
AI面试淘汰率80%？三招教你用ChatGPT反向驯服算法,https://zhuanlan.zhihu.com/p/29946820770,网页,AI面试技巧,2026-07-03,—
面试结果，HR已经暗示过你,https://www.xiaohongshu.com/search_result/?keyword=面试成功的信号,小红书,面试成功的信号,2026-07-03,3458
表演艺考生如何在面试中展现活人感,http://m.zyrykbiaoyan.com/datum/msjq/4660.html,网页,面试活人感,2026-07-03,—
面试官最反感的3句话｜说了直接扣分❌,https://www.xiaohongshu.com/search_result/?keyword=面试什么话该说,小红书,面试什么话该说,2026-07-03,9
面试被问「缺点」这样说,https://www.xiaohongshu.com/search_result/?keyword=面试优缺点怎么说,小红书,面试优缺点怎么说,2026-07-03,202
救命！原来HR问的是这个！难怪面试老踩坑,https://www.xiaohongshu.com/search_result/?keyword=面试潜台词,小红书,面试潜台词,2026-07-03,2.1万
面试后HR的10大潜台词解析,https://zhuanlan.zhihu.com/p/1900636279772783058,网页,面试潜台词,2026-07-03,—
一定要听懂的面试官的潜台词！,https://zhuanlan.zhihu.com/p/12373042673,网页,面试潜台词,2026-07-03,—
面试后暗示你被录用的潜台词,https://m.sohu.com/a/880654451_121945676,网页,面试潜台词,2026-07-03,—
专业且不得罪人：甩锅的高阶表达术！,https://www.xiaohongshu.com/explore/6881e0ad000000001203eb74,小红书,甩锅话术,2026-07-03,805
干活不如会说话 第五期,https://www.xiaohongshu.com/explore/6806201b000000001d01e4d7,小红书,甩锅话术,2026-07-03,112
产品经理的甩锅语录,https://www.xiaohongshu.com/explore/6a4511600000000011011518,小红书,甩锅话术,2026-07-03,—
广告投手甩锅话术大集合,https://www.xiaohongshu.com/explore/6a47b3d7000000001c025dfd,小红书,甩锅话术,2026-07-03,—
广告投放必看！11个甩锅话术，一学就会！,https://www.xiaohongshu.com/explore/692d7631000000001e02c299,小红书,甩锅话术,2026-07-03,—
混国企，这几个甩锅大法一定要熟练掌握,https://www.xiaohongshu.com/explore/68008002000000001c029edc,小红书,甩锅话术,2026-07-03,207
一定要远离这种喜欢甩锅的人,https://www.xiaohongshu.com/explore/69369873000000001e021a4e,小红书,甩锅话术,2026-07-03,706
一定要学会把锅甩回去,https://www.xiaohongshu.com/explore/69561ee9000000002103ec95,小红书,甩锅话术,2026-07-03,—
教你一句，噎死别人,https://www.xiaohongshu.com/explore/672c7417000000001b013ec8,小红书,甩锅话术,2026-07-03,3750
职场6大甩锅话术，你中过几个？,https://www.xiaohongshu.com/explore/6a0309a2000000003700ee26,小红书,甩锅话术,2026-07-03,—
职场魅魔犯错甩锅实用话术,https://www.xiaohongshu.com/explore/6829c6fd00000000120032c1,小红书,甩锅话术,2026-07-03,—
职场甩锅四步法,https://www.xiaohongshu.com/explore/6732be230000000019017aa6,小红书,甩锅话术,2026-07-03,159
开会甩锅模版,https://www.xiaohongshu.com/explore/69d9ac1e0000000023004206,小红书,甩锅话术,2026-07-03,—
来甩锅（陈述事实）,https://www.xiaohongshu.com/explore/6a256229000000001503ffb2,小红书,甩锅话术,2026-07-03,312
同事甩锅给你，你该硬刚还是装傻？,https://www.xiaohongshu.com/explore/698538fa000000000a02bc1b,小红书,甩锅话术,2026-07-03,—
AIGC团队甩锅篇：话术解读与应对,https://blog.csdn.net/qq_25091707/article/details/144010325,网页,甩锅话术,2026-07-03,—
一次职场冲突教我的事：如何从背锅侠变成规则设计者,https://blog.csdn.net/bengg123/article/details/146914461,网页,甩锅话术,2026-07-03,—
一个超绝的面试心态,https://www.xiaohongshu.com/explore/6a45f405000000002201791d,小红书,面试超绝心态,2026-07-03,32
被求职焦虑拖垮，如何心态管理并走出来？,https://www.xiaohongshu.com/explore/68b0561d000000001b03d5e8,小红书,面试超绝心态,2026-07-03,4809
面试超绝心态：学会了就是我的！,https://www.xiaohongshu.com/explore/69b20f06000000001d0104c7,小红书,面试超绝心态,2026-07-03,982
面试心态分享：狠狠祛魅就完了,https://www.xiaohongshu.com/explore/67d8318e000000001e006b40,小红书,面试超绝心态,2026-07-03,11000
如何调整面试心态，轻松让offer来敲门？,https://news.mbalib.com/story/235004,网页,面试超绝心态,2026-07-03,—
写给2026年求职者：别把系统的错活成自己的困局,https://www.winheadhunter.com/news/hangzhou_industrynews/251.html,网页,面试超绝心态,2026-07-03,—
2026最新 求职季面试辅助必备TOP5工具精选榜,https://www.sohu.com/a/979913599_122521157,网页,面试技巧,2026-07-03,—
2026年 面试技巧深度解析：资深HR推荐的高效求职策略与避坑指南,https://www.sohu.com/a/992198815_122507283,网页,面试技巧,2026-07-03,—
2026求职避坑清单：这些求职陷阱来年千万别踩！,https://zhuanlan.zhihu.com/p/1994096597559158577,网页,面试什么话不能说,2026-07-03,—
专访面霸君武超：AI重构2026求职赛道，新质生产力时代就业全指南,https://tech.china.com/articles/20260626/202606261902721.html,网页,面试什么话不能说,2026-07-03,—
真正想招你的人，其实信号都很明显！接offer,https://www.xiaohongshu.com/explore/69e1fd4800000000230061b6,小红书,面试成功的信号,2026-07-03,5898
面试成功的信号，有2个基本就稳了!,https://www.xiaohongshu.com/explore/6913dfb80000000003038c2d,小红书,面试成功的信号,2026-07-03,—
面试暗语破译｜HR这几句话=offer在路上了！,https://www.xiaohongshu.com/explore/68e8595600000000030100c0,小红书,面试成功的信号,2026-07-03,—
明明能力够，为什么面试还一直被拒,https://www.xiaohongshu.com/explore/69c2dad00000000022028043,小红书,面试成功的信号,2026-07-03,274
让面试官当场决定录用你的3个方法,https://www.xiaohongshu.com/explore/68d67d58000000001301fe4c,小红书,面试成功的信号,2026-07-03,2.4万
面试结束后，如何从HR的回复判断结果？,https://www.xiaohongshu.com/explore/68a2e9ca000000001d00bbd2,小红书,面试成功的信号,2026-07-03,560
终面后这几个信号，等于直接发offer,https://www.xiaohongshu.com/explore/690021a100000000070176a3,小红书,面试成功的信号,2026-07-03,—
面试中你要被录用的3个信号，读懂了不焦虑,https://www.xiaohongshu.com/explore/69be8c99000000001d01d5cf,小红书,面试成功的信号,2026-07-03,1564
当面试官说了这些话，预示你的offer基本稳了,https://www.xiaohongshu.com/explore/690332ac0000000005039508,小红书,面试成功的信号,2026-07-03,1168
你要被录用了❗,https://www.xiaohongshu.com/explore/69f559130000000036001a6d,小红书,面试成功的信号,2026-07-03,2575
8个真实能感受到的通过征兆,https://www.xiaohongshu.com/explore/68d3b5170000000007029f40,小红书,面试成功的信号,2026-07-03,—
职场会接话的重要性,https://www.xiaohongshu.com/explore/6a45ad380000000007021cbc,小红书,职场幽默接话,2026-07-03,2036
职场中会接话的重要性（同事日常篇）,https://www.xiaohongshu.com/explore/6a47092e000000000803262f,小红书,职场幽默接话,2026-07-03,—
职场接话是个技术活,https://www.xiaohongshu.com/explore/6a069728000000003503344e,小红书,职场幽默接话,2026-07-03,1737
职场接话的重要性（怼人篇🔥）,https://www.xiaohongshu.com/explore/6a0726d00000000007024ed4,小红书,职场幽默接话,2026-07-03,1083
半个月成为幽默之王,https://www.xiaohongshu.com/explore/6977ed9c000000002203bb7d,小红书,职场幽默接话,2026-07-03,2566
面试真的是双向选择的过程？（第四期）,https://www.xiaohongshu.com/explore/6a2b4f07000000001c020000,小红书,面试活人感,2026-07-03,1.7万
面试状态一定要非常松弛,https://www.xiaohongshu.com/explore/672b7421000000001c0266f4,小红书,面试活人感,2026-07-03,7319
面试的精髓：表演松弛和自信,https://www.xiaohongshu.com/explore/65ecba03000000000300ea02,小红书,面试活人感,2026-07-03,2.1万
悟出了面试通过的一个底层逻辑,https://www.xiaohongshu.com/explore/66cd15cc000000001d0128c9,小红书,面试活人感,2026-07-03,5万
马上要面试了，没有时间准备、听这个！绝对够,https://www.xiaohongshu.com/explore/66b47f2b000000001d0274a2,小红书,面试活人感,2026-07-03,3.3万
最容易拿offer的面试技巧：活人感,https://www.xiaohongshu.com/explore/69d03399000000001c028f19,小红书,面试活人感,2026-07-03,487
35岁给25岁的我建议：不要害怕面试,https://www.xiaohongshu.com/explore/6a34e6830000000003022d19,小红书,面试活人感,2026-07-03,1.4万
被生活折磨过 behavioral才能有活人感,https://www.xiaohongshu.com/explore/6a46ebe8000000003603c1d5,小红书,面试活人感,2026-07-03,14
"开会不敢发言？教你3个""不经意""的插话技巧",https://www.gankinterview.cn/blog/afraid-to-speak-up-in-meetings-learn-3-casual-interjection-tips-to-boost-your-pr,网页,职场表达,2026-07-03,—
面了20场才发现，90%的人都在用错误方式准备面试,https://www.nowcoder.com/feed/main/detail/49f733d4530a46dbb88381bb7b2f0afa,网页,面试什么话该说,2026-07-03,—
如何在面试中脱颖而出？面试实战技巧分享,https://zhuanlan.zhihu.com/p/471963923,网页,面试技巧,2026-07-04,—
恭喜你！在面试前看到了这28个超实用的面试技巧和注意事项！,https://zhuanlan.zhihu.com/p/74240034,网页,面试技巧,2026-07-04,—
面试技巧|32个常见面试问题与回答技巧，帮你补齐短板,https://www.fzmjtc.cn/szxxgcxy/info/1176/2805.htm,网页,面试技巧,2026-07-04,—
在面试中，什么话术可以让面试官事半功倍？,https://youle.zhipin.com/questions/e047c2eb25e25cd8tnZ629m7.html,网页,面试什么话该说,2026-07-04,—
面试时，HR只要说这5句话，你可能要被淘汰！,https://zhuanlan.zhihu.com/p/395558815,网页,面试什么话不能说,2026-07-04,—
找工作时候，面试官只要说这5句话，你已经被淘汰了,https://zhuanlan.zhihu.com/p/91244536,网页,面试什么话不能说,2026-07-04,—
HRBP面试忌讳的话全解析：这8句话一说就凉！速看避坑指南,https://www.hqwx.com/hrbp-kaoshi/news/17412538156473.html,网页,面试什么话不能说,2026-07-04,—
面试成功/失败信号收集|othersPM面经,https://www.1point3acres.com/bbs/thread-587469-1-1.html,网页,面试成功的信号,2026-07-04,—
面试结果7大暗示,https://www.lagou.com/wn/encyclopedia/822,网页,面试成功的信号,2026-07-04,—
如何判断HR/面试官对我是否有意,https://www.sanmao.com/dk/75816,网页,面试成功的信号,2026-07-04,—
5个冷门但超实用的面试技巧，快速拿到更好offer,https://www.woshipm.com/zhichang/2598205.html,网页,面试的顶级心态,2026-07-04,—
面试会紧张怎么办？学会这五招，轻松应对所有面试，拿offer不再是难事！,https://zhuanlan.zhihu.com/p/1893626313933308061,网页,面试的顶级心态,2026-07-04,—
为什么面试官很看重你的松弛感？,https://cloud.tencent.com/developer/article/1852352,网页,面试的顶级心态,2026-07-04,—
面试的本质是气质筛选：offer收割机现身说法,https://www.sina.cn/news/detail/5307895933832579.html,网页,面试的顶级心态,2026-07-04,—
首批签约，拿到心仪offer！求职秘笈来了！,https://m.thepaper.cn/newsDetail_forward_32225578,网页,面试的顶级心态,2026-07-04,—
6个沟通模型与法则，让你成为职场社牛,https://zhuanlan.zhihu.com/p/567169739,网页,职场有效表达,2026-07-04,—
职场沟通攻略合集：与领导、同事、大佬的沟通法则,https://zhuanlan.zhihu.com/p/2009571302072161517,网页,职场有效表达,2026-07-04,—
黄金沟通法则，解决90%以上职场沟通问题,https://zhuanlan.zhihu.com/p/1919468955564742053,网页,职场有效表达,2026-07-04,—
干货|职场沟通的8个要点,https://zhuanlan.zhihu.com/p/359639851,网页,职场有效表达,2026-07-04,—
职场沟通10大黄金法则，高效提升执行力,https://news.mbalib.com/story/252479,网页,职场有效表达,2026-07-04,—
如何进行有效的职场沟通？成功人士的职场高效沟通法则是什么？,https://yiban.io/blog/3570,网页,职场有效表达,2026-07-04,—
面试反问环节，该怎么做？,https://www.woshipm.com/share/6066611.html,网页,面试反问环节可以问什么,2026-07-04,—
你有什么需要问我的吗？面试反问环节该怎么提问？,https://zhuanlan.zhihu.com/p/62044396,网页,面试反问环节可以问什么,2026-07-04,—
在面试反问环节，向面试官问什么问题比较妥当？,https://zhuanlan.zhihu.com/p/475875520,网页,面试反问环节可以问什么,2026-07-04,—
面试时应该问面试官的十个问题,https://www.36kr.com/p/1558049887440770,网页,面试反问环节可以问什么,2026-07-04,—
AI应用开发工程师面试宝典（二狗子整理）,https://github.com/guocong-bincai/ai-interview-guide,网页,面试技巧,2026-07-04,—
面试应答有哪些话术和技巧,https://www.imooc.com/article/324396,网页,面试技巧,2026-07-04,—
阿里巴巴2026届用户运营岗面试经验：问题解析与高分技巧,https://www.wondercv.com/mianjing/alibaba-operations-2026-291/,网页,面试技巧,2026-07-04,—
十个常见面试问题，你该如何回答,https://m.careercn.net/msjq/5505.html,网页,面试什么话该说,2026-07-04,—
50个面试经典问题，你该如何回答,https://www.xyafu.edu.cn/lxya/info/1113/4284.htm,网页,面试什么话该说,2026-07-04,—
面试时求职者最应该向面试官提的13个关键问题,https://www.michaelpage.com.cn/advice/career-advice/interview/1009599,网页,面试什么话该说,2026-07-04,—
面试需要注意什么28个超实用的面试技巧,https://www.chinaacc.com/kuaijishiwu/zzjn/zh20190724115936.shtml,网页,面试什么话该说,2026-07-04,—
16个经典面试问题回答思路,https://jidianxy.xpu.edu.cn/info/1269/5787.htm,网页,面试什么话该说,2026-07-04,—
哪些话是面试时千万不要说的——战略篇,https://www.cnblogs.com/silyvin/p/11405042.html,网页,面试什么话不能说,2026-07-04,—
面试时应避免说的6句话,https://jandan.net/p/89166,网页,面试什么话不能说,2026-07-04,—
HR超爱听的5个面试反问建议收藏,https://www.ncss.cn/ncss/zd/ms/202410/20241017/2293344108.html,网页,面试反问,2026-07-04,—
应届生面试反问环节该问什么提高面试官好感,https://blog.csdn.net/weixin_45822171/article/details/111240283,网页,面试反问,2026-07-04,—
面试中面试官反问你还有什么问题吗时应该怎样回答,https://zhuanlan.zhihu.com/p/146888478,网页,面试反问,2026-07-04,—
在面试反问环节向面试官问什么问题比较妥当,https://www.zhihu.com/question/461491497,网页,面试反问,2026-07-04,—
聪明的求职者在面试中是如何反向提问的,https://www.36kr.com/p/1754377584508931,网页,面试反问,2026-07-04,—
面试中面试官反问你还有什么问题时应该怎样回答,https://www.zhihu.com/question/594649473,网页,面试反问,2026-07-04,—
面试反问千万别说没什么想问的,https://www.chinaacc.com/jiuye/zcbk/li20240523110138.shtml,网页,面试反问,2026-07-04,—
反问环节如何提问,https://www.nowcoder.com/creation/subject/06843abefc2a4ab593b35d9e11cc6fe0,网页,面试反问,2026-07-04,—
面试一定要会反问！会反问！会反问！,https://www.xiaohongshu.com/explore/6a32967b0000000007027216,小红书,面试反问,2026-07-04,6.5万
3个反问让面试官决定录用你,https://www.xiaohongshu.com/explore/69bc0932000000001a0204e6,小红书,面试反问,2026-07-04,4.3万
这应该是见过最好的回答了,https://www.xiaohongshu.com/explore/692455e3000000001e0047f0,小红书,面试反问,2026-07-04,3.8万
这道面试必问题 需要一点心眼子来回答,https://www.xiaohongshu.com/explore/695ed1f0000000002103f47a,小红书,面试反问,2026-07-04,1.8万
有策略的反问力挽狂澜，最后关头锁定胜局,https://www.xiaohongshu.com/explore/67a65b88000000002a0033d3,小红书,面试反问,2026-07-04,7725
拜托 面试找工作一定要主动大胆问,https://www.xiaohongshu.com/explore/69789188000000000d00a7a3,小红书,面试反问,2026-07-04,1.5万
面试反问，这样回答真的超加分,https://www.xiaohongshu.com/explore/67f8dae6000000000b02f4d0,小红书,面试反问,2026-07-04,2.4万
真的被大家面试反问的思路深深震撼到,https://www.xiaohongshu.com/explore/6a27b497000000003502f71b,小红书,面试反问,2026-07-04,1.7万
其实反问才是淘汰垃圾公司的最好方法,https://www.xiaohongshu.com/explore/68bd687e000000001b02252a,小红书,面试反问,2026-07-04,6141
面试反反复复就是问这16个问题,https://www.xiaohongshu.com/explore/693149e3000000000d03433f,小红书,面试反问,2026-07-04,6576
面试官视角：聊聊印象深刻的提问+为什么加分,https://www.xiaohongshu.com/explore/6976c045000000001a02a79b,小红书,面试反问,2026-07-04,5015
面试最后一步问这些，offer稳了,https://www.xiaohongshu.com/explore/67aaa5e2000000002901f4c2,小红书,面试反问,2026-07-04,3405
面试官问你的优缺点这个问题时该怎样回答,https://www.qmjianli.com/content/guide/2816,网页,面试优缺点怎么说,2026-07-04,—
面试被问你的优缺点是什么加分回复,https://www.chinaacc.com/jiuye/zcbk/zh20230308154004.shtml,网页,面试优缺点怎么说,2026-07-04,—
教你面试时如何回答优缺点,https://m.51job.com/news/detail.php?newsid=05_391449,网页,面试优缺点怎么说,2026-07-04,—
面试时被问到优缺点到底该怎么回答,https://job.hnplc.com/news/view/aid/293184/tag/qzjq,网页,面试优缺点怎么说,2026-07-04,—
面试中回答自己的优缺点的7个精髓技巧,https://news.job2299.com/article/view/0/20240712104313619,网页,面试优缺点怎么说,2026-07-04,—
面试时该如何回答关于自己优缺点的问题,https://www.zhixingqiuzhi.com/news/1388.html,网页,面试优缺点怎么说,2026-07-04,—
面试问你优缺点怎么回答,https://www.hrloo.com/news/238800.html,网页,面试优缺点怎么说,2026-07-04,—
面试时如何回答自己的优缺点,https://jingyan.baidu.com/article/215817f733f16d5eda1423b2.html,网页,面试优缺点怎么说,2026-07-04,—
面试中个人优缺点回答技巧,https://www.jianliben.com/article/detail/43237,网页,面试优缺点怎么说,2026-07-04,—
面试必问：你的优缺点是什么,https://www.xiaohongshu.com/search_result?keyword=面试优缺点怎么说&note=番茄小面,小红书,面试优缺点怎么说,2026-07-04,4442
这个问题特别愚蠢但是面试官必须要问这个,https://www.xiaohongshu.com/search_result?keyword=面试优缺点怎么说&note=Dandan,小红书,面试优缺点怎么说,2026-07-04,6223
面试被问你的优势是照着念就能过,https://www.xiaohongshu.com/search_result?keyword=面试优缺点怎么说&note=大学干货菌,小红书,面试优缺点怎么说,2026-07-04,1242
看完这篇再去面试，瞬间提升好感度,https://www.xiaohongshu.com/search_result?keyword=面试活人感&note=MrJonathan1,小红书,面试活人感,2026-07-04,1.3万
面试的精髓：表演松弛和自信,https://www.xiaohongshu.com/search_result?keyword=面试活人感&note=桔子在职场,小红书,面试活人感,2026-07-04,2.1万
华人面试张口就来的3句话,https://www.xiaohongshu.com/search_result?keyword=面试活人感&note=MrJonathan2,小红书,面试活人感,2026-07-04,7412
面试真的是双向选择的过程,https://www.xiaohongshu.com/search_result?keyword=面试活人感&note=会说话的豆腐,小红书,面试活人感,2026-07-04,1.7万
面试状态一定要非常松弛,https://www.xiaohongshu.com/search_result?keyword=面试活人感&note=郭钦是笔名,小红书,面试活人感,2026-07-04,7325
在面试中散发强者气息,https://www.xiaohongshu.com/search_result?keyword=面试活人感&note=MrJonathan3,小红书,面试活人感,2026-07-04,2627
HR面过两千人总结出的经验拿offer必看,https://www.xiaohongshu.com/search_result?keyword=面试活人感&note=不做人事的猕猴唐,小红书,面试活人感,2026-07-04,4万
悟出了面试通过的一个底层逻辑,https://www.xiaohongshu.com/search_result?keyword=面试活人感&note=狸米有米,小红书,面试活人感,2026-07-04,5万
冲击面试高分，一定要有活人感,https://www.xiaohongshu.com/search_result?keyword=面试活人感&note=粉笔面试王骥炎,小红书,面试活人感,2026-07-04,2916
难怪他们job interview都这么轻松,https://www.xiaohongshu.com/search_result?keyword=面试活人感&note=布鲁斯,小红书,面试活人感,2026-07-04,1.8万
一个巨牛的面试心态,https://www.xiaohongshu.com/search_result?keyword=面试活人感&note=比格大王,小红书,面试活人感,2026-07-04,8719
克服紧张的邪修方法,https://www.xiaohongshu.com/search_result?keyword=面试超绝心态&note=刺杀土豆,小红书,面试超绝心态,2026-07-04,4.3万
悟出了面试通过的一个底层逻辑（超绝心态版）,https://www.xiaohongshu.com/search_result?keyword=面试超绝心态&note=狸米有米,小红书,面试超绝心态,2026-07-04,5万
一秒解决当众紧张的顶级心态 社恐请进,https://www.xiaohongshu.com/search_result?keyword=面试超绝心态&note=赵越,小红书,面试超绝心态,2026-07-04,9766
内向 连参加面试都不敢,https://www.xiaohongshu.com/search_result?keyword=面试超绝心态&note=养乐多,小红书,面试超绝心态,2026-07-04,1.5万
面试通过的绝胜心法,https://www.xiaohongshu.com/search_result?keyword=面试超绝心态&note=安歌醒了,小红书,面试超绝心态,2026-07-04,4818
35岁给25岁的我建议：不要害怕面试,https://www.xiaohongshu.com/search_result?keyword=面试超绝心态&note=盐非,小红书,面试超绝心态,2026-07-04,1.4万
gap两年多已找到工作，分享一个面试顶级心态,https://www.xiaohongshu.com/search_result?keyword=面试超绝心态&note=汤小鱼,小红书,面试超绝心态,2026-07-04,3989
面试心态分享：狠狠祛魅就完了,https://www.xiaohongshu.com/search_result?keyword=面试超绝心态&note=电子嘴替小曾,小红书,面试超绝心态,2026-07-04,1.1万
悟出了一个面试通过的底层逻辑 面试真不难,https://www.xiaohongshu.com/search_result?keyword=面试超绝心态&note=凯瑟琳学姐,小红书,面试超绝心态,2026-07-04,6460
面试超绝心态：学会了就是我的,https://www.xiaohongshu.com/search_result?keyword=面试超绝心态&note=乐川,小红书,面试超绝心态,2026-07-04,985
不要害怕面试，面试通过真的不难,https://www.xiaohongshu.com/search_result?keyword=面试超绝心态&note=安安的安,小红书,面试超绝心态,2026-07-04,3223
一面试就紧张怎么办 怎么调整好心态,https://www.zhihu.com/question/19903557,网页,面试超绝心态,2026-07-04,—
我学了100种沟通技巧却还是过不好职场,https://36kr.com/p/3442219567928960,网页,职场表达,2026-07-04,—
春招来临这6个面试细节比回答正确更重要,https://zhuanlan.zhihu.com/p/2012109862310527338,网页,面试技巧,2026-07-04,—
面试撒谎的巨大好处,https://www.xiaohongshu.com/search_result?keyword=面试什么话不能说&sort=time_descending,小红书,面试什么话不能说,2026-07-04,1619
男人有梗才更受欢迎年轻人必备技能,https://www.xiaohongshu.com/search_result?keyword=职场幽默接话&sort=time_descending,小红书,职场幽默接话,2026-07-04,2224
开会被当众甩锅第一句别说不是我,https://www.xiaohongshu.com/search_result?keyword=甩锅话术&sort=time_descending,小红书,甩锅话术,2026-07-04,1
面试有戏的6个明确信号出现3个以上稳了,https://www.xiaohongshu.com/search_result?keyword=面试有戏的信号&sort=time_descending,小红书,面试有戏的信号,2026-07-04,42
我反问面试官三个问题他合上简历和我聊天,https://www.xiaohongshu.com/search_result?keyword=反向面试问题&sort=time_descending,小红书,反向面试问题,2026-07-04,3
不是🤔你们面试都不听HR话外音的吗？,https://www.xiaohongshu.com/search_result?keyword=面试潜台词&sort=time_descending&note=阿宝姐run4,小红书,面试潜台词,2026-07-04,5975
你的面试又错了！问：你为什么离职？,https://www.xiaohongshu.com/search_result?keyword=离职原因怎么说&sort=time_descending&note=睿思班,小红书,离职原因怎么说,2026-07-04,381
离职todo｜离职前必做的 10件事（附模版）,https://www.xiaohongshu.com/search_result?keyword=离职原因怎么说&sort=time_descending&note=野生澄,小红书,离职原因怎么说,2026-07-04,3391
聪明人离职，主打一个体面，走得快，不背锅,https://www.xiaohongshu.com/search_result?keyword=离职原因怎么说&sort=time_descending&note=郝律在线,小红书,离职原因怎么说,2026-07-04,1278
英语面试问离职原因，13个话术HR都认可~,https://www.xiaohongshu.com/search_result?keyword=离职原因怎么说&sort=time_descending&note=橙子摸鱼,小红书,离职原因怎么说,2026-07-04,527
外企职场必备：会议插话不失礼的表达方式,https://www.xiaohongshu.com/search_result?keyword=职场表达&sort=time_descending&note=MsCoco,小红书,职场表达,2026-07-04,42
面试博弈论11|系统讲清行为面试 别用STAR了,https://www.xiaohongshu.com/search_result?keyword=面试技巧&sort=time_descending&note=猴猴肚肚,小红书,面试技巧,2026-07-04,241
靠12个Claude提示词，分分钟拿下dream offer,https://www.xiaohongshu.com/search_result?keyword=面试技巧&sort=time_descending&note=MrMiss,小红书,面试技巧,2026-07-04,171
四十八个面试问题及回答技巧,https://www.xiaohongshu.com/search_result?keyword=面试什么话该说&sort=time_descending&note=爱吃变态辣,小红书,面试什么话该说,2026-07-04,2068
斯坦福姨姨一分钟教你面试回答自己的缺点,https://www.xiaohongshu.com/search_result?keyword=面试什么话不能说&sort=time_descending&note=Dorae,小红书,面试什么话不能说,2026-07-04,343
面试离职原因:为何离开前公司？该诚实回答吗,https://www.woshipm.com/zhichang/5924948.html,网页,离职原因怎么说,2026-07-04,—
HR问离职原因，你该怎么回答？,https://www.qmjianli.com/content/guide/82,网页,离职原因怎么说,2026-07-04,—
连续3次一面挂，我终于听懂面试官的潜台词,https://www.nowcoder.com/discuss/353154604214984704,网页,面试潜台词,2026-07-04,—
提升成功率的面试话术，速成拿offer！,https://www.1haogu.com/xuexijingyan/2927.html,网页,面试什么话该说,2026-07-04,—
面试中，面试官的哪些「暗示」让你觉得稳了？,https://36kr.com/p/2410384238879745,网页,面试成功的信号,2026-07-04,—
求职必看！实测这些技巧提高面试50%通过率,https://zhuanlan.zhihu.com/p/1995529043332837895,网页,面试技巧,2026-07-04,—
"面试官的8句潜台词,你听懂了吗？",https://www.jianli.com/article/gjrpvd.html,网页,面试潜台词,2026-07-04,—
能力很强的女生，都擅长即兴发言！！,https://www.xiaohongshu.com/search_result?keyword=职场表达,小红书,职场表达,2026-07-05,52
一些岗位通用的面试话术技巧，值得收藏,https://wenku.51job.com/article442610/,网页,面试什么话该说,2026-07-05,—
面试了一个40岁求职者，开口第一句话就赢了,https://www.xiaohongshu.com/search_result?keyword=面试什么话不能说,小红书,面试什么话不能说,2026-07-05,572
面试第一定律：别太想进,https://www.xiaohongshu.com/search_result?keyword=面试超绝心态,小红书,面试超绝心态,2026-07-05,14
职场甩锅阴招！可以不用但不能不会！,https://www.xiaohongshu.com/search_result?keyword=甩锅话术,小红书,甩锅话术,2026-07-05,5617
七大信号判断面试是否成功,https://news.mbalib.com/story/228744,网页,面试成功的信号,2026-07-05,—
2026年AI面试工具Top20全榜单：谁在真正改变面试这件事？,https://gitcode.csdn.net/69cbacdb0a2f6a37c59bd86e.html,网页,2026AI面试新趋势,2026-07-05,—
2026春招紧急提醒：从你会什么到你能用AI交付什么,https://m.tech.china.com/redian/2026/0410/042026_1844249.html,网页,2026AI面试新趋势,2026-07-05,—
2026年求职，AI技能成了必选项,https://c.m.163.com/news/a/KSLPOM810516DVCH.html,网页,2026AI面试新趋势,2026-07-05,—
35岁给25岁的我建议：不要害怕面试,https://www.xiaohongshu.com/explore/69b2d334000000002202c890,小红书,面试活人感,2026-07-05,1.4万
面试的松弛感：不是你什么都会，而是你,https://www.xiaohongshu.com/explore/69eca64000000000380202aa,小红书,面试活人感,2026-07-05,3878
冲击面试高分，一定要有活人感,https://www.xiaohongshu.com/explore/69f1cd41000000003601b86c,小红书,面试活人感,2026-07-05,2916
面试通过的超绝心态（4个秘诀，看完见效）,https://www.xiaohongshu.com/explore/68fb93e90000000007039440,小红书,面试活人感,2026-07-05,3155
被生活折磨过 面试才能有活人感,https://www.xiaohongshu.com/explore/6a47bd3c0000000007025138,小红书,面试活人感,2026-07-05,17
白人面试官其实不太喜欢你太客气,https://www.xiaohongshu.com/explore/6a3da706000000000e038400,小红书,面试活人感,2026-07-05,89
howto拿下英文面试：非母语者方法论+工具,https://www.xiaohongshu.com/explore/6a347abc0000000006035d26,小红书,面试活人感,2026-07-05,757
面试博弈论7|缺点 稳健回答 覆盖95%场景,https://www.xiaohongshu.com/explore/6a162c83000000003601bf0e,小红书,面试优缺点怎么说,2026-07-05,2514
政审谈话常见优缺点（应届生版）,https://www.xiaohongshu.com/explore/69c2384b0000000021039ac2,小红书,面试优缺点怎么说,2026-07-05,2483
弱爆vs自信，面试话术差太多了,https://www.xiaohongshu.com/explore/69d7669c000000001b00240e,小红书,面试优缺点怎么说,2026-07-05,92
面试被问缺点 别慌 照着说就赢了,https://www.xiaohongshu.com/explore/69bbcdd600000000280094a3,小红书,面试优缺点怎么说,2026-07-05,38
面试被问缺点这样说,https://www.xiaohongshu.com/explore/69cdb7d30000000023013221,小红书,面试优缺点怎么说,2026-07-05,202
面试被问优缺点，照着这些念就能过,https://www.xiaohongshu.com/explore/690c821600000000070313e6,小红书,面试优缺点怎么说,2026-07-05,83
冷知识：为什么厉害的人总能在台上自信发言,https://www.xiaohongshu.com/explore/694d467b000000001e035c0b,小红书,即兴发言,2026-07-05,7944
每日练嘴,https://www.xiaohongshu.com/explore/6a1b875100000000060223a8,小红书,即兴发言,2026-07-05,7707
当众讲话嘴笨，3个即兴表达公式（开会版）,https://www.xiaohongshu.com/explore/67ee055b000000001201dd6c,小红书,即兴发言,2026-07-05,6251
打卡 每天一分钟英文即兴演讲,https://www.xiaohongshu.com/explore/69f915d7000000002003bd9e,小红书,即兴发言,2026-07-05,1.1万
黄仁勋的3个即兴发言技巧,https://www.xiaohongshu.com/explore/6985bd52000000001d027dfe,小红书,即兴发言,2026-07-05,3955
即兴发言 全能工具书,https://www.xiaohongshu.com/explore/669a34630000000003025240,小红书,即兴发言,2026-07-05,1465
学会如何更加结构化的即兴表达,https://www.xiaohongshu.com/explore/660b4c6c000000001b00f6ab,小红书,即兴发言,2026-07-05,519
斯坦福教授：六招教你高质量即兴发言,https://www.xiaohongshu.com/explore/6718ff17000000002401b87c,小红书,即兴发言,2026-07-05,406
能力很强的女生，都擅长即兴发言,https://www.xiaohongshu.com/explore/6a490492000000000800 2702,小红书,即兴发言,2026-07-05,67
快速组织语言，即兴表达超简单 直接抄作业,https://www.xiaohongshu.com/explore/69b01325000000000601cfaf,小红书,即兴发言,2026-07-05,48
PMO和项目经理即兴发言必备公式和实例,https://zhuanlan.zhihu.com/p/438639584,网页,即兴发言,2026-07-05,—
领导让你即兴讲两句 别愁 讲话框架学起来,https://blog.csdn.net/weixin_43413451/article/details/122613307,网页,即兴发言,2026-07-05,—
拒绝自我PUA：找工作要有配得感,https://www.xiaohongshu.com/explore/68afcb43000000001d022c6b,小红书,面试配得感,2026-07-05,9022
面试其实是在筛掉演技差、配得感低的人,https://www.xiaohongshu.com/explore/664dff3b000000000f00f4db,小红书,面试配得感,2026-07-05,3899
在面试中散发强者气息,https://www.xiaohongshu.com/explore/69cc49d8000000001a020b9e,小红书,面试配得感,2026-07-05,2629
面试拿offer的人，身上都有一种高配得感,https://www.xiaohongshu.com/explore/69cab28700000000230201f0,小红书,面试配得感,2026-07-05,2127
面试是一场配得感游戏,https://www.xiaohongshu.com/explore/65edbded00000000130254c7,小红书,面试配得感,2026-07-05,1976
面试核心是配得感，用力过猛的反而过不了,https://www.xiaohongshu.com/explore/66950e430000000025002476,小红书,面试配得感,2026-07-05,2064
打工9年，找工作一定要有配得感,https://www.xiaohongshu.com/explore/67c710ec0000000029017c46,小红书,面试配得感,2026-07-05,1799
面试就是筛掉配得感低的人,https://www.xiaohongshu.com/explore/68aef3cf000000001b03104e,小红书,面试配得感,2026-07-05,2770
面试其实是在筛选配得感低的人,https://www.xiaohongshu.com/explore/687ce4d9000000002201dc22,小红书,面试配得感,2026-07-05,125
面试总能通过的秘诀：高配得感,https://www.xiaohongshu.com/explore/6a472216000000002201 4549,小红书,面试配得感,2026-07-05,28
（职场表达高热条目-标题未获取）,https://www.xiaohongshu.com/explore/6a27e8d2000000001603d292,小红书,职场表达,2026-07-05,11万
（职场表达条目-标题未获取）,https://www.xiaohongshu.com/explore/6a1a417200000000370368b5,小红书,职场表达,2026-07-05,3254
让白人面试官对你迅速建立好感,https://www.xiaohongshu.com/explore/6a1f9486000000003701e63a,小红书,面试技巧,2026-07-05,8437
面试官讨厌的三句话,https://www.xiaohongshu.com/explore/6a2512cd000000000803318a,小红书,面试什么话不能说,2026-07-05,2.3万
面试的时候，这些真心话千万不能说,https://www.xiaohongshu.com/explore/6a369cde000000001700bd83,小红书,面试什么话不能说,2026-07-05,2234
外企北美职场面试，这几句话不要说,https://www.xiaohongshu.com/explore/6a3bb70d0000000006035d12,小红书,面试什么话不能说,2026-07-05,764
面试中装出来的体面，可能会害了自己,https://www.xiaohongshu.com/explore/6a329113000000001602 7ff7,小红书,面试什么话不能说,2026-07-05,340
如何通过面试反问 制造不属于你的机会,https://www.xiaohongshu.com/explore/6a3330010000000016026343,小红书,面试反问,2026-07-05,681
面试反问环节杀手级别的提问,https://www.xiaohongshu.com/explore/68cd0372000000000b03d705,小红书,面试反问,2026-07-05,6310
反问环节，3个问题让面试官决定录用你,https://www.xiaohongshu.com/explore/69ee0154000000001b023c11,小红书,面试反问,2026-07-05,128
学会这100句反问术，让面试官刮目相看！,https://www.xiaohongshu.com/explore/69672a70000000000d00a942,小红书,面试反问,2026-07-05,59
HR本R直言：面试官最想听的5个反问,https://www.xiaohongshu.com/explore/69ad624c000000001b01522e,小红书,面试反问,2026-07-05,1496
每次都后悔，最后时刻没什么问题问面试官,https://www.xiaohongshu.com/explore/663a7ac0000000001e0335fa,小红书,面试反问,2026-07-05,881
英国经验贴 面试反问神级提问 拉满好感度,https://www.xiaohongshu.com/explore/6a1d60110000000038023b1b,小红书,面试反问,2026-07-05,40
反问环节要会问，才能锁死offer,https://www.xiaohongshu.com/explore/66e1046f000000001e0199ce,小红书,面试反问,2026-07-05,1718
面试最后反问环节，为什么总是很尬,https://www.xiaohongshu.com/explore/69670062000000001a02a03a,小红书,面试反问,2026-07-05,294
HR超爱听的5个面试反问,https://www.nowcoder.com/discuss/684425217548050432,网页,面试反问,2026-07-05,—
国人总爱过度解释离职原因,https://www.xiaohongshu.com/explore/69c1dcb8000000001a0220e4,小红书,离职原因怎么说,2026-07-05,6625
原来面试时HR最喜欢听这5个前公司离职原因,https://www.xiaohongshu.com/explore/683832d60000000023014c85,小红书,离职原因怎么说,2026-07-05,6061
离职后最蠢的一句话：因为个人原因辞职,https://www.xiaohongshu.com/explore/6a24013e000000002202c001,小红书,离职原因怎么说,2026-07-05,210
这些夯到爆的离职理由，你是哪个？,https://www.xiaohongshu.com/explore/69be6f72000000002103896d,小红书,离职原因怎么说,2026-07-05,210
如何跳槽无缝衔接？如何离职不伤和气？,https://www.xiaohongshu.com/explore/6720bb4f000000003c0196ba,小红书,离职原因怎么说,2026-07-05,10000
HR只相信这八种离职原因,https://www.xiaohongshu.com/explore/69bb58a7000000001a0303da,小红书,离职原因怎么说,2026-07-05,4829
离职谈话避坑心得,https://www.xiaohongshu.com/explore/682688b7000000000c03af43,小红书,离职原因怎么说,2026-07-05,2645
离职原因直接说 避免误解好处多,https://www.xiaohongshu.com/explore/67ec99c3000000001d01e2d6,小红书,离职原因怎么说,2026-07-05,4062
为什么离职上一家公司？面试就这样答,https://www.xiaohongshu.com/explore/65a9a3c6000000002a005f85,小红书,离职原因怎么说,2026-07-05,331
HR最喜欢听的5个前公司离职原因（律师版）,https://www.xiaohongshu.com/explore/692fd5f9000000001e0344b9,小红书,离职原因怎么说,2026-07-05,252
面试官最喜欢的离职原因,https://www.xiaohongshu.com/explore/6a05fa22000000003502e754,小红书,离职原因怎么说,2026-07-05,22000
你的面试又错了！问：你为什么离职？,https://www.xiaohongshu.com/explore/66f52c38000000001902e196,小红书,离职原因怎么说,2026-07-05,381
HR爱听的10个离职原因（附英文回答模版）,https://www.xiaohongshu.com/explore/6830e0b6000000002301dd44,小红书,离职原因怎么说,2026-07-05,12
离职原因没有最好的，只有最合适的！,https://www.xiaohongshu.com/explore/69b295470000000015021028,小红书,离职原因怎么说,2026-07-05,7318
hr锐评离职理由！这么拉的理由别直接说！,https://www.xiaohongshu.com/explore/69e20b71000000002202890d,小红书,离职原因怎么说,2026-07-05,13000
领导秒批的离职申请话术|避免拉扯,https://www.xiaohongshu.com/explore/69ae6129000000000d00b829,小红书,离职原因怎么说,2026-07-05,365
HR都认可的11个离职原因！！,https://www.xiaohongshu.com/explore/681b3a74000000000f039205,小红书,离职原因怎么说,2026-07-05,5272
面试官最喜欢的离职原因（不撒谎稳过版）,https://www.xiaohongshu.com/explore/6a353568000000000f0280ec,小红书,离职原因怎么说,2026-07-05,8250
聪明人离职，主打一个体面，走得快，不背锅,https://www.xiaohongshu.com/explore/69a2b650000000001a02fbe3,小红书,离职原因怎么说,2026-07-05,1283
离职原因怎么说？面试前必看！,https://www.qmjianli.com/content/guide/4524,网页,离职原因怎么说,2026-07-05,—
如何在一分钟内讲清楚一个复杂的问题,https://www.xiaohongshu.com/explore/682d5582000000001200351c,小红书,职场表达,2026-07-05,4133
跟老板学到的高级拒绝：听起来像yes其实是no,https://www.xiaohongshu.com/explore/6953bc290000000022023342,小红书,职场表达,2026-07-05,783
职场上很重要，但没人教的9个能力,https://www.xiaohongshu.com/explore/699afa3a000000001503adbd,小红书,职场表达,2026-07-05,1463
6个万能表述公式，告别逻辑混乱,https://www.xiaohongshu.com/explore/68c56210000000001d019860,小红书,职场表达,2026-07-05,4380
练了表达力后，才明白事事都需要会说的本领,https://www.xiaohongshu.com/explore/688589ef00000000220317b1,小红书,职场表达,2026-07-05,17000
弱者表达，正在激起同事的恶意,https://www.xiaohongshu.com/explore/69d842450000000021012226,小红书,职场表达,2026-07-05,14000
职场里一定要减少这些弱者表达！,https://www.xiaohongshu.com/explore/69a6e6570000000022031f63,小红书,职场表达,2026-07-05,4743
职场沟通很强的人都会建立SOP,https://www.xiaohongshu.com/explore/69dd9b4e000000001d01f213,小红书,职场表达,2026-07-05,4556
学会用领导思维汇报，比踏实干活重要百倍,https://www.xiaohongshu.com/explore/680b56c1000000001c036425,小红书,职场表达,2026-07-05,3189
你真的可以用DeepSeek训练自己的表达能力！,https://www.xiaohongshu.com/explore/67d7f73c00000000090384c2,小红书,职场表达,2026-07-05,10000
表达力开挂！7个故事模型让你秒变聊天主角！,https://www.xiaohongshu.com/explore/6981757f000000001a035fb5,小红书,职场表达,2026-07-05,1415
白男mentor教我在one-on-one里聊出升职空间,https://www.xiaohongshu.com/explore/691ef60f000000001e030cf8,小红书,职场表达,2026-07-05,2576
社恐嘴笨反应慢？请掌握这8个沟通力模型,https://www.xiaohongshu.com/explore/6971b2b7000000001a032b86,小红书,职场表达,2026-07-05,1911
北美职场｜会议「聪明人」的必备金句,https://www.xiaohongshu.com/explore/67982a72000000001800db50,小红书,职场表达,2026-07-05,3419
优化表达，让观点更有力量,https://www.xiaohongshu.com/explore/69e871da00000000230225d2,小红书,职场表达,2026-07-05,136
总结了一些职场漂亮话2.0（得体有用）,https://www.xiaohongshu.com/explore/69aad9300000000015039e99,小红书,职场表达,2026-07-05,6531
职场必备！200句外企常用电话会议口语,https://www.xiaohongshu.com/explore/67ab7acb000000001902ff44,小红书,职场表达,2026-07-05,6224
华人面试张口就来的3句话,https://www.xiaohongshu.com/explore/69d7063600000000210122ce,小红书,面试技巧,2026-07-05,7411
失业求职必看：越想证明自己，面试越被动,https://www.xiaohongshu.com/explore/69d2ee60000000001b00288b,小红书,面试技巧,2026-07-05,2836
近期面试ML的一些经验和技巧,https://www.xiaohongshu.com/explore/69fe6d700000000010001c02,小红书,面试技巧,2026-07-05,751
靠12个Claude提示词，分分钟拿下dream offer,https://www.xiaohongshu.com/explore/69b3e616000000001d01b55e,小红书,面试技巧,2026-07-05,171
面试真的是双向选择的过程？（第四期）,https://www.xiaohongshu.com/explore/69aa51fb000000001503a234,小红书,面试技巧,2026-07-05,17000
面试博弈论11|系统讲清行为面试 别用STAR了,https://www.xiaohongshu.com/explore/6a41b1bf0000000022017e6d,小红书,面试技巧,2026-07-05,246
加拿大Hiring Manager教你怎么准备面试！,https://www.xiaohongshu.com/explore/67acd672000000001701d0ff,小红书,面试技巧,2026-07-05,100
大厂面试官告诉你面试官喜欢什么样的候选人,https://www.xiaohongshu.com/explore/6a341643000000000f02bc6e,小红书,面试技巧,2026-07-05,17000
嘻嘻面试不要太老实！,https://www.xiaohongshu.com/explore/69302a44000000001e0100dc,小红书,面试技巧,2026-07-05,21000
Vibe Coding面试指南,https://www.xiaohongshu.com/explore/6a0a9c1d0000000006037d03,小红书,面试技巧,2026-07-05,60
北美公司面试！CEO让我介绍一个从0到1项目,https://www.xiaohongshu.com/explore/6a0f3b8c00000000360337d2,小红书,面试技巧,2026-07-05,703
面试越随意offer越好|求职面试技巧话术,https://15386.cn/a/459456,网页,面试技巧,2026-07-05,—
面试开场时 超级厉害的接话方式,https://www.xiaohongshu.com/explore/68add2d2000000001d026fec,小红书,面试什么话该说,2026-07-05,1266
面试时不要太老实,https://www.xiaohongshu.com/explore/6905e8d6000000000503832e,小红书,面试什么话该说,2026-07-05,12000
00后面试自我介绍已是nextlevel了（万能公式）,https://www.xiaohongshu.com/explore/66d82df5000000001e01b8bb,小红书,面试什么话该说,2026-07-05,26000
面试技巧｜领导在面试时最关心的是什么？,https://www.xiaohongshu.com/explore/69bb67420000000021038e8a,小红书,面试什么话该说,2026-07-05,2241
面试的精髓：表演松弛和自信,https://www.xiaohongshu.com/explore/6601988e0000000013025a78,小红书,面试什么话该说,2026-07-05,21000
90%的人自我介绍都在浪费时间，应该这样做,https://www.xiaohongshu.com/explore/69a2a160000000001a02c933,小红书,面试什么话该说,2026-07-05,1533
第一轮面试 速成指南,https://www.xiaohongshu.com/explore/6925159c000000001b0229ed,小红书,面试什么话该说,2026-07-05,1693
逼自己背完这20题，狂拿offer,https://www.xiaohongshu.com/explore/6777bf44000000001300a3ed,小红书,面试什么话该说,2026-07-05,28000
这是我听过最好的面试回答，看完再去面试,https://www.xiaohongshu.com/explore/686b9e6a0000000022031c53,小红书,面试什么话该说,2026-07-05,2213
job interview面试，骂醒一个是一个,https://www.xiaohongshu.com/explore/68c932a5000000001301c868,小红书,面试什么话该说,2026-07-05,1050
面试被问到核心竞争力，脑子一片空白怎么办,https://www.xiaohongshu.com/explore/69b0d1c5000000000600dffc,小红书,面试什么话该说,2026-07-05,432
如果你需要面试话术和技巧？不妨点进来看看,https://maimai.cn/article/detail?fid=1302265882,网页,面试什么话该说,2026-07-05,—
HR听了最反感的5句话,https://www.xiaohongshu.com/explore/69806603000000000e00c8d4,小红书,面试什么话不能说,2026-07-05,531
面试别太老实！不该说的千万别说,https://www.xiaohongshu.com/explore/68f77c0200000000030197ad,小红书,面试什么话不能说,2026-07-05,10000
评委最讨厌的五种口头语 你中招了吗？,https://www.xiaohongshu.com/explore/68ff788d000000000301bfc2,小红书,面试什么话不能说,2026-07-05,2238
Hiring manager心声：千万别在面试中说这些,https://www.xiaohongshu.com/explore/68faac580000000004005ba2,小红书,面试什么话不能说,2026-07-05,267
斯坦福姨姨一分钟教你面试回答自己的缺点,https://www.xiaohongshu.com/explore/67730d740000000014027256,小红书,面试什么话不能说,2026-07-05,343
面试中装出来的体面，可能会害了自己,https://www.xiaohongshu.com/explore/6a3291130000000016027ff7,小红书,面试什么话不能说,2026-07-05,341
面试官最反感的5句话，越真诚越减分！,https://www.xiaohongshu.com/explore/679164c9000000002903b59c,小红书,面试什么话不能说,2026-07-05,851
面试时千万别说这些话,https://www.xiaohongshu.com/explore/6920378b000000001e02fa13,小红书,面试什么话不能说,2026-07-05,193
面试撒谎的巨大好处,https://www.xiaohongshu.com/explore/680e3318000000002001cc57,小红书,面试什么话不能说,2026-07-05,1619
真心建议：面试时不该说的话千万别说,https://www.xiaohongshu.com/explore/6592c0c7000000001d014585,小红书,面试什么话不能说,2026-07-05,12000
面试官最讨厌的三句话，千万不要说！,https://www.xiaohongshu.com/explore/69c6842f000000001a032b0d,小红书,面试什么话不能说,2026-07-05,787
不该去的不去，不该说的不要说（第五期）,https://www.xiaohongshu.com/explore/65f825c9000000001203ca8e,小红书,面试什么话不能说,2026-07-05,27000
面试时一定要避开的十大面试禁忌！,https://www.jianliben.com/article/detail/43392,网页,面试什么话不能说,2026-07-05,—
2026春招求职全攻略：系统化策略制胜AI筛选时代,https://www.nowcoder.com/feed/main/detail/76e3de16265a4e3e88b8fe95f677dbae,网页,面试博弈论,2026-07-05,—
2026最新AI面试工具实战效果深度评测,https://segmentfault.com/a/1190000047664668,网页,AI辅助面试技巧,2026-07-05,—
10个免费的AI面试助手，求职笔试和面试辅助工具,https://ai-bot.cn/ai-interview-assistant-tools/,网页,AI辅助面试技巧,2026-07-05,—
万字评测十大AI面试助手，助您如虎添翼！,https://zhuanlan.zhihu.com/p/18498897404,网页,AI辅助面试技巧,2026-07-05,—
2026年最好用的AI面试助手有哪些？8款热门工具真实测评,https://zhuanlan.zhihu.com/p/2018862772985804482,网页,AI辅助面试技巧,2026-07-05,—
张大碗子（标题未获取-11万高热）,https://www.xiaohongshu.com/search_result?keyword=职场表达&sort=time_descending,小红书,职场表达,2026-07-05,11万
面试谈高薪small tips,https://www.xiaohongshu.com/search_result?keyword=面试技巧&sort=time_descending,小红书,面试技巧,2026-07-05,11.8万
面试时你不得不说的4个谎言,https://www.xiaohongshu.com/search_result?keyword=面试什么话该说&sort=time_descending,小红书,面试什么话该说,2026-07-05,8786
牛马开工打响裸辞第一枪|3段离职话术请收好,https://www.xiaohongshu.com/search_result?keyword=离职原因怎么说&sort=time_descending,小红书,离职原因怎么说,2026-07-05,3365
敢 比会更重要（系列第7期）,https://www.xiaohongshu.com/search_result?keyword=面试的顶级心态&sort=time_descending,小红书,面试的顶级心态,2026-07-05,1.9万
注意！直接判0分！公考面试这些话一定不能说！！！,https://zhuanlan.zhihu.com/p/167831435,网页,事业单位面试不能说什么,2026-07-05,—
作为事业单位面试考官，必须告诫你的三个致命问题,https://zhuanlan.zhihu.com/p/386481414,网页,事业单位面试不能说什么,2026-07-05,—
切莫陷入公务员面试的三大误区,https://gongwuyuan.eol.cn/mianshi/jiqiao/201507/t20150721_1291312.shtml,网页,事业单位面试不能说什么,2026-07-05,—
公务员面试常见问题解答及回答技巧(精华版),https://zhuanlan.zhihu.com/p/391296383,网页,事业单位面试不能说什么,2026-07-05,—
公务员面试太差说不出东西怎么办,https://www.zhihu.com/question/429782472,网页,事业单位面试不能说什么,2026-07-05,—
职场沟通密码：掌握关键技巧，提升影响力,https://blog.csdn.net/cocoliu2004/article/details/136915573,网页,职场表达,2026-07-06,—
学会正向沟通法则，提高你的职场情商！,https://www.digitaling.com/articles/299718.html,网页,职场表达,2026-07-06,—
面试必问3个问题的话术与技巧，别让offer与你擦肩而过！,https://zhuanlan.zhihu.com/p/532066328,网页,面试什么话该说,2026-07-06,—
面试官问「你拿到其他 offer 了吗」？该如何回答？高管给你支招,https://zhuanlan.zhihu.com/p/1936384708717053772,网页,面试什么话该说,2026-07-06,—
面试应答有哪些话术和技巧？（精华版）,https://zhuanlan.zhihu.com/p/446143221,网页,面试什么话该说,2026-07-06,—
面试时，不该说的话千万别说！直接被PASS,https://www.sohu.com/a/779134521_121124363,网页,面试什么话不能说,2026-07-06,—
面试时该说什么，不该说什么？,https://zhuanlan.zhihu.com/p/38522499,网页,面试什么话不能说,2026-07-06,—
面试时有哪些行为是最忌讳的呢？,https://www.zhihu.com/question/12457368107/answer/102770134415,网页,面试什么话不能说,2026-07-06,—
职场中幽默的语言和同事分享快乐,https://blog.csdn.net/qd_lifeng/article/details/143280370,网页,职场幽默接话,2026-07-06,—
《聊天技巧+幽默话术》干货合集 25年8月,https://zhuanlan.zhihu.com/p/1946706170992653166,网页,职场幽默接话,2026-07-06,—
面试过程中，面试官的哪些「暗示」让你觉得这次稳了？,https://www.zhihu.com/question/619130717,网页,面试成功的信号,2026-07-06,—
面试结果7大暗示,https://www.hrloo.com/news/48618.html,网页,面试成功的信号,2026-07-06,—
面试的底层逻辑,https://zhuanlan.zhihu.com/p/442401968,网页,面试底层逻辑,2026-07-06,—
简历与面试–从底层逻辑讲述,https://www.woshipm.com/share/6116108.html,网页,面试底层逻辑,2026-07-06,—
面试通过的底层逻辑为何能让你脱颖而出？揭秘2025年职场变化,https://m.sohu.com/a/903048006_121885028,网页,面试底层逻辑,2026-07-06,—
知彼知己，百战不殆：揭秘面试的底层逻辑,https://juejin.cn/post/7380221367823056905,网页,面试底层逻辑,2026-07-06,—
面试官问离职原因，这5种回答最加分,https://www.xiaohongshu.com/explore/6a167a72000000003501f845,小红书,离职原因怎么说,2026-07-06,—
离职理由全是负面，面试被问到该怎么说,https://www.xiaohongshu.com/explore/698536bb000000002801cbcb,小红书,离职原因怎么说,2026-07-06,117
离职原因别乱讲！HR认可的满分话术,https://www.xiaohongshu.com/explore/69a28a96000000001a01c184,小红书,离职原因怎么说,2026-07-06,290
面试就是要表演配得感！,https://www.xiaohongshu.com/explore/6a4af7f4000000000702af8c,小红书,面试配得感,2026-07-06,—
如何培养面试过程中的高配得感,https://www.xiaohongshu.com/explore/6a1fd00100000000380215f4,小红书,面试配得感,2026-07-06,—
30+跳槽面试，得把你的配得感捡起来,https://www.xiaohongshu.com/explore/6a3930650000000016025d5e,小红书,面试配得感,2026-07-06,—
大胆去投递你配不上的工作,https://www.xiaohongshu.com/explore/69e70d7c0000000020038f33,小红书,面试配得感,2026-07-06,—
大胆去投你配不上的工作（好运传递版）,https://www.xiaohongshu.com/explore/6a393662000000000f0330c8,小红书,面试配得感,2026-07-06,2458
会装就是你收offer和是高薪的关键！,https://www.xiaohongshu.com/explore/68cdb0ae0000000012033e3d,小红书,面试配得感,2026-07-06,2.2万
面试逆袭的前提—相信你配得上,https://www.xiaohongshu.com/explore/6826f974000000000c039442,小红书,面试配得感,2026-07-06,2580
即兴发言5个万能公式，不再没话说,https://zhuanlan.zhihu.com/p/710372033,网页,即兴发言,2026-07-06,—
项目经理必看！4个万能公式，轻松搞定即兴发言！,https://blog.csdn.net/PM_yuan/article/details/133779602,网页,即兴发言,2026-07-06,—
95%的面试者都必须准备的13道题,https://www.bpteach.com/interview-problem/,网页,面试什么话该说,2026-07-06,—
被天赋型mkt面试大佬的思路震撼到了（二）,https://www.xiaohongshu.com/search_result?keyword=面试技巧,小红书,面试技巧,2026-07-06,268
面试官心里话：我们真的不在意你说错一句话,https://www.xiaohongshu.com/search_result?keyword=面试的顶级心态,小红书,面试的顶级心态,2026-07-06,777
面试时个人优缺点如何回答？,https://www.xiaohongshu.com/search_result?keyword=面试优缺点怎么说,小红书,面试优缺点怎么说,2026-07-06,13
社招面试，如何做自我介绍？,https://zhuanlan.zhihu.com/p/642374970,网页,社招面试自我介绍,2026-07-06,—
60s拿下面试Offer：如何做精彩的自我介绍？,https://www.woshipm.com/zhichang/795017.html,网页,社招面试自我介绍,2026-07-06,—
面试博弈论10下| 压力面试高频场景核心解法,https://www.xiaohongshu.com/search_result?keyword=面试博弈论&sort=time_descending,小红书,面试博弈论,2026-07-06,137
非常有感染力的临时上台发言稿,https://www.xiaohongshu.com/search_result?keyword=演讲开场白&sort=time_descending,小红书,演讲开场白,2026-07-06,311
公司老板狠抓月汇报，掌握这3种开场白,https://www.thepaper.cn/newsDetail_forward_4653844,网页,演讲开场白,2026-07-06,—
关于20种精彩演讲开场白,https://zhuanlan.zhihu.com/p/375739602,网页,演讲开场白,2026-07-06,—
如何让自己成为一个高配得感的人？,https://www.xiaohongshu.com/explore/67bcbee6000000002802b491,小红书,面试配得感,2026-07-07,1.4万
找工作需要有配得感,https://www.xiaohongshu.com/explore/67c73c3e0000000006028efc,小红书,面试配得感,2026-07-07,100
面试最后反问环节，问什么问题,https://www.xiaohongshu.com/search_result?keyword=面试反问加分回答&sort=time_descending,小红书,面试反问加分回答,2026-07-07,977
全英｜9个面试底层逻辑，决定你能否拿到offer,https://www.xiaohongshu.com/search_result?keyword=面试底层逻辑&sort=time_descending,小红书,面试底层逻辑,2026-07-07,67
六年工作经验被指浪费？《职来职往2026》带你了解面试最实用技巧,https://www.sohu.com/a/1018285168_355158,网页,面试技巧,2026-07-07,—
面试中离职原因该怎么说？,https://juejin.cn/post/7475722487734091785,网页,离职原因怎么说,2026-07-07,—
面试的心理效应与对抗策略,https://zhuanlan.zhihu.com/p/385852984,网页,面试配得感,2026-07-07,—
外企职场甩锅高手都怎么说话,,XHS,甩锅话术,2026-07-07,722
事业单位需要面试吗2026考生必看,https://www.shangangya.com,Web,事业单位面试不能说什么,2026-07-07,0
事业单位面试太差没话说怎么办,https://www.zhihu.com,Web,事业单位面试不能说什么,2026-07-07,0
你的优缺点如何回答才能显得更真诚,https://www.36kr.com,Web,面试优缺点怎么说,2026-07-07,0
职来职往2026：关于求职的实用宝典,https://news.qq.com,Web,面试技巧,2026-07-07,0
面试十大禁忌：这些话不能说,https://maimai.cn,Web,面试什么话不能说,2026-07-07,0
年轻人的职场升级秘籍：博弈论十大经典案例,https://www.xiaohongshu.com/search_result?keyword=面试博弈论,XHS,面试博弈论,2026-07-07,6332
再跟HR薪资谈判的博弈战中...想不到我竟然这样获胜了,https://blog.csdn.net/m0_52650621/article/details/114409314,Web,面试博弈论,2026-07-07,0
如何让你的职场沟通拥有高管感,https://www.xiaohongshu.com/search_result?keyword=职场表达技巧,XHS,职场表达技巧,2026-07-07,2897
BOSS直聘从已读不回到约面不断，只改一句话,https://www.xiaohongshu.com/search_result?keyword=线上面试话术,XHS,线上面试话术,2026-07-07,2184
视频面试99人后我总结出提高通过率的3点经验,https://news.mbalib.com/story/248913,Web,线上面试话术,2026-07-07,0
视频面试技巧和注意事项完整指南,http://www.tatmc.com/news/47.html,Web,线上面试话术,2026-07-07,0
面试官最后一句话，已经在暗示你结果了,https://www.xiaohongshu.com/search_result?keyword=面试成功的信号&sort=time_descending,XHS,面试成功的信号,2026-07-07,349
TMAY满分英文自我介绍👉我当场就决定录用TA,https://www.xiaohongshu.com/search_result?keyword=英文面试技巧&sort=time_descending,XHS,英文面试技巧,2026-07-07,400
一个小技巧 面试官也想帮你拿offer,https://www.xiaohongshu.com/search_result?keyword=面试官想录用你的表现&sort=time_descending,XHS,面试官想录用你的表现,2026-07-07,109
如何锻炼输出表达能力,https://www.xiaohongshu.com/search_result?keyword=逻辑表达力&sort=time_descending,XHS,逻辑表达力,2026-07-07,14000
提升逻辑思维与表达能力三大实战方法,https://xy-zixun.cn/index.php?a=index&aid=2103&c=View&m=home,Web,逻辑表达力,2026-07-07,0
逻辑表达力（豆瓣书目）,https://m.douban.com/book/subject/34858623/,Web,逻辑表达力,2026-07-07,0
必备6道压力面试题，高管面二面常问,https://www.xiaohongshu.com/search_result?keyword=面试抗压能力&sort=time_descending,XHS,面试抗压能力,2026-07-07,5447
面试抗压能力问题及回答技巧,https://www.hrloo.com/news/185688.html,Web,面试抗压能力,2026-07-07,0
职场抗压能力迷思：从招聘话术到生存策略,https://maobucv.com/articles/2025/06/344/,Web,面试抗压能力,2026-07-07,0
混社会必背的100句万能场面话,https://www.xiaohongshu.com/search_result?keyword=职场表达话术&sort=time_descending,XHS,职场表达话术,2026-07-07,596
职场上这5个信号暗示你要被甩锅了，好苦,https://www.xiaohongshu.com/explore/69b0014b0000000006008b5f,XHS,甩锅话术,2026-07-08,438
⚠️职场吵架，高情商怼人指南,https://www.xiaohongshu.com/explore/6a3109ec0000000007023524,XHS,甩锅话术,2026-07-08,—
怼人文学，文明反击 ｜ 噎si人不偿命,https://www.xiaohongshu.com/explore/66cee7d2000000001d01a62e,XHS,甩锅话术,2026-07-08,2157
爱甩锅的人，经常说这些话,https://36kr.com/p/3816255696209033,Web,甩锅话术,2026-07-08,0
领导犯错，甩锅下属，5种接锅办法，避免尴尬,https://maimai.cn/article/detail?fid=1592636390&efid=nyktLGzCpz2Bj2H6vFsCeg,Web,甩锅话术,2026-07-08,0
领导PUA不用忍！3句回怼话术，守住边界不委屈,https://c.m.163.com/news/a/KL1TAPKD0552M20P.html,Web,甩锅话术,2026-07-08,0
同事甩锅给你，一句话让领导看清真相,https://www.sohu.com/a/1035831966_122469136,Web,甩锅话术,2026-07-08,0
面试过程中，不该说的千万别说,https://www.xiaohongshu.com/explore/6a4c7def00000000210090e2,XHS,事业单位面试不能说什么,2026-07-08,674
听说这已经是事业编面试不成文的规定了...,https://www.xiaohongshu.com/explore/69d8b1590000000022002247,XHS,事业单位面试不能说什么,2026-07-08,159
考官反感啥？事业单位面试模板化雷区,https://www.xiaohongshu.com/explore/6a4b3fd80000000008026d81,XHS,事业单位面试不能说什么,2026-07-08,—
真不是我要打击参加事业单位面试的姐妹...,https://www.xiaohongshu.com/explore/6a243010000000000702b672,XHS,事业单位面试不能说什么,2026-07-08,—
面试考场上考官想听的舆论应对是这样的,https://www.xiaohongshu.com/explore/69d99b34000000001a036297,XHS,事业单位面试不能说什么,2026-07-08,2286
顺利通过河南事业单位面试，说点不知道的,https://www.xiaohongshu.com/explore/6a4cdb77000000001101799e,XHS,事业单位面试不能说什么,2026-07-08,—
结构化面试让你自我介绍真是让你自我介绍吗,https://www.xiaohongshu.com/explore/6a1bc3ea0000000008026316,XHS,事业单位面试不能说什么,2026-07-08,—
结构化面试能背模板吗？考官说了实话,https://www.xiaohongshu.com/explore/69b012c600000000280082d0,XHS,事业单位面试不能说什么,2026-07-08,—
面试禁忌！考场上做了就会扣分的事！,https://www.xiaohongshu.com/explore/6941653a000000001b0247d0,XHS,事业单位面试不能说什么,2026-07-08,—
不打草稿85+，干货经验毫无保留收藏好,https://www.xiaohongshu.com/explore/68a1c58e000000001d039651,XHS,事业单位面试不能说什么,2026-07-08,7181
面试考场大脑空白，两招救命🆘,https://www.xiaohongshu.com/explore/69e221260000000022001a53,XHS,事业单位面试不能说什么,2026-07-08,1341
考公面试｜自信感拉满！面试官一眼记住你,https://www.xiaohongshu.com/explore/6a045a7b0000000036003f01,XHS,事业单位面试不能说什么,2026-07-08,1258
面试答题大白话好不好？,https://www.xiaohongshu.com/explore/698e92e6000000000b00a417,XHS,事业单位面试不能说什么,2026-07-08,783
英文面试被问优缺点怎么答？,https://www.xiaohongshu.com/search_result?keyword=面试优缺点怎么说&kw_src=1,XHS,面试优缺点怎么说,2026-07-08,954
面试官就喜欢你这样说自己的的缺点💡,https://www.xiaohongshu.com/search_result?keyword=面试优缺点怎么说&kw_src=2,XHS,面试优缺点怎么说,2026-07-08,252
"HR超爱！这6个""缺点""反而加分✨",https://www.xiaohongshu.com/search_result?keyword=面试优缺点怎么说&kw_src=3,XHS,面试优缺点怎么说,2026-07-08,1388
2024年面试必问清单：你的优缺点是什么？,https://www.xiaohongshu.com/search_result?keyword=面试优缺点怎么说&kw_src=4,XHS,面试优缺点怎么说,2026-07-08,1245
把面试焦虑拆成七个动作：在2026春招，我重新写了一遍自己,https://www.feat.com/zh-Hans/dimzou/1464250,Web,面试什么话该说,2026-07-08,0
2026国家公务员考试面试语言表达技巧,https://m.gz.huatu.com/2025/1224/2008536.html,Web,面试什么话该说,2026-07-08,0
2026权威实测求职面试语音识别5个技巧提效120通过率翻倍,https://zhuanlan.zhihu.com/p/1997966835119854744,Web,面试什么话该说,2026-07-08,0
职场不会沟通？学会这10个高情商话术，同事领导都会喜欢你,https://www.sohu.com/a/1042075501_122068545,Web,职场表达,2026-07-08,0
你的优缺点是什么如何回答才能显得更真诚,https://www.36kr.com/p/2249836053409664,Web,面试优缺点怎么说,2026-07-08,0
面试被问你的缺点是什么，这3个满分回答让面试官眼前一亮,https://zhuanlan.zhihu.com/p/2021961600454632453,Web,面试优缺点怎么说,2026-07-08,0
面试定薪的底层逻辑,https://www.xiaohongshu.com/search_result/?keyword=面试底层逻辑,XHS,面试底层逻辑,2026-07-08,2.9万
猎头面试的底层逻辑是什么？,https://linksinternational.com.cn/view/blogs/details/2143,Web,面试底层逻辑,2026-07-08,—
🇩🇪 (7) 敢 比会更重要,https://www.xiaohongshu.com/search_result/?keyword=面试超绝心态,XHS,面试超绝心态,2026-07-08,1.9万
2026年国考面试备考：良好的心态是面试成功的关键,https://m.hi.huatu.com/2025/1211/1336140.html,Web,面试超绝心态,2026-07-08,—
求职面试 | 面试官最爱听的离职原因,https://www.xiaohongshu.com/search_result/?keyword=离职原因怎么说,XHS,离职原因怎么说,2026-07-08,229
职场必备:离职原因满分回答技巧与话术模板,https://foxfire.com.cn/article/329.html,Web,离职原因怎么说,2026-07-08,—
离职原因怎么回答比较好？HR告诉你这几种回答稳了！,https://zhuanlan.zhihu.com/p/1888540052956619941,Web,离职原因怎么说,2026-07-08,—
本人通过90%线下面试的核心技巧,https://www.xiaohongshu.com/search_result/?keyword=面试技巧,XHS,面试技巧,2026-07-08,25
面试反反复复 老是 问这16个问题！,https://www.xiaohongshu.com/search_result/?keyword=面试问题清单,XHS,面试问题清单,2026-07-08,860
面试前一天的准备问题清单,https://zhuanlan.zhihu.com/p/72906756,Web,面试问题清单,2026-07-08,—
小红书面试AI辅助完整攻略,https://www.mianlingai.com/blog/xiaohongshu-interview-ai-guide-2026/,Web,职场表达,2026-07-08,—
金三银四求职季：求职前必看的面试指南,https://www.michaelpage.com.cn/advice/career-advice/interview/1022501,Web,面试技巧,2026-07-08,—
害怕面试必看：换心态，就开挂！面霸绝胜心法&模板,https://www.bilibili.com/video/BV1JNfqBDETx/,Web,面试博弈论,2026-07-08,—
为什么我们如此害怕面试？,https://www.douban.com/group/topic/312474531/,Web,面试配得感,2026-07-08,—
职场沟通话术库：50个即拿即用的高情商回复,https://zhuanlan.zhihu.com/p/1911424101714753405,Web,职场幽默接话,2026-07-08,—
职场中的幽默艺术：十种高情商回复，让你成为职场达人,https://k.sina.com.cn/article_7857201856_1d45362c001905585e.html,Web,职场幽默接话,2026-07-08,—
一道字节面试智力题背后的工程师思维,https://www.xiaohongshu.com/explore/6a3cc83c000000000f0164bd,XHS,面试博弈论,2026-07-08,—
如何锻炼你的谈判博弈能力？,https://www.xiaohongshu.com/explore/69c51b92000000001d018d56,XHS,面试博弈论,2026-07-08,464
为什么一定要去投那些你配不上的工作？,https://www.xiaohongshu.com/explore/69bfcf78000000002800a0f4,XHS,面试配得感,2026-07-08,1723
找工作，所有人保持配得感！,https://www.xiaohongshu.com/explore/6a4e4a9e000000000e038400,XHS,面试配得感,2026-07-08,—
50句幽默话语记几句，一开口逗笑所有人,https://www.xiaohongshu.com/search_result/?keyword=职场幽默接话&p=1,XHS,职场幽默接话,2026-07-08,3463
沟通技巧|如何成为一个会聊天的人？,https://www.xiaohongshu.com/search_result/?keyword=职场幽默接话&p=2,XHS,职场幽默接话,2026-07-08,2277
背梗，做有梗的女人！,https://www.xiaohongshu.com/search_result/?keyword=职场幽默接话&p=3,XHS,职场幽默接话,2026-07-08,1661
男人有梗，才更受欢迎 | 年轻人必备技能,https://www.xiaohongshu.com/search_result/?keyword=职场幽默接话&p=4,XHS,职场幽默接话,2026-07-08,2231
每天背一句，半个月后情商一路飙升,https://www.xiaohongshu.com/search_result/?keyword=职场幽默接话&p=5,XHS,职场幽默接话,2026-07-08,10000
职场会接话的重要性！,https://www.xiaohongshu.com/search_result/?keyword=职场幽默接话&p=6,XHS,职场幽默接话,2026-07-08,39
千万不要学的聊天接话技巧！,https://www.xiaohongshu.com/search_result/?keyword=职场幽默接话&p=7,XHS,职场幽默接话,2026-07-08,9628
职场会接话的重要性（老板）,https://www.xiaohongshu.com/search_result/?keyword=职场幽默接话&p=8,XHS,职场幽默接话,2026-07-08,8
一个会接话的女孩到底有多厉害,https://www.xiaohongshu.com/search_result/?keyword=职场幽默接话&p=9,XHS,职场幽默接话,2026-07-08,1137
我靠这80句话，人缘突然变好了,https://www.xiaohongshu.com/search_result/?keyword=职场幽默接话&p=10,XHS,职场幽默接话,2026-07-08,1427
职场会接话的重要性-篇二,https://www.xiaohongshu.com/search_result/?keyword=职场幽默接话&p=11,XHS,职场幽默接话,2026-07-08,496
反应慢，不会接话，每日一练！,https://www.xiaohongshu.com/search_result/?keyword=职场幽默接话&p=12,XHS,职场幽默接话,2026-07-08,787
幽默是可以训练出来的,https://www.xiaohongshu.com/search_result/?keyword=职场幽默接话&p=13,XHS,职场幽默接话,2026-07-08,1361
职场会接话的重要性（四）,https://www.xiaohongshu.com/search_result/?keyword=职场幽默接话&p=14,XHS,职场幽默接话,2026-07-08,2237
很惊艳的高情商聊天术,https://www.xiaohongshu.com/search_result/?keyword=职场幽默接话&p=15,XHS,职场幽默接话,2026-07-08,3465
面试必看：10个迹象说明你已成功,https://blog.csdn.net/qq_34375170/article/details/137807376,Web,面试成功的信号,2026-07-08,0
英文面试必胜技巧：从Hello到Offer的完美攻略,https://center.ef.com.cn/blog/article/2025-07-english-interview/,Web,英文面试技巧,2026-07-08,0
求职季面试绝对不能说的6句话,https://zhuanlan.zhihu.com/p/586254236,Web,面试什么话不能说,2026-07-08,0
外企干货Small talk高手怎么说话？,https://www.xiaohongshu.com/explore/686b477d000000000b02f344,小红书,职场表达,2026-07-09,967
工作沟通中切忌弱者表达,https://www.xiaohongshu.com/explore/68e8dda70000000007035337,小红书,职场表达,2026-07-09,3405
绝版招聘面试话术全套宝典,https://zhuanlan.zhihu.com/p/464267497,网页,职场表达,2026-07-09,—
面试应答有哪些话术和技巧？,https://maimai.cn/article/detail?fid=1679219572,网页,面试什么话该说,2026-07-09,—
你的配得感高吗？,https://www.xiaohongshu.com/search_result?keyword=面试配得感_1,小红书,面试配得感,2026-07-09,1378
面试就是在筛选配得感高的人,https://www.xiaohongshu.com/search_result?keyword=面试配得感_2,小红书,面试配得感,2026-07-09,约数百
面试就是在筛选配得感低的人,https://www.xiaohongshu.com/search_result?keyword=面试配得感_3,小红书,面试配得感,2026-07-09,239
训练高配得感，永远相信你是值得的,https://www.xiaohongshu.com/search_result?keyword=面试配得感_4,小红书,面试配得感,2026-07-09,652
面试配得感太重要了,https://www.xiaohongshu.com/search_result?keyword=面试配得感_5,小红书,面试配得感,2026-07-09,738
2026公务员面试备考技巧，面对焦虑情绪应该怎么解决？,https://www.shannengedu.com/sys-nd/13994.html,网页,面试配得感,2026-07-09,—
说白了事业编面试真的很水都是走个过场,https://www.xiaohongshu.com/search_result?keyword=事业单位面试不能说什么_1,小红书,事业单位面试不能说什么,2026-07-09,约数百
实话实说事业编最难的其实还是面试,https://www.xiaohongshu.com/search_result?keyword=事业单位面试不能说什么_2,小红书,事业单位面试不能说什么,2026-07-09,约数百
时刻谨记事业单位面试的第一性原理,https://www.xiaohongshu.com/search_result?keyword=事业单位面试不能说什么_3,小红书,事业单位面试不能说什么,2026-07-09,约数百
面试应答中的口头禅及克服,https://www.xiaohongshu.com/search_result?keyword=事业单位面试不能说什么_4,小红书,事业单位面试不能说什么,2026-07-09,约数百
去面试不该说的不要说！,https://www.xiaohongshu.com/search_result?keyword=事业单位面试不能说什么_5,小红书,事业单位面试不能说什么,2026-07-09,约数百
面试陷阱问答你最大的缺点是什么,https://www.xiaohongshu.com/search_result?keyword=事业单位面试不能说什么_6,小红书,事业单位面试不能说什么,2026-07-09,约数百
事业单位面试只要听到这几句基本都被Pass,https://www.xiaohongshu.com/search_result?keyword=事业单位面试不能说什么_7,小红书,事业单位面试不能说什么,2026-07-09,约数百
如何应对结构化面试？看这儿,https://news.qq.com/rain/a/20260512A07E3I00,网页,事业单位面试不能说什么,2026-07-09,—
笔面第一上岸了！分享我结构化面试经验,https://www.nowcoder.com/discuss/360149267384741888,网页,事业单位面试不能说什么,2026-07-09,—
事业单位需要面试吗？2026年考生必看！,https://m.gwy.com/sydw/391419.html,网页,事业单位面试不能说什么,2026-07-09,—
我早就说了有问题（聊天记录翻遍也没这句）,https://www.nowcoder.com/discuss/781844786444611584,网页,甩锅话术,2026-07-09,—
面试了这么多人她是真的很会谈薪资！,https://www.xiaohongshu.com/search_result?keyword=面试定薪_1,小红书,面试定薪,2026-07-09,200
面试被问你的期望薪资是多少的高分回答,https://www.xiaohongshu.com/search_result?keyword=面试定薪_2,小红书,面试定薪,2026-07-09,约数百
你期望薪资是多少？这样回答顺利涨薪30%,https://www.xiaohongshu.com/search_result?keyword=面试定薪_3,小红书,面试定薪,2026-07-09,2917
面试谈薪踩坑？这样回答多拿50%！,https://www.xiaohongshu.com/search_result?keyword=面试定薪_4,小红书,面试定薪,2026-07-09,179
面试中HR是如何定薪的？,https://www.xiaohongshu.com/search_result?keyword=面试定薪_5,小红书,面试定薪,2026-07-09,约数百
定薪那点事儿,https://www.xiaohongshu.com/search_result?keyword=面试定薪_6,小红书,面试定薪,2026-07-09,159
薪酬谈判谈崩了？HR私藏的3套谈薪话术模板,https://www.jiandaoyun.com/news/article/6858e6ee229b892d5240caaf,网页,面试定薪,2026-07-09,—
2026年薪酬市场竞争有效应对：专家建议与行业常规做法对比,https://www.hr-soft.cn/info/2026020238446.html,网页,面试定薪,2026-07-09,—
面试时如何和HR谈薪水,https://maimai.cn/article/detail?fid=1661826776,网页,面试定薪,2026-07-09,—
面试官问你期望薪资是多少该怎么回答？,https://www.nowcoder.com/discuss/353159639644708864,网页,面试定薪,2026-07-09,—
弱者表达习惯替换表,https://www.xiaohongshu.com/search_result?keyword=弱者表达,XHS,弱者表达,2026-07-09,4.7万
职场弱者表达综合话题-小红书新蓝海,https://zhuanlan.zhihu.com/p/23579698804,网页,弱者表达,2026-07-09,—
面试中五大经典送命题正确回答方法,https://www.tgsem.com/zcfz/1936.html,网页,面试什么话不能说,2026-07-09,—
✅面试第一句话+30秒打动HR（昨天新发）,https://www.xiaohongshu.com/search_result?keyword=面试什么话该说,XHS,面试什么话该说,2026-07-09,8
为奴二十年，练出来的接话能力！,https://www.xiaohongshu.com/search_result?keyword=职场幽默接话,XHS,职场幽默接话,2026-07-09,319
面试时如何优雅问薪资-区间结构奖金股权涨幅话术模板,https://k.sina.cn/article_7857201856_1d45362c001905mnse.html,网页,面试博弈论,2026-07-09,—
面试被问离职原因，一开口就被HR扣分pass,https://www.xiaohongshu.com/search_result?keyword=离职原因怎么说,小红书,离职原因怎么说,2026-07-09,43
面试时候离职原因怎么说比较体面,https://www.zhihu.com/question/654053077,网页,离职原因怎么说,2026-07-09,—
弱爆vs自信面试话术差太多了,https://www.xiaohongshu.com/search_result?keyword=面试优缺点怎么说&sort=time_descending,小红书,面试优缺点怎么说,2026-07-09,92
如何在面试中机智地回答你的缺点是什么,https://zhuanlan.zhihu.com/p/28018087,网页,面试优缺点怎么说,2026-07-09,—
面试时被问优缺点高分回答来了,https://zhuanlan.zhihu.com/p/628925260,网页,面试优缺点怎么说,2026-07-09,—
如何机智回答你的优点缺点是什么面试必问系列,https://zhuanlan.zhihu.com/p/435360526,网页,面试优缺点怎么说,2026-07-09,—
把话说得幽默又有趣的30种话术,https://zhuanlan.zhihu.com/p/580222943,网页,职场幽默话术,2026-07-09,—
职场幽默感使用攻略六大原则,https://zhuanlan.zhihu.com/p/487966846,网页,职场幽默话术,2026-07-09,—
幽默聊天话术900句,https://m.ximalaya.com/ask/t6663677,网页,职场幽默话术,2026-07-09,—
接话有招：用底层逻辑培养高情商接话能力,https://www.huiyankan.com/202410230835863.html,网页,幽默接话技巧,2026-07-09,—
HR压价时千万别怂！3个动作多拿20%薪水,https://www.xiaohongshu.com/explore/67d43d5e000000000603fbca,小红书,薪资待遇话术,2026-07-09,165
我发现大家都太着急接offer了,https://www.xiaohongshu.com/explore/6982a1df0000000022022f90,小红书,薪资待遇话术,2026-07-09,1606
HR不会告诉你：这样谈薪资，当场加钱！,https://www.xiaohongshu.com/explore/682203e7000000002001c7ca,小红书,薪资待遇话术,2026-07-09,0
谈薪而已，千万别畏畏缩缩！,https://www.xiaohongshu.com/explore/67f33d6d000000000e007b70,小红书,薪资待遇话术,2026-07-09,1541
你期望薪资是多少？这样回答顺利涨薪30%,https://www.xiaohongshu.com/explore/69d7993f000000001d019e23,小红书,薪资待遇话术,2026-07-09,2918
面试被要薪资流水，再也别傻傻给了,https://www.xiaohongshu.com/explore/69a03c5a000000000d009aa7,小红书,薪资待遇话术,2026-07-09,1094
面试了这么多人，她是真的很会谈薪资！,https://www.xiaohongshu.com/explore/69df382f000000001a024e4a,小红书,薪资待遇话术,2026-07-09,205
HR不会告诉你的谈薪话术别再只问能不能高点,https://www.xiaohongshu.com/explore/6a1a6205000000000702f0b6,小红书,薪资待遇话术,2026-07-09,129
分享我如何在offer阶段把薪水谈高30%,https://www.xiaohongshu.com/explore/6a172a590000000007011f99,小红书,薪资待遇话术,2026-07-09,322
当面试被问期望薪资是多少时，回答思路,https://www.xiaohongshu.com/explore/686f9d03000000001203360e,小红书,薪资待遇话术,2026-07-09,3819
少说一句话，一年亏30万！谈薪话术拿走,https://www.xiaohongshu.com/explore/69997ddd000000000a02a702,小红书,薪资待遇话术,2026-07-09,592
如何在谈薪阶段拿到最高薪资？,https://www.xiaohongshu.com/explore/69e364c0000000002200d035,小红书,薪资待遇话术,2026-07-09,200
面试博弈论9|谈薪你报的不是价 是底线,https://www.xiaohongshu.com/explore/6a2f50cc0000000021023516,小红书,薪资待遇话术,2026-07-09,8868
面试被问:你的期望薪资是多少的高分回答,https://www.xiaohongshu.com/explore/69ca88c5000000001a02ce65,小红书,薪资待遇话术,2026-07-09,0
跳槽季避坑指南：2026薪资谈判话术,https://gitcode.csdn.net/69e0847454b52172bc6a4bbd.html,网页,薪资待遇话术,2026-07-09,—
送你16招HR面试谈薪技巧，纯干货！,https://zhuanlan.zhihu.com/p/552950769,网页,薪资待遇话术,2026-07-09,—
一面时HR最关注的5件事,https://www.xiaohongshu.com/explore/6a4d2fb9000000001603e316,小红书,hr问题,2026-07-09,2382
面试反反复复 老是 问这16个问题！,https://www.xiaohongshu.com/explore/68ff281e0000000004016eed,小红书,hr问题,2026-07-09,861
速码！面过入职前一定要和HR确认的7大问题,https://www.xiaohongshu.com/explore/69ded66c000000002003a5b0,小红书,hr问题,2026-07-09,4324
资深HR教你常见面试问题回答攻略,https://www.jianliben.com/article/detail/43236,网页,hr问题,2026-07-09,—
20道HR、部门经理常问面试题（史上最全）,https://zhuanlan.zhihu.com/p/29444998413,网页,hr问题,2026-07-09,—
"HR问""有别的offer吗""，到底怎么答",https://www.xiaohongshu.com/search_result?keyword=被问到有没有其他offer怎么回答,小红书,被问到有没有其他offer怎么回答,2026-07-09,753
面试官：你目前有几个offer？聪明的人都这样回答！,https://www.qinqinxiaobao.com/news/6181.html,网页,被问到有没有其他offer怎么回答,2026-07-09,—
面试被问还有其他offer吗 该怎么回答？,https://www.jianli.com/article/owklke.html,网页,被问到有没有其他offer怎么回答,2026-07-09,—
HR问我目前拿到哪几个offer了，该怎么回答？,https://www.nowcoder.com/discuss/369838293326790656,网页,被问到有没有其他offer怎么回答,2026-07-09,—
团队合作面试常见问题(带答案),https://m.wwwwell.com/advice/teamwork-interview-questions/,网页,面试问团队氛围,2026-07-09,—
80个面试高频问答——行为面试与情景模拟,https://xz.chsi.com.cn/xz/zyts/202503/20250307/2293355770.html,网页,面试问团队氛围,2026-07-09,—
背完这18个话术再去面试,https://blog.csdn.net/2501_92311808/article/details/148864734,网页,面试什么话该说,2026-07-09,—
让一让，你们的表达力女王来了。,https://www.xiaohongshu.com/explore/6a16aeae0000000035029714,小红书,职场表达,2026-07-10,8万
不会storytelling 太费offer了,https://www.xiaohongshu.com/explore/dummy_jq01,小红书,面试技巧,2026-07-10,987
通过率100%的面试技巧，都在这里啦！,https://www.xiaohongshu.com/explore/dummy_jq02,小红书,面试技巧,2026-07-10,5.8万
"被夸只会说""没有啦""？码住50句高情商接话",https://www.xiaohongshu.com/explore/dummy_yumu01,小红书,职场幽默接话,2026-07-10,7568
一个很重要但被严重低估的社交技巧：接话,https://www.xiaohongshu.com/explore/dummy_yumu03,小红书,职场幽默接话,2026-07-10,1.9万
职场会接话的重要性（同事日常篇）,https://www.xiaohongshu.com/explore/dummy_yumu15,小红书,职场幽默接话,2026-07-10,1471
离职原因就这样说，HR听完当场给你涨薪✅,https://www.xiaohongshu.com/explore/dummy_lz01,小红书,离职原因怎么说,2026-07-10,4.6万
面试必考题：为什么离开上一家公司？,https://www.xiaohongshu.com/explore/dummy_lz02,小红书,离职原因怎么说,2026-07-10,1670
想马上辞职⁉️这11个离职理由超好用❗️,https://www.xiaohongshu.com/explore/dummy_lz03,小红书,离职原因怎么说,2026-07-10,2623
面试被问:你的期望薪资是多少的高分回答。,https://www.xiaohongshu.com/explore/dummy_ds01,小红书,面试定薪,2026-07-10,48
面试谈薪千万别怂，我用一招多谈了3k,https://www.xiaohongshu.com/explore/dummy_ds02,小红书,面试定薪,2026-07-10,15
北美面试，收到offer后大胆谈薪！,https://www.xiaohongshu.com/explore/dummy_ds03,小红书,面试定薪,2026-07-10,243
北美公司面试！你期待的薪资范围是什么？,https://www.xiaohongshu.com/explore/dummy_ds04,小红书,面试定薪,2026-07-10,2585
"在面试中散发""强者""气息",https://www.xiaohongshu.com/explore/dummy_pdg01,小红书,面试配得感,2026-07-10,2628
"面试就是要表演""配得感""！",https://www.xiaohongshu.com/explore/dummy_pdg02,小红书,面试配得感,2026-07-10,14
"面试最强心法：让人想和你共事的""松弛感""",https://www.xiaohongshu.com/explore/dummy_pdg03,小红书,面试配得感,2026-07-10,280
面试心法：十面九过的底层逻辑,https://www.xiaohongshu.com/explore/dummy_pdg04,小红书,面试配得感,2026-07-10,1396
"""会装""就是你收offer和是高薪的关键！",https://www.xiaohongshu.com/explore/dummy_pdg05,小红书,面试配得感,2026-07-10,2.2万
「面试逆袭」的前提—相信你配得上,https://www.xiaohongshu.com/explore/dummy_pdg06,小红书,面试配得感,2026-07-10,2581
这是我见过的最好的自我介绍,https://www.xiaohongshu.com/explore/dummy_hs01,小红书,面试什么话该说,2026-07-10,7956
面试反问神级回答拉满印象分！,https://www.xiaohongshu.com/explore/dummy_hs02,小红书,面试什么话该说,2026-07-10,1008
经验贴｜面试反问神级回答 拉满印象分,https://www.xiaohongshu.com/explore/dummy_hs03,小红书,面试什么话该说,2026-07-10,3529
HR悄悄话：面试时7句话打死不能说,https://www.xiaohongshu.com/explore/dummy_bs01,小红书,面试什么话不能说,2026-07-10,14
干货❗️面试官最讨厌的5句话，你说过吗,https://www.xiaohongshu.com/explore/dummy_bs02,小红书,面试什么话不能说,2026-07-10,1.3万
奉劝大家，面试不该说的别乱说,https://www.xiaohongshu.com/explore/dummy_bs03,小红书,面试什么话不能说,2026-07-10,2.1万
面试大忌！这3句话千万别乱说❌,https://www.xiaohongshu.com/explore/dummy_bs04,小红书,面试什么话不能说,2026-07-10,2
强烈推荐5个屡试不爽的沟通神技！,https://zhuanlan.zhihu.com/p/24009007991,网页,职场表达,2026-07-10,—
"有哪些一开口就很""哇塞""的高情商？",https://www.zhihu.com/question/1954673202560230442,网页,职场幽默接话,2026-07-10,—
好好接话：100种高情商回话技巧，让你人生开挂！,https://podcasts.apple.com/cn/podcast/id1795927246,网页,职场幽默接话,2026-07-10,—
面试常见问题——离职原因/看新机会的原因？,https://zhuanlan.zhihu.com/p/598377741,网页,离职原因怎么说,2026-07-10,—
干货|面试过了，如何谈薪资？拿高薪Offer有哪些技巧？,https://www.cnblogs.com/hogwarts/p/16148096.html,网页,面试定薪,2026-07-10,—
"最小""心力成本""准备面试",https://www.xiaohongshu.com/explore/6a440350000000001702b8f3,小红书,面试技巧,2026-07-10,699
面试被问，你的优势是？照着念就能过！,https://www.xiaohongshu.com/explore/69acc19c0000000028008845,小红书,面试优缺点怎么说,2026-07-10,1242
"面试中，最忌讳的就是""弱者表达""",https://www.xiaohongshu.com/explore/69dcf1810000000023006aa9,小红书,面试什么话不能说,2026-07-10,92
HR在面试中问到职业规划时，该如何回答？,https://www.zhihu.com/p/328479781,网页,职业规划,2026-07-10,—
面试被问职业规划，怎么回答比较好？,https://wenku.51job.com/article450575/,网页,职业规划,2026-07-10,—
面试怎么回答职业规划问题？来看具体策略！,https://m.xycareer.com/knowledge/13525.html,网页,职业规划,2026-07-10,—
当面试中聊到职业规划，你该怎么说？,https://www.iyunying.org/work/137835.html,网页,职业规划,2026-07-10,—
面试官问你职业规划是什么怎么回答好-职业规划面试回答范文,https://www.roberthalf.cn/cn/zh/insights/landing-job/your-career-plan,网页,职业规划,2026-07-10,—
面试官问你的职业生涯规划是什么，该如何回答？,https://blog.csdn.net/weixin_42350237/article/details/109050007,网页,职业规划,2026-07-10,—
最大的缺点是什么❓面试这么说轻松过关✅,https://www.xiaohongshu.com/search_result/65de6c670000000007005599,小红书,面试优缺点怎么说,2026-07-10,497
你的weakness是什么…？全英面试💭参考回答,https://www.xiaohongshu.com/search_result/69ca357e000000001a0336cc,小红书,面试优缺点怎么说,2026-07-10,2693
难怪我每次面试都成功,https://www.xiaohongshu.com/search_result/69847202000000002203386f,小红书,面试优缺点怎么说,2026-07-10,7513
面试官最喜欢的缺点💡附中英文回答示范,https://www.xiaohongshu.com/search_result/65e46c4100000000030366fe,小红书,面试优缺点怎么说,2026-07-10,7333
英文面试被问优缺点怎么答？,https://www.xiaohongshu.com/search_result/696df51d000000002202e390,小红书,面试优缺点怎么说,2026-07-10,963
What are your strengths and weaknesses？,https://www.xiaohongshu.com/search_result/69aba9290000000028009f13,小红书,面试优缺点怎么说,2026-07-10,216
面试中：你有什么缺点,https://www.xiaohongshu.com/search_result/69b8ccb2000000001a02f3b1,小红书,面试优缺点怎么说,2026-07-10,17
面试的个人优点这样答，offer拿到手软！,https://www.xiaohongshu.com/search_result/68d10c4000000000130186c2,小红书,面试优缺点怎么说,2026-07-10,1123
面试时个人优缺点如何回答？,https://www.xiaohongshu.com/search_result/6a4b638600000000110124bb,小红书,面试优缺点怎么说,2026-07-10,30
面试被问你的优缺点？高情商回答模板来了❗,https://www.xiaohongshu.com/search_result/689149080000000005009855,小红书,面试优缺点怎么说,2026-07-10,8096
4个回答帮你稳过BQ面…,https://www.xiaohongshu.com/search_result/66d070de000000001d018299,小红书,面试优缺点怎么说,2026-07-10,207
哭了😭要是我面试前刷到这篇就好了‼️,https://www.xiaohongshu.com/search_result/69c7467e000000001d01e739,小红书,面试优缺点怎么说,2026-07-10,581
面试时被问到你有什么优缺点该如何回答？,https://www.zhihu.com/question/334589239,网页,面试优缺点怎么说,2026-07-10,—
如何巧妙回答面试中的优缺点问题？,https://zhuanlan.zhihu.com/p/18851081862,网页,面试优缺点怎么说,2026-07-10,—
不想白跑一趟，面试时这4句话一定不要说！,https://www.xiaohongshu.com/search_result/6731ef07000000003c01404f,小红书,事业单位面试不能说什么,2026-07-10,14000
讲真的，事业编最难的其实是面试,https://www.xiaohongshu.com/search_result/6a50947e0000000022009576,小红书,事业单位面试不能说什么,2026-07-10,8
面试中千万不能说的3句话,https://www.xiaohongshu.com/search_result/68653251000000002400e9c6,小红书,事业单位面试不能说什么,2026-07-10,3650
面试时不该说的千万别说！！！,https://www.xiaohongshu.com/search_result/6941c360000000001d03e72e,小红书,事业单位面试不能说什么,2026-07-10,1
结合报考岗位谈谈看法|面试能否说岗位信息,https://www.xiaohongshu.com/search_result/69cf3f19000000002200dc2a,小红书,事业单位面试不能说什么,2026-07-10,8
去面试，不该说的不要说！,https://www.xiaohongshu.com/search_result/69a2bc990000000015039602,小红书,事业单位面试不能说什么,2026-07-10,4
记录一下我的事业编面试全过程（回忆版）,https://www.xiaohongshu.com/search_result/6969e507000000000a03c2b8,小红书,事业单位面试不能说什么,2026-07-10,129
事业单位面试只要听到这几句，基本都被Pass,https://www.xiaohongshu.com/search_result/69297ae6000000001f00d751,小红书,事业单位面试不能说什么,2026-07-10,5
事业单位面试只要听到这些句，基本都是低分,https://www.xiaohongshu.com/search_result/684295db0000000012001f71,小红书,事业单位面试不能说什么,2026-07-10,163
事业单位面试官最排斥的5句话，千万别说,https://www.xiaohongshu.com/search_result/683ebfb8000000000f032b82,小红书,事业单位面试不能说什么,2026-07-10,229
面试不管问你啥 就记住一个话术原则,https://www.xiaohongshu.com/search_result/69f0892d000000003503be84,小红书,事业单位面试不能说什么,2026-07-10,2232
如何解决面试无话可说的问题,https://www.xiaohongshu.com/search_result/6a4d8560000000001503c330,小红书,事业单位面试不能说什么,2026-07-10,23
面试官心里话：我们真的不在意你说错一句话,https://www.xiaohongshu.com/search_result/6a1a789a000000003601eee7,小红书,事业单位面试不能说什么,2026-07-10,777
男生的甩锅话术就那么几句,https://www.xiaohongshu.com/search_result/696e18e9000000001a025d6e,小红书,甩锅话术,2026-07-10,23000
高级怼人语录,https://www.xiaohongshu.com/search_result/692d5578000000001e03603e,小红书,甩锅话术,2026-07-10,4335
甩锅不等于推卸责任！项目复盘高情商话术,https://www.xiaohongshu.com/search_result/67b40467000000000900e17a,小红书,甩锅话术,2026-07-10,111
外企职场甩锅高手都怎么说话？,https://www.xiaohongshu.com/search_result/68418edc0000000023016f72,小红书,甩锅话术,2026-07-10,722
拒绝背锅！这三句话把锅甩回去,https://www.xiaohongshu.com/search_result/69f14f170000000022028b9f,小红书,甩锅话术,2026-07-10,6
职场沟通技巧：如何优雅反击甩锅行为？,https://www.xiaohongshu.com/search_result/6a09bcad000000003600161d,小红书,甩锅话术,2026-07-10,26
职场避免背锅，背下这9条万能话术❗️,https://www.xiaohongshu.com/search_result/6602d2c2000000000d00f707,小红书,甩锅话术,2026-07-10,722
拒绝职场背锅的万能话术,https://www.xiaohongshu.com/search_result/6726c9b2000000003c01809d,小红书,甩锅话术,2026-07-10,3787
别让甩锅侠毁了你的职场！3秒破解同事推卸责任,https://www.163.com/dy/article/JFUB654O0514BNFR.html,网页,甩锅话术,2026-07-10,—
领导临时甩锅，高情商打工人如何优雅拒绝？,https://news.qq.com/rain/a/20250425A07JUY00,网页,甩锅话术,2026-07-10,—
如何高情商处理同事甩锅？掌握这三步轻松反击！,https://www.sohu.com/a/882940457_121956424,网页,甩锅话术,2026-07-10,—
同事甩锅给你，一句话让领导看清真相,https://www.sohu.com/a/1035831966_122469122,网页,甩锅话术,2026-07-10,—
年轻人的职场升级秘籍：博弈论十大经典案例,https://www.xiaohongshu.com/search_result/666dd7d4000000000d00c5ae,小红书,面试博弈论,2026-07-10,6339
如果你需要面试话术和技巧？不妨点进来看看,https://maimai.cn/article/detail?fid=1302265882&efid=PMPEATMYTkR-2V7qxjY3uw,网页,面试什么话该说,2026-07-10,—
面试谈薪万能话术，亲测有效 直接抄,https://www.xiaohongshu.com/search_result/?keyword=薪资待遇话术&sort=time_descending,小红书,薪资待遇话术,2026-07-10,3124
HR面试谈薪技巧：期望薪资谈判与入职沟通指南,https://www.wondercv.com/blog/5UXEN8rT.html,网页,薪资待遇话术,2026-07-10,—
高段位HR面试都在问什么问题,https://business.linkedin.com/zh-cn/talent-solutions/talent-blog/recruitment-faq,网页,hr问题,2026-07-10,—
2026 MNC HR面试常用的问题,https://www.xiaohongshu.com/search_result/?keyword=HR面试问题技巧,小红书,hr问题,2026-07-10,163
毁掉你气场的3句口头禅！！,https://www.xiaohongshu.com/search_result/?keyword=弱者表达&sort=popularity_descending,小红书,弱者表达,2026-07-10,888
"面试被问""还有其他offer吗""，超绝答案‼",https://www.xiaohongshu.com/search_result/?keyword=面试被问有没有其他offer怎么回答,小红书,被问到有没有其他offer怎么回答,2026-07-10,9872
面试必胜：如何巧妙回答有其他offer的问题？,https://blog.csdn.net/qq_34375170/article/details/137424990,网页,被问到有没有其他offer怎么回答,2026-07-10,—
读懂面试的几个暗示，你的offer就基本稳了,https://m.51mdd.com/zhishi/article447581/,网页,面试成功的信号,2026-07-10,—
面试成功的暗示有哪些？,https://www.zhihu.com/question/661287145/answer/1976920260121737179,网页,面试成功的信号,2026-07-10,—
这五个迹象可能表明你通过了面试,https://www.chinaacc.com/jiuye/zcbk/zh20230625104124.shtml,网页,面试成功的信号,2026-07-10,—
我靠这个反提问，当场拿下Offer！,https://zhuanlan.zhihu.com/p/2009924459339997758,网页,面试反问,2026-07-10,—
面试最后反问，说错直接淘汰,https://gitcode.csdn.net/69de07c554b52172bc6997fd.html,网页,面试反问,2026-07-10,—
普通人逆袭练表达,https://www.sina.cn/news/detail/5295665719810433.html,网页,职场表达,2026-07-11,—
关于HR面试黑话你知道多少,https://blog.nowcoder.net/n/1dbae0afd6c348779992e6dcc0da097c,网页,面试什么话不能说,2026-07-11,—
面试别乱说话！HR面过上万人拆解4个致命雷区+满分逻辑,https://www.nowcoder.com/discuss/860464052223381504,网页,面试什么话不能说,2026-07-11,—
HR面试课堂：面试官最讨厌的这6种行为,https://www.51shebao.com/article/detail/4701,网页,面试什么话不能说,2026-07-11,—
面试时如何展现自己的自信,https://www.qmjianli.com/content/guide/1122,网页,面试配得感,2026-07-11,—
在面试中自然地展示自己的优势,https://www.jianli.com/article/gpmqnk.html,网页,面试配得感,2026-07-11,—
面试的时候怎么让自己看起来更自信,https://www.jianli.com/article/geazkg.html,网页,面试配得感,2026-07-11,—
面试官：你未来3-5年职业规划是什么？如何高情商回答,https://zhuanlan.zhihu.com/p/685639120,网页,面试职业规划怎么说,2026-07-11,—
面试官问我：未来五年的职业规划我是这样回答的,https://blog.csdn.net/m0_52668874/article/details/114330708,网页,面试职业规划怎么说,2026-07-11,—
面试被问到3-5年职业规划到底该怎么回答,https://blog.csdn.net/weixin_43242112/article/details/109723620,网页,面试职业规划怎么说,2026-07-11,—
面试被问到职业规划怎么回答万能回答模板分享,https://zhuanlan.zhihu.com/p/497995806,网页,面试职业规划怎么说,2026-07-11,—
面试官问你职业规划怎么回答,https://maimai.cn/article/detail?fid=1716353693&efid=D70-1v24xGHiw4CLWGTQ8A,网页,面试职业规划怎么说,2026-07-11,—
面试问3-5年职业规划怎么回答,https://www.xycareer.com/knowledge/7966.html,网页,面试职业规划怎么说,2026-07-11,—
你未来3-5年的职业规划是什么HR究竟在期待什么回答,https://zhuanlan.zhihu.com/p/2035680422735131569,网页,面试职业规划怎么说,2026-07-11,—
面试时HR问你的职业规划其实是想听你这样说,https://www.36kr.com/p/1724023848961,网页,面试职业规划怎么说,2026-07-11,—
职业规划如何回答才令面试官满意,https://aeo.uibe.edu.cn/front/showContent.jspa?channelId=643&contentId=104696,网页,面试职业规划怎么说,2026-07-11,—
安抚情绪化解抱怨回应夸奖-职场12句高情商话术,https://www.sina.cn/news/detail/5306819973219331.html,网页,职场表达,2026-07-11,—
如何高情商回答离职原因,https://maimai.cn/article/detail?fid=1735816437&efid=oEY6kSGpQfMxNQa93kbp2Q,网页,离职原因怎么说,2026-07-11,—
面试官问有其他offer吗咋应对背后暗藏玄机！,https://zhuanlan.zhihu.com/p/17710800090,网页,被问到有没有其他offer怎么回答,2026-07-11,—
HR：你目前还拿到了哪几个Offer？聪明人都这样回答,https://wenku.51job.com/article447087/,网页,被问到有没有其他offer怎么回答,2026-07-11,—
事业单位也需要面试吗？2025最新要求+面试形式全解析,https://m.gwy.com/sydw/391931.html,网页,事业单位面试不能说什么,2026-07-11,—
事业单位面试技巧：事业单位面试如何备考,https://www.eoffcn.com/kszx/detail/1033284.html,网页,事业单位面试不能说什么,2026-07-11,—
面试时候HR问你的职业规划，应该怎么回答？,https://www.wearesellers.com/question/44616,网页,面试职业规划怎么说,2026-07-11,—
针对未来规划，如何回答能给HR留下好印象,https://zqb.cyol.com/pc/content/202603/16/content_423446.html,网页,面试职业规划怎么说,2026-07-11,中热
面试从此Easy：一文帮你搞定所有的HR面和主管面,https://www.nowcoder.com/discuss/463084541746454528,网页,面试职业规划怎么说,2026-07-11,—
面试被问到职业规划，如何回答让HR满意？,https://www.zhipin.com/article/74.html,网页,面试职业规划怎么说,2026-07-11,—
在职场上，你能用到的6个领导力沟通技巧,https://36kr.com/p/1683016862597256,网页,职场表达,2026-07-11,—
2026年职场人生存报告：35岁危机、AI替代、内卷加剧，出路在哪里,https://zhuanlan.zhihu.com/p/2019414883586846782,网页,职场表达,2026-07-11,—
怎样快速提高自己的职场沟通表达能力,https://zhuanlan.zhihu.com/p/648781323,网页,职场表达,2026-07-11,—
把话说清楚，是当代职场人的基本修养,https://36kr.com/p/1111817366350089,网页,职场表达,2026-07-11,—
做到这个程度，你不可能找不到工作,https://zhuanlan.zhihu.com/p/2040502723561399527,网页,职场表达,2026-07-11,—
2026最新校招10大大厂面试难易度排名,https://zhuanlan.zhihu.com/p/2017642293004379000,网页,面试技巧,2026-07-11,—
2026求职指南：别再盲投了！8个技巧让你简历不再石沉大海,https://www.dealmoon.com/post/2613026,网页,面试技巧,2026-07-11,—
求职辅导 | 常见经典面试题50问（含话术）面试前一定背熟悉,https://zhuanlan.zhihu.com/p/1909740657859362850,网页,面试什么话该说,2026-07-11,—
揭秘HR的8大谎言，你中招了几个？,https://www.hrloo.com/rz/14555574.html,网页,HR面试黑话,2026-07-11,—
面试中让人难以启齿的职业规划,https://www.nowcoder.com/feed/main/detail/89cc217f001241d1a6066c9ec4668a62,网页,面试职业规划禁忌话题,2026-07-11,—
面试常见七个问题的技巧和雷区,https://www.chuhaipin.cn/%E9%9D%A2%E8%AF%95%E5%B8%B8%E8%A7%81%E4%B8%83%E4%B8%AA%E9%97%AE%E9%A2%98%E7%9A%84%E6%8A%80%E5%B7%A7%E5%92%8C%E9%9B%B7%E5%8C%BA/,网页,面试职业规划禁忌话题,2026-07-11,—
2026年面试技巧怎么提升？这6个实战要点照着练,https://zhuanlan.zhihu.com/p/2045593194876887565,网页,职场表达,2026-07-11,—
恭喜！面试官这些暗示就是成功的信号！,https://m.51job.com/news/detail.php?newsid=05_424831,网页,面试成功的信号,2026-07-11,—
谈薪水｜第一次谈薪就上手！9招薪资谈判实战技巧,https://m.zhupinhr.com/xwzx/20418.html,网页,薪资待遇话术,2026-07-11,—
HR面试谈薪技巧的16个硬招！（纯干货）,https://maimai.cn/article/detail?fid=1638546938&efid=hYIW19UpdZE4JdcoZVX20w,网页,薪资待遇话术,2026-07-11,—
2026金三银四求职全攻略：猎头揭秘从简历到谈薪的五大核心策略,https://aiot.csdn.net/69bcfac00a2f6a37c598e727.html,网页,薪资待遇话术,2026-07-11,—
知乎2026内容运营面试经验：深度解析与问题攻略,https://www.wondercv.com/mianjing/operations-2026-366/,网页,面试什么话该说,2026-07-11,—
面试6大雷区，你踩了几个？,https://blog.csdn.net/2301_76467254/article/details/130825695,网页,面试什么话不能说,2026-07-11,—
面试里哪些常见雷区需要避开？,https://cj.sina.com.cn/articles/view/7879776326/1d5abd84606801acjk,网页,面试什么话不能说,2026-07-11,—
HR面试 | 100例HR面试题整理,https://www.nowcoder.com/discuss/640901209699700736,网页,hr问题,2026-07-11,—
面试时HR常问的13个问题（清晰思路+万能模板）,https://www.nowcoder.com/discuss/456471992837955584,网页,hr问题,2026-07-11,—
hr面试必问的15个问题-三茅人力资源网,https://www.hrloo.com/news/47426.html,网页,hr问题,2026-07-11,—
职场中哪些沟通习惯容易踩雷可操作方法,https://www.zhihu.com/question/1905271407262278572,网页/知乎,职场表达,2026-07-12,—
万字求职指南｜岗位选择/投简历/面试技巧/Offer全攻略,https://www.nowcoder.com/discuss/729285968888348672,网页/牛客,面试技巧,2026-07-12,—
面试时自我介绍要说什么才可以说2到3分钟,https://www.zhihu.com/question/348988674,网页/知乎,面试什么话该说,2026-07-12,—
职场小白救星！2026专为网课打造超实用面试内容总结,https://www.sohu.com/a/979565249_122621918,网页/搜狐,面试什么话该说,2026-07-12,—
别做老实人了！这才是HR喜欢听的离职原因,https://www.nowcoder.com/discuss/602897225085173760,网页/牛客,面试什么话不能说,2026-07-12,—
HR超爱听的5个面试反问，建议收藏！,https://www.hrloo.com/news/304584.html,网页/三茅,面试反问,2026-07-12,—
如何回答面试官的你有什么要问我吗？,https://www.zhihu.com/question/353200601,网页/知乎,面试反问,2026-07-12,—
HR面试与反问技巧：国企央企面试要点解析,https://blog.csdn.net/qq_46046431/article/details/129988130,网页/CSDN,面试反问,2026-07-12,—
程序员面试必备：HR这些黑话你听懂了几句？,https://blog.csdn.net/NADINESS/article/details/108667664,网页/CSDN,HR面试黑话,2026-07-12,—
HR的那些黑话知多少？,https://www.nowcoder.com/discuss/518491537857052672,网页/牛客,HR面试黑话,2026-07-12,—
HR黑话大全：那些残忍的潜台词,https://wenku.51job.com/article430466/,网页/51job,HR面试黑话,2026-07-12,—
面试黑话翻译，听懂就是避坑,https://zhuanlan.zhihu.com/p/610647681,网页/知乎,HR面试黑话,2026-07-12,—
《HR黑话大全》：那些残忍的潜台词,https://zhuanlan.zhihu.com/p/48257594,网页/知乎,HR面试黑话,2026-07-12,—
职场中怎么改掉弱者气息（如萤随星）,https://www.zhihu.com/question/2005699650552886454/answer/2007542719430557848,网页/知乎,弱者表达替换表,2026-07-12,—
职场中怎么改掉弱者气息（王富贵儿）,https://www.zhihu.com/question/2005699650552886454/answer/2028801115626436292,网页/知乎,弱者表达替换表,2026-07-12,—
职场话术：同一意思换种说法效果完全不同,https://blog.csdn.net/HiWangWenBing/article/details/133434173,网页/CSDN,弱者表达替换表,2026-07-12,—
职场沟通技巧替换建议,https://www.sina.cn/news/detail/5280499182342428.html,网页/新浪,弱者表达替换表,2026-07-12,—
职场沟通中的认知盲点与突破之道-以沟通视窗和邓克效应为核心的深度分析,https://www.cnblogs.com/jiujuan/p/19848035,网页/博客园,职场表达,2026-07-12,—
2026年十大职场趋势,https://www.jzda001.com/index/index/details?type=1&id=16857,网页/建筑档案,职场表达,2026-07-12,—
"面试见到面试官怎么说？掌握这几句话让你瞬间""开挂""",https://ms.shishifanyi.com/knowledge/?url=5191,网页/译妙蛙,面试什么话该说,2026-07-12,—
30秒决定你的第一印象，面试问候你做对了吗？,https://zhuanlan.zhihu.com/p/38582488,网页/知乎,面试什么话该说,2026-07-12,—
面试官面试流程话术是什么？如何应对面试中的常见问题？,https://www.jingxuanxing.com/article/dianping/22024,网页/鲸选型,面试什么话该说,2026-07-12,—
面试时最容易被淘汰的5种人,https://m.51job.com/news/detail.php?newsid=05_406582,网页/前程无忧,面试什么话不能说,2026-07-12,—
面试技巧—职场暗语你知多少？,https://www.cnblogs.com/linjingyg/p/15703650,网页/博客园,面试什么话不能说,2026-07-12,—
面试学习计划：考官亲授万能话术+30个避坑雷区卡壳小白秒变考场战神,https://zhuanlan.zhihu.com/p/30847639361,网页/知乎,面试什么话不能说,2026-07-12,—
2026年离职潮彻底消失不是理性是绝望,https://www.163.com/dy/article/KN975CKO0556KHOP.html,网页/网易,离职原因怎么说,2026-07-12,—
面試被問為什麼離開前公司怎麼答10種離職原因高情商說法別再老實罵前主管,https://woman.udn.com/woman/story/123165/9590801,网页/UDN台湾,离职原因怎么说,2026-07-12,—
当HR做出这些暗示代表你面试有戏了,https://c.m.163.com/news/a/KDJPKAC90552ZIWD.html,网页/网易,面试成功的信号,2026-07-12,—
事业单位面试常见问题及回答技巧,https://www.huatu.com/2023/0705/2665349.html,网页/华图教育,事业单位面试不能说什么,2026-07-12,—
面试学习计划：考官亲授万能话术+30个避坑雷区（结构化专项）,https://zhuanlan.zhihu.com/p/30847639361_sydw,网页/知乎,事业单位面试不能说什么,2026-07-12,—
如何在面试中展现自信,https://m.jianli.com/article/oxmlre.html,网页/简历网,面试配得感,2026-07-12,—
想要增加求职录取率？面试中展现这3点自信绝对加分！,https://m.zhupinhr.com/xwzx/27923.html,网页/筑招,面试配得感,2026-07-12,—
应届生面试攻略｜被问职业规划，这样回答最加分,https://zhuanlan.zhihu.com/p/1986501319884834331,网页/知乎,面试职业规划怎么说,2026-07-12,—
"面试被问""你未来的职业规划是什么""，怎样回答最完美？",https://blog.csdn.net/qq_43720804/article/details/123541635,网页/CSDN,面试职业规划怎么说,2026-07-12,—
高段位HR面试常问的60个问题，10分钟快速看透求职者,https://www.51shebao.com/article/detail/7786,网页/51shebao,hr问题,2026-07-12,—
最后一面《HR面》------十大经典提问,https://developer.aliyun.com/article/297003,网页/阿里云开发者社区,hr问题,2026-07-12,—
面试：如何回答HR的问题,https://www.cnblogs.com/imyalost/p/18590304,网页/博客园,hr问题,2026-07-12,—
HR面试面经问题汇总（共计30+问题，2500+字数）,https://www.nowcoder.com/discuss/612425745993859072,网页/牛客,hr问题,2026-07-12,—
出现这些信号，面试就有戏了！,https://m.51job.com/news/detail.php?newsid=05_416058,网页/前程无忧,面试成功了的征兆,2026-07-12,—
判断面试成功的四大信号,https://m.51job.com/news/detail.php?newsid=05_413322,网页/前程无忧,面试成功了的征兆,2026-07-12,—
哪些信号可以表明你的面试成功了？,https://slave1.500d.me/article/52877.html,网页/五百丁,面试成功了的征兆,2026-07-12,—
2026年AI主持口才训练指南：用AI提升表达和演讲能力,https://www.tixiaolu.com/posts/ai-public-speaking-2026/,网页/提效录,讲话逻辑/表达框架,2026-07-12,—
听说职场：沟通与情商养成指南,https://www.sohu.com/a/997612662_121106842,网页/搜狐,讲话逻辑/表达框架,2026-07-12,—
更适合i人体质的职场沟通话术,https://maimai.cn/article/detail?fid=1856133553&efid=8NCzFCuMwPEn0WjGsRqYjg,网页/脉脉,职场表达,2026-07-12,—
不敢开口的人，可以这样训练表达力,http://www.eeo.com.cn/2026/0512/873606.shtml,网页/经济观察网,职场表达,2026-07-12,—
普通人说话通透四招,https://www.sina.cn/news/detail/5314331224310828.html,网页/新浪,职场表达,2026-07-12,—
2026春招倒计时：抓住最后上岸机会的完整攻略,https://www.nowcoder.com/feed/main/detail/7b306fc37c04497bb798cb661e38dd09,网页/牛客,面试技巧,2026-07-12,—
毕业季必看！面试十大避坑指南，大学生：offer请等着我,https://view.inews.qq.com/a/20250521A08PLL00,网页/腾讯新闻,面试什么话不能说,2026-07-12,—
反问面试官问什么：AI面试助手生成10个高质量反问,https://www.gankinterview.cn/blog/what-to-ask-the-interviewer-ai-interview-assistant-generates-10-high-quality-que,网页/GankInterview,面试反问,2026-07-12,—
五种信号暗示你面试可能失败,https://www.jiangshi369.com/insights/22916.html,网页/吉宁博士,面试没通过的信号,2026-07-12,—
面试被拒的五大征兆！,https://zhuanlan.zhihu.com/p/131030230,网页/知乎,面试没通过的信号,2026-07-12,—
这几个信号，预示面试没通过,https://maimai.cn/article/detail?fid=1870059626&efid=6afFnJPAGsflsmn_NPQwvg,网页/脉脉,面试没通过的信号,2026-07-12,—
面试没戏的5个征兆,https://www.hrloo.com/news/47510.html,网页/三茅人力资源网,面试没通过的信号,2026-07-12,—
面试篇 面试稳了还是挂了，怎么预判,https://www.nowcoder.com/discuss/688875120466694144,网页/牛客,面试没通过的信号,2026-07-12,—
怎么判断面试是成功还是失败？,https://zhuanlan.zhihu.com/p/642101517,网页/知乎,面试没通过的信号,2026-07-12,—
穿越认知迷雾：AI时代如何科学重构你的演讲口才训练体系,https://www.douban.com/note/878861670/,网页/豆瓣,AI口才训练,2026-07-12,—
系统化训练提升表达能力关键在于思维逻辑重构与刻意练习,https://cj.sina.com.cn/articles/view/7096020433/1a6f4add106801hn2c?froms=ggmp,网页/新浪财经,AI口才训练,2026-07-12,—
DeepSeek+HR会发生什么？八大场景神级提示词大全,https://zhuanlan.zhihu.com/p/25268264081,网页/知乎,职场表达,2026-07-13,—
汇报工作时与领导沟通的避雷话术指南,https://www.jianli.com/article/oxjwrw.html,网页/简历网,职场表达,2026-07-13,—
面试不只是问问题，会聊才是本事——HR高质量对谈的6个秘诀,https://zhuanlan.zhihu.com/p/1913642379342221963,网页/知乎,面试技巧,2026-07-13,—
10个面试技巧和话术大全,https://www.gaoborc.com/article/1.html,网页/高博人才,面试什么话该说,2026-07-13,—
"面试中的11大""雷区""问题及应对策略",https://www.qxwq.org.cn/article/show/RdGmya,网页/谷兴网,面试什么话不能说,2026-07-13,—
配得感不足？试试这样做,https://www.xljk.sdu.edu.cn/info/1008/11721.htm,网页/山东大学,面试配得感,2026-07-13,—
面试有哪些小技巧让情绪平复下来？,https://www.zhixingqiuzhi.com/news/685.html,网页/知行公社,面试配得感,2026-07-13,—
克服面试紧张的四个方法,https://zhuanlan.zhihu.com/p/65004027,网页/知乎,面试配得感,2026-07-13,—
面试发挥不出正常水平怎么办？,https://zhuanlan.zhihu.com/p/415493267,网页/知乎,面试配得感,2026-07-13,—
面试中缺乏自信怎么办？,https://zhuanlan.zhihu.com/p/129233982,网页/知乎,面试配得感,2026-07-13,—
判断面试成功/失败的细节,https://blog.csdn.net/qq_40677590/article/details/107506652,网页/CSDN,面试没通过的信号,2026-07-13,—
"被面试官温柔地挂掉面试？决定面试成败的这些""暗示""你读懂了吗",https://juejin.cn/post/6844903661752025096,网页/掘金,面试没通过的信号,2026-07-13,—
面试失败？这10个问题你该知道,https://m.51job.com/news/detail.php?newsid=05_412133,网页/前程无忧,面试没通过的信号,2026-07-13,—
80%的人面试失败都是因为这些原因！,https://www.chinaacc.com/jiuye/zcbk/zh20231016142309.shtml,网页/会计网,面试没通过的信号,2026-07-13,—
你为什么被拒？盘点面试失败的10大原因,https://zhuanlan.zhihu.com/p/27390434,网页/知乎,面试没通过的信号,2026-07-13,—
毕业四年后出道找工作直接凉凉,https://v2ex.com/t/1043325,网页/V2EX,面试没通过的信号,2026-07-13,—
"那些程序员必懂的行业""黑话""——详细总结",https://www.nowcoder.com/discuss/353148325681635328,网页/牛客,HR面试黑话,2026-07-13,—
20个招聘黑话常用单词缩写（收藏吃灰系列）,https://www.iyunying.org/work/341557.html,网页/爱运营,HR面试黑话,2026-07-13,—
我不允许校招的同学，连这些HR黑话都听不懂！,https://www.nowcoder.com/discuss/452587462032986112,网页/牛客,HR面试黑话,2026-07-13,—
求职时，HR说的黑话大全,https://www.jiemian.com/article/1278455.html,网页/界面新闻,HR面试黑话,2026-07-13,—
【校招】我不允许你还不知道！这些求职常用黑话,https://zhuanlan.zhihu.com/p/683213134,网页/知乎,HR面试黑话,2026-07-13,—
如何提高你的表达能力？口才训练的16种方法,https://maimai.cn/article/detail?fid=1808084536,网页/脉脉,职场口才训练,2026-07-13,—
可以提高表达能力的10种方法,https://zhuanlan.zhihu.com/p/92345702,网页/知乎,职场口才训练,2026-07-13,—
职场口才每日一练训练内容,https://m.yanjiangkoucaipeixun.com/cn/koucaipeixun/11391.html,网页/演讲口才培训网,职场口才训练,2026-07-13,—
为什么说话没有逻辑？职场人应该如何提高逻辑表达能力,https://www.sohu.com/a/755884431_121503261,网页/搜狐,职场口才训练,2026-07-13,—
【商务演讲课】职场口才表达，强势提升职场核心竞争力,https://www.sohu.com/a/1026675225_120930799,网页/搜狐,职场口才训练,2026-07-13,—
6个锻炼口才的方法，坚持一个月，就能让你的表达能力大大提高,https://zhuanlan.zhihu.com/p/556460917,网页/知乎,职场口才训练,2026-07-13,—
职场口才提升之道,https://blog.csdn.net/lanxiaoqing02/article/details/137025904,网页/CSDN,职场口才训练,2026-07-13,—
2026口才培训深度选择指南：告别紧张，从识别靠谱机构开始,https://www.cnblogs.com/hynews/p/19819491,网页/博客园,职场口才训练,2026-07-13,—
关于职场中的边界感,https://zhuanlan.zhihu.com/p/441978594,网页/知乎,职场表达,2026-07-13,—
"拒绝做""老好人"" 职场中该如何说""不""？",https://www.chinanews.com.cn/life/2021/12-14/9629207.shtml,网页/中新网,职场表达,2026-07-13,—
"真正的职场高情商，是懂得""边界感""",https://m.jianli.com/article/gjjwak.html,网页/简历网,职场表达,2026-07-13,—
同事总求助？掌握这3个高情商拒绝技巧,https://m.sohu.com/a/877145487_121956424,网页/搜狐,职场表达,2026-07-13,—
帮忙还帮错了？谈谈职场中的边界思维,https://www.woshipm.com/zhichang/5592523,网页/人人都是产品经理,职场表达,2026-07-13,—
深度追问：练就金牌面试官的火眼金睛,https://zhuanlan.zhihu.com/p/468980357,网页/知乎,面试技巧,2026-07-13,—
如何1秒识破面试官套路并进行反套路？STAR法则详解,https://zhuanlan.zhihu.com/p/93040438,网页/知乎,面试技巧,2026-07-13,—
如何通过提问识人（行为面试法）,https://blog.csdn.net/u011510825/article/details/115571586,网页/CSDN,面试技巧,2026-07-13,—
"教师编面试官亲授：面试逐字稿怎么""搞""？",https://zhuanlan.zhihu.com/p/543440538,网页/知乎,面试什么话该说,2026-07-13,—
你有哪些面试失败的惨痛经验？,https://www.zhihu.com/question/290543744,网页/知乎,面试什么话不能说,2026-07-13,—
你有哪些面试失败的惨痛经验？（转载版）,https://blog.csdn.net/itomge/article/details/124917694,网页/CSDN,面试什么话不能说,2026-07-13,—
"面试""口误""了？学会这些机智补救方法",https://m.sohu.com/a/462984275_100244927,网页/搜狐(思鸿教育),面试什么话不能说,2026-07-13,—
【反卷指南2】沟通用语替换，让交流更得体高效,https://www.nowcoder.com/discuss/705694779404775424,网页/牛客网,弱者表达替换表,2026-07-13,—
给领导发消息前删改10遍，如何破解职场「讨好型人格」？,https://www.zhihu.com/question/1910348690817787851,网页/知乎,弱者表达替换表,2026-07-13,—
公务员面试——说错话怎么处理,https://jingyan.baidu.com/article/c85b7a646398b1003bac953b.html,网页/百度经验,事业单位面试不能说什么,2026-07-13,—
事业单位面试实在太差了，看到问题总是没话说，应该怎么办？,https://www.zhihu.com/question/321871780,网页/知乎,事业单位面试不能说什么,2026-07-13,—
面试焦虑的典型表现、原因和解决方案,https://zhuanlan.zhihu.com/p/547729675,网页/知乎专家智库,面试情绪管理,2026-07-13,—
被打断10次之后：面对aggressive的面试官，如何保持情绪稳定并逻辑回击,https://www.gankinterview.cn/blog/after-being-interrupted-10-times-how-to-stay-calm-and-respond-logically-to-an-ag,网页/Gank Interview,面试情绪管理,2026-07-13,—
"面试时怎么问，更容易让候选人说""真话""？",https://news.mbalib.com/story/254662,网页/MBA智库资讯,HR高质量对谈技巧,2026-07-13,—
高情商聊天技巧,https://www.sina.cn/news/detail/5296021846363362,网页/新浪,职场表达,2026-07-13,—
高情商说话技巧,https://www.sina.cn/news/detail/5302092279580862,网页/新浪,职场表达,2026-07-13,—
高情商接话技巧,https://www.sina.cn/news/detail/5303140717169171,网页/新浪,职场表达,2026-07-13,—
上理工举办大学生职场表达能力提升主题讲座,https://gonghui.usst.edu.cn/2026/0410/c1958a359547/page.htm,网页/高校工会,职场表达,2026-07-13,—
这些职场沟通技巧，你知道吗？,https://www.gxszw.com/news/zhiye/201806/1124241.html,网页/高校师资网,职场表达,2026-07-13,—
面试技巧话术,https://blog.csdn.net/qq_41986872/article/details/140078076,网页/CSDN,面试什么话该说,2026-07-13,—
面试中的陷阱,https://news.qq.com/rain/a/20250717A051OI00,网页/腾讯新闻,面试什么话不能说,2026-07-13,—
面试时这么说你就踩雷了,https://language.chinadaily.com.cn/2017-02/03/content_28042958.htm,网页/中国日报双语,面试什么话不能说,2026-07-13,—
关于面试问答小技巧（避雷指南）,https://zhuanlan.zhihu.com/p/347193384,网页/知乎,面试什么话不能说,2026-07-13,—
HR面试全攻略：技巧、高频问题与避坑指南,https://www.nowcoder.com/discuss/714257225937649664,网页/牛客网,面试什么话不能说,2026-07-13,—
65个最常见的面试问题,https://blog.csdn.net/u012333003/article/details/24632771,网页/CSDN,hr问题,2026-07-13,—
HR面一定会问的高频问题！自己又该反问什么呢？,https://www.nowcoder.com/discuss/353159584791601152,网页/牛客网,hr问题,2026-07-13,—
面试时被问离职原因该怎么回答（话题）,https://www.nowcoder.com/creation/subject/d877bded8d7c47deb75a0c02c863aef5,网页/牛客网,离职原因怎么说,2026-07-13,—
当面试HR问离职原因是什么？低情商vs高情商回答,https://www.nowcoder.com/discuss/740356606222667776,网页/牛客网,离职原因怎么说,2026-07-13,—
HR问离职原因，怎样回答最好？,https://zhuanlan.zhihu.com/p/92772169,网页/知乎,离职原因怎么说,2026-07-13,—
IT黑话大全,https://bbs.fanruan.com/thread-101640-1-1.html,网页/帆软社区,招聘黑话解读,2026-07-13,—
互联网黑话最全收录,https://juejin.cn/post/7257410574853242937,网页/掘金,招聘黑话解读,2026-07-13,—
招聘黑话----你了解多少？,https://zhuanlan.zhihu.com/p/502985294,网页/知乎,招聘黑话解读,2026-07-13,—
面试黑话翻译，听懂就是避坑,https://www.hrloo.com/news/148946.html,网页/三茅人力资源网,招聘黑话解读,2026-07-13,—
招聘黑话大全,https://anti996pua.github.io/posts/hr-quotations/,网页/anti996pua,招聘黑话解读,2026-07-13,—
HR招聘的10条黑话，能听懂的都是老司机,https://blog.csdn.net/cym492224103/article/details/112301147,网页/CSDN,招聘黑话解读,2026-07-13,—
互联网黑话困局｜过度赋能下的失能话语,https://news.qq.com/rain/a/20210403A0APGJ00,网页/腾讯新闻,招聘黑话解读,2026-07-13,—
如何从心理学角度剖析职场社交中讨好型人格的社会行为？,https://www.zhihu.com/question/13478777416,网页/知乎,讨好型人格改掉,2026-07-13,—
学会拒绝，就能戒掉讨好型人格了吗？,https://www.thepaper.cn/newsDetail_forward_27375261,网页/澎湃新闻,讨好型人格改掉,2026-07-13,—
给领导发消息前删改10遍，如何破解职场讨好型人格？（回答）,https://www.zhihu.com/question/1910348690817787851/answer/1910371492551700988,网页/知乎回答,讨好型人格改掉,2026-07-13,—
职场中的讨好型人格：为什么一切都是我的错？,https://t.qianzhan.com/daka/detail/220406-fd38bb5a.html,网页/前瞻经济学人,讨好型人格改掉,2026-07-13,—
讨好型人格（词条）,https://wiki.mbalib.com/wiki/%E8%AE%A8%E5%A5%BD%E5%9E%8B%E4%BA%BA%E6%A0%BC,网页/MBA智库百科,讨好型人格改掉,2026-07-13,—
不懂得拒绝别人？改善讨好型人格的5个tips,https://xinli.ccut.edu.cn/info/1041/1721.htm,网页/长春工大心理中心,讨好型人格改掉,2026-07-13,—
职场边界艺术：理性拒绝的进阶法则,https://blog.csdn.net/linjinpeng0819/article/details/146770182,网页/CSDN,职场表达,2026-07-13,—
没有邊界感？總是無法拒絕別人，害怕說「不」？心理學7個技巧改善人際關係,https://mindforest.ai/zh-hk/post/personal-boundary-healthy-relationship,网页/mindforest心理,职场表达,2026-07-13,—
2026年留学生国内求职全攻略：网申渠道+面试技巧,https://www.zhiruihou.com/newsdetails/943.html,网页/青林职途,面试技巧,2026-07-13,—
2026年强基面试常见5大模式剖析，备考重点和高分策略提醒,https://www.zizzs.com/gk/live/223034.html,网页/自主选拔在线,面试技巧,2026-07-13,—
26届天塌了？0实习也能稳拿字节offer的干货攻略,https://zhuanlan.zhihu.com/p/2020870673845764601,网页/知乎,面试技巧,2026-07-13,—
产品经理求职难，面试通过率低，可能是因为少准备了它：求职面试逐字稿,https://www.woshipm.com/zhichang/6157944.html,网页/人人都是产品经理,面试什么话该说,2026-07-13,—
HR面试100问：一篇文章根治各种HR面的套路问题,https://blog.51cto.com/u_14813782/2495930,网页/51CTO博客,面试什么话不能说,2026-07-13,—
30秒电梯三法则：让你用最短的时间把事情讲明白,https://zhuanlan.zhihu.com/p/515262254,网页/知乎,麦肯锡30秒法则,2026-07-13,—
麦肯锡30秒电梯理论,https://wiki.mbalib.com/wiki/麦肯锡30秒电梯理论,网页/MBA智库百科,麦肯锡30秒法则,2026-07-13,—
30秒电梯法则，最简短高效的沟通汇报方式,https://zhuanlan.zhihu.com/p/56263579,网页/知乎,麦肯锡30秒法则,2026-07-13,—
麦肯锡电梯法则，教你30秒把方案说清楚！,https://www.sohu.com/a/647933778_121453371,网页/搜狐,麦肯锡30秒法则,2026-07-13,—
麦肯锡30秒电梯理论,https://baike.baidu.com/item/麦肯锡30秒电梯理论/3657710,网页/百度百科,麦肯锡30秒法则,2026-07-13,—
会干不会说，功劳少一半。30秒电梯演讲,https://blog.csdn.net/alike_u/article/details/120583959,网页/CSDN,麦肯锡30秒法则,2026-07-13,—
电梯法则_30秒电梯法则,https://cv.qiaobutang.com/knowledge/articles/565d5aca0cf24afebc315c2e,网页/乔布简历,麦肯锡30秒法则,2026-07-13,—
如何婉拒同事甩锅，避免成为背锅侠？,https://zhuanlan.zhihu.com/p/31740832,网页/知乎,甩锅话术,2026-07-13,—
职场背锅应对指南｜不背锅，也不得罪人,https://www.sohu.com/a/1028336595_122823803,网页/搜狐,甩锅话术,2026-07-13,—
职场中如何应对甩锅,https://zhuanlan.zhihu.com/p/48459047,网页/知乎,甩锅话术,2026-07-13,—
同事总把锅甩给我怎么办？职场新人防甩锅自救指南（血泪教训版）,https://www.jianshu.com/p/1eb792e803ef,网页/简书,甩锅话术,2026-07-13,—
职场防背锅指南，知道这几点照样可以,https://zhuanlan.zhihu.com/p/519938608,网页/知乎,甩锅话术,2026-07-13,—
遇到职场甩锅侠怎么办？教你有效回怼不留情面！,https://zhuanlan.zhihu.com/p/489444023,网页/知乎,甩锅话术,2026-07-13,—
职场生存法则：拒绝背锅,https://news.qq.com/rain/a/20250404A03UTV00,网页/腾讯新闻,甩锅话术,2026-07-13,—
面试官提问技巧和思路？HR这样总结,https://blog.csdn.net/huangjinfaze/article/details/134010814,网页/CSDN,HR深度追问技巧,2026-07-13,—
掌握面试官面试技巧：学会如何提问面试者,https://www.michaelpage.com.cn/advice/career-advice/interview/1024477,网页/米高蒲志,HR深度追问技巧,2026-07-13,—
面试官如何提问?HR面试技巧和注意事项,https://m.zhupinhr.com/xwzx/7577.html,网页/筑招建筑人才网,HR深度追问技巧,2026-07-13,—
职场12句高情商话术：安抚情绪|化解抱怨|回应夸奖,https://www.sina.cn/news/detail/5306819973219331,网页/新浪,职场表达,2026-07-14,—
高情商万能接话术全场景版,https://www.sina.cn/news/detail/5282607891481005,网页/新浪,职场表达,2026-07-14,—
高情商回话100句｜不伤人、不委屈、不得罪，日常聊天万能公式,https://www.toutiao.com/article/7609887791661236736/,网页/今日头条,职场表达,2026-07-14,—
26届大厂前端岗面试总结（附完整面经答案）,https://zhuanlan.zhihu.com/p/2025222115280921518,网页/知乎,面试技巧,2026-07-14,—
强基计划面试技巧｜高分答题与避坑指南,https://www.sohu.com/a/1031954337_122727315,网页/搜狐,面试技巧,2026-07-14,—
面试时应该问面试官什么问题,https://www.wondercv.com/blog/vm7raryl.html,网页/超级简历,面试什么话该说,2026-07-14,—
面试问题的应答技巧,https://www.scst.edu.cn/jytd/36/4f/c1559a13903/page.htm,网页/高校就业信息网,面试什么话该说,2026-07-14,—
面试宝典-常见面试问题回答技巧,https://zhuanlan.zhihu.com/p/579112586,网页/知乎,面试什么话该说,2026-07-14,—
毕业生必看，面试26个问题回答技巧,https://job.peizheng.edu.cn/jyzd/qiuzhijixiao/1i4915ciga4b0.shtml,网页/培正学院,面试什么话该说,2026-07-14,—
80个面试高频问答——职业规划与求职动机篇,https://xz.chsi.com.cn/xz/zyts/202503/20250306/2293355769.html,网页/学职平台,面试什么话该说,2026-07-14,—
面试官最讨厌的3句话！谨慎不要踩雷！,https://www.sohu.com/a/826481365_120553984,网页/搜狐,面试什么话不能说,2026-07-14,—
面试时最忌讳的是什么？,https://www.zhihu.com/question/665660461/answer/4697591323,网页/知乎,面试什么话不能说,2026-07-14,—
求职季，面试怎样避开雷区？,https://zhuanlan.zhihu.com/p/34448437,网页/知乎,面试什么话不能说,2026-07-14,—
HR不会直白说的10个面试潜规则,https://maimai.cn/article/detail?fid=1915722250&efid=9iyApY9Q1CEBwaoy4gJd6Q,网页/脉脉,面试什么话不能说,2026-07-14,—
HR提示面试时忌讳的八种错误,https://www.sdp.edu.cn/jiuye/info/1105/4958.htm,网页/山东职业学院,面试什么话不能说,2026-07-14,—
面试不要太老实！HR的黑话你听懂了吗？,https://www.163.com/dy/article/JARD0F6A0518DU8U.html,网页/网易,面试什么话不能说,2026-07-14,—
面试中HR常问的问题与面试技巧简介！,https://clkx.yznu.edu.cn/2021/0429/c7268a185594/page.htm,网页/玉林师范学院,面试什么话不能说,2026-07-14,—
面试中HR的4大黑话，你听懂了几句？越早知道越好,https://c.m.163.com/news/a/J21E11PE0544D2YH.html,网页/网易,面试什么话不能说,2026-07-14,—
职场面试潜台词，你听懂了吗？,https://www.job001.cn/news/detail/1/51/,网页/才通国际人才网,面试潜台词,2026-07-14,—
面试中，HR的这些潜台词，你必须GET！,https://www.my678job.com/article/538.html,网页/678美业人才网,面试潜台词,2026-07-14,—
面试中的潜台词解析与应对,https://blog.csdn.net/qq_34375170/article/details/139226020,网页/CSDN,面试潜台词,2026-07-14,—
那些面试潜台词，你真的都了解吗？,https://maimai.cn/article/detail?fid=1884925290&efid=LauYxOcdmNcdvI2ekbzYvQ,网页/脉脉,面试潜台词,2026-07-14,—
面试｜HR面可能遇到的问题,https://blog.csdn.net/qq_27782503/article/details/92405419,网页/CSDN,面试潜台词,2026-07-14,—
求职面试策略：展示优势、应对提问与公司匹配,https://blog.csdn.net/interviewpass/article/details/135577068,网页/CSDN,面试潜台词,2026-07-14,—
苏州当地猎头公司分享HR的潜台词,https://www.cohanahr.com/workShare/191,网页/科瀚纳猎头,面试潜台词,2026-07-14,—
从混乱到清晰，产品经理的结构化表达指南（附实战案例）,https://www.woshipm.com/share/6316994.html,网页/人人都是产品经理,结构化表达,2026-07-14,—
结构化思考力：职场高效沟通与表达的必备技能,https://edu.51cto.com/article/note/23643.html,网页/51CTO学堂,结构化表达,2026-07-14,—
一文读懂结构化思维，让你思考更清晰、表达更有力、工作更高效,https://news.mbalib.com/story/254983,网页/MBA智库,结构化表达,2026-07-14,—
结构化表达与职场思维框架,https://blog.csdn.net/weixin_41424247/article/details/123014733,网页/CSDN,结构化表达,2026-07-14,—
升职利器：职场专用结构化表达方式,https://www.ablrecruitment.com/升职利器：职场专用结构化表达方式/,网页/ABL招聘,结构化表达,2026-07-14,—
职场新人必学的结构化表达术：金字塔模型三步走，工作效率翻倍的秘密竟如此简单,https://www.atablelist.com/blog/zh/f45d279c_d25c_4bae_a47d_d55da0fae76b,网页/atablelist,结构化表达,2026-07-14,—
训练自己的结构化思维，说话有逻辑,https://blog.csdn.net/m0_73482095/article/details/144427404,网页/CSDN,结构化表达,2026-07-14,—
结构化表达，思维逻辑更清晰,https://zhuanlan.zhihu.com/p/674064163,网页/知乎,结构化表达,2026-07-14,—
结构化思维：如何高效的思考和沟通？,https://www.woshipm.com/zhichang/3677690.html,网页/人人都是产品经理,结构化表达,2026-07-14,—
如何用结构化思维快速汇报？,https://zhuanlan.zhihu.com/p/569975942,网页/知乎,结构化表达,2026-07-14,—
"拓展训练中的""PREP""表达方式",https://zhuanlan.zhihu.com/p/147285164,网页/知乎,PREP公式,2026-07-14,—
P-R-E-P原则：工作中有效沟通的4个步骤,https://zhuanlan.zhihu.com/p/69990560,网页/知乎,PREP公式,2026-07-14,—
高效沟通的密码：PREP沟通表达模型,https://www.cnblogs.com/jiujuan/p/18587511,网页/博客园,PREP公式,2026-07-14,—
演讲结构3：PREP（观点-原因-案例-观点）,https://www.jianshu.com/p/078614af8509,网页/简书,PREP公式,2026-07-14,—
PREP法则,https://www.rongpm.com/rrpl/prep.html,网页/融管理社区,PREP公式,2026-07-14,—
模型PREP,https://blog.csdn.net/vviccc/article/details/104946228,网页/CSDN,PREP公式,2026-07-14,—
即兴演讲通用格式（PREP）,https://www.only4.work/blog/?id=72,网页/张小弟之家,PREP公式,2026-07-14,—
万字长文｜十个模型，总结产品经理沟通方法论,https://www.woshipm.com/zhichang/5432153.html,网页/人人都是产品经理,PREP公式,2026-07-14,—
4种常用的演讲结构：黄金圈法则结构、PREP结构、时间轴结构、金字塔结构,https://www.cnblogs.com/yulinfu/p/15335041.html,网页/博客园,PREP公式,2026-07-14,—
"""PREP法""，面试也能用！教你如何在工作中巧妙运用",https://m.rgf-hragent.com.cn/article/crzc/yjsrqgzxd/2821.html,网页/RGF日企HR,PREP公式,2026-07-14,—
职场中怎么改掉弱者气息？（一夏）,https://www.zhihu.com/question/2005699650552886454/answer/2011044296397169783,网页/知乎,弱者气息改掉方法,2026-07-14,—
"夜读｜请戒掉你的""弱者气息""",https://www.sohu.com/a/918862755_267106,网页/搜狐,弱者气息改掉方法,2026-07-14,—
工作中，不要散发弱者气息,https://www.sohu.com/a/912050084_122471999,网页/搜狐,弱者气息改掉方法,2026-07-14,—
工作中千万不要散发弱者气息,https://zhuanlan.zhihu.com/p/1894467729634862468,网页/知乎,弱者气息改掉方法,2026-07-14,—
"想走向领导岗，一定戒掉这5种""弱者气息""！",https://www.keycourse.com/webArticle/webArticleDetail/12559,网页/开课吧,弱者气息改掉方法,2026-07-14,—
如何戒掉身上的弱者气息,https://zhuanlan.zhihu.com/p/1959517814302967435,网页/知乎,弱者气息改掉方法,2026-07-14,—
30岁以后，请戒掉身上的弱者气息,https://news.mbalib.com/story/257635,网页/MBA智库,弱者气息改掉方法,2026-07-14,—
"无论在哪里工作，请戒掉你的""弱者气息""",https://www.jfdaily.com/sgh/detail?id=1614313,网页/上观新闻,弱者气息改掉方法,2026-07-14,—
表达能力弱如何练,https://www.sina.cn/news/detail/5294740121584136,网页/新浪,弱者气息改掉方法,2026-07-14,—
"如何才能变得会""说话""？9个高效沟通技巧",https://cj.sina.com.cn/articles/view/2032139271/p791ffc0702700a4us,网页/新浪财经,弱者气息改掉方法,2026-07-14,—
HR面试时的潜台词，你都知道是什么意思吗？,https://comment.tie.163.com/MK16TROG050835RB.html,网页/网易跟贴,面试潜台词,2026-07-14,—
2026届毕业生春招信息渠道全指南：精准获岗不踩空,https://www.cnblogs.com/jobleap/p/19449594/howtogetwork,网页/博客园,面试技巧,2026-07-14,—
2026求职避坑清单：这些求职陷阱来年千万别踩！,https://zhuanlan.zhihu.com/p/2041294465156044773,网页/知乎,面试技巧,2026-07-14,—
秒杀全场的自我介绍和面试秘籍,https://www.jianliben.com/article/detail/43250,网页/简历网,面试什么话该说,2026-07-14,—
双非拿下美团大模型Offer！我的面试复盘与血泪建议,https://zhuanlan.zhihu.com/p/2037177815527842003,网页/知乎,面试什么话该说,2026-07-14,—
简历撰写禁忌：这7类话千万别写，避免踩雷,https://100chui.com/article/487822.html,网页/锤子简历,面试什么话不能说,2026-07-14,—
HR在面试中问到职业规划时，该如何回答？,https://zhuanlan.zhihu.com/p/328479781,网页/知乎,面试职业规划怎么说,2026-07-14,—
职业发展规划如何回答（话题合集）,https://www.nowcoder.com/creation/subject/cb259d4cbf6d43688cf3be415145dfb2,网页/牛客网,面试职业规划怎么说,2026-07-14,—
面试最后反问问题应该问什么？,https://www.1point3acres.com/bbs/thread-836515-1-1.html,网页/一亩三分地,面试反问,2026-07-14,—
面试官问你，关于我们公司，你还有什么问题吗，你怎么问？,https://zhuanlan.zhihu.com/p/462982968,网页/知乎,面试反问,2026-07-14,—
反问环节怎么拿捏分寸？,https://www.jianli.com/article/ojlwkl.html,网页/简历网,面试反问,2026-07-14,—
"呕心深度长文《字节oc后，回看""松弛感""》（20+次面试的终极心法）",https://www.nowcoder.com/discuss/739668218687524864,网页/牛客网,面试活人感,2026-07-14,41赞
职场沟通升级：5个技巧让你效率翻倍,https://cj.sina.com.cn/articles/view/7879848901/1d5acf3c501901jemq?froms=ggmp,网页,职场表达,2026-07-14,—(网页源)
100个高情商的聊天技巧,https://zhuanlan.zhihu.com/p/519414015,网页,职场表达,2026-07-14,—(网页源)
高情商聊天术：提高情商的35个说话技巧,https://maimai.cn/article/detail?fid=1675016625&efid=XW6aiqR5KvvTIETFFlJjAA,网页,职场表达,2026-07-14,—(网页源)
涂鸦智能春招补录：免笔试直通AI面试，2026届最后上车机会,https://www.wondercv.com/blog/ndKJmorz.html,网页,面试技巧,2026-07-14,—(网页源)
Job Interview Tips and Tricks 2026: How to Prepare & Get Hired,https://www.qwyse.com/hub/learn/job-interview-tips-and-tricks-in-2026-how-to-prepare-and-answer-to-get-hired/,网页,面试技巧,2026-07-14,—(英文网页源)
【面经合集】附总结|面试常见的⑩个问题_牛客网,https://www.nowcoder.com/discuss/489848015046328320,网页,面试什么话该说,2026-07-14,—(网页源)
【天天问每周精选】第65期：小红书的这道面试题，你的回答是……,https://www.woshipm.com/it/1972289.html,网页,面试什么话该说,2026-07-14,—(网页源;注:与小红书公司面经易混淆)
HR不会明说的7大面试注意事项，踩中一个都可能被刷！,https://blog.csdn.net/offergoose/article/details/148288096,网页,面试什么话不能说,2026-07-14,—(网页源)
当面试官询问「离职原因」，高情商的你如何回答？,https://cj.sina.com.cn/articles/view/3705837112/dce29638019029o2w,网页,离职原因怎么说,2026-07-14,—(网页源)
离职原因高情商话术,https://maimai.cn/article/detail?fid=1874207724&efid=3TvvQU2T8uHq9ZJjiOBnIQ,网页,离职原因怎么说,2026-07-14,—(网页源)
职场攻防策略：同事甩锅套路深，用这五个方法避免再当背锅侠,https://zhuanlan.zhihu.com/p/346672191,网页,甩锅话术,2026-07-14,—(网页源)
面对同事甩锅，如何反将一军？,https://www.betasess.com/forum/topic/3118.html,网页,甩锅话术,2026-07-14,—(网页源)
遇到爱甩锅的「巨婴」同事，怎么办？,https://www.hrloo.com/news/149066.html,网页,甩锅话术,2026-07-14,—(网页源)
同事甩锅给你，怎么办？5步让你保护好自己，不做「背锅侠」,https://c.m.163.com/news/a/IICICVFJ053667RD.html,网页,甩锅话术,2026-07-14,—(网页源)
大厂常用的面试问题，什么是宝洁八大问，八大问有哪些,https://blog.csdn.net/weixin_60324241/article/details/149153533,网页,宝洁八大问,2026-07-14,—(网页源;首投)
宝洁八大问具体分析及中文面试问题答案汇总,https://www.highmarkcareer.com/InterviewSkill/1020.html,网页,宝洁八大问,2026-07-14,—(网页源;首投)
面试必问祖师爷——宝洁八大问准备思路,https://wenku.51job.com/article452732/,网页,宝洁八大问,2026-07-14,—(网页源;首投)
宝洁八大问|STAR回答|面试经验|秋招面经,https://blog.csdn.net/qq_43777616/article/details/141867149,网页,宝洁八大问,2026-07-14,—(网页源;首投)
如何回答宝洁八大问？案例版（上）,https://zhuanlan.zhihu.com/p/414778436,网页,宝洁八大问,2026-07-14,—(网页源;首投)
学会「宝洁八大问」，掌握面试正确姿势！,https://wenku.51job.com/article438562/,网页,宝洁八大问,2026-07-14,—(网页源;首投)
宝洁八大问面试急救模板,https://xmind.cn/mindmaps-gallery/%E5%AE%9D%E6%B4%81%E5%85%AB%E5%A4%A7%E9%97%AE%E9%9D%A2%E8%AF%95%E6%80%A5%E6%95%91%E6%A8%A1%E6%9D%BF/387KxR/,网页,宝洁八大问,2026-07-14,—(网页源;首投)
宝洁八大问：绝大多数面试都用得到的8道题,https://zhuanlan.zhihu.com/p/150474976,网页,宝洁八大问,2026-07-14,—(网页源;首投)
宝洁面试官是如何回答「宝洁八大问」的？,https://www.sohu.com/a/334475987_159097,网页,宝洁八大问,2026-07-14,—(网页源;首投)
面试过程中，面试官的哪些举动暗示着你已经通过面试？,https://www.zhihu.com/question/420858372,网页,面试暗示已经通过了,2026-07-14,—(网页源;首投)
面试结果7大暗示，你知道多少,https://www.xmf.com/news/detail/2162,网页,面试暗示已经通过了,2026-07-14,—(网页源;首投)
面试中出现这些信号，表明你面试通过了,https://blog.csdn.net/liudada8265/article/details/117758173,网页,面试暗示已经通过了,2026-07-14,—(网页源;首投)
高情商聊天术（二）_高情商聊天术在线阅读全文,https://blog.csdn.net/yybyg/article/details/144064636,网页,职场表达,2026-07-14,—(网页源)
2026应届产品经理面试分类问题及回答（60+）,https://zhuanlan.zhihu.com/p/677161496,网页,面试技巧,2026-07-14,—(网页源)
3天逆袭校招季：应届生简历优化指南（附面试翻倍技巧）,https://www.nowcoder.com/feed/main/detail/2dce4d31472f485dbf2e901933fdbec1,网页,面试技巧,2026-07-14,—(网页源)
2026届实习生求职攻略_2026届实习怎么找,https://blog.csdn.net/com_100fenjianli/article/details/146086907,网页,面试技巧,2026-07-14,—(网页源)
这几个棘手的面试常见问题，如何高情商的回答？,https://xie.infoq.cn/article/14f1894063cfc4dd13db72645,网页,面试什么话该说,2026-07-14,—(网页源)
高情商话术速成宝典,https://blog.csdn.net/Carneybott/article/details/143806654,网页,面试什么话该说,2026-07-14,—(网页源)
高情商HR教你面试高招(上),https://developer.aliyun.com/article/1304183,网页,面试什么话该说,2026-07-14,—(网页源)
学姐教你拆解HR的面试套路,https://zhuanlan.zhihu.com/p/41251088,网页,面试什么话不能说,2026-07-14,—(网页源)
面试常见的四大雷区！这种错误不要再犯了！！！,https://www.chinaacc.com/jiuye/zcbk/wa20210112173031.shtml,网页,面试什么话不能说,2026-07-14,—(网页源)
为什么我说90%的HR不会做行为面试（附话术）,https://zhuanlan.zhihu.com/p/537961463,网页,面试什么话不能说,2026-07-14,—(网页源)
工作中怎么去倾听最高效？来看看倾听的3F法则,https://zhuanlan.zhihu.com/p/481670523,网页,3F倾听法,2026-07-14,—(网页源;首投)
沟通管理-沟通3F法则,https://blog.csdn.net/c123728529/article/details/141341540,网页,3F倾听法,2026-07-14,—(网页源;首投)
3F倾听模型：沟通从倾听开始,https://www.iyunying.org/work/307730.html,网页,3F倾听法,2026-07-14,—(网页源;首投;精读)
让你的沟通效率提升10倍-3f倾听模型内容,https://www.51cto.com/article/742140.html,网页,3F倾听法,2026-07-14,—(网页源;首投)
3F倾听模型,https://blog.csdn.net/HinstenyHisoka/article/details/131541456,网页,3F倾听法,2026-07-14,—(网页源;首投)
3F倾听_百度百科,https://baike.baidu.com/item/3F%E5%80%BE%E5%90%AC/54233620,网页,3F倾听法,2026-07-14,—(网页源;首投)
【沟通】3F倾听技术的运用,https://www.sanmao.com/rz/14226864.html,网页,3F倾听法,2026-07-14,—(网页源;首投)
3F倾听是一种技巧，咨询师就是倾听他人心底的沉默,https://news.mbalib.com/story/236699,网页,3F倾听法,2026-07-14,—(网页源;首投)
你连听都不会，还谈什么沟通？,https://36kr.com/p/1539519658125056,网页,3F倾听法,2026-07-14,—(网页源;首投)
职场表达工作坊：结论先行,https://www.pmquanzi.com/articlDetails/798.html,网页,结论原因建议汇报公式,2026-07-14,—(网页源;首投)
像高手一样发言：七种常见工作场景的说话之道,https://zhuanlan.zhihu.com/p/2024402109496338014,网页,结论原因建议汇报公式,2026-07-14,—(网页源;首投)
工作五步法则模式-结论-原因-结论-措施-建议,https://blog.csdn.net/weixin_37477226/article/details/105116926,网页,结论原因建议汇报公式,2026-07-14,—(网页源;首投)
先讲结论、逻辑先行，6个必备的职场技能,https://www.cnblogs.com/binyue/p/17794059.html,网页,结论原因建议汇报公式,2026-07-14,—(网页源;首投;精读)
工作汇报，我们需要“结论先行”,https://www.jianshu.com/p/11cec330a8a3,网页,结论原因建议汇报公式,2026-07-14,—(网页源;首投)
职场新人必学的四种结构化汇报模型详解,https://developer.aliyun.com/article/1644615,网页,结论原因建议汇报公式,2026-07-14,—(网页源;首投)
掌握这5个汇报法则，让高管3分钟抓住你的核心价值,https://zhuanlan.zhihu.com/p/27628303787,网页,结论原因建议汇报公式,2026-07-14,—(网页源;首投)
STAR行为面试法（文末附全套实战案例）,https://zhuanlan.zhihu.com/p/558850089,网页,行为面试法,2026-07-14,—(网页源;首投)
关于行为面试法——STAR,https://www.cnblogs.com/Refresh-air/p/15876158.html,网页,行为面试法,2026-07-14,—(网页源;首投)
STAR面试法全面解析，附示例答案,https://zhuanlan.zhihu.com/p/59220037,网页,行为面试法,2026-07-14,—(网页源;首投)
STAR面试法_百度百科,https://baike.baidu.com/item/STAR%E9%9D%A2%E8%AF%95%E6%B3%95/6301051,网页,行为面试法,2026-07-14,—(网页源;首投)
行为面试法、STAR面试法,https://blog.csdn.net/huaishu/article/details/40783507,网页,行为面试法,2026-07-14,—(网页源;首投)
透过STAR原则，有架构地回答行为面试问题,https://www.explainthis.io/zh-hans/career/star-method,网页,行为面试法,2026-07-14,—(网页源;首投)
行为面试技巧之STAR法则All In One,https://www.cnblogs.com/xgqfrms/p/16777920.html,网页,行为面试法,2026-07-14,—(网页源;首投)
STAR原则简介,http://www.jiajiayuedu.com/note/details/d27c5b612a5a49aabd36941b69d5736d,网页,行为面试法,2026-07-14,—(网页源;首投)
用Star面试法，招聘HR看人不走眼,https://zhaopin.hrloo.com/hr/detail/2444,网页,行为面试法,2026-07-14,—(网页源;首投)
月薪10W+的职场高情商话术.docx,https://cn.linkedin.com/pulse/%E6%9C%88%E8%96%AA10w%E7%9A%84%E8%81%8C%E5%9C%BA%E9%AB%98%E6%83%85%E5%95%86%E8%AF%9D%E6%9C%AFdocx-phoebe-wu,网页,职场表达,2026-07-15,—(网页源;无点赞数据)
职场中与人沟通一些高情商聊天话术,https://www.jianli.com/article/gvdjvp.html,网页,职场表达,2026-07-15,—(网页源;无点赞数据)
高情商拒绝话术模板(直接套用版),https://cj.sina.com.cn/articles/view/7879848901/1d5acf3c501901iimo?froms=ggmp,网页,职场表达,2026-07-15,—(网页源;无点赞数据)
高情商沟通话术(培训资料合集),https://kesionktj.oss-cn-beijing.aliyuncs.com/Images/school/17075/202404/%E9%AB%98%E6%83%85%E5%95%86%E6%B2%9F%E9%80%9A%E8%AF%9D%E6%9C%AF.pdf,网页,职场表达,2026-07-15,—(网页源;无点赞数据)
26届校招必看！揭秘校招流程中的关键节点,https://juejin.cn/post/7474975473846304831,网页,面试技巧,2026-07-15,—(网页源;无点赞数据)
【面试】紧急避雷！面试大忌！HR最讨厌的这几种行为,https://bbs.wps.cn/topic/20495,网页,面试什么话不能说,2026-07-15,—(网页源;无点赞数据)
云雨伞的思维法则,https://blog.csdn.net/cx243698/article/details/107062489,网页,云雨伞汇报法(事实分析行动模型),2026-07-15,—(网页源;无点赞数据)
如何汇报更有条理？试试结构化汇报,https://www.cnblogs.com/haiyangvv/p/18595001,网页,云雨伞汇报法(事实分析行动模型),2026-07-15,—(网页源;无点赞数据)
高质量的工作汇报是怎样的？结构化汇报,https://blog.csdn.net/hyang1226/article/details/144348798,网页,云雨伞汇报法(事实分析行动模型),2026-07-15,—(网页源;无点赞数据)
如何做好职场工作汇报？(五种汇报逻辑),https://zhuanlan.zhihu.com/p/505741880,网页,云雨伞汇报法(事实分析行动模型),2026-07-15,—(网页源;无点赞数据)
高效且通用的分析思维模型——空雨伞,https://blog.csdn.net/Linshaodan520/article/details/143665971,网页,云雨伞汇报法(事实分析行动模型),2026-07-15,—(网页源;无点赞数据)
汇报工作的8个要点,https://zhuanlan.zhihu.com/p/348251251,网页,云雨伞汇报法(事实分析行动模型),2026-07-15,—(网页源;无点赞数据)
如何像高手一样汇报工作？,https://finance.sina.com.cn/jjxw/2024-04-26/doc-inatcmyw9182531.shtml,网页,云雨伞汇报法(事实分析行动模型),2026-07-15,—(网页源;无点赞数据)
充电两小时通话五分钟！最清晰的工作汇报结构,https://zhuanlan.zhihu.com/p/27070585,网页,云雨伞汇报法(事实分析行动模型),2026-07-15,—(网页源;无点赞数据)
如何快速提升工作汇报能力？,https://zhuanlan.zhihu.com/p/654489846,网页,云雨伞汇报法(事实分析行动模型),2026-07-15,—(网页源;无点赞数据)
谨防招转培培训贷 五部门发布风险提示,https://finance.sina.com.cn/jjxw/2026-05-18/doc-inhyfsuy4373403.shtml,网页,求职诈骗防范(招转培招转贷),2026-07-15,—(网页源;无点赞数据)
国家五部门联合发布风险提示：注意招转培培训贷等诈骗新套路,https://finance.sina.com.cn/wm/2026-05-16/doc-inhyciqe2159450.shtml,网页,求职诈骗防范(招转培招转贷),2026-07-15,—(网页源;无点赞数据)
五部门：警惕招转培培训贷等求职陷阱,https://cj.sina.com.cn/articles/view/5993531560/1653e08a802001l74a,网页,求职诈骗防范(招转培招转贷),2026-07-15,—(网页源;无点赞数据)
招转培培训贷…求职陷阱请绕行,https://www.sznews.com/news/content/2026-05/25/content_32064275.htm,网页,求职诈骗防范(招转培招转贷),2026-07-15,—(网页源;无点赞数据)
五部门发布警惕招转培培训贷等风险提示,https://finance.sina.com.cn/tech/roll/2026-05-15/doc-inhxyimn6544584.shtml,网页,求职诈骗防范(招转培招转贷),2026-07-15,—(网页源;无点赞数据)
国家五部门联合发布风险提示(搜狐版),https://m.sohu.com/a/1023609316_122014422?scm=10001.325_13-325_13.0.0-0-0-0-0.5_1334,网页,求职诈骗防范(招转培招转贷),2026-07-15,—(网页源;无点赞数据)
招转培培训贷套路聘 求职者警惕虚假招聘陷阱,https://www.wrsa.net/1000583/2026/06-29/content_42552890.htm,网页,求职诈骗防范(招转培招转贷),2026-07-15,—(网页源;无点赞数据)
打击招转培，国家五部门联合发布风险提示,https://www.sznews.com/news/content/2026-05/26/content_32065928.htm,网页,求职诈骗防范(招转培招转贷),2026-07-15,—(网页源;无点赞数据)
人社部等联合发布警惕招转培培训贷等风险提示,http://www.kfsbj.cn/sys-nd/4804.html,网页,求职诈骗防范(招转培招转贷),2026-07-15,—(网页源;无点赞数据)
打击招转培，国家出手了！,https://www.hebitv.com/news/788848,网页,求职诈骗防范(招转培招转贷),2026-07-15,—(网页源;无点赞数据)
2026马年高情商祝福语 职场 高情商 社交 人情世故,https://m.sohu.com/a/1004184678_100114195,网页,职场表达,2026-07-15,—
高情商聊天技巧,https://www.sina.cn/news/detail/5296021846363362.html,网页,职场表达,2026-07-15,—
高情商沟通话术：自在表达，想说就说,https://www.ximalaya.com/album/14867878.xml,网页,职场表达,2026-07-15,—
面试攻略-应届生面试-面试经验-求职面试技巧,https://www.zhiyeapp.com/jlgl/c-2/p-5,网页,面试技巧,2026-07-15,—
面试时，高情商的人会如何回答面试官的问题？,https://www.jianliben.com/article/detail/43457,网页,面试什么话该说,2026-07-15,—
应届生面试攻略丨如何高情商回答你遇到的最大困难是什么,https://wenku.51job.com/article459762/,网页,面试什么话该说,2026-07-15,—
在面试时如何开个好头以及正确的回答所有问题？,http://www.hwboshi.com/index.php?c=ads&id=305,网页,面试什么话该说,2026-07-15,—
面试被说经验不匹配，高情商都会用这4种回答,https://www.taogongwei.com/news/detail/19359,网页,面试什么话该说,2026-07-15,—
当面试官问你还有什么想问我的吗如何高情商回答,https://www.zhihu.com/question/9968874506,网页,面试什么话该说,2026-07-15,—
面试避雷，一个答不好，马上被淘汰！,https://zhuanlan.zhihu.com/p/45450241,网页,面试什么话不能说,2026-07-15,—
面试中有哪些不能触碰的禁忌？,https://www.risfond.com/chongqing/zixun/54300,网页,面试什么话不能说,2026-07-15,—
面试时如何巧妙地陈述离职原因呢？,https://www.zhihu.com/question/15693137634,网页,面试什么话不能说,2026-07-15,—
结构化汇报与表达,https://www.huashijingji.com/index/course/details?id=29335,网页,结构化表达,2026-07-15,—
如何用结构化表达让领导爱听你的审核/工作汇报？,https://zhuanlan.zhihu.com/p/360755107,网页,结构化表达,2026-07-15,—
用结构化思维汇报项目，老板给你加薪；金字塔原理,https://blog.sina.com.cn/s/blog_4a01359b0102z8fp.html,网页,结构化表达,2026-07-15,—
你的表达，值得被认真听见——结构化表达训战营招募,https://www.sohu.com/a/977498464_121686225,网页,结构化表达,2026-07-15,—
STAR法则面试问题19例及如何回答,https://zhuanlan.zhihu.com/p/667074905,网页,行为面试法,2026-07-15,—
STAR原则 - 维基百科,https://zh.wikipedia.org/zh-hans/STAR%E5%8E%9F%E5%88%99,网页,行为面试法,2026-07-15,—
你不可不知的STAR法则,https://www.iyunying.org/work/285967.html,网页,行为面试法,2026-07-15,—
AI辅助招聘面试STAR法则生成面试题,https://www.cnblogs.com/wintersun/p/18775766,网页,行为面试法,2026-07-15,—
什么是STAR法则？如何在简历中运用STAR法则,https://www.qmjianli.com/content/guide/3395,网页,行为面试法,2026-07-15,—
还在为面试而苦恼吗？掌握STAR法则，面试无往不利！,https://k.sina.cn/article_7056302566_1a496a1e600100kp32.html,网页,行为面试法,2026-07-15,—
如何在工作中更加坚定自信，提升职场交流沟通技巧,https://www.roberthalf.cn/cn/zh/insights/landing-job/how-be-more-assertive-work-without-being-pushy,网页,如何自信表达,2026-07-15,—
别人发言从容自信，你却紧张到大脑空白？快学这招,https://bbs.csdn.net/topics/619686833,网页,如何自信表达,2026-07-15,—
如何做到说话有分寸？18个说话技巧,https://zhuanlan.zhihu.com/p/441681207,网页,如何自信表达,2026-07-15,—
MBA职场：10大说话技巧帮助你平步青云,https://edu.sina.cn/bschool/mba/2017-10-14/detail-ifymvuys9022889.d.html,网页,如何自信表达,2026-07-15,—
成为职场人上人，你学会这四个说话技巧没,https://www.newjobs.com.cn/html/web/renzaizhichang/renjijiaowang/1890213384813670402.html,网页,如何自信表达,2026-07-15,—
想在职场成功？16个沟通技巧不可少！,https://www.hrsee.com/?id=601,网页,如何自信表达,2026-07-15,—
让你在职场中晋升的秘密：具备打草稿能力,https://www.woshipm.com/zhichang/6111790.html,网页,如何自信表达,2026-07-15,—
职场沟通的奥秘：解锁成功之门-原则、技巧和练习,https://zhuanlan.zhihu.com/p/670598400,网页,如何自信表达,2026-07-15,—
职场说话的技巧和应变能力，及如何运用,http://www.ahcfrc.com/article/156.html,网页,如何自信表达,2026-07-15,—
高情商说话回话聊天技巧-蜻蜓FM,https://www.qtfm.cn/channels/441909/,网页,万能接话,2026-07-15,—
职场必看:高情商回复话术（上）,https://m.fx361.com/news/2024/0326/23190082.html,网页,万能接话,2026-07-15,—
回话技巧高情商聊天话术900句,https://m.ximalaya.com/ask/t5875288,网页,万能接话,2026-07-15,—
好好接话：100种高情商回话技巧 - 播客,https://podcasts.apple.com/cn/podcast/%E5%A5%BD%E5%A5%BD%E6%8E%A5%E8%AF%9D-100%E7%A7%8D%E9%AB%98%E6%83%85%E5%95%86%E5%9B%9E%E8%AF%9D%E6%8A%80%E5%B7%A7-%E8%AE%A9%E4%BD%A0%E4%BA%BA%E7%94%9F%E5%BC%80%E6%8C%82/id1795927246,网页,万能接话,2026-07-15,—
职场暖心话术-职场口才提升宝典,https://www.huiyankan.com/20190729231972.html,网页,万能接话,2026-07-15,—
职场沟通升级：5个技巧让你效率翻倍,https://www.sohu.com/a/1026303742_122514294,搜狐,职场表达,2026-07-15,—
2026年职场进阶指南：最新大学生在公司考什么证书？,https://www.sohu.com/a/1021580941_122449611,搜狐,职场表达,2026-07-15,—
面试技巧有哪些-五个实用应聘面试技巧,https://www.roberthalf.cn/cn/zh/insights/landing-job/interview-techniques-skills,罗致恒富,面试技巧,2026-07-15,—
求职面试技巧内容,https://www.yjbys.com/qiuzhizhinan/show-596173.html,应届毕业生网,面试技巧,2026-07-15,—
65个最常见的面试问题与技巧性答复,https://blog.csdn.net/high2011/article/details/59481137,CSDN,面试技巧,2026-07-15,—
如何从面试的各阶段中脱颖而出,https://www.michaelpage.com.cn/advice/career-advice/interview/maximising-success-every-stage-interview-process,米高蒲志,面试技巧,2026-07-15,—
求职面试时可以问面试官哪些问题,https://www.zhihu.com/question/545351396/answer/3200169683,知乎,面试技巧,2026-07-15,—
这几个棘手的面试常见问题高情商回答,https://blog.csdn.net/ZhangHuan0126/article/details/119467256,CSDN,面试什么话该说,2026-07-15,—
教资面试违规雷区细节总结,https://zhuanlan.zhihu.com/p/339276841,知乎,面试什么话不能说,2026-07-15,—
教你回答面试官的职业规划问题,https://www.xiaobaishixi.com/article/station/DWKLP8RV9Z2X36WOJNK5JHF7CHLM3CSA,小白实习,面试职业规划怎么说,2026-07-15,—
面试官问你职业规划怎么回答范文,https://m.xycareer.com/knowledge/12432.html,向阳生涯,面试职业规划怎么说,2026-07-15,—
职场面试技巧：自我介绍职业规划及薪资期望,https://blog.csdn.net/m0_61980779/article/details/132889639,CSDN,面试职业规划怎么说,2026-07-15,—
提升沟通效率：PREP黄金沟通法则解析,https://blog.csdn.net/HinstenyHisoka/article/details/131103457,CSDN,PREP公式,2026-07-15,—
麦肯锡的超级沟通术：电梯间汇报PREP结构表达,https://zhuanlan.zhihu.com/p/551424915,知乎,PREP公式,2026-07-15,—
面试被问离职原因怎么回答不踩雷标准答案,https://zhuanlan.zhihu.com/p/10856121788,知乎,面试离职原因雷区,2026-07-15,—
面试被问从上家公司离职原因这些雷区不能踩,https://blog.csdn.net/weixin_43242112/article/details/109723354,CSDN,面试离职原因雷区,2026-07-15,—
面试被问离职原因该怎么回答,https://www.cnblogs.com/javastack/p/14430427.html,博客园,面试离职原因雷区,2026-07-15,—
90%的职场人都不会回答的面试送命题,https://www.bpteach.com/7fd761bd8f/,半撇私塾,面试离职原因雷区,2026-07-15,—
面试被问上一份工作为什么离职怎么答加分,https://www.job5156.com/article/wz-1614/,智通直聘,面试离职原因雷区,2026-07-15,—
面试中被问到为什么离职时怎样回答才能避免踩雷,https://blog.csdn.net/AI_Green/article/details/143304557,CSDN,面试离职原因雷区,2026-07-15,—
用好SCQA模型演讲写作So easy,https://zhuanlan.zhihu.com/p/75617984,知乎,SCQA架构,2026-07-15,—
SCQA模型是什么？,https://zhuanlan.zhihu.com/p/604195255,知乎,SCQA架构,2026-07-15,—
框架系列6掌握SCQA模型让叙事不再冗杂,https://zhuanlan.zhihu.com/p/111388037,知乎,SCQA架构,2026-07-15,—
SCQA模型结构化写作抓住读者的思想,https://zhuanlan.zhihu.com/p/513357600,知乎,SCQA架构,2026-07-15,—
什么是结构化讲稿,https://zhuanlan.zhihu.com/p/2010536906035847740,知乎,SCQA架构,2026-07-15,—
浅谈SCQA结构化情景表达模式,https://zhuanlan.zhihu.com/p/395327225,知乎,SCQA架构,2026-07-15,—
SCQA模型-MBA智库百科(含ASC/CSA/QSCA三种扩展结构),https://wiki.mbalib.com/wiki/SCQA%E6%A8%A1%E5%9E%8B,MBA智库百科,SCQA架构,2026-07-15,—
五分钟了解SCQA模型如何讲出一个好故事,https://blog.csdn.net/qq_32727095/article/details/129712317,CSDN,SCQA架构,2026-07-15,—
世界顶级思维模型10-SCQA模型,https://zhuanlan.zhihu.com/p/688690725,知乎,SCQA架构,2026-07-15,—
高情商回复话术 专治嘴笨,https://zhuanlan.zhihu.com/p/526894653,知乎,职场表达,2026-07-15,—
面试官问录用后如何开展工作——高情商回答指南,https://dfrzedu.com/employment-article/1444.html,dfrzedu.com,面试什么话该说,2026-07-15,—
为何很多面试官越来越看重求职者的面试松弛感(答主一),https://www.zhihu.com/question/668860830/answer/25561195709,知乎,面试装松弛感,2026-07-15,—
为何很多面试官越来越看重求职者的面试松弛感(答主二),https://www.zhihu.com/question/668860830/answer/47188374364,知乎,面试装松弛感,2026-07-15,—
为什么面试要尽量松弛？,http://www.360doc.com/content/24/1231/20/3683866_1143447402.shtml,360doc个人图书馆,面试装松弛感,2026-07-15,—
为什么面试官很看重你的松弛感？,https://www.bilibili.com/read/cv12319465,哔哩哔哩,面试装松弛感,2026-07-15,—
面试的时候过于紧张逻辑混乱怎么办？,https://www.zhihu.com/question/1881501057475125922,知乎,面试装松弛感,2026-07-15,—
5种方法教您如何克服面试紧张情绪,https://www.michaelpage.com.cn/advice/career-advice/interview/5%E7%A7%8D%E6%96%B9%E6%B3%95%E6%95%99%E6%82%A8%E5%A6%82%E4%BD%95%E5%85%8B%E6%9C%8D%E9%9D%A2%E8%AF%95%E7%B4%A7%E5%BC%A0%E6%83%85%E7%BB%AA,米高蒲志,面试装松弛感,2026-07-15,—
技术岗位面试的两大禁忌,http://www.wjhr.net/Information/Read.aspx?id=1336,wjhr.net,事业单位面试不能说什么,2026-07-15,—
事业单位面试实在太差了看到问题总是没话说怎么办,https://zhuanlan.zhihu.com/p/1975140910128994283,知乎,事业单位面试不能说什么,2026-07-15,—
事业单位面试要注意什么？,https://www.zhihu.com/question/23366824/answer/3698385603,知乎,事业单位面试不能说什么,2026-07-15,—
面试中的六大禁忌,https://www.xjbl.gov.cn/info/1052/42180.htm,博乐市人民政府网,事业单位面试不能说什么,2026-07-15,—
资深HR告诉你如何搞定谈薪？,https://zhuanlan.zhihu.com/p/326164351,知乎,应届生怎么谈薪,2026-07-15,—
应届生面试如何谈薪资？,https://www.jianliben.com/article/detail/43338,简历本,应届生怎么谈薪,2026-07-15,—
如何跟hr聊薪资，argue薪资的技巧全在这里,https://www.nowcoder.com/discuss/536980,牛客网,应届生怎么谈薪,2026-07-15,—
应届生谈薪水的困惑,https://zhuanlan.zhihu.com/p/77753973,知乎,应届生怎么谈薪,2026-07-15,—
应届毕业生求职面试时如何谈薪资？,https://www.zhiyeapp.com/jlgl/wbQgsv.html,知页简历,应届生怎么谈薪,2026-07-15,—
应届生谈薪技巧和注意事项，怎么为自己多争取1~2k,https://blog.csdn.net/DengFengLai123/article/details/135732304,CSDN,应届生怎么谈薪,2026-07-15,—
面试时应届生被问期望薪资是多少该怎么回答,https://blog.csdn.net/weixin_47065524/article/details/149539134,CSDN,应届生怎么谈薪,2026-07-15,—
如何正确地谈Offer,https://nova.moe/translate-how-not-to-bomb-your-offer-negotiation/,Nova Kwok博客,收到offer怎么谈薪,2026-07-15,—
6套话术助你拿到满意offer！,https://www.chinaacc.com/jiuye/zcbk/zh20230904162237.shtml,正保会计网校,收到offer怎么谈薪,2026-07-15,—
offer到底怎么谈？,https://www.nowcoder.com/discuss/425992819489202176,牛客网,收到offer怎么谈薪,2026-07-15,—
收到Offer后薪资怎么谈？,https://m.zhupinhr.com/xwzx/20639.html,筑招建筑人才网,收到offer怎么谈薪,2026-07-15,—
收到offer后如何谈薪资,https://www.hrloo.com/news/281884.html,三茅人力资源网,收到offer怎么谈薪,2026-07-15,—
肖老师——能说会道：职场沟通技巧修炼,https://zhuanlan.zhihu.com/p/633903762,知乎,职场表达,2026-07-16,—(网页源无点赞数据)
职场上，有哪些实用、具体的沟通技巧？,https://www.zhihu.com/question/312958830,知乎,职场表达,2026-07-16,—(网页源无点赞数据)
有效的职场沟通，始于你的好好说话,https://www.woshipm.com/zhichang/855872.html,人人都是产品经理,职场表达,2026-07-16,—(网页源无点赞数据)
用AI提升你的职场沟通力：技巧与案例,https://blog.csdn.net/2401_88760782/article/details/146057832,CSDN,职场表达,2026-07-16,—(网页源无点赞数据)
职场沟通的6个要点，彻底告别低效沟通,https://zhuanlan.zhihu.com/p/36362064,知乎,职场表达,2026-07-16,—(网页源无点赞数据)
"职场""关系学""：打造和谐同事圈",https://zhuanlan.zhihu.com/p/28640460931,知乎,职场表达,2026-07-16,—(网页源无点赞数据)
如何提升职场沟通能力？,https://www.zhihu.com/question/30200507,知乎,职场表达,2026-07-16,—(网页源无点赞数据)
程序员如何准备技术面试,https://zhuanlan.zhihu.com/p/38432342,知乎,面试技巧,2026-07-16,—(网页源无点赞数据)
如何准备技术面试？,https://zhuanlan.zhihu.com/p/720224745,知乎,面试技巧,2026-07-16,—(网页源无点赞数据)
复盘：如何更好的进行技术面试,https://www.cnblogs.com/imyalost/p/16577894.html,博客园,面试技巧,2026-07-16,—(网页源无点赞数据)
当代软件工程师技术面试准备Part1,https://www.cnblogs.com/wintersun/p/17951226,博客园,面试技巧,2026-07-16,—(网页源无点赞数据)
「技术面试」问答中有什么十分实用的面试技巧,https://juejin.cn/post/6844903892841414669,掘金,面试技巧,2026-07-16,—(网页源无点赞数据)
IT技术支持工程师面试前需要做些什么准备,https://www.qmjianli.com/content/guide/4474,全民简历,面试技巧,2026-07-16,—(网页源无点赞数据)
技术面试攻略：脱颖而出的七大关键点,https://blog.csdn.net/djstavaV/article/details/132353463,CSDN,面试技巧,2026-07-16,—(网页源无点赞数据)
如何准备外企的技术面试？,https://blog.ficowshen.com/page/post/129,Ficow Shen's Blog,面试技巧,2026-07-16,—(网页源无点赞数据)
120个高情商说话技巧，有话术有案例,https://zhuanlan.zhihu.com/p/423086980,知乎,面试什么话该说,2026-07-16,—(网页源无点赞数据)
面试技巧及自我评价,https://www.hrloo.com/news/71372.html,三茅人力资源网,面试什么话该说,2026-07-16,—(网页源无点赞数据)
提升情商与幽默感：策略与实战案例解析,https://blog.csdn.net/qq_42369603/article/details/135822549,CSDN,面试什么话该说,2026-07-16,—(网页源无点赞数据)
面试官最不希望听到的离职原因有哪些？,https://www.woshipm.com/zhichang/6127856.html,人人都是产品经理,面试什么话不能说,2026-07-16,—(网页源无点赞数据)
离职原因面试技巧：外交语言与客观原因应对策略,https://blog.csdn.net/qq_39595769/article/details/119458006,CSDN,面试什么话不能说,2026-07-16,—(网页源无点赞数据)
为什么面试官总问上家公司的离职原因？,https://www.woshipm.com/share/6140765.html,人人都是产品经理,面试什么话不能说,2026-07-16,—(网页源无点赞数据)
招聘面试话术宝典原创,https://blog.csdn.net/qq_44614026/article/details/100215258,CSDN,面试什么话不能说,2026-07-16,—(网页源无点赞数据)
2026，要么干翻HR，要么被HR干翻,https://zhuanlan.zhihu.com/p/1989707920129147595,知乎,面试什么话不能说,2026-07-16,—(网页源无点赞数据)
提升职场交流技巧：准备、专业、同理心与姿态的重要性,https://blog.csdn.net/caoz/article/details/137903641,CSDN,职场强势表达,2026-07-16,—(网页源无点赞数据)
8个让你迅速变得强势的话术与小技巧！重构人际互动的权力格局,https://c.m.163.com/news/a/JT6IFIEF05562IJ6.html,网易新闻,职场强势表达,2026-07-16,—(网页源无点赞数据)
黄金沟通法则，解决90%以上职场沟通问题,https://zhuanlan.zhihu.com/p/537806587,知乎,职场强势表达,2026-07-16,—(网页源无点赞数据)
与强势同事共事如何用沟通技巧化解工作分歧,https://m.jianli.com/article/gjjknl.html,简历网,职场强势表达,2026-07-16,—(网页源无点赞数据)
和强势同事打交道的5个实用技巧,https://36kr.com/p/3279750087451904,36氪,职场强势表达,2026-07-16,—(网页源无点赞数据)
"一对一绩效反馈，你还在""讨好迎合""下属吗？",https://news.mbalib.com/story/257178,MBA智库资讯,职场强势表达,2026-07-16,—(网页源无点赞数据)
上班委婉说话技巧,https://www.sina.cn/news/detail/5296397298697961.html,新浪,职场委婉表达,2026-07-16,—(网页源无点赞数据)
"因为""耿直""踩雷？你可能需要一份""职场委婉语手册""",https://www.chinanews.com/sh/2021/06-22/9504584.shtml,中新网,职场委婉表达,2026-07-16,—(网页源无点赞数据)
在职场如何与不喜欢的人沟通(4条黄金法则),https://blog.csdn.net/weixin_44135121/article/details/137022028,CSDN,职场委婉表达,2026-07-16,—(网页源无点赞数据)
体制内单位委婉说话技巧,https://www.sina.cn/news/detail/5287892755677599.html,新浪,职场委婉表达,2026-07-16,—(网页源无点赞数据)
面试指南：拒绝背模板、不紧张！小白面试自救术，真诚比完美更得分,https://xinzhixs.com/newsinfo/11170992.html,新芝学术,面试怎么有交流感,2026-07-16,—(网页源无点赞数据)
5个面试实用技巧，让面试官不犯困听你说！,https://www.uisdc.com/interview-2,优设网,面试怎么有交流感,2026-07-16,—(网页源无点赞数据)
公务员面试技巧：别再背模板了,3招让考官记住真实的你,https://m.sohu.com/a/1012456512_122708814,搜狐,面试怎么有交流感,2026-07-16
复习两周，斩获大厂offer，我发现面试是可以预测的！,https://blog.csdn.net/W_J_G_/article/details/106192478,CSDN,面试怎么有交流感,2026-07-16,—(网页源无点赞数据)
聊聊技术面试中的沟通和交流,https://www.1point3acres.com/bbs/thread-835580-1-1.html,一亩三分地,面试怎么有交流感,2026-07-16,—(网页源无点赞数据)
面试防坑篇。怎么判断一家公司是好坏？,https://zhuanlan.zhihu.com/p/142654897,知乎,去面试要问清楚哪些问题,2026-07-16,—(网页源无点赞数据)
注意，HR面试时这些坑得避开！,https://www.sanmao.com/rz/14735884.html,智通直聘,去面试要问清楚哪些问题,2026-07-16,—(网页源无点赞数据)
在面试时需要注意避免的15种小失误,https://www.michaelpage.com.cn/advice/career-advice/interview/15-things-you-should-not-do-interview,米高蒲志,去面试要问清楚哪些问题,2026-07-16,—(网页源无点赞数据)
求职面试时有哪些问题需要问清楚,https://www.woshipm.com/zhichang/9350.html,人人都是产品经理,去面试要问清楚哪些问题,2026-07-16,—(网页源无点赞数据)
面试时，求职者可以问面试官哪些问题？,https://wenku.51job.com/article442362/,前程无忧,去面试要问清楚哪些问题,2026-07-16,—(网页源无点赞数据)
找工作面试会遇到哪些坑（社招篇）,https://zhuanlan.zhihu.com/p/55983067,知乎,去面试要问清楚哪些问题,2026-07-16,—(网页源无点赞数据)
从职场新人到沟通高手：这3个说话技巧让你少走3年弯路,https://www.youpinjianli.com/strategy/article/69878c07eb5fcdd9c8722936,网页/优品简历,职场表达,2026-07-16,—(网页源无点赞数据)
在公司高情商说话10种案例和技巧分析,https://zhuanlan.zhihu.com/p/665624119,网页/知乎,职场表达,2026-07-16,—(网页源无点赞数据)
有哪些适用于职场的沟通技巧？,https://www.zhihu.com/question/661297594,网页/知乎,职场表达,2026-07-16,—(网页源无点赞数据)
10个职场沟通技巧,https://www.mindyushu.com/a/fI8.html,网页/YushuMind,职场表达,2026-07-16,—(网页源无点赞数据)
惊天的秘密同事和领导永远不告诉你的9个套路,https://zhuanlan.zhihu.com/p/482568976,网页/知乎,职场表达,2026-07-16,—(网页源无点赞数据)
五个步骤，有效提升你的沟通表达力！,https://zhuanlan.zhihu.com/p/613092232,网页/知乎,职场表达,2026-07-16,—(网页源无点赞数据)
如何快速提高表达能力，摆脱嘴笨带来的职场困扰？,https://m.huxiu.com/article/807543.html,网页/虎嗅网,职场表达,2026-07-16,—(网页源无点赞数据)
如何提高你的表达能力？口才训练的16种方法,https://maimai.cn/article/detail?fid=1808084536&efid=oSh2sZhf_Cs6NlwNQ1bDeQ,网页/脉脉,职场表达,2026-07-16,—(网页源无点赞数据)
无领导小组（群面）面试攻略！,https://www.nowcoder.com/discuss/456475793280028672,网页/牛客网,面试技巧,2026-07-16,—(网页源无点赞数据)
i人无领导小组群面如何100%通过,https://zhuanlan.zhihu.com/p/30713686979,网页/知乎,面试技巧,2026-07-16,—(网页源无点赞数据)
无领导小组面试太难？这份最全群面攻略请收好！,https://wenku.51job.com/article461001/,网页/前程无忧职场文库,面试技巧,2026-07-16,—(网页源无点赞数据)
群面是怎么面试的,https://www.jingxuanxing.com/article/dianping/17423.html,网页/鲸选型,面试技巧,2026-07-16,—(网页源无点赞数据)
如何在面试的无领导小组讨论环节中脱颖而出？,https://www.zhihu.com/question/19737697,网页/知乎,面试技巧,2026-07-16,—(网页源无点赞数据)
群面通关全攻略：无领导小组讨论角色定位与发言技巧,https://www.wondercv.com/blog/heF1eg33.html,网页/超级简历WonderCV,面试技巧,2026-07-16,—(网页源无点赞数据)
无领导小组讨论(群面/AC)面试精要总结,https://m.haitou.cc/mjfx-1509,网页/鱼泡直聘校招,面试技巧,2026-07-16,—(网页源无点赞数据)
关于【群面】看这一篇就够了,https://zhuanlan.zhihu.com/p/347257320,网页/知乎,面试技巧,2026-07-16,—(网页源无点赞数据)
大厂面试题解析（4）：校招群面攻略,https://www.woshipm.com/zhichang/3611011.html,网页/人人都是产品经理,面试技巧,2026-07-16,—(网页源无点赞数据)
从面试者到面试官:12家大厂计算机岗位面经总结,https://zhuanlan.zhihu.com/p/627729108,网页/知乎,面试技巧,2026-07-16,—(网页源无点赞数据)
爆肝复盘！3轮技术面+HR面，斩获大厂offer的真实面经,https://juejin.cn/post/7606236473279709210,网页/掘金,面试技巧,2026-07-16,—(网页源无点赞数据)
复盘8次面试：每一次面试都是打怪升级！,https://www.woshipm.com/zhichang/4113922.html,网页/人人都是产品经理,面试技巧,2026-07-16,—(网页源无点赞数据)
掌握面试复盘技巧，面试通过率翻倍,https://blog.csdn.net/m0_45362454/article/details/145018963,网页/CSDN,面试技巧,2026-07-16,—(网页源无点赞数据)
大厂面试原来是这样，这份面经你值得拥有！,https://zhuanlan.zhihu.com/p/687887936,网页/知乎,面试技巧,2026-07-16,—(网页源无点赞数据)
【面试】面试必问12题，死亡回答 VS 满分答案都在这！,https://www.wondercv.com/blog/30FF0RZi.html,网页/超级简历WonderCV,面试什么话该说,2026-07-16,—(网页源无点赞数据)
10道经典面试题！聊一聊面试的那些事,https://www.woshipm.com/zhichang/4128559.html,网页/人人都是产品经理,面试什么话该说,2026-07-16,—(网页源无点赞数据)
面试中最常见的27个问题，这里有一份最全的回答指南,https://www.jiemian.com/article/2061689.html,网页/界面新闻,面试什么话该说,2026-07-16,—(网页源无点赞数据)
面试经典问题回答技巧大公开(及注意事项),https://m.bysjy.com.cn/student/chance/newsdetails.html?token=yxqqnn0000000054&notice_id=536380,网页/毕业生就业网,面试什么话该说,2026-07-16,—(网页源无点赞数据)
80个面试高频问答——技能与岗位匹配度篇,https://xz.chsi.com.cn/xz/zyts/202503/20250307/2293355771.html,网页/学职平台,面试什么话该说,2026-07-16,—(网页源无点赞数据)
一次学完26个经典面试问题与回答技巧,https://www.sohu.com/a/800374538_122006329,网页/搜狐,面试什么话该说,2026-07-16,—(网页源无点赞数据)
面试技巧：如何回答岗位匹配度问题？,https://zhuanlan.zhihu.com/p/17301918189,网页/知乎,面试什么话该说,2026-07-16,—(网页源无点赞数据)
被面试官问匹配度，该怎么答？,https://m.51job.com/news/detail.php?newsid=05_433206,网页/前程无忧,面试什么话该说,2026-07-16,—(网页源无点赞数据)
面试官的黑话你听懂了多少？,https://blog.csdn.net/cainiao_python/article/details/106913121,网页/CSDN,面试什么话不能说,2026-07-16,—(网页源无点赞数据)
面试被问的高频问题！千万别踩雷！,https://blog.csdn.net/2401_85726131/article/details/140994282,网页/CSDN,面试什么话不能说,2026-07-16,—(网页源无点赞数据)
面试出错巧应对,https://m.51job.com/news/detail.php?newsid=05_405247,网页/前程无忧,面试什么话不能说,2026-07-16,—(网页源无点赞数据)
感觉面试搞砸了？试试这4种方法,http://www.woshipm.com/zhichang/3103116.html,网页/人人都是产品经理,面试什么话不能说,2026-07-16,—(网页源无点赞数据)
线上面试屡屡被刷？看看这五个视频面试技巧,https://wenku.51job.com/article438763/,网页/前程无忧职场文库,视频面试技巧,2026-07-16,—(网页源无点赞数据)
网络视频面试要注意哪些问题？,https://www.zhihu.com/question/23913120,网页/知乎,视频面试技巧,2026-07-16,—(网页源无点赞数据)
视频面试技巧和注意事项-如何准备视频面试,https://www.roberthalf.cn/cn/zh/insights/landing-job/how-prepare-video-interview,网页/罗致恒富,视频面试技巧,2026-07-16,—(网页源无点赞数据)
参加视频面试的你，需要这些注意事项,https://zhuanlan.zhihu.com/p/449006530,网页/知乎,视频面试技巧,2026-07-16,—(网页源无点赞数据)
视频面试技巧和注意事项,https://www.hina.com/blog/110,网页/Hina,视频面试技巧,2026-07-16,—(网页源无点赞数据)
面试前如何准备？3步搭建自我介绍框架,https://blog.csdn.net/weixin_68249925/article/details/123706468,网页/CSDN,自我介绍万能公式,2026-07-16,—(网页源无点赞数据)
面试自我介绍怎么说：分清三种场景，别背一套模板对付所有人,https://www.mianlingai.com/blog/interview-self-introduction-guide/,网页/面灵AI,自我介绍万能公式,2026-07-16,—(网页源无点赞数据)
面试黄金三分钟3W自我介绍法,https://blog.sina.com.cn/s/blog_5420979f0102zz6z.html,网页/新浪博客,自我介绍万能公式,2026-07-16,—(网页源无点赞数据)
1分钟自我介绍，如何抓住面试官耳朵？,https://www.woshipm.com/zhichang/4382082.html,网页/人人都是产品经理,自我介绍万能公式,2026-07-16,—(网页源无点赞数据)
让面试官惊艳的结构化面试自我介绍怎么做？,https://wenku.51job.com/article457889/,网页/职场文库,自我介绍万能公式,2026-07-16,—(网页源无点赞数据)
求职面试急救包：自我介绍+项目介绍+表达能力提升+简历模版,https://news.qq.com/rain/a/20241031A02CFT00,网页/腾讯新闻,自我介绍万能公式,2026-07-16,—(网页源无点赞数据)
90%的好简历，都输在自我介绍的15秒里！,https://blog.csdn.net/2501_93135581/article/details/153784557,网页/CSDN,自我介绍万能公式,2026-07-16,—(网页源无点赞数据)
快狠准！面试1分钟自我介绍法，给你介绍模板直接用,https://zhuanlan.zhihu.com/p/95887989,网页/知乎,自我介绍万能公式,2026-07-16,—(网页源无点赞数据)
面试第一关：自我介绍【含自我介绍模板】,https://blog.csdn.net/wwlsm_zql/article/details/131562662,网页/CSDN,自我介绍万能公式,2026-07-16,—(网页源无点赞数据)
干货｜怎么准备面试中的1分钟自我介绍？,https://zhuanlan.zhihu.com/p/86710972,网页/知乎,自我介绍万能公式,2026-07-16,—(网页源无点赞数据)
三段式解析演讲技巧，让职场形象瞬间高大上,https://www.jiemian.com/article/3763729.html,网页/界面新闻,打草稿能力(发言前准备法),2026-07-16,—(网页源无点赞数据)
戴愫职场写作课,https://www.cnblogs.com/Uni-Hoang/p/16658389.html,网页/博客园,打草稿能力(发言前准备法),2026-07-16,—(网页源无点赞数据)
点亮职场技能树——职场写作,https://www.woshipm.com/zhichang/5215481.html,网页/人人都是产品经理,打草稿能力(发言前准备法),2026-07-16,—(网页源无点赞数据)
压力大到失眠？试试4-7-8呼吸法，5分钟恢复,https://health.baidu.com/m/detail/ar_9473572109616763452,网页/百度健康,4-7-8呼吸法(发言紧张应对),2026-07-16,—(网页源无点赞数据)
如何通过4-7-8呼吸技巧缓解压力和焦虑,https://www.juguandian.com/blog_q/well/what-is-4-7-8-breathing-5204438_cn,网页/juguandian,4-7-8呼吸法(发言紧张应对),2026-07-16,—(网页源无点赞数据)
简单的呼吸可以解决你90%的焦虑,https://zhuanlan.zhihu.com/p/1962193174706497506,网页/知乎,4-7-8呼吸法(发言紧张应对),2026-07-16,—(网页源无点赞数据)
478呼吸法_百度百科,https://baike.baidu.com/item/478%E5%91%BC%E5%90%B8%E6%B3%95/58271635,网页/百度百科,4-7-8呼吸法(发言紧张应对),2026-07-16,—(网页源无点赞数据)
怎么快速调整情绪，打断焦虑循环,https://zhuanlan.zhihu.com/p/1948828036305772836,网页/知乎,4-7-8呼吸法(发言紧张应对),2026-07-16,—(网页源无点赞数据)
焦虑时呼吸急促？478呼吸法练习，一分钟平复心慌！,https://health.baidu.com/m/detail/ar_9284657204239708885,网页/百度健康,4-7-8呼吸法(发言紧张应对),2026-07-16,—(网页源无点赞数据)
一招激活放松反应：4-7-8呼吸法，你的随身情绪调节器,https://zhuanlan.zhihu.com/p/1949145265505277325,网页/知乎,4-7-8呼吸法(发言紧张应对),2026-07-16,—(网页源无点赞数据)
成人深呼吸放松指南：场景化操作与效果强化,https://m.sohu.com/a/931199926_121997667/?pvid=000115_3w_a&scm=10001.8085_13-8085_13.0.0-0-0-0-0.0,网页/搜狐,4-7-8呼吸法(发言紧张应对),2026-07-16,—(网页源无点赞数据)
面试紧张如何解决？7个实用技巧帮你稳住全场！,https://zhuanlan.zhihu.com/p/1893661774160582589,网页/知乎,4-7-8呼吸法(发言紧张应对),2026-07-16,—(网页源无点赞数据)
面试时感到紧张，有哪些即时缓解的小技巧？,https://www.highmarkcareer.com/ResumeWriting/16196.html,网页/highmarkcareer,4-7-8呼吸法(发言紧张应对),2026-07-16,—(网页源无点赞数据)
面试时临场发挥的几个小技巧,https://zhuanlan.zhihu.com/p/66278636,网页/知乎,4-7-8呼吸法(发言紧张应对),2026-07-16,—(网页源无点赞数据)
结构化表达思维导图模板（ProcessOn）,https://www.processon.com/view/67f481232809ce63c17d1fa3,网页/ProcessOn,结构化表达,2026-07-16,—(网页源无点赞数据)
职场表达，你不能没有的套路——SCQA架构,https://www.sohu.com/a/281321246_684517,网页/搜狐,SCQA架构(标准式/结论先行式/突出忧虑式/突出信心式),2026-07-16,—(网页源无点赞数据)
学习了金字塔原理中的SCQA分析法,https://blog.csdn.net/weixin_38753213/article/details/109140505,网页/CSDN,SCQA架构(标准式/结论先行式/突出忧虑式/突出信心式),2026-07-16,—(网页源无点赞数据)
十大战略工具（4）——SCQA架构,https://blog.csdn.net/qq_37492806/article/details/107313903,网页/CSDN,SCQA架构(标准式/结论先行式/突出忧虑式/突出信心式),2026-07-16,—(网页源无点赞数据)
金字塔原理：让你的思维与表达更有魅力(1),https://blog.csdn.net/qq_29986979/article/details/138771606,网页/CSDN,金字塔原理(麦肯锡结构化写作),2026-07-16,—(网页源无点赞数据)
金字塔原理：写作的逻辑，一张图三个要点，理清楚,https://zhuanlan.zhihu.com/p/142681613,网页/知乎,金字塔原理(麦肯锡结构化写作),2026-07-16,—(网页源无点赞数据)
干货：金字塔原理，看这一篇就够了！,https://zhuanlan.zhihu.com/p/46584109,网页/知乎,金字塔原理(麦肯锡结构化写作),2026-07-16,—(网页源无点赞数据)
"麦肯锡""金字塔原理""：职场人结构化思维、表达和解决问题的利器",https://blog.csdn.net/yellowzf3/article/details/126756634,网页/CSDN,金字塔原理(麦肯锡结构化写作),2026-07-16,—(网页源无点赞数据)
解读《金字塔原理》：跟麦肯锡学习表达，思考和解决问题的逻辑,https://zhuanlan.zhihu.com/p/137379141,网页/知乎,金字塔原理(麦肯锡结构化写作),2026-07-16,—(网页源无点赞数据)
金字塔原理的四个原则！一文弄懂麦肯锡金字塔原理！,https://juejin.cn/post/7360961068165824553,网页/掘金,金字塔原理(麦肯锡结构化写作),2026-07-16,—(网页源无点赞数据)
4个角度，和你聊聊金字塔原理,https://www.woshipm.com/pmd/1511122.html,网页/人人都是产品经理,金字塔原理(麦肯锡结构化写作),2026-07-16,—(网页源无点赞数据)
金字塔原则（词条）,https://wiki.mbalib.com/wiki/%E9%87%91%E5%AD%97%E5%A1%94%E5%8E%9F%E5%88%99,网页/MBA智库百科,金字塔原理(麦肯锡结构化写作),2026-07-16,—(网页源无点赞数据)
群面怎么过？无领导小组讨论评分标准与实战技巧,https://www.wondercv.com/blog/2SzqDXig.html,网页/超级简历WonderCV,无领导小组群面技巧,2026-07-16,—(网页源无点赞数据)
无领导小组讨论深度攻略,https://zhuanlan.zhihu.com/p/58579293,网页/知乎,无领导小组群面技巧,2026-07-16,—(网页源无点赞数据)
群面基本介绍&角色分析&考官追问,https://blog.csdn.net/weixin_47297666/article/details/108430794,网页/CSDN,无领导小组群面技巧,2026-07-16,—(网页源无点赞数据)
面试攻略⚠️无领导小组面试沉浸式体验ing~,https://www.xiaohongshu.com/explore/661ca6ba000000001a014676,小红书,无领导小组群面技巧,2026-07-16,4686
群面中四大角色的踩雷表现vs高分表现,https://www.xiaohongshu.com/search_result?keyword=无领导小组群面技巧,小红书,无领导小组群面技巧,2026-07-16,2744
无领导小组面试技巧（折鸢，低赞新发笔记-结构对照样本）,https://www.xiaohongshu.com/explore/6a58e8110000000011004ff3,小红书,无领导小组群面技巧,2026-07-16,3
高级的职场口语表达-汇丰银行女CEO,https://www.xiaohongshu.com/explore/6a58f2ea000000000301d94a,小红书,职场表达,2026-07-16,17
职场中晋升最快的人,https://www.xiaohongshu.com/explore/6a58ddf1000000001c0114c6,小红书,职场表达,2026-07-16,15
实用英文会议高频句型，职场英语地道表达！,https://www.xiaohongshu.com/explore/6a58d49a000000001c00fee4,小红书,职场表达,2026-07-16,97
工作能力强的人，全都擅长的表达力,https://www.xiaohongshu.com/explore/6a58d1ed0000000001002f7c,小红书,职场表达,2026-07-16,18
表达力超强的人都在偷偷练这6招‼️,https://www.xiaohongshu.com/explore/6a58cf84000000000a03a13b,小红书,职场表达,2026-07-16,11
社交时切记弱者表达,https://www.xiaohongshu.com/explore/6a54ef8d000000000f031bdd,小红书,职场表达,2026-07-16,28
重庆学表达｜3秒接话术，告别冷场,https://www.xiaohongshu.com/explore/6a588ab9000000000401f3fc,小红书,职场表达,2026-07-16,73
一开口就显得工作能力很强的人，做对了什么,https://www.xiaohongshu.com/explore/6a578a3b000000001101d84d,小红书,职场表达,2026-07-16,23
职场沟通加分句式（本轮最高赞样本）,https://www.xiaohongshu.com/explore/6a574dd00000000007010ce4,小红书,职场表达,2026-07-16,699
💼职场表达的分水岭|不在敢开口在控场力（低赞新发-推广课程对照样本）,https://www.xiaohongshu.com/explore/6a57a37a000000001102e80b,小红书,职场表达,2026-07-16,1
今天面试了一个女生，连底层逻辑都答不上来（低赞新发-结构对照样本）,https://www.xiaohongshu.com/explore/6a590e6e000000001102e419,小红书,面试技巧,2026-07-16,5
一个面试稳过的作弊技巧！（附实操）,https://www.xiaohongshu.com/explore/6a58d0940000000011010278,小红书,面试技巧,2026-07-16,87
想进：项目经理岗位？面试高分技巧来啦（低赞新发-结构对照样本）,https://www.xiaohongshu.com/explore/6a58ce92000000000903554d,小红书,面试技巧,2026-07-16,1
大厂面试通过率80%以上的技巧,https://www.xiaohongshu.com/explore/6a54fe7100000000070229ff,小红书,面试技巧,2026-07-16,353
听力不好的面试通过小技巧（1）,https://www.xiaohongshu.com/explore/6a53896c000000000f004e40,小红书,面试技巧,2026-07-16,35
面试技巧｜0经验转外贸如何谈9k+底薪,https://www.xiaohongshu.com/explore/6a52a6aa000000002201b8cc,小红书,面试技巧,2026-07-16,1126
PC面试：打动面试官，故事要这么讲？,https://www.xiaohongshu.com/explore/6a518612000000001c0268c0,小红书,面试技巧,2026-07-16,20
"业务甩锅""HR招的人不行""？金水话术反杀（低赞新发-结构对照样本）",https://www.xiaohongshu.com/search_result?keyword=%E7%94%A9%E9%94%85%E8%AF%9D%E6%9C%AF,小红书,甩锅话术,2026-07-16,0
避免背锅的第一步？从识别甩锅话术开始！（本轮高赞样本）,https://www.xiaohongshu.com/explore/6a43b53c000000000f02bc50?xsec_token=AByYuHoVekbQdRDDu7CdKqQA5nqSKdAEvOtfQkyWeTZWw=&xsec_source=pc_search,小红书,甩锅话术,2026-07-16,2763
当面试官问你优缺点时,https://www.xiaohongshu.com/search_result?keyword=%E9%9D%A2%E8%AF%95%E4%BC%98%E7%BC%BA%E7%82%B9%E6%80%8E%E4%B9%88%E8%AF%B4,小红书,面试优缺点怎么说,2026-07-16,3
双非字节群面面经分享-群面已通过,https://www.xiaohongshu.com/search_result?keyword=%E7%BE%A4%E9%9D%A2%E4%B8%80%E8%88%AC%E4%BC%9A%E7%95%99%E4%B8%8B%E5%87%A0%E4%B8%AA%E4%BA%BA,小红书,群面一般会留下几个人,2026-07-16,5
面试说错话要如何挽救？,https://www.xiaohongshu.com/search_result?keyword=%E9%9D%A2%E8%AF%95%E8%AF%B4%E9%94%99%E8%AF%9D%E8%A1%A5%E6%95%91%E6%8A%80%E5%B7%A7,小红书,面试说错话补救技巧,2026-07-16,4
面试管理层的技巧和话术大全,https://www.hrloo.com/news/49004.html,网页,面试什么话该说,2026-07-16,—(网页源无点赞数据)
写给应届生的面试要点,https://dxs.moe.gov.cn/zx/a/jobs_syzd/210821/1714895.shtml,网页,面试什么话该说,2026-07-16,—(网页源无点赞数据)
应届毕业生求职，如何才能更好地面试？,https://www.ncss.cn/ncss/zd/ms/202409/20240927/2293334699.html,网页,面试什么话该说,2026-07-16,—(网页源无点赞数据)
应届生面试内容与技巧,https://chin.nwu.edu.cn/info/1039/1134.htm,网页,面试什么话该说,2026-07-16,—(网页源无点赞数据)
面试前需考虑的25个问题,https://www.gzasc.edu.cn/jyzd/abc/info_itemid_7012_subjectid_53.html,网页,面试什么话该说,2026-07-16,—(网页源无点赞数据)
应届毕业生怎样参加招聘会？注意事项有哪些？,https://cvm.cau.edu.cn/art/2022/9/15/art_41886_880389.html,网页,面试什么话该说,2026-07-16,—(网页源无点赞数据)
应届生招聘常见的面试问题及其回答技巧,https://www.betasess.com/forum/topic/3810.html,网页,面试什么话该说,2026-07-16,—(网页源无点赞数据)
vlog📔职场人高阶沟通：自信表达不怯场💡,"—(小红书搜索列表页,未逐条取链)",小红书,职场表达,2026-07-17,1万
"五部门联合发布风险提示：严防""招转培""""培训贷""等陷阱",https://www.bbtnews.com.cn/2026/0516/593473.shtml,网页,求职诈骗防范(招转培招转贷),2026-07-17,—(网页源)
8个高频问题！95%以上的人面试被问到！,https://zhuanlan.zhihu.com/p/1976317779754898119,网页,面试高频题型,2026-07-17,—(网页源)
我可以，拿下无领导小组面试的基本攻略,https://www.xiaobaishixi.com/article/station/STNBLVNLXTMMNXLUP4KPYZ4RW9DD3CSA,网页,无领导小组讨论模拟,2026-07-17,—(网页源)
深度剖析【无领导小组】讨论及常见的【考题】,https://www.nowcoder.com/discuss/763159,网页,无领导小组讨论模拟,2026-07-17,—(网页源)
收好这些职场高频表达！跳槽外企惊艳所有人,https://www.xiaohongshu.com/explore/6985de11000000001d027bad,小红书,职场表达,2026-07-17,726
当你逻辑不清晰时，如何成为逻辑清晰的人？,https://www.xiaohongshu.com/explore/693d54ff000000000d00db12,小红书,职场表达,2026-07-17,8253
表达力差的女生，2025年建议你这样做❗️,https://www.xiaohongshu.com/explore/67c59a1d000000002503c502,小红书,职场表达,2026-07-17,1.4万
让自己看起来更Senior的职场Tips（二）,https://www.xiaohongshu.com/explore/69e279c5000000001e00ff22,小红书,职场表达,2026-07-17,317
工作沟通中，切忌“弱者表达”,https://www.xiaohongshu.com/explore/696eb97f0000000022039562,小红书,职场表达,2026-07-17,1644
面试官是怎么看出来一个人能力差的,https://www.xiaohongshu.com/explore/6a2290d3000000003502aad3,小红书,面试技巧,2026-07-17,2.3万
拿下硅谷科技大厂offer的面试技巧,https://www.xiaohongshu.com/explore/686f1a7c000000000b01dd44,小红书,面试技巧,2026-07-17,212
考官想听的“万能开头”—模板，破！,https://www.xiaohongshu.com/explore/697b0d9c000000002200bd98,小红书,面试什么话该说,2026-07-17,7680
30句面试英语表达,https://www.xiaohongshu.com/explore/6a21881a0000000007023a6c,小红书,面试什么话该说,2026-07-17,-
嘴笨的人，在面试时更有优势,https://www.xiaohongshu.com/explore/699ed432000000002202fbc6,小红书,面试什么话该说,2026-07-17,674
高频面试题标准答案（附话术版）来抄作业！,https://www.xiaohongshu.com/explore/68a6ffdb000000001d01c6a8,小红书,面试什么话该说,2026-07-17,1.5万
美签因为多说一句话，被秒拒,https://www.xiaohongshu.com/explore/68a2854b000000001d011eb7,小红书,面试什么话不能说,2026-07-17,264
HR非常反感的5句话（外企面试版）,https://www.xiaohongshu.com/explore/69d3b460000000001f006588,小红书,面试什么话不能说,2026-07-17,679
面试禁忌，这3句话不能说,https://www.xiaohongshu.com/explore/6867db2d000000000b01f693,小红书,面试什么话不能说,2026-07-17,148
面试被问职业规划别慌！3个模版直接套用,https://www.xiaohongshu.com/explore/69ba818c000000002800aec3,小红书,职业规划,2026-07-17,970
新人入职简单大方的介绍自己！,https://www.xiaohongshu.com/explore/69e88a770000000023013baa,小红书,简单大气的自我介绍,2026-07-17,-
一句话介绍自己，怎么说气场全开？,https://www.xiaohongshu.com/explore/690c8b0b0000000007008050,小红书,简单大气的自我介绍,2026-07-17,286
告别念简历！3分钟讲透价值超吸睛！,https://www.xiaohongshu.com/explore/69363744000000000d03d90d,小红书,简单大气的自我介绍,2026-07-17,197
自我介绍别背简历｜邹韵这3步太会了,https://www.xiaohongshu.com/explore/6a0db5c5000000000702beaf,小红书,简单大气的自我介绍,2026-07-17,370
心机方法介绍自己，脱颖而出获得offer！,https://www.xiaohongshu.com/explore/6990984f000000000d00b1b0,小红书,简单大气的自我介绍,2026-07-17,292
3句话的自我介绍，让别人排着队加你微信！,https://www.xiaohongshu.com/explore/669d26930000000025001735,小红书,简单大气的自我介绍,2026-07-17,3878
5个万能自我介绍公式帮你轻松赢得好感,https://www.xiaohongshu.com/explore/6773e7e8000000001300971a,小红书,简单大气的自我介绍,2026-07-17,621
职场沟通高手常用的10个句式+合适工作场景,https://zhuanlan.zhihu.com/p/564518775,网页,职场表达,2026-07-17,—(网页源)
看完300份简历后总结：5大禁忌，3大要点,https://www.woshipm.com/zhichang/1644773.html,网页,面试什么话不能说,2026-07-17,—(网页源)
高情商沟通技巧真实案例拆解：如何用一句话让对方敞开心扉,https://www.cw-coach.com/coaching-communication-skills-liangzi-qiwei-case/,网页,职场表达,2026-07-17,—
这十个面试技巧千万别说我没告诉你，直接让你通过面试,https://zhuanlan.zhihu.com/p/481903484,网页,面试技巧,2026-07-17,—
面试是个技术活，六大技巧助你顺利踏进心仪企业,https://36kr.com/p/1248059128400386,网页,面试技巧,2026-07-17,—
令人费解的面试难题合辑（附多个真实案例）,https://zhuanlan.zhihu.com/p/448520550,网页,面试什么话该说,2026-07-17,—
职场中，被同事甩锅该如何应对？3个方法让你借势反击，成就自己,https://www.163.com/dy/article/HBURPC820544ARKP.html,网页,甩锅话术,2026-07-17,—
职场甩锅屡见不鲜，何以应对飞来横锅？,https://www.huxiu.com/article/1938535.html,网页,甩锅话术,2026-07-17,—
利用心理偏好 我们总结了几条打动面试官的捷径,https://www.jiemian.com/article/958084.html,网页,面试配得感,2026-07-17,—
你心中的不配得感，在阻止你真正爱自己,https://www.czxinli.org.cn/nd.jsp?id=138,网页,面试配得感,2026-07-17,—
如何顺利面试，面试基本礼仪与忌讳,https://zhuanlan.zhihu.com/p/432432473,网页,面试礼仪,2026-07-17,—
面试礼仪,https://wiki.mbalib.com/wiki/%E9%9D%A2%E8%AF%95%E7%A4%BC%E4%BB%AA,网页,面试礼仪,2026-07-17,—
面试礼仪很重要，搞定它，offer就来了,https://www.ukpass.org/study/detail-3403.html,网页,面试礼仪,2026-07-17,—
考官传授：你所不了解的面试礼仪技巧,https://yz.chsi.com.cn/kyzx/fstj/201502/20150202/1428039034.html,网页,面试礼仪,2026-07-17,—
求职面试礼仪,https://clxy.xpu.edu.cn/info/1113/1513.htm,网页,面试礼仪,2026-07-17,—
面试时要注意的礼仪有哪些？,https://see.jiangnan.edu.cn/info/1288/6030.htm,网页,面试礼仪,2026-07-17,—
结构化面试怎么答题？结构化每种题型的答题套路(框架),https://m.gwy.com/jszg/2015.html,网页,结构化面试答题框架,2026-07-17,—
结构化面试：题型分类、答题思路与应试指南,https://zhuanlan.zhihu.com/p/2019327876449710375,网页,结构化面试答题框架,2026-07-17,—
安徽省考结构化面试高分答题框架（2025实战版）,https://zhuanlan.zhihu.com/p/1888894059986285478,网页,结构化面试答题框架,2026-07-17,—
结构化面试问题及答案_结构化面试经典100题_结构化面试答题套路,https://www.eoffcn.com/kszn/mianshi/jghms/mswt.html,网页,结构化面试答题框架,2026-07-17,—
💬英语里的高情商甩锅句，你一定用得上,https://www.xiaohongshu.com/explore/6a09b85b000000003503aec9,小红书,甩锅话术,2026-07-17,185
看印度同事展示如何让锅消失在空气中,https://www.xiaohongshu.com/explore/69ce5b3a000000002301cb48,小红书,甩锅话术,2026-07-17,575
怼人爽句，做吵架界的扛把子,https://www.xiaohongshu.com/explore/69b81318000000001e00f293,小红书,甩锅话术,2026-07-17,354
职场嘴替：精准防甩锅的超实用英文表达,https://www.xiaohongshu.com/explore/6888f4e600000000230358ec,小红书,甩锅话术,2026-07-17,221
心理操控者的常用话术,https://www.xiaohongshu.com/explore/691eb1a4000000001f0081f5,小红书,甩锅话术,2026-07-17,2625
NPD最爱用的一句甩锅的话,https://www.xiaohongshu.com/explore/696bf777000000001a0210ff,小红书,甩锅话术,2026-07-17,12
白男找工的配得感真的值得学,https://www.xiaohongshu.com/explore/6a3907710000000021023de6,小红书,面试配得感,2026-07-17,190
高配得感去面试，反而更容易拿offer,https://www.xiaohongshu.com/explore/6a561e26000000000702de7d,小红书,面试配得感,2026-07-17,64
公考面试。,https://www.xiaohongshu.com/explore/69aeacc00000000023038e02,小红书,面试礼仪,2026-07-17,1258
面试辅导,https://www.xiaohongshu.com/explore/697c8c3e000000001a026549,小红书,面试礼仪,2026-07-17,173000
结构化面试礼仪，各位云考官请大家审核！,https://www.xiaohongshu.com/explore/690bdf8a0000000003019a9a,小红书,面试礼仪,2026-07-17,482
日企面试进出入面试房间要注意哪些礼节？,https://www.xiaohongshu.com/explore/68d8c68a000000000e024ba7,小红书,面试礼仪,2026-07-17,412
面试的礼仪很重要，让面试官一眼记住你,https://www.xiaohongshu.com/explore/69061c68000000000700b11b,小红书,面试礼仪,2026-07-17,357
加拿大求职‖职场面试礼仪大盘点,https://www.xiaohongshu.com/explore/6965b308000000001a02112c,小红书,面试礼仪,2026-07-17,4538
如何在面试中展示完美肢体语言 第二期,https://www.xiaohongshu.com/explore/694355bb000000001e0283fa,小红书,面试礼仪,2026-07-17,7576
超实用喂饭版快速斩offer的面试SOP！,https://www.xiaohongshu.com/explore/69c6521600000000230266c4,小红书,面试礼仪,2026-07-17,7584
结构化面试5类题型答题模板,https://www.xiaohongshu.com/explore/69aa7bc000000000150229a5,小红书,结构化面试答题框架,2026-07-17,13000
结构化面试:每日一练（一）,https://www.xiaohongshu.com/explore/696a3cdc000000001a02c753,小红书,结构化面试答题框架,2026-07-17,532
大道至简，结构化面试86，自己总结的答题框架,https://www.xiaohongshu.com/explore/6a1960fd0000000038036627,小红书,结构化面试答题框架,2026-07-17,1467
考前梳理｜应急应变题思维导图,https://www.xiaohongshu.com/explore/69ea3afe000000001f031004,小红书,结构化面试答题框架,2026-07-17,3780
结构化面试万能模板:综合分析题,https://www.xiaohongshu.com/explore/65fa3ffd0000000012021adb,小红书,结构化面试答题框架,2026-07-17,2568
结构化面试万能答题思路,https://www.xiaohongshu.com/explore/697a0315000000002202e1c3,小红书,结构化面试答题框架,2026-07-17,501
结构化面试——模板，破！,https://www.xiaohongshu.com/explore/6a1e778600000000210217eb,小红书,结构化面试答题框架,2026-07-17,4
结构化面试5大题型万能答题思路及解析,https://www.xiaohongshu.com/explore/697c587e000000001a036b23,小红书,结构化面试答题框架,2026-07-17,131
面试开不了口？省考结构化面试答题思路导图,https://www.xiaohongshu.com/explore/69d4c3ff000000002302597d,小红书,结构化面试答题框架,2026-07-17,327
结构化面试第一，我是怎么准备的,https://www.xiaohongshu.com/explore/6a3cf6050000000008002edb,小红书,结构化面试答题框架,2026-07-17,2138
HR结构化面试提纲大全,https://www.xiaohongshu.com/explore/68cfca640000000012033c47,小红书,结构化面试答题框架,2026-07-17,1246
强烈建议大家一定要有一个属于自己的面试体,https://www.xiaohongshu.com/explore/6a4235c100000000080302b6,小红书,结构化面试答题框架,2026-07-17,739
结构化面试88.5分，我的逻辑表达与框架分享,https://www.xiaohongshu.com/explore/6926f591000000000d00dd57,小红书,结构化面试答题框架,2026-07-17,263
那些外国同事每天都用的地道表达（十八）,https://www.xiaohongshu.com/explore/69ca0b0c00000000280095d0,小红书,职场表达,2026-07-17,691
银行面试官常问的十个问题,https://www.xiaohongshu.com/explore/691bfa65000000000d035545,小红书,面试技巧,2026-07-17,2903
面试被问优势，这样答更有说服力,https://www.xiaohongshu.com/explore/6a5a4fb0000000001003ca28,小红书,面试什么话该说,2026-07-17,28
面试大忌⚠️6句一说直接淘汰！90%人都在乱讲,https://www.xiaohongshu.com/explore/6a5a0906000000000100e532,小红书,面试什么话不能说,2026-07-17,
原来HR醉讨厌听这几句话你踩雷了吗？,https://www.xiaohongshu.com/explore/6883379f000000002201e7bc,小红书,面试什么话不能说,2026-07-17,4435
面试时千万不能说的三个大忌？,http://www.runtimewh.com/xwzx/4671.html,网页,面试什么话不能说,2026-07-17,—
外刊甄选｜如何在不自信时自信表达,https://www.xiaohongshu.com/search_result?keyword=%E5%A6%82%E4%BD%95%E8%87%AA%E4%BF%A1%E8%A1%A8%E8%BE%BE,小红书,如何自信表达,2026-07-17,77
怎么样提高自信表达能力,https://zhuanlan.zhihu.com/p/161654743,网页,如何自信表达,2026-07-17,—
筛掉烂公司的面试反问！,https://www.xiaohongshu.com/search_result?keyword=%E6%8A%80%E6%9C%AF%E9%9D%A2%E8%AF%95%E5%8F%8D%E9%97%AE,小红书,技术面试反问,2026-07-17,3280
技术面试时该反问面试官什么问题？小伙整理了灵魂50问,https://cloud.tencent.com/developer/article/1506237,网页,技术面试反问,2026-07-17,—
技术面试时该反问面试官什么问题？,https://blog.51cto.com/u_14057963/2948158,网页,技术面试反问,2026-07-17,—
跟老板提加薪，90%的人一开口就输了,https://www.xiaohongshu.com/search_result?keyword=%E8%96%AA%E8%B5%84%E4%BA%89%E5%8F%96%E8%AF%9D%E6%9C%AF,小红书,薪资争取话术,2026-07-17,50
面试如何正确谈薪?,https://www.cnblogs.com/tudou-22/p/14528901.html,网页,薪资争取话术,2026-07-17,—
"「这几个词一出现,就暴露你在用 AI」","小红书搜索页-职场表达（列表页未逐条取详情链接，标题：「这几个词一出现,就暴露你在用 AI」 / 作者：慢慢有解）",小红书,职场表达,2026-07-18,2261
"如何让你的职场表达足够""锋利""？","小红书搜索页-职场表达（列表页未逐条取详情链接，标题：如何让你的职场表达足够""锋利""？ / 作者：Pitaaaa的成长笔记）",小红书,职场表达,2026-07-18,21
员工沟通技巧提升，2025年职场必备能力,https://www.jiandaoyun.com/news/article/68666681229b892d52814704,网页,职场表达,2026-07-18,—
面试官是怎么判断你沟通能力好不好的,小红书搜索页-面试技巧（列表页未逐条取详情链接，标题：面试官是怎么判断你沟通能力好不好的 / 作者：Mr Jonathan）,小红书,面试技巧,2026-07-18,7475
HR终面怎么通过：三轮技术面都过了，别折在最后这一关,https://www.mianlingai.com/blog/final-hr-interview-tips-guide-2026/,网页,面试技巧,2026-07-18,—
面试别啥话都说了…,小红书搜索页-面试什么话该说（列表页未逐条取详情链接，标题：面试别啥话都说了… / 作者：阿乔）,小红书,面试什么话该说,2026-07-18,405
第一次和 Director 1:1，别只做自我介绍,小红书搜索页-面试什么话该说（列表页未逐条取详情链接，标题：第一次和 Director 1:1，别只做自我介绍 / 作者：Aries）,小红书,面试什么话该说,2026-07-18,27
听不懂HR的潜台词❓难怪面试不成功❗️,小红书搜索页-面试什么话不能说（列表页未逐条取详情链接，标题：听不懂HR的潜台词❓难怪面试不成功❗️ / 作者：Justin学长）,小红书,面试什么话不能说,2026-07-18,1618
求职避雷|面试千万千万不能说的 5️⃣句话,小红书搜索页-面试什么话不能说（列表页未逐条取详情链接，标题：求职避雷|面试千万千万不能说的 5️⃣句话 / 作者：幺妹儿运营日记）,小红书,面试什么话不能说,2026-07-18,1574
什么是机构化思维,小红书搜索页-结构化面试答题框架（列表页未逐条取详情链接，标题：什么是机构化思维 / 作者：阿山小卖部life🌟）,小红书,结构化面试答题框架,2026-07-18,517
老夏结构化面试思维导图（两页纸打印版）,小红书搜索页-结构化面试答题框架（列表页未逐条取详情链接，标题：老夏结构化面试思维导图（两页纸打印版） / 作者：晓风尚岸）,小红书,结构化面试答题框架,2026-07-18,5157
考前梳理｜应急应变题思维导图‼️,小红书搜索页-结构化面试答题框架（列表页未逐条取详情链接，标题：考前梳理｜应急应变题思维导图‼️ / 作者：派派大王（公文版））,小红书,结构化面试答题框架,2026-07-18,3786
结构化面试万能素材库！考前3天背完足够了,小红书搜索页-结构化面试答题框架（列表页未逐条取详情链接，标题：结构化面试万能素材库！考前3天背完足够了 / 作者：青葱鱼块咨询我）,小红书,结构化面试答题框架,2026-07-18,1986
结构化面试📑5大题型万能答题思路及解析,小红书搜索页-结构化面试答题框架（列表页未逐条取详情链接，标题：结构化面试📑5大题型万能答题思路及解析 / 作者：关小越📚）,小红书,结构化面试答题框架,2026-07-18,131
结构化面试怎么准备：六大题型答题框架与AI辅助实战攻略,https://www.mianlingai.com/blog/structured-interview-tips-ai-guide/,网页,结构化面试答题框架,2026-07-18,—
🇨🇦加拿大求职‖职场面试礼仪大盘点,小红书搜索页-面试礼仪（列表页未逐条取详情链接，标题：🇨🇦加拿大求职‖职场面试礼仪大盘点 / 作者：PowerCareer职力求职咨询）,小红书,面试礼仪,2026-07-18,4538
🔥🔥🔥从候场到进场，30分钟反杀面试官,小红书搜索页-面试礼仪（列表页未逐条取详情链接，标题：🔥🔥🔥从候场到进场，30分钟反杀面试官 / 作者：斐常职场）,小红书,面试礼仪,2026-07-18,130
自信有气场的上台方式。,小红书搜索页-面试礼仪（列表页未逐条取详情链接，标题：自信有气场的上台方式。 / 作者：主持演讲口才培训-汪伟）,小红书,面试礼仪,2026-07-18,748
公务员面试着装官方规范是什么？,https://m.huatu.com/2026/0323/2855085.html,网页,面试礼仪,2026-07-18,—
省考面试成功的秘密：礼仪与着装全攻略！,https://m.sohu.com/a/883611144_121956424/?pvid=000115_3w_a,网页,面试礼仪,2026-07-18,—
结构化面试，直接打印！！,小红书搜索页-结构化面试100题（列表页未逐条取详情链接，标题：结构化面试，直接打印！！ / 作者：懒懒小朋友）,小红书,结构化面试100题,2026-07-18,6471
2026最新面试热点分享：政务龙虾,小红书搜索页-结构化面试100题（列表页未逐条取详情链接，标题：2026最新面试热点分享：政务龙虾 / 作者：超格面试）,小红书,结构化面试100题,2026-07-18,5646
面试通关技巧！面试时不要太老实,小红书搜索页-结构化面试100题（列表页未逐条取详情链接，标题：面试通关技巧！面试时不要太老实 / 作者：每日表达力跟练）,小红书,结构化面试100题,2026-07-18,3569
5.4面试热点:冰箱干部,小红书搜索页-结构化面试100题（列表页未逐条取详情链接，标题：5.4面试热点:冰箱干部 / 作者：沐曦讲面试）,小红书,结构化面试100题,2026-07-18,2840
结构化面试全场第一拿到题目是如何分析的,小红书搜索页-结构化面试100题（列表页未逐条取详情链接，标题：结构化面试全场第一拿到题目是如何分析的 / 作者：Harvest month）,小红书,结构化面试100题,2026-07-18,2153
结构化面试练习套题20260223,小红书搜索页-结构化面试100题（列表页未逐条取详情链接，标题：结构化面试练习套题20260223 / 作者：胖大海的考公日记）,小红书,结构化面试100题,2026-07-18,1285
结构化每日一练#68,小红书搜索页-结构化面试100题（列表页未逐条取详情链接，标题：结构化每日一练#68 / 作者：总分总 进步）,小红书,结构化面试100题,2026-07-18,1384
中小学教资面试结构化真题，熬夜背完稳！,小红书搜索页-结构化面试100题（列表页未逐条取详情链接，标题：中小学教资面试结构化真题，熬夜背完稳！ / 作者：小新要上岸）,小红书,结构化面试100题,2026-07-18,1104
直接背！结构化面试应急应变30种万能回答,小红书搜索页-结构化面试100题（列表页未逐条取详情链接，标题：直接背！结构化面试应急应变30种万能回答 / 作者：公考搭子2号）,小红书,结构化面试100题,2026-07-18,1094
26上教资面试结构化真题🔥,小红书搜索页-结构化面试100题（列表页未逐条取详情链接，标题：26上教资面试结构化真题🔥 / 作者：卢姨讲教资）,小红书,结构化面试100题,2026-07-18,958
公务员结构化面试经典100题及答案,https://m.gwy.com/gjgwy/82599.html,网页,结构化面试100题,2026-07-18,—
2026最新结构化面试题库大全（附评分表）完整版,https://www.doc88.com/p-86619673754318.html,网页,结构化面试100题,2026-07-18,—
用 AI 面试作弊，还拿到了亚马逊的offer,小红书搜索页-AI面试（列表页未逐条取详情链接，标题：用 AI 面试作弊，还拿到了亚马逊的offer / 作者：晓白和林亦）,小红书,AI面试,2026-07-18,8296
如何用 ChatGPT Mock 面试,小红书搜索页-AI面试（列表页未逐条取详情链接，标题：如何用 ChatGPT Mock 面试 / 作者：kitty.婷）,小红书,AI面试,2026-07-18,853
湾区AI startup面试图鉴,小红书搜索页-AI面试（列表页未逐条取详情链接，标题：湾区AI startup面试图鉴 / 作者：aiaianny_）,小红书,AI面试,2026-07-18,596
慎用ai 面试助手,小红书搜索页-AI面试（列表页未逐条取详情链接，标题：慎用ai 面试助手 / 作者：Momo_wang3yi）,小红书,AI面试,2026-07-18,178
谷歌宣布面试可以用Gemini AI,小红书搜索页-AI面试（列表页未逐条取详情链接，标题：谷歌宣布面试可以用Gemini AI / 作者：宽哥琢磨AI）,小红书,AI面试,2026-07-18,208
用 AI 搓了个面试辅助软件，直接开源,小红书搜索页-AI面试（列表页未逐条取详情链接，标题：用 AI 搓了个面试辅助软件，直接开源 / 作者：Boris 麦当）,小红书,AI面试,2026-07-18,120
面试官：Agent与对话式AI有什么本质区别？,小红书搜索页-AI面试（列表页未逐条取详情链接，标题：面试官：Agent与对话式AI有什么本质区别？ / 作者：小唐的AI产品日记）,小红书,AI面试,2026-07-18,49
AI产品经理面试：Vibe Coding能写进简历吗,小红书搜索页-AI面试（列表页未逐条取详情链接，标题：AI产品经理面试：Vibe Coding能写进简历吗 / 作者：老高的产品脑）,小红书,AI面试,2026-07-18,41
2026最全AI大模型面试题｜Agent面试题｜AI应用开发面试题,https://xiaolincoding.com/project/xiaolinnote.html,网页,AI面试,2026-07-18,—
2026 最新 AI Agent 岗面试复盘：拿到三个offer 我总结了这些考点,https://zhuanlan.zhihu.com/p/2024857901227885757,网页,AI面试,2026-07-18,—
2026最全大模型面经汇总｜Agent、RAG、Transformer面试题与回答思路,https://notes.kamacoder.com/interview/llm/,网页,AI面试,2026-07-18,—
如何让你的职场沟通拥有“高管感”,小红书搜索页-职场表达（列表页未逐条取详情链接，标题：如何让你的职场沟通拥有“高管感” / 作者：Pitaaaa的成长笔记）,小红书,职场表达,2026-07-18,3278
🇨🇳 中国职场黑话🇺🇸 对应的美式表达（10个）,小红书搜索页-职场表达（列表页未逐条取详情链接，标题：🇨🇳 中国职场黑话🇺🇸 对应的美式表达（10个） / 作者：大卫不可以）,小红书,职场表达,2026-07-18,45
别一开口，就用“弱者表达”自毁了权威,小红书搜索页-职场表达（列表页未逐条取详情链接，标题：别一开口，就用“弱者表达”自毁了权威 / 作者：Nina老师讲管理）,小红书,职场表达,2026-07-18,101
面试揭秘：自我介绍重要吗？怎么说更好？,小红书搜索页-面试什么话不能说（列表页未逐条取详情链接，标题：面试揭秘：自我介绍重要吗？怎么说更好？ / 作者：产品老曾（聊职场进阶））,小红书,面试什么话不能说,2026-07-18,1198
Video Interview面来面去无非就是这些题,https://www.xiaohongshu.com/explore/66d991e40000000027001552?xsec_token=AB3_d0KGJQC40uwjdoaM-J0-rUFfreZ9o3dz9Hu48IT2Q=&xsec_source=pc_search,小红书,视频面试技巧,2026-07-18,372
不要低估了视频面试,https://www.xiaohongshu.com/explore/69b8d4900000000028008f8e?xsec_token=ABqbKfxFWjuPLUy_cq_xXqA5V7iQq1laRtUw6p9zOGPnY=&xsec_source=pc_search,小红书,视频面试技巧,2026-07-18,83
还有30分钟就要面试Meta了， 该怎么办,https://www.xiaohongshu.com/explore/68d331df000000001301915e?xsec_token=ABrWu3pnZS4Jz8Uoz_8PKMvTzfE1csFBlIJxwwIuzCbKE=&xsec_source=pc_search,小红书,视频面试技巧,2026-07-18,1316
一些道歉小技巧,https://www.xiaohongshu.com/explore/6942d44d000000000d03a9fa?xsec_token=ABilTjcczIAhSdcPVuAl6EikydSPMijKDwfmKJ7XR3H9c=&xsec_source=pc_search,小红书,面试说错话补救技巧,2026-07-18,4668
工作失误怎么办，做好这几点，老板更欣赏你,https://www.xiaohongshu.com/explore/68d3c4ac000000001202cebf?xsec_token=ABrWu3pnZS4Jz8Uoz_8PKMvWgvUh3oDX21tgLbaMMLd9Y=&xsec_source=pc_search,小红书,面试说错话补救技巧,2026-07-18,173
一招消除，面试紧张,https://www.xiaohongshu.com/explore/6a4fe317000000000e031400?xsec_token=AB1c9wMKbKKUMGfGaZWflhzSncMQllHd98jzTf8Grk7dM=&xsec_source=pc_search,小红书,面试说错话补救技巧,2026-07-18,18
🕰️嘴滑之后三步救场，社死？不存在！,https://www.xiaohongshu.com/explore/68512d88000000002102d91c?xsec_token=ABhkGh6wXMM_UuUN3Nd5e0F4IdQqhFCa5CnS7JFQi6xt8=&xsec_source=pc_search,小红书,面试说错话补救技巧,2026-07-18,165
哭了😭为什么我面试前没看到这些话术,https://www.xiaohongshu.com/explore/65fd7a9400000000120209c7?xsec_token=ABvFUtpxTcw-6uQ3ROrLo0OT0AovOi1Ry41Ifjlg-DUus=&xsec_source=pc_search,小红书,面试说错话补救技巧,2026-07-18,12000
面试回答错了，事后要解释吗？,https://www.xiaohongshu.com/explore/66ec9704000000002603e0bf?xsec_token=ABBGmsXwsT9xRGxtmoiRMm91OKakUVJGZb0ax_mKKlLJY=&xsec_source=pc_search,小红书,面试说错话补救技巧,2026-07-18,65
不小心说错了话怎么补救,https://www.xiaohongshu.com/explore/684cd346000000000f032914?xsec_token=ABX9WDnFJor8-Qmku6G4PvOyjvhCsaVqDtWXMhcVIpZLE=&xsec_source=pc_search,小红书,面试说错话补救技巧,2026-07-18,309
不小心说错话怎么办？😱3个万能补救技巧！,https://www.xiaohongshu.com/explore/6a578a3300000000110136cf?xsec_token=AB0Jap9cngF1TJIj_gyas9rk4poDrC_15tkpGR4mVuWzo=&xsec_source=pc_search,小红书,面试说错话补救技巧,2026-07-18,2869
面试表现不佳，一招教你挽回OFFER,https://www.xiaohongshu.com/explore/680492f5000000001c0060d8?xsec_token=ABAMDPOW4mSyAq7BNqXhmo38INDh2jBC0Iw6EbsuZvkUE=&xsec_source=pc_search,小红书,面试说错话补救技巧,2026-07-18,132
职场得罪领导，无需讨好示弱，3点应对！,https://www.xiaohongshu.com/explore/67a5d104000000001800d11a?xsec_token=AB1gjG87gnIZaAv-L9_mVMmQJ1Xfn2_8SFmcoQlZolaIU=&xsec_source=pc_search,小红书,面试说错话补救技巧,2026-07-18,640
面试时出错了怎么办？有哪些补救技巧？ - 知页简历,https://www.zhiyeapp.com/jlgl/RyZ8yx.html,网页,面试说错话补救技巧,2026-07-18,—
面试指导：面试过程中说错话怎么办_华图教育,https://m.hlj.huatu.com/2021/1130/1918176.html,网页,面试说错话补救技巧,2026-07-18,—
群面感觉是这样的,https://www.xiaohongshu.com/explore/694a900e000000000d038ef3?xsec_token=ABIjVZ_p-g9_yIERiX75cLQAN9orzV5-dFXWycumYTbGg=&xsec_source=pc_search,小红书,群面一般会留下几个人,2026-07-18,93000
到底谁发明的群面。,https://www.xiaohongshu.com/explore/68dbb52e0000000004023014?xsec_token=ABWvdoXiHRdzUkga6s3M7z1VTbo_u70vxPFQjwy_-ZPns=&xsec_source=pc_search,小红书,群面一般会留下几个人,2026-07-18,4893
i人必看，群面不当leader也稳拿offer？,https://www.xiaohongshu.com/explore/68ee60e80000000007015eed?xsec_token=AB9m6nVI2-zUwPnziJv7aXX67K7HwQBbWeg5ZT80yjkgg=&xsec_source=pc_search,小红书,群面一般会留下几个人,2026-07-18,344
面试官视角下的群面（上）,https://www.xiaohongshu.com/explore/68bbf7b6000000001c0374b7?xsec_token=AB_cixabiXr-z96I5t3vdI0iZC8huwXMcKqXIxrdmIxLA=&xsec_source=pc_search,小红书,群面一般会留下几个人,2026-07-18,491
hr视角的群面是怎么样的呢,https://www.xiaohongshu.com/explore/6800ab78000000000900d74e?xsec_token=AB52wtiI_BSQNzpsbLbNL-qx7R8kaEdLuIhYL9MQ_fFdY=&xsec_source=pc_search,小红书,群面一般会留下几个人,2026-07-18,538
🇨🇦小伦敦幼教兼职-面试经验和时间线,https://www.xiaohongshu.com/explore/68cd9724000000001003e084?xsec_token=AB2bNJGvGicZ5qEy85b9ll7ML12nQFS47bPXUuMHCkOL0=&xsec_source=pc_search,小红书,群面一般会留下几个人,2026-07-18,95
两个小时群面，已失去所有力气……,小红书搜索页-群面一般会留下几个人（列表页未逐条取详情链接，标题：两个小时群面，已失去所有力气…… / 作者：钞票公主）,小红书,群面一般会留下几个人,2026-07-18,243
美的群面完了，随便问,小红书搜索页-群面一般会留下几个人（列表页未逐条取详情链接，标题：美的群面完了，随便问 / 作者：我还没上车！（上车版））,小红书,群面一般会留下几个人,2026-07-18,280
🔥存一下吧，腾讯手把手教你群面！！！,小红书搜索页-群面一般会留下几个人（列表页未逐条取详情链接，标题：🔥存一下吧，腾讯手把手教你群面！！！ / 作者：重生之我想进腾讯）,小红书,群面一般会留下几个人,2026-07-18,2390
昨天mentor跟我说了群面的真相……,小红书搜索页-群面一般会留下几个人（列表页未逐条取详情链接，标题：昨天mentor跟我说了群面的真相…… / 作者：立黄昏）,小红书,群面一般会留下几个人,2026-07-18,18
MBA提面 | 无领导小组面试（群面）攻略来了 - MBAChina网,https://www.mbachina.com/html/mbams/202203/419211.html,网页,群面一般会留下几个人,2026-07-18,—
无领导小组讨论流程是什么？经典案例回顾,https://boardmix.cn/article/leaderlessgroupdiscussion/,网页,群面一般会留下几个人,2026-07-18,—
【面试干货】0-1教你如何拿下群面无领导小组讨论-鸟哥笔记,https://www.niaogebiji.com/article-497540-1.html,网页,群面一般会留下几个人,2026-07-18,—
又emo?反应慢不会聊天接话，嘴笨？给你6招,小红书搜索页-反应慢不会接话怎么办（列表页未逐条取详情链接，标题：又emo?反应慢不会聊天接话，嘴笨？给你6招 / 作者：在下欢喜练表达）,小红书,反应慢不会接话怎么办,2026-07-18,21000
第8天｜每天坚持10分钟，嘴巴脑子变灵活,小红书搜索页-反应慢不会接话怎么办（列表页未逐条取详情链接，标题：第8天｜每天坚持10分钟，嘴巴脑子变灵活 / 作者：练口才日记）,小红书,反应慢不会接话怎么办,2026-07-18,366
接话能力是怎样练出来的？27个接话实用技巧,小红书搜索页-反应慢不会接话怎么办（列表页未逐条取详情链接，标题：接话能力是怎样练出来的？27个接话实用技巧 / 作者：熹光指南）,小红书,反应慢不会接话怎么办,2026-07-18,198
当我问deepseek：笨嘴反应慢，应该怎么办,小红书搜索页-反应慢不会接话怎么办（列表页未逐条取详情链接，标题：当我问deepseek：笨嘴反应慢，应该怎么办 / 作者：问麻AI）,小红书,反应慢不会接话怎么办,2026-07-18,22000
五个方法提高瞬时反应能力，嘴笨也能开挂,小红书搜索页-反应慢不会接话怎么办（列表页未逐条取详情链接，标题：五个方法提高瞬时反应能力，嘴笨也能开挂 / 作者：今天要早睡吖🌸）,小红书,反应慢不会接话怎么办,2026-07-18,2390
嘴笨不会接话，这个技巧帮你成为沟通高手,小红书搜索页-反应慢不会接话怎么办（列表页未逐条取详情链接，标题：嘴笨不会接话，这个技巧帮你成为沟通高手 / 作者：李中莹-心灵导师）,小红书,反应慢不会接话怎么办,2026-07-18,5204
被夸只会说“没有啦”？码住50句高情商接话,小红书搜索页-反应慢不会接话怎么办（列表页未逐条取详情链接，标题：被夸只会说“没有啦”？码住50句高情商接话 / 作者：是沐沐呀✨在养自己）,小红书,反应慢不会接话怎么办,2026-07-18,7830
社恐i人救命万能接话公式,小红书搜索页-反应慢不会接话怎么办（列表页未逐条取详情链接，标题：社恐i人救命万能接话公式 / 作者：成长进化论up）,小红书,反应慢不会接话怎么办,2026-07-18,8
嘴笨反应慢，一定要狂刷这六部综艺‼️,小红书搜索页-反应慢不会接话怎么办（列表页未逐条取详情链接，标题：嘴笨反应慢，一定要狂刷这六部综艺‼️ / 作者：星雨成长）,小红书,反应慢不会接话怎么办,2026-07-18,652
很多人不是不会聊天，是太着急解决问题,小红书搜索页-反应慢不会接话怎么办（列表页未逐条取详情链接，标题：很多人不是不会聊天，是太着急解决问题 / 作者：钟钟噜噜哒）,小红书,反应慢不会接话怎么办,2026-07-18,8279
反应慢、不会接话的表现和解决方法 - 360社区,https://bbs.360.cn/thread-16144965-1-1.html,网页,反应慢不会接话怎么办,2026-07-18,—
职场沟通困难的典型表现、原因和解决方案 | 专家智库 - 知乎,https://zhuanlan.zhihu.com/p/547730765,网页,反应慢不会接话怎么办,2026-07-18,—
强烈建议自媒体人都去看看Dan Koe这期视频,小红书搜索页-职场表达能力训练（列表页未逐条取详情链接，标题：强烈建议自媒体人都去看看Dan Koe这期视频 / 作者：是大鱼吖）,小红书,职场表达能力训练,2026-07-18,1708
“你永远不会知道说中文的我有多聪明”,小红书搜索页-职场表达能力训练（列表页未逐条取详情链接，标题：“你永远不会知道说中文的我有多聪明” / 作者：Mr Jonathan Office）,小红书,职场表达能力训练,2026-07-18,986
如何提高口才？罗翔这段话含金量太高了,小红书搜索页-职场表达能力训练（列表页未逐条取详情链接，标题：如何提高口才？罗翔这段话含金量太高了 / 作者：言鲁的电影笔记）,小红书,职场表达能力训练,2026-07-18,2109
别再傻乎乎回家等通知，听懂面试官暗示,https://www.xiaohongshu.com/search_result?keyword=%E9%9D%A2%E8%AF%95%E6%BD%9C%E5%8F%B0%E8%AF%8D（列表页未逐条取详情链接，标题：别再傻乎乎回家等通知，听懂面试官暗示 / 作者：王哥是个百事通）,小红书,面试潜台词,2026-07-18,2.8万
面试被问什么时候入职？三个角度给你答案！,https://www.xiaohongshu.com/search_result?keyword=%E9%9D%A2%E8%AF%95%E6%BD%9C%E5%8F%B0%E8%AF%8D（列表页未逐条取详情链接，标题：面试被问什么时候入职？三个角度给你答案！ / 作者：冰冰要成长）,小红书,面试潜台词,2026-07-18,1.4万
找工作潜台词你知道多少？,https://www.xiaohongshu.com/search_result?keyword=%E9%9D%A2%E8%AF%95%E6%BD%9C%E5%8F%B0%E8%AF%8D（列表页未逐条取详情链接，标题：找工作潜台词你知道多少？ / 作者：宝Q）,小红书,面试潜台词,2026-07-18,1万
面试反反复复问的就是这16个问题,https://www.xiaohongshu.com/search_result?keyword=%E9%9D%A2%E8%AF%95%E6%BD%9C%E5%8F%B0%E8%AF%8D（列表页未逐条取详情链接，标题：面试反反复复问的就是这16个问题 / 作者：安安的安）,小红书,面试潜台词,2026-07-18,9049
面试官的潜台词，你知道几个？,https://www.xiaohongshu.com/search_result?keyword=%E9%9D%A2%E8%AF%95%E6%BD%9C%E5%8F%B0%E8%AF%8D（列表页未逐条取详情链接，标题：面试官的潜台词，你知道几个？ / 作者：求职找土豆🥔）,小红书,面试潜台词,2026-07-18,8357
大环境不好，找工作要读懂面试官的潜台词,https://www.xiaohongshu.com/search_result?keyword=%E9%9D%A2%E8%AF%95%E6%BD%9C%E5%8F%B0%E8%AF%8D（列表页未逐条取详情链接，标题：大环境不好，找工作要读懂面试官的潜台词 / 作者：小帅的初职场）,小红书,面试潜台词,2026-07-18,5768
"HR那些""弯弯绕绕""的潜台词，你听懂了吗？💥","https://www.xiaohongshu.com/search_result?keyword=%E9%9D%A2%E8%AF%95%E6%BD%9C%E5%8F%B0%E8%AF%8D（列表页未逐条取详情链接，标题：HR那些""弯弯绕绕""的潜台词，你听懂了吗？💥 / 作者：职业规划王老师）",小红书,面试潜台词,2026-07-18,4267
🔥60s教你读懂HR的潜台词（附回答✅）,https://www.xiaohongshu.com/search_result?keyword=%E9%9D%A2%E8%AF%95%E6%BD%9C%E5%8F%B0%E8%AF%8D（列表页未逐条取详情链接，标题：🔥60s教你读懂HR的潜台词（附回答✅） / 作者：小招AI）,小红书,面试潜台词,2026-07-18,3270
面试中，想招你的人，一般都暗示得很明显,https://www.xiaohongshu.com/search_result?keyword=%E9%9D%A2%E8%AF%95%E6%BD%9C%E5%8F%B0%E8%AF%8D（列表页未逐条取详情链接，标题：面试中，想招你的人，一般都暗示得很明显 / 作者：林木互联网职场说）,小红书,面试潜台词,2026-07-18,739
面试官招聘潜台词,https://www.xiaohongshu.com/search_result?keyword=%E9%9D%A2%E8%AF%95%E6%BD%9C%E5%8F%B0%E8%AF%8D（列表页未逐条取详情链接，标题：面试官招聘潜台词 / 作者：冤种小徐）,小红书,面试潜台词,2026-07-18,356
"如何让你的职场沟通拥有""高管感""","https://www.xiaohongshu.com/search_result?keyword=%E8%81%8C%E5%9C%BA%E8%A1%A8%E8%BE%BE（列表页未逐条取详情链接，标题：如何让你的职场沟通拥有""高管感"" / 作者：Pitaaaa的成长笔记）",小红书,职场表达,2026-07-18,3291
"【一条讲透】怎么打磨""TED级演讲（下）？","https://www.xiaohongshu.com/search_result?keyword=%E8%81%8C%E5%9C%BA%E8%A1%A8%E8%BE%BE（列表页未逐条取详情链接，标题：【一条讲透】怎么打磨""TED级演讲（下）？ / 作者：脱不花）",小红书,职场表达,2026-07-18,1955
"工作沟通中，切忌""弱者表达""","https://www.xiaohongshu.com/search_result?keyword=%E8%81%8C%E5%9C%BA%E8%A1%A8%E8%BE%BE（列表页未逐条取详情链接，标题：工作沟通中，切忌""弱者表达"" / 作者：卖萌七颗牙）",小红书,职场表达,2026-07-18,1650
如何成为一个表达能力很强的人？,https://www.xiaohongshu.com/search_result?keyword=%E8%81%8C%E5%9C%BA%E8%A1%A8%E8%BE%BE（列表页未逐条取详情链接，标题：如何成为一个表达能力很强的人？ / 作者：张琦商业教育）,小红书,职场表达,2026-07-18,703
向国企大佬学来的开会发言技巧（实操版）,https://www.xiaohongshu.com/search_result?keyword=%E8%81%8C%E5%9C%BA%E8%A1%A8%E8%BE%BE（列表页未逐条取详情链接，标题：向国企大佬学来的开会发言技巧（实操版） / 作者：出走的娜拉|职场兵法）,小红书,职场表达,2026-07-18,576
8个高频实用沟通模型,https://www.xiaohongshu.com/search_result?keyword=%E8%81%8C%E5%9C%BA%E8%A1%A8%E8%BE%BE（列表页未逐条取详情链接，标题：8个高频实用沟通模型 / 作者：Y姐的职场日记）,小红书,职场表达,2026-07-18,209
"别一开口，就用""弱者表达""自毁了权威","https://www.xiaohongshu.com/search_result?keyword=%E8%81%8C%E5%9C%BA%E8%A1%A8%E8%BE%BE（列表页未逐条取详情链接，标题：别一开口，就用""弱者表达""自毁了权威 / 作者：Nina老师讲管理）",小红书,职场表达,2026-07-18,104
❓为什么美国人在职场敢显得自己 Greedy？,https://www.xiaohongshu.com/search_result?keyword=%E8%81%8C%E5%9C%BA%E8%A1%A8%E8%BE%BE（列表页未逐条取详情链接，标题：❓为什么美国人在职场敢显得自己 Greedy？ / 作者：职场土豆）,小红书,职场表达,2026-07-18,12
面试官最喜欢的7个离职原因❕❕不怕背调版,https://www.xiaohongshu.com/search_result?keyword=%E9%9D%A2%E8%AF%95%E6%8A%80%E5%B7%A7（列表页未逐条取详情链接，标题：面试官最喜欢的7个离职原因❕❕不怕背调版 / 作者：赵十七）,小红书,面试技巧,2026-07-18,4.1万
面试技巧（36）35+去面试，避坑指南！,https://www.xiaohongshu.com/search_result?keyword=%E9%9D%A2%E8%AF%95%E6%8A%80%E5%B7%A7（列表页未逐条取详情链接，标题：面试技巧（36）35+去面试，避坑指南！ / 作者：华哥职升）,小红书,面试技巧,2026-07-18,1531
"考官想听的""万能开头""—模板，破！","https://www.xiaohongshu.com/search_result?keyword=%E9%9D%A2%E8%AF%95%E4%BB%80%E4%B9%88%E8%AF%9D%E8%AF%A5%E8%AF%B4（列表页未逐条取详情链接，标题：考官想听的""万能开头""—模板，破！ / 作者：迷途中一书童）",小红书,面试什么话该说,2026-07-18,7705
面试一定要有框架,https://www.xiaohongshu.com/search_result?keyword=%E9%9D%A2%E8%AF%95%E4%BB%80%E4%B9%88%E8%AF%9D%E8%AF%A5%E8%AF%B4（列表页未逐条取详情链接，标题：面试一定要有框架 / 作者：令一野）,小红书,面试什么话该说,2026-07-18,2167
好用答题思路分享：当面试官问你如何利用ai,https://www.xiaohongshu.com/search_result?keyword=%E9%9D%A2%E8%AF%95%E4%BB%80%E4%B9%88%E8%AF%9D%E8%AF%A5%E8%AF%B4（列表页未逐条取详情链接，标题：好用答题思路分享：当面试官问你如何利用ai / 作者：长缨不嘤嘤）,小红书,面试什么话该说,2026-07-18,1655
面试的本质，其实就是气质筛选～✅,https://www.xiaohongshu.com/search_result?keyword=%E9%9D%A2%E8%AF%95%E4%BB%80%E4%B9%88%E8%AF%9D%E8%AF%A5%E8%AF%B4（列表页未逐条取详情链接，标题：面试的本质，其实就是气质筛选～✅ / 作者：建林聊职场）,小红书,面试什么话该说,2026-07-18,1059
三个面试问题直接决定你的去留,https://www.xiaohongshu.com/search_result?keyword=%E9%9D%A2%E8%AF%95%E4%BB%80%E4%B9%88%E8%AF%9D%E8%AF%A5%E8%AF%B4（列表页未逐条取详情链接，标题：三个面试问题直接决定你的去留 / 作者：七夜梓谈）,小红书,面试什么话该说,2026-07-18,627
有些离职原因，真的别说,https://www.xiaohongshu.com/search_result?keyword=%E9%9D%A2%E8%AF%95%E4%BB%80%E4%B9%88%E8%AF%9D%E4%B8%8D%E8%83%BD%E8%AF%B4（列表页未逐条取详情链接，标题：有些离职原因，真的别说 / 作者：一只懒杨）,小红书,面试什么话不能说,2026-07-18,5633
🆘有些面试，其实不招人而是在玩人…,https://www.xiaohongshu.com/search_result?keyword=%E9%9D%A2%E8%AF%95%E4%BB%80%E4%B9%88%E8%AF%9D%E4%B8%8D%E8%83%BD%E8%AF%B4（列表页未逐条取详情链接，标题：🆘有些面试，其实不招人而是在玩人… / 作者：建林聊职场）,小红书,面试什么话不能说,2026-07-18,4436
"35岁面试，被问""婚育情况""怎么回？","https://www.xiaohongshu.com/search_result?keyword=%E9%9D%A2%E8%AF%95%E4%BB%80%E4%B9%88%E8%AF%9D%E4%B8%8D%E8%83%BD%E8%AF%B4（列表页未逐条取详情链接，标题：35岁面试，被问""婚育情况""怎么回？ / 作者：南亭NanTing）",小红书,面试什么话不能说,2026-07-18,294
面试官最反感的六句话！你还说呀⁉️,https://www.xiaohongshu.com/search_result?keyword=%E9%9D%A2%E8%AF%95%E4%BB%80%E4%B9%88%E8%AF%9D%E4%B8%8D%E8%83%BD%E8%AF%B4（列表页未逐条取详情链接，标题：面试官最反感的六句话！你还说呀⁉️ / 作者：38度旅游）,小红书,面试什么话不能说,2026-07-18,39
面试潜台词大全：听不懂HR黑话，坑的就是你,https://www.xiaohongshu.com/search_result?keyword=%E9%9D%A2%E8%AF%95%E4%BB%80%E4%B9%88%E8%AF%9D%E4%B8%8D%E8%83%BD%E8%AF%B4（列表页未逐条取详情链接，标题：面试潜台词大全：听不懂HR黑话，坑的就是你 / 作者：职无不言）,小红书,面试什么话不能说,2026-07-18,8
面试官最喜欢的7个离职原因❕❕不怕背调版,https://www.xiaohongshu.com/search_result?keyword=%E7%A6%BB%E8%81%8C%E5%8E%9F%E5%9B%A0%E6%80%8E%E4%B9%88%E8%AF%B4（列表页未逐条取详情链接，标题：面试官最喜欢的7个离职原因❕❕不怕背调版 / 作者：赵十七）,小红书,离职原因怎么说,2026-07-18,4.1万
这是面试官听过最舒服的离职原因...HR爱听,https://www.xiaohongshu.com/search_result?keyword=%E7%A6%BB%E8%81%8C%E5%8E%9F%E5%9B%A0%E6%80%8E%E4%B9%88%E8%AF%B4（列表页未逐条取详情链接，标题：这是面试官听过最舒服的离职原因...HR爱听 / 作者：米修）,小红书,离职原因怎么说,2026-07-18,3859
面试时HR最认可的1个离职原因，帮你快速涨薪,https://www.xiaohongshu.com/search_result?keyword=%E7%A6%BB%E8%81%8C%E5%8E%9F%E5%9B%A0%E6%80%8E%E4%B9%88%E8%AF%B4（列表页未逐条取详情链接，标题：面试时HR最认可的1个离职原因，帮你快速涨薪 / 作者：尼尔学长）,小红书,离职原因怎么说,2026-07-18,1193
离职原因这么说，HR听了主动涨薪😎,https://www.xiaohongshu.com/search_result?keyword=%E7%A6%BB%E8%81%8C%E5%8E%9F%E5%9B%A0%E6%80%8E%E4%B9%88%E8%AF%B4（列表页未逐条取详情链接，标题：离职原因这么说，HR听了主动涨薪😎 / 作者：💃娟娟）,小红书,离职原因怎么说,2026-07-18,678
优秀员工提离职，第一步应该做什么？,https://www.xiaohongshu.com/search_result?keyword=%E7%A6%BB%E8%81%8C%E5%8E%9F%E5%9B%A0%E6%80%8E%E4%B9%88%E8%AF%B4（列表页未逐条取详情链接，标题：优秀员工提离职，第一步应该做什么？ / 作者：小M管理笔记）,小红书,离职原因怎么说,2026-07-18,552
6个好用的提离职话术🙋🏻‍巨...好用！,https://www.xiaohongshu.com/search_result?keyword=%E7%A6%BB%E8%81%8C%E5%8E%9F%E5%9B%A0%E6%80%8E%E4%B9%88%E8%AF%B4（列表页未逐条取详情链接，标题：6个好用的提离职话术🙋🏻‍巨...好用！ / 作者：今天摸鱼了吗）,小红书,离职原因怎么说,2026-07-18,502
经典面试问题：你为什么离开上一份工作,https://www.xiaohongshu.com/search_result?keyword=%E7%A6%BB%E8%81%8C%E5%8E%9F%E5%9B%A0%E6%80%8E%E4%B9%88%E8%AF%B4（列表页未逐条取详情链接，标题：经典面试问题：你为什么离开上一份工作 / 作者：Aliciaaaaaa）,小红书,离职原因怎么说,2026-07-18,353
🔥辞职信模板｜体面离职不后悔,https://www.xiaohongshu.com/search_result?keyword=%E7%A6%BB%E8%81%8C%E5%8E%9F%E5%9B%A0%E6%80%8E%E4%B9%88%E8%AF%B4（列表页未逐条取详情链接，标题：🔥辞职信模板｜体面离职不后悔 / 作者：乐来乐职）,小红书,离职原因怎么说,2026-07-18,202
聪明的人离职怎么跟上级说？一分钟教会你！,https://www.xiaohongshu.com/search_result?keyword=%E7%A6%BB%E8%81%8C%E5%8E%9F%E5%9B%A0%E6%80%8E%E4%B9%88%E8%AF%B4（列表页未逐条取详情链接，标题：聪明的人离职怎么跟上级说？一分钟教会你！ / 作者：邓律出击）,小红书,离职原因怎么说,2026-07-18,139
面试中被问到为什么离职时如何灵活回答,https://www.xiaohongshu.com/search_result?keyword=%E7%A6%BB%E8%81%8C%E5%8E%9F%E5%9B%A0%E6%80%8E%E4%B9%88%E8%AF%B4（列表页未逐条取详情链接，标题：面试中被问到为什么离职时如何灵活回答 / 作者：神仙外企）,小红书,离职原因怎么说,2026-07-18,95
Hr必问的14个问题，你知道几个（一）,https://www.xiaohongshu.com/search_result?keyword=hr%E9%97%AE%E9%A2%98（列表页未逐条取详情链接，标题：Hr必问的14个问题，你知道几个（一） / 作者：番茄不吃辣）,小红书,hr问题,2026-07-18,6913
速码!！面过入职前一定要和HR确认的7大问题,https://www.xiaohongshu.com/search_result?keyword=hr%E9%97%AE%E9%A2%98（列表页未逐条取详情链接，标题：速码!！面过入职前一定要和HR确认的7大问题 / 作者：是小歪不是小y）,小红书,hr问题,2026-07-18,4625
HR面试100问（完整版）,https://www.xiaohongshu.com/search_result?keyword=hr%E9%97%AE%E9%A2%98（列表页未逐条取详情链接，标题：HR面试100问（完整版） / 作者：東東 HR）,小红书,hr问题,2026-07-18,3703
人力资源高频面试题！想多拿offer请背下来,https://www.xiaohongshu.com/search_result?keyword=hr%E9%97%AE%E9%A2%98（列表页未逐条取详情链接，标题：人力资源高频面试题！想多拿offer请背下来 / 作者：HR木子学姐）,小红书,hr问题,2026-07-18,2102
作为HR负责人，我是怎么面试人事的,https://www.xiaohongshu.com/search_result?keyword=hr%E9%97%AE%E9%A2%98（列表页未逐条取详情链接，标题：作为HR负责人，我是怎么面试人事的 / 作者：HR左小姐）,小红书,hr问题,2026-07-18,1641
Yvonne's HR Lab | 3个实战派HR开的工作室,https://www.xiaohongshu.com/search_result?keyword=hr%E9%97%AE%E9%A2%98（列表页未逐条取详情链接，标题：Yvonne's HR Lab | 3个实战派HR开的工作室 / 作者：Yvonne's HR Lab）,小红书,hr问题,2026-07-18,1037
面对面，一定要听懂HR的潜台词,https://www.xiaohongshu.com/search_result?keyword=hr%E9%97%AE%E9%A2%98（列表页未逐条取详情链接，标题：面对面，一定要听懂HR的潜台词 / 作者：怀念你的温柔）,小红书,hr问题,2026-07-18,523
人事面试 | 提问设计及流程技巧,https://www.xiaohongshu.com/search_result?keyword=hr%E9%97%AE%E9%A2%98（列表页未逐条取详情链接，标题：人事面试 | 提问设计及流程技巧 / 作者：小熊软糖）,小红书,hr问题,2026-07-18,439
面试高频50问｜附HR动机+答案逻辑📝,https://www.xiaohongshu.com/search_result?keyword=hr%E9%97%AE%E9%A2%98（列表页未逐条取详情链接，标题：面试高频50问｜附HR动机+答案逻辑📝 / 作者：是栗子🌰也是例子）,小红书,hr问题,2026-07-18,385
HR面的经典6问和回答小技巧,https://www.xiaohongshu.com/search_result?keyword=hr%E9%97%AE%E9%A2%98（列表页未逐条取详情链接，标题：HR面的经典6问和回答小技巧 / 作者：汤圆Sara）,小红书,hr问题,2026-07-18,266
说话的先后顺序,https://www.xiaohongshu.com/search_result?keyword=%E7%BB%93%E6%9E%84%E5%8C%96%E8%A1%A8%E8%BE%BE%E4%B8%89%E6%AD%A5%E6%B3%95（列表页未逐条取详情链接，标题：说话的先后顺序 / 作者：刚哥的运营笔记）,小红书,结构化表达三步法,2026-07-18,7647
提升表达力之逐字稿如何整理,https://www.xiaohongshu.com/search_result?keyword=%E7%BB%93%E6%9E%84%E5%8C%96%E8%A1%A8%E8%BE%BE%E4%B8%89%E6%AD%A5%E6%B3%95（列表页未逐条取详情链接，标题：提升表达力之逐字稿如何整理 / 作者：来福要幸福）,小红书,结构化表达三步法,2026-07-18,7387
4步法｜我如何从逻辑小白成为思维高手,https://www.xiaohongshu.com/search_result?keyword=%E7%BB%93%E6%9E%84%E5%8C%96%E8%A1%A8%E8%BE%BE%E4%B8%89%E6%AD%A5%E6%B3%95（列表页未逐条取详情链接，标题：4步法｜我如何从逻辑小白成为思维高手 / 作者：人生管理指南-RAY）,小红书,结构化表达三步法,2026-07-18,6679
说话的逻辑,https://www.xiaohongshu.com/search_result?keyword=%E7%BB%93%E6%9E%84%E5%8C%96%E8%A1%A8%E8%BE%BE%E4%B8%89%E6%AD%A5%E6%B3%95（列表页未逐条取详情链接，标题：说话的逻辑 / 作者：刚哥的运营笔记）,小红书,结构化表达三步法,2026-07-18,4916
如何说话有逻辑？记住这两个模型就可以了！,https://www.xiaohongshu.com/search_result?keyword=%E7%BB%93%E6%9E%84%E5%8C%96%E8%A1%A8%E8%BE%BE%E4%B8%89%E6%AD%A5%E6%B3%95（列表页未逐条取详情链接，标题：如何说话有逻辑？记住这两个模型就可以了！ / 作者：曼鱼的视觉笔记）,小红书,结构化表达三步法,2026-07-18,3539
如何说话更有条理？,https://www.xiaohongshu.com/search_result?keyword=%E7%BB%93%E6%9E%84%E5%8C%96%E8%A1%A8%E8%BE%BE%E4%B8%89%E6%AD%A5%E6%B3%95（列表页未逐条取详情链接，标题：如何说话更有条理？ / 作者：「陈知行」）,小红书,结构化表达三步法,2026-07-18,1911
结构化思考和表达,https://www.xiaohongshu.com/search_result?keyword=%E7%BB%93%E6%9E%84%E5%8C%96%E8%A1%A8%E8%BE%BE%E4%B8%89%E6%AD%A5%E6%B3%95（列表页未逐条取详情链接，标题：结构化思考和表达 / 作者：刚哥的运营笔记）,小红书,结构化表达三步法,2026-07-18,1197
结构化思维4大模型，帮你理清表达思路,https://www.xiaohongshu.com/search_result?keyword=%E7%BB%93%E6%9E%84%E5%8C%96%E8%A1%A8%E8%BE%BE%E4%B8%89%E6%AD%A5%E6%B3%95（列表页未逐条取详情链接，标题：结构化思维4大模型，帮你理清表达思路 / 作者：思诺与你说）,小红书,结构化表达三步法,2026-07-18,978
如何结构化表达,https://www.xiaohongshu.com/search_result?keyword=%E7%BB%93%E6%9E%84%E5%8C%96%E8%A1%A8%E8%BE%BE%E4%B8%89%E6%AD%A5%E6%B3%95（列表页未逐条取详情链接，标题：如何结构化表达 / 作者：燕燕的创业笔记）,小红书,结构化表达三步法,2026-07-18,893
3招结构化表达，降低沟通成本,https://www.xiaohongshu.com/search_result?keyword=%E7%BB%93%E6%9E%84%E5%8C%96%E8%A1%A8%E8%BE%BE%E4%B8%89%E6%AD%A5%E6%B3%95（列表页未逐条取详情链接，标题：3招结构化表达，降低沟通成本 / 作者：夏鹏老师）,小红书,结构化表达三步法,2026-07-18,232
职场沟通技巧，都是满满的学问,https://www.jiemian.com/article/1977209.html,网页,职场表达,2026-07-18,—
在职场汇报中，如何用精炼的语言有效传达复杂信息？,https://www.zhihu.com/question/1975524598637430577/answer/1976317720766194824,网页,职场表达,2026-07-18,—
外企面试技巧的训练法,https://www.woshipm.com/zhichang/9512.html,网页,面试技巧,2026-07-18,—
揭秘九大外企面试技巧，成就你百万年薪,https://zhuanlan.zhihu.com/p/405956823,网页,面试技巧,2026-07-18,—
进外企的10个黄金渠道（2026超详细版）,https://zhuanlan.zhihu.com/p/2012475323481085090,网页,面试技巧,2026-07-18,—
非常规应对「高管面试」，HR小白一定要谨记的忠告！,https://zhaopin.hrloo.com/hr/detail/2974,网页,面试什么话该说,2026-07-18,—
大厂青年的职场新坐标,https://edu.ycwb.com/2026-07/13/content_54226064.htm,网页,面试什么话不能说,2026-07-18,—
72 面试官的问题背后，有哪些潜台词？,https://www.xiaoyuzhoufm.com/episode/63fbe5de2885a5bad8579a4c,网页,面试潜台词,2026-07-18,—
"Best Answer to ""Why Are You Leaving Your Current Job?""（2026 Interviews）",https://bestjobsearchapps.com/articles/en/best-answer-to-why-are-you-leaving-your-current-job-11-sample-responses-for-2026-interviews,网页,离职原因怎么说,2026-07-18,—
58同城：你为什么辞职？如果面试官问你，请这样回答...,https://cn.chinadaily.com.cn/a/202106/17/WS60cb17b4a3101e7ce9755ea0.html,网页,离职原因怎么说,2026-07-18,—
【求职必备】HR常问的50个面试题及应对技巧,https://www.jianliben.com/article/detail/43393,网页,hr问题,2026-07-18,—
李莉高效工作汇报——用结构化思维做工作汇报,https://www.huashijingji.com/index/Course/details?id=29531,网页,结构化表达三步法,2026-07-18,—
汇报工作，被CTO怼了！让我读下麦肯锡的：结构化思考、电梯间汇报法、MECE法则！,http://www.cniteyes.com/archives/36444,网页,结构化表达三步法,2026-07-18,—
外企职场顺畅沟通必备的英语表达4【商务英语学习】 - YouTube,https://www.youtube.com/watch?v=1JZkJ53ZROo,网页,职场表达,2026-07-18,—
2026年外企英语沟通必备！可栗口语（Keli Speak）：让你从职场小白到沟通达人的AI神器_用户,https://www.sohu.com/a/973764811_122382307,网页,职场表达,2026-07-18,—
10个外企必备表达，教你用地道口语与外国同事沟通自如！_Are,https://www.sohu.com/a/307394327_210770,网页,职场表达,2026-07-18,—
不会写，怎敢拼外企——TCS三级跳 解析商务英语写作经典案例 (豆瓣),https://book.douban.com/subject/25827813/,网页,职场表达,2026-07-18,—
在外企与外国同事或领导沟通交流的技巧,https://jingyan.baidu.com/article/3065b3b6f636b8becef8a45d.html,网页,职场表达,2026-07-18,—
跨文化沟通技巧--SJTU-MIT CLGO论坛第38期报道,https://mba.sjtu.edu.cn/news/projectnews/ZHMBA877.html,网页,职场表达,2026-07-18,—
提升商务英语的APP哪个好？2026年外企职场英语神器可栗口语,https://m.tech.china.com/digi/articles/20260107/202601071793407.html,网页,职场表达,2026-07-18,—
外企常用商务英语软件入门：告别哑巴英语,https://view.inews.qq.com/a/20251202A05HUR00,网页,职场表达,2026-07-18,—
国内大厂 vs 外企（6）--沟通方式 - 知乎,https://zhuanlan.zhihu.com/p/542127504,网页,职场表达,2026-07-18,—
有哪些外企人必备的外语沟通小技巧？,https://www.zhihu.com/question/559780807,网页,职场表达,2026-07-18,—
一个30岁以上求职者经历过的致命面试-36氪,https://36kr.com/p/2149997662849543,网页,面试技巧,2026-07-18,—
高端人才招聘，需要掌握这些面试技巧 - 知乎,https://zhuanlan.zhihu.com/p/357541283,网页,面试技巧,2026-07-18,—
35岁程序员的中年求职记：四次碰壁后的深度反思,https://www.cnblogs.com/minily/p/18803259,网页,面试技巧,2026-07-18,—
35+才是职场宝藏，逆势招聘来了？,https://finance.sina.com.cn/jjxw/2024-10-31/doc-incumfpy0360989.shtml,网页,面试技巧,2026-07-18,—
找工作难？她46岁成功再就业，月入过万！,https://www.chinaacc.com/kuaijishiwu/zzjn/su20231226154628.shtml,网页,面试技巧,2026-07-18,—
35岁简历优化技巧,https://www.sina.cn/news/detail/5292710372314114.html,网页,面试技巧,2026-07-18,—
35岁未婚未育的大龄女青年，掌握什么面试技巧更容易拿到offer？,https://www.jiaobu365.com/new/59416,网页,面试技巧,2026-07-18,—
年龄35+，简历直接被pass。。。,https://blog.csdn.net/liyue071714118/article/details/138204467,网页,面试技巧,2026-07-18,—
面试攻略-应届生面试-面试经验-求职面试技巧,https://www.zhiyeapp.com/jlgl/c-2/p-4,网页,面试技巧,2026-07-18,—
面试技巧 - 广州南方学院就业指导中心,https://cddc.nfu.edu.cn/web/index/article-list?type=mianshijiqiao,网页,面试技巧,2026-07-18,—
外企面试最常见的5大问题，你会回答吗？ - 知乎,https://www.zhihu.com/question/583705452,网页,面试什么话该说,2026-07-18,—
转：想进外企你应该知道的七大基本面试知识,https://www.cnblogs.com/xkfz007/articles/2651820.html,网页,面试什么话该说,2026-07-18,—
外企面试技巧通用12篇,https://www.xueshu.com/haowen/70880.html,网页,面试什么话该说,2026-07-18,—
外企面试攻略- 小组讨论,https://www.douban.com/group/topic/77677758/,网页,面试什么话该说,2026-07-18,—
外企面试技巧 - 经济管理学院,https://em.seu.edu.cn/2011/0429/c9304a75717/page.psp,网页,面试什么话该说,2026-07-18,—
外企英文面试：HR提问的高频面试问题 - 知乎,https://zhuanlan.zhihu.com/p/686329529,网页,面试什么话该说,2026-07-18,—
外企面试顺利通关全攻略！ - 知乎,https://zhuanlan.zhihu.com/p/367010672,网页,面试什么话该说,2026-07-18,—
外企面试中常见的10个问题及最佳回答思路,https://www.betasess.com/forum/topic/2034.html,网页,面试什么话该说,2026-07-18,—
外企|面试攻略及走心思路解析 - 知乎,https://zhuanlan.zhihu.com/p/694262983,网页,面试什么话该说,2026-07-18,—
面试时千万不能说的三个大忌是什么? - 江苏招聘网,https://www.jsrczp.net/show-3981-13311-1.html,网页,面试什么话不能说,2026-07-18,—
应聘面试过程中的五个大忌 - 知乎,https://zhuanlan.zhihu.com/p/362611841,网页,面试什么话不能说,2026-07-18,—
资深面试官眼中的4个面试大忌，每个都会让你被一票否决,https://zhuanlan.zhihu.com/p/247954219,网页,面试什么话不能说,2026-07-18,—
面试大忌：五大你绝对不能在面试中说出的话！,http://m.knowshu.com/qiuzhiziliao/mianshijiqiao/52258.html,网页,面试什么话不能说,2026-07-18,—
向领导汇报工作的七个技巧 - 知乎,https://zhuanlan.zhihu.com/p/397103145,网页,向上汇报话术,2026-07-18,—
培养高效员工丨向上管理，从学会与领导进行对话开始,https://www.franklincovey.com.cn/resource_detail_186.html,网页,向上汇报话术,2026-07-18,—
上级沟通的艺术：信息报告与决策支持,https://blog.csdn.net/jackyrongvip/article/details/123019402,网页,向上汇报话术,2026-07-18,—
高效员工丨向上管理，从学会与领导进行对话开始,http://franklincovey.com.cn/resource_detail_248.html,网页,向上汇报话术,2026-07-18,—
向领导汇报工作有哪些妙招？_共产党员网,https://www.12371.cn/2023/04/21/ARTI1682034242145852.shtml,网页,向上汇报话术,2026-07-18,—
HR 和候选人谈薪资有哪些实用技巧或话术？ - 知乎,https://www.zhihu.com/question/329786208,网页,谈薪技巧,2026-07-18,—
面试谈薪资的技巧与准则_银行如何谈薪,https://blog.csdn.net/weixin_46163479/article/details/135696918,网页,谈薪技巧,2026-07-18,—
面试时薪酬要怎么谈好？ 转载,https://blog.csdn.net/weixin_49099594/article/details/107736838,网页,谈薪技巧,2026-07-18,—
HR谈薪应该学会哪些话术？ - 知乎,https://www.zhihu.com/question/271756197,网页,谈薪技巧,2026-07-18,—
面试时如何和HR谈薪水 - 脉脉,https://maimai.cn/article/detail?fid=1661826776&efid=z34D-ut7HrKLOV0LMu_LnQ,网页,谈薪技巧,2026-07-18,—
技巧 |如何反问面试官?好的反问问题让你更加分！ - 知乎,https://zhuanlan.zhihu.com/p/89584721,网页,面试反问,2026-07-18,—
面試反問問題技巧與答案：有效反問面試官，讓你輕鬆掌握全局,https://vocus.cc/article/673f226cfd8978000167168c,网页,面试反问,2026-07-18,—
HR面/综合面系列：反问环节,https://blog.csdn.net/liz_Lee/article/details/109490720,网页,面试反杀hr,2026-07-18,—
"面试避雷！面试中HR反问:""你还有什么问题吗？""时该怎样回答？ - 知乎",https://zhuanlan.zhihu.com/p/494023411,网页,面试反杀hr,2026-07-18,—
《面试反问终极奥义！这个灵魂拷问让HR秒变心动面试官，offer不请自来！》-CSDN博客,https://blog.csdn.net/qq_39311377/article/details/151685126,网页,面试反杀hr,2026-07-18,—
面试中HR反问「你还有什么问题吗」该如何回答？,http://c.biancheng.net/view/9621.html,网页,面试反杀hr,2026-07-18,—
谈薪酬的正确思路：切记！不要为难HR,https://www.xiaohongshu.com/search_result?keyword=%E8%B0%88%E8%96%AA%E6%8A%80%E5%B7%A7,小红书,谈薪技巧,2026-07-18,83
新人面试被压价？3步反杀HR谈薪现场！,https://www.xiaohongshu.com/search_result?keyword=%E9%9D%A2%E8%AF%95%E5%8F%8D%E6%9D%80hr,小红书,面试反杀hr,2026-07-18,4.1万
专治“阴阳怪气”：把尴尬原路退回,https://www.xiaohongshu.com/search_result?keyword=%E9%9D%A2%E8%AF%95%E8%A2%ABhr%E9%98%B4%E9%98%B3%E6%80%AA%E6%B0%94,小红书,面试被hr阴阳怪气,2026-07-19,26
职场十大阴招，领导都玩不过你,https://www.xiaohongshu.com/search_result?keyword=%E8%81%8C%E5%9C%BA%E7%94%9F%E5%AD%98%E6%B3%95%E5%88%99%E8%AF%9D%E6%9C%AF,小红书,职场生存法则话术,2026-07-19,45
面试最后反问别说“我没问题了”！4 个高情商话术 + 模拟面试，直接锁死 offer,https://www.nowcoder.com/discuss/861180936522637312,网页,面试反杀hr,2026-07-19,—
职场100条生存法则,https://www.cnblogs.com/yakniu/p/16664322.html,网页,职场生存法则话术,2026-07-19,—
管理者的大忌：嘴快,https://www.xiaohongshu.com/explore/69bab70900000000210383b1?xsec_token=AB8dWNCrTq1VcFb0j3C43TkPpfSmOmjkGIxrXib9TGpZM=&xsec_source=pc_search,小红书,职场表达,2026-07-19,1.1万
"如何让你的职场沟通拥有""高管感""",https://www.xiaohongshu.com/explore/69e45896000000001a02f5bc?xsec_token=ABC4DSa-OjjOdSsq0bq2UOfnG0UhvvbZyVC2W2y_JirMc=&xsec_source=pc_search,小红书,职场表达,2026-07-19,3327
"别一开口，就用""弱者表达""自毁了权威",https://www.xiaohongshu.com/explore/695a2e19000000001f00fad0?xsec_token=AB5XPtdmbync3QbjZkwj-4Dkqnm8vZBJ3nBAdoru9YlK0=&xsec_source=pc_search,小红书,职场表达,2026-07-19,107
外企干货| Small talk 高手怎么说话？,https://www.xiaohongshu.com/explore/6a0593730000000008027e72?xsec_token=ABX98OOVjvrVL3rZGpK4x_qAQYMgMvp5Iq2NL_lfe7STU=&xsec_source=pc_search,小红书,职场表达,2026-07-19,974
领导不管问啥，就记住一个话术原则,https://www.xiaohongshu.com/explore/686fc42d0000000010012ee1?xsec_token=ABCVtRQj0SAIteDHi-_aKBOxtX3SsEyFeHv0SzJzTR8LQ=&xsec_source=pc_search,小红书,职场表达,2026-07-19,3719
职场说话避坑指南：7天改掉毁前途的说话习惯,https://www.163.com/dy/article/KUQI2RAM05567AUM.html,网页,职场表达,2026-07-19,—
送给应届生的50条职场语录,https://www.yuwenmi.com/jingdianyulu/25132.html,网页,职场表达,2026-07-19,—
职场攻略｜初入职场，如何乘风破浪,https://sme-career.cuhk.edu.cn/news/view/aid/64839/tag/xngs,网页,职场表达,2026-07-19,—
初入职场，应届生有哪些注意事项？,https://zhuanlan.zhihu.com/p/98166502,网页,职场表达,2026-07-19,—
被天赋型mkt面试大佬的思路震撼到了（二）,https://www.xiaohongshu.com/explore/6a3ceb8c0000000008024fa5?xsec_token=ABv-3lRYhIDm7h69PJmm-psIiIigrMW-HDCao2G0EOvx0=&xsec_source=pc_search,小红书,面试技巧,2026-07-19,429
🔥🔥🔥从候场到进场，30分钟反杀面试官,https://www.xiaohongshu.com/explore/6994652e000000000a02a373?xsec_token=ABqghDZxJMSO08T81NiIba-gfi5r6UszDr4R7_0VnwcHw=&xsec_source=pc_search,小红书,面试技巧,2026-07-19,130
饶了面试官吧求求,https://www.xiaohongshu.com/explore/6a5b518c000000000401effc?xsec_token=ABADQwGlM59RzFUIwgZhjR68NiWxeDRYHJPyeXdgAciJY=&xsec_source=pc_search,小红书,面试技巧,2026-07-19,934
国家电网2026届HR岗校招面试经验全流程拆解,https://www.wondercv.com/mianjing/hr-2026-259/,网页,面试技巧,2026-07-19,—
秋招想进国企该如何准备,https://www.nowcoder.com/creation/subject/f0c20cdadb324872aaf158dffcefc641,网页,面试技巧,2026-07-19,—
面试次数多了，什么都倒背如流！,https://www.xiaohongshu.com/explore/69d761b4000000001e00f465?xsec_token=ABSNoVHsMcXM505990WyHIca27WDh3jQE2OxwCicTP93w=&xsec_source=pc_search,小红书,面试什么话该说,2026-07-19,2310
外企面试第一题，从第一句话就决定了成败,https://www.xiaohongshu.com/explore/6a5bc46d00000000060136f1?xsec_token=ABADQwGlM59RzFUIwgZhjR62VDx_gFUDjvE2fh3x5J0xQ=&xsec_source=pc_search,小红书,面试什么话该说,2026-07-19,142
面试时这样介绍项目经历，通过率提升90%,https://www.xiaohongshu.com/explore/694ce910000000001f00fe7e?xsec_token=ABQTjiGA6A26rXXTB_tr1H3FtViJskyCm_GcbWV8qWYW0=&xsec_source=pc_search,小红书,面试什么话该说,2026-07-19,1.1万
😱面试不管问你啥，记住一个话术原则,https://www.xiaohongshu.com/explore/6987d6aa000000001502048a?xsec_token=ABzGsUQvqnN_rc5gXF6cdzQ954aTynfq0kTnWIJO2-HT4=&xsec_source=pc_search,小红书,面试什么话该说,2026-07-19,143
不管哪个专业，第一轮的面试大同小异！,https://www.xiaohongshu.com/explore/6861a96700000000120225bf?xsec_token=ABatvc5z_4QLwEwSr3UnIOtfMiKn9r-cCUFeyx0Kfn5kA=&xsec_source=pc_search,小红书,面试什么话该说,2026-07-19,1403
面试时向HR提问哪些问题能给你加分,https://www.wenda.edu.cn/dz/m/display_426.html,网页,面试什么话该说,2026-07-19,—
"35岁面试，被问""婚育情况""怎么回？",https://www.xiaohongshu.com/explore/69bbac010000000023007721?xsec_token=ABBXvTO4K_SJeOdSOn7tMHbOgsMO8gSSaFxYcf1rcBqSQ=&xsec_source=pc_search,小红书,面试什么话不能说,2026-07-19,294
"承认""不会""但拿到offer的话术设计",https://www.xiaohongshu.com/explore/68a44fa8000000001c010c11?xsec_token=ABfINw100kmf5zoZw29oaYYMrGVbeXEnOKkqJlZjurTVI=&xsec_source=pc_search,小红书,面试什么话不能说,2026-07-19,497
面试时 你不得不说的4个谎言,https://www.xiaohongshu.com/explore/69ded44b000000001a026a00?xsec_token=AB1jL5gdC8QKg3TTZM0kYfuGJJbElWUldUuKXGJGev8Oc=&xsec_source=pc_search,小红书,面试什么话不能说,2026-07-19,8786
当上主管，第一次面试别人，该看什么？,https://www.xiaohongshu.com/explore/6a1fb8b5000000003501e020?xsec_token=ABH8HZ3uwOUw0i3Mp_cMq2iWScjds3QOzjSyY8scqDbKE=&xsec_source=pc_search,小红书,面试什么话不能说,2026-07-19,27
面试官问你有什么问我的，别傻呼呼乱说,https://www.xiaohongshu.com/explore/6650889f000000001303e09f?xsec_token=ABvHXgdWFQoN13s2wYziEwTcoVaUb-3LLjrktwWtNBAKk=&xsec_source=pc_search,小红书,面试什么话不能说,2026-07-19,2995
"秋招面试被问""懂AI吗""，我一句话都说不出",https://www.xiaohongshu.com/explore/6a5c4b410000000001030bdf?xsec_token=AB5Sx3z4B70zoA5Cj58-eSgWxqBm4EtvbNkeKyV8MrqJU=&xsec_source=pc_search,小红书,面试什么话不能说,2026-07-19,1
强烈建议大家面试时不该说的话别说,https://www.xiaohongshu.com/explore/695f8f1d000000000b00ad93?xsec_token=ABj343CwTqawbvcrAxEkpKdBuJqhDo1DHBlV-b8Y0L1a8=&xsec_source=pc_search,小红书,面试什么话不能说,2026-07-19,4641
面试的时候不该说的话千万不要乱说❗️,https://www.xiaohongshu.com/explore/6a55cf19000000000f006df5?xsec_token=ABedGB7kUuQ7nZ0mhjRou3fQH1PP4zI2prry5D8Wg1DQU=&xsec_source=pc_search,小红书,面试什么话不能说,2026-07-19,16
你说这3句话的时候，已经被 pass 了,https://www.xiaohongshu.com/explore/697a2513000000000e00f2a9?xsec_token=ABlzAmUXndJafN8esrtyIiUz_2kOXcRkPt9wj-ksGGDXY=&xsec_source=pc_search,小红书,面试什么话不能说,2026-07-19,2563
面试官最烦的3句话（附改法）,https://www.xiaohongshu.com/explore/6968c44e000000002202dc9c?xsec_token=ABUIReMPbyASNhXaxup9BTOnEySy_liocDwxGAy8IdRzc=&xsec_source=pc_search,小红书,面试什么话不能说,2026-07-19,81
干货❗️面试官最讨厌的5句话，你说过吗,https://www.xiaohongshu.com/explore/67d29b5e000000000b014eab?xsec_token=ABWssxQLtDmo0R4UnOKnO9-rRYK3ro_nZrUXGN1BlJKmg=&xsec_source=pc_search,小红书,面试什么话不能说,2026-07-19,1.3万
面试一定要听懂HR的潜台词!,https://www.xiaohongshu.com/explore/68e87e97000000000301e64b?xsec_token=ABNg2SIyZjRoC12As6XbBLEZ-44rQr1WfojogrrMIkNVM=&xsec_source=pc_search,小红书,面试什么话不能说,2026-07-19,5008
面试通过的核心原因只有一个❗,https://www.xiaohongshu.com/explore/69df43d700000000230112a8?xsec_token=ABf3JjLoQKrGXJfqWJrx7e0yLr_kqy9kkN0bTPBhrXaHY=&xsec_source=pc_search,小红书,面试什么话不能说,2026-07-19,4460
强烈建议自媒体人都去看看Dan Koe这期视频,https://www.xiaohongshu.com/explore/6991717c000000001a0220c4?xsec_token=ABea4cbnoDcvqu6m1LKE4R_lWyjKVURvWQothLR0ow8lE=&xsec_source=pc_search,小红书,职场口才训练,2026-07-19,1709
每天坚持一小练，30天后侃侃而谈！,https://www.xiaohongshu.com/explore/69884473000000000e03fba0?xsec_token=AByV1XBqZUbbWNeo_IKurk7pEZHrK8deM33t5RlwSP0jM=&xsec_source=pc_search,小红书,职场口才训练,2026-07-19,3162
每天坚持一练，嘴巴真的越来越好用|Day16,https://www.xiaohongshu.com/explore/69a98749000000002602c1ae?xsec_token=AB-Kg-t7cq87K0gdzr2XU3wAB_4HXwOfIp8VTHrO93Q98=&xsec_source=pc_search,小红书,职场口才训练,2026-07-19,3886
如何成为一个逻辑清晰的人？（附训练）,https://www.xiaohongshu.com/explore/6991b614000000000c03573b?xsec_token=ABea4cbnoDcvqu6m1LKE4R_uJKQDjbwaGnt5LRADwBK1s=&xsec_source=pc_search,小红书,职场口才训练,2026-07-19,1967
会沟通的的人，一开口就赢了！狂练沟通模型,https://www.xiaohongshu.com/explore/673348080000000019016fd6?xsec_token=ABm94IOvjRPeKUuGVcS__9pCJYTjELWq-kDyOERb2FwHI=&xsec_source=pc_search,小红书,职场口才训练,2026-07-19,2228
表达训练｜让支吾含糊变自信表达、侃侃而谈,https://www.xiaohongshu.com/explore/68fff764000000000702361f?xsec_token=ABNO7GUEH2wKtPbmvN8RQdVi0Td_4UAUopX2WOBeIGNxE=&xsec_source=pc_search,小红书,职场口才训练,2026-07-19,515
背下这五十句万能场面话术，让你游刃有余！,https://www.xiaohongshu.com/explore/6a23ec860000000036002dbb?xsec_token=AB76IfDxIdEPICpwQlmfp5ERoZ-jJmOfL6v4Rdv1-nH-c=&xsec_source=pc_search,小红书,职场口才训练,2026-07-19,2974
口才训练材料通用12篇,https://www.xueshu.com/haowen/128922.html,网页,职场口才训练,2026-07-19,—
普通人如何训练自己的演讲能力？,https://news.mbalib.com/story/251364,网页,职场口才训练,2026-07-19,—
好口才训练技巧,http://m.chinassgy.com/nd.jsp?id=19,网页,职场口才训练,2026-07-19,—
直接背！结构化面试应急应变30种万能回答,https://www.xiaohongshu.com/explore/69e59eb70000000023027d08?xsec_token=ABRqNdlXKXq95xzExADfEg8Z5Pye3bJ2bzFajEZNfVIBE=&xsec_source=pc_search,小红书,结构化面试100题,2026-07-19,1114
结构化面试高频经典40题🔥逐字稿汇总,https://www.xiaohongshu.com/explore/678bf312000000001b00a32d?xsec_token=ABwO8lMGo9BhE7A7JhFqIO6PYWYCf1wnyzYtXSi65bW8A=&xsec_source=pc_search,小红书,结构化面试100题,2026-07-19,102
2026最新面试热点分享：政务龙虾,https://www.xiaohongshu.com/explore/69ca4449000000002301c2f4?xsec_token=AB3wtcZd1-WRHAqhBNND9KeftT1RXDEHgnP23atJTR6Ow=&xsec_source=pc_search,小红书,结构化面试100题,2026-07-19,5647
结构化面试练习套题20260223,https://www.xiaohongshu.com/explore/699b9fb500000000160091b5?xsec_token=ABa6c3o7M7fAVG1T35OnMBei-uaI7hpLsPn2OMYAOQ4M4=&xsec_source=pc_search,小红书,结构化面试100题,2026-07-19,1298
结构化每日一练#68,https://www.xiaohongshu.com/explore/69f6dd8e0000000022026e3e?xsec_token=ABgMnNFPMzgknbZOYh5WOf3-ruXARaqFk9s-EY1tL3h-k=&xsec_source=pc_search,小红书,结构化面试100题,2026-07-19,1385
结构化面试，无非就这6篇，背完88➕,https://www.xiaohongshu.com/explore/69f9b36e000000002301cc05?xsec_token=ABYOZZD4UNW4sBuy5LBpy8mxmXNZRkmb3Qocpm6ESSxts=&xsec_source=pc_search,小红书,结构化面试100题,2026-07-19,24
面试其实反反复复都是这些问题,https://www.xiaohongshu.com/explore/698884ca000000000e03d655?xsec_token=AByV1XBqZUbbWNeo_IKurk7kRZSDmG8EbjnIVZjzVKQjE=&xsec_source=pc_search,小红书,结构化面试100题,2026-07-19,1.1万
HR高效面试工具！结构化面试提问大纲,https://www.xiaohongshu.com/explore/66555386000000001500a889?xsec_token=ABTU9XeUaRDCX6eWI14enH3t5QrF3RSEHf9MBPO7GVNbI=&xsec_source=pc_search,小红书,结构化面试100题,2026-07-19,173
山东省考面试--26年3月15日下午（考生回忆）,https://www.xiaohongshu.com/explore/69b682dd0000000022024b80?xsec_token=ABEwDNZTz6J8Nuo1MCcNWuw4bw7TNb7-breoNg8cwKDq8=&xsec_source=pc_search,小红书,结构化面试100题,2026-07-19,691
公务员结构化面试练习套题20260121,https://www.xiaohongshu.com/explore/69705d5f000000002200b9f6?xsec_token=ABJo84t0eg-WzCcilaYYJVAoEOc5xZIqzjH22vt-pXoW4=&xsec_source=pc_search,小红书,结构化面试100题,2026-07-19,410
【结构化面试】每日一题｜人际关系类D9,https://www.xiaohongshu.com/explore/69db44460000000022003aa6?xsec_token=ABU_FwWTZVdUj5at-q8TnB8_qWSjkfXZVvUJUrfXirFio=&xsec_source=pc_search,小红书,结构化面试100题,2026-07-19,403
结构化面试，无非就这6篇，背完88➕,https://www.xiaohongshu.com/explore/69ff0c25000000002301c8bd?xsec_token=AByYjk_7zBFXAxEVpF9TnVUZer5JAufbsIomuMl-UiTq8=&xsec_source=pc_search,小红书,结构化面试100题,2026-07-19,7
公务员结构化面试十大题型❗（完整版）,https://www.xiaohongshu.com/explore/6a51bef5000000000f029f23?xsec_token=ABg71RMaIm4Nh9xiTv4OEuKEweJXVItYwsDTkQXJxltQ8=&xsec_source=pc_search,小红书,结构化面试100题,2026-07-19,16
26上教资面试结构化真题🔥,https://www.xiaohongshu.com/explore/6a07dfde00000000370371e7?xsec_token=AB-VC4JsUcPN3M2oTm_gsnpCxyaeznX9FdRYBp8Y_I5M8=&xsec_source=pc_search,小红书,结构化面试100题,2026-07-19,960
结构化面试精选100题及答案解析,https://zhuanlan.zhihu.com/p/611870791,网页,结构化面试100题,2026-07-19,—
面试霸气回怼,https://www.xiaohongshu.com/explore/6a43c602000000000803d0f7?xsec_token=AByYuHoVekbQdRDDu7CdKqQFwpdq8H5yLrW83_2GTaDu4=&xsec_source=pc_search,小红书,面试反杀面试官,2026-07-19,3.9万
面试反问绝杀！一句话让面试官记住你,https://www.xiaohongshu.com/explore/69a6217500000000230389fd?xsec_token=ABCpguclt_Dz_w21uDLe6NSwrykkUv8Rm62QJNAyK2Ly4=&xsec_source=pc_search,小红书,面试反杀面试官,2026-07-19,119
你还有什么要问我的？这样反问反杀面试官❗️,https://www.xiaohongshu.com/explore/680e2e94000000002100f4f8?xsec_token=ABRaYGsu0XedxgeGlbDXun_FCP-zIpUh9sh-cSAEw_nR4=&xsec_source=pc_search,小红书,面试反杀面试官,2026-07-19,20
反向拿捏面试官｜压力面试也就这几种套路,https://www.xiaohongshu.com/explore/6a0db1be000000003601fd18?xsec_token=ABPcuE_PJ-3g8HlVeSNJWQrO6MB7v2STkzi1AQwTFOhcs=&xsec_source=pc_search,小红书,面试反杀面试官,2026-07-19,2951
面试官给我画饼，我的反杀让他沉默了🙂,https://www.xiaohongshu.com/explore/69a7b3f5000000001a027dcd?xsec_token=AB85Uh-IWg1HxTu-xEf9ZmOzOtubcABSF_4lzLA0xwg_M=&xsec_source=pc_search,小红书,面试反杀面试官,2026-07-19,2
面试反问真的可以逆袭翻盘啊,https://www.xiaohongshu.com/explore/69e8cff2000000001b0008cf?xsec_token=ABBvZ2QpTRX0W_kFM4LPiUm_v-kyx5EmQH6W76JV8cV2o=&xsec_source=pc_search,小红书,面试反杀面试官,2026-07-19,903
面试官是怎么判断你沟通能力好不好的,https://www.xiaohongshu.com/explore/6a5698fa000000001c0245af?xsec_token=ABLPmFpG8VSjK5SLoDR-pNJFSxpe44N04HC7W9xG3eIBM=&xsec_source=pc_search,小红书,面试反杀面试官,2026-07-19,1万
硬控面试官三秒！职场反杀话术【6】,https://www.xiaohongshu.com/explore/67a4d5740000000029038ed8?xsec_token=ABa-WjLS1pcNG1IbTsrKYvUIS6uG-PifRGc35K6krGrXI=&xsec_source=pc_search,小红书,面试反杀面试官,2026-07-19,8
面试官问缺点，用这招反杀,https://www.xiaohongshu.com/explore/69fd846e000000003502142a?xsec_token=AB_F_iBNPhbbty2bwmPHayUf4pqATtMJjdNKoSgKBvyC8=&xsec_source=pc_search,小红书,面试反杀面试官,2026-07-19,31
如果面试官只和你说真话,https://www.xiaohongshu.com/explore/6a283ceb0000000016026c6c?xsec_token=ABDJvr87mYGC8-VCLIgTrwroHgXpRqWq7_S0O6BmxzSfo=&xsec_source=pc_search,小红书,面试反杀面试官,2026-07-19,2299
💥面试被打压？我的反杀话术，面试官都愣住,https://www.xiaohongshu.com/explore/69e9e8e2000000001a0349ff?xsec_token=ABBvyt4ySNsyYliBnBtvjqASSPwGj0iGiP9CBbMeUFJN8=&xsec_source=pc_search,小红书,面试反杀面试官,2026-07-19,78
老板终面最关注的3个维度,https://www.xiaohongshu.com/explore/6979672e000000002203b611?xsec_token=AB7lW8ns-cOlu7Qo6y_f6XA3r4Y4tFbjIzBMvk21WkTmI=&xsec_source=pc_search,小红书,面试反杀面试官,2026-07-19,2317
"有一种「羞辱」叫「压力面试」：万一遇上了,你得会几招!",https://k.sina.cn/article_7388410971_1b862345b00100wdq1.html?from=job,网页,面试反杀面试官,2026-07-19,—
被面试官PUA了怎么办？识别5种压力面信号，用非暴力沟通话术怼回去,https://www.gankinterview.cn/blog/what-to-do-if-an-interviewer-gaslights-you-identify-these-5-stress-interview-sig,网页,面试反杀面试官,2026-07-19,—
遇到面试官频繁质疑的「压力面试」，如何保持冷静并专业回应？,https://www.zhihu.com/question/13658230240/answer/121641593596,网页,面试反杀面试官,2026-07-19,—
"求职路上，""怼""来""怼""去的面试问题",https://www.woshipm.com/zhichang/1564204.html,网页,面试反杀面试官,2026-07-19,—
面试阿里测开岗失败后，被面试官在朋友圈吐槽了......,https://www.cnblogs.com/1024testing/p/16349691.html,网页,面试反杀面试官,2026-07-19,—
被面试官用十招坑死面试中的反击攻略,https://www.1point3acres.com/bbs/thread-764548-1-1.html,网页,面试反杀面试官,2026-07-19,—
教你如何一句话回怼面试官,https://www.nowcoder.com/discuss/370324195975221248,网页,面试反杀面试官,2026-07-19,—
"结构化面试从无话可说到考场第一""笨办法""",https://www.xiaohongshu.com/explore/6878757a0000000010010554?xsec_token=ABIMWohVdu7Ji6ODuJUelX7Bf1NlFqXfQwR-pswPjZZZA=&xsec_source=pc_search,小红书,结构化面试三步破题法,2026-07-19,2.1万
照着做，考场上30秒就能开口答题,https://www.xiaohongshu.com/explore/6917fe3b000000000d03488c?xsec_token=ABq85r5C1pNdJ-r09U0aP8ObnLkNFbRfHtb_w7xfIrEuU=&xsec_source=pc_search,小红书,结构化面试三步破题法,2026-07-19,3681
结构化面试万能素材库！考前3天背完足够了,https://www.xiaohongshu.com/explore/6997fb4f000000000a02ee83?xsec_token=ABfRCPq9rJHXALRI_kHTSIxEib2mqAfasKAzI3NPZxSEk=&xsec_source=pc_search,小红书,结构化面试三步破题法,2026-07-19,1996
听说：结构化面试万能模板➕答题技巧,https://www.xiaohongshu.com/explore/695cb06d000000002200b61f?xsec_token=ABci7aDSUlhYjnPoF4U0WYUsB_OkioT04iv8PbNT6-jBM=&xsec_source=pc_search,小红书,结构化面试三步破题法,2026-07-19,1907
背下这两样，面试考场张嘴就答,https://www.xiaohongshu.com/explore/696b65530000000021032eeb?xsec_token=ABz5P6dFItExUE0iq4BoYdOF0kqp7zFVJl9i-VLwvFcQs=&xsec_source=pc_search,小红书,结构化面试三步破题法,2026-07-19,2442
省考面试90+考前破除模板法,https://www.xiaohongshu.com/explore/699b058d000000000a03e6be?xsec_token=ABa6c3o7M7fAVG1T35OnMBetIw3BrD_KNs7X-JldS2G-A=&xsec_source=pc_search,小红书,结构化面试三步破题法,2026-07-19,740
"结构化面试无话可说？破题法其一""感受共鸣""",https://www.xiaohongshu.com/explore/6a4fbc1f000000000f016b70?xsec_token=AB1c9wMKbKKUMGfGaZWflhzdts7-RuOiw8Yiv5CP0STZg=&xsec_source=pc_search,小红书,结构化面试三步破题法,2026-07-19,9
结构化面试从60到85，我只改了这几点！,https://www.xiaohongshu.com/explore/69c61d6e000000002103900d?xsec_token=AB6W9Q7dykksfatws_ww03K6vW4txLKrhMRKqFYv73uks=&xsec_source=pc_search,小红书,结构化面试三步破题法,2026-07-19,99
结构化面试之题型、答题思维及破题,https://zhuanlan.zhihu.com/p/21466583,网页,结构化面试三步破题法,2026-07-19,—
结构化面试题型_常见五大题型和答题技巧解析,https://www.eoffcn.com/kszn/mianshi/jghms/mstx.html,网页,结构化面试三步破题法,2026-07-19,—
结构化面试如何应对？攻略来啦,https://xz.chsi.com.cn/xz/zyts/202508/20250805/2293395162.html,网页,结构化面试三步破题法,2026-07-19,—
结构化面试题目与准备,https://zhuanlan.zhihu.com/p/65692988,网页,结构化面试三步破题法,2026-07-19,—
结构化面试应对策略,https://chinajob.mohrss.gov.cn/h5/c/2022-09-15/360093.shtml,网页,结构化面试三步破题法,2026-07-19,—
如何应对结构化面试？锦囊送上,https://xsc.ynart.edu.cn/info/1111/5110.htm,网页,结构化面试三步破题法,2026-07-19,—
当面临结构化面试时，如何给出清晰有条理的答案,https://blog.csdn.net/ck3345143/article/details/132055925,网页,结构化面试三步破题法,2026-07-19,—
2024国考结构化面试常见问题有哪些？如何破题？,https://m.gwy.com/gjgwy/347400.html,网页,结构化面试三步破题法,2026-07-19,—
HR面试100问,https://www.xiaohongshu.com/search_result?keyword=hr%E9%97%AE%E9%A2%98,小红书,hr问题,2026-07-19,106
🎫 英文自我介绍｜3分钟降到30秒,https://www.xiaohongshu.com/search_result?keyword=%E9%9D%A2%E8%AF%95%E8%87%AA%E6%88%91%E4%BB%8B%E7%BB%8D%E6%8A%80%E5%B7%A7,小红书,面试自我介绍技巧,2026-07-19,40
没职业道德的recruiter不能惯着,https://www.xiaohongshu.com/search_result?keyword=%E9%9D%A2%E8%AF%95%E9%81%87%E5%88%B0%E4%BA%86%E6%81%B6%E5%BF%83%E7%9A%84hr%E6%80%8E%E4%B9%88%E5%8A%9E,小红书,面试遇到了恶心的hr怎么办,2026-07-19,821
公务员（事业单位）结构化面试题型都考啥？ - 知乎,https://zhuanlan.zhihu.com/p/68366802,网页,面试技巧,2026-07-19,—
2026山东事业编面试形式及题型 结构化面试详解-成公教育,https://www.cgzj.com/sydw/6106.html,网页,面试技巧,2026-07-19,—
管培生面试都问什么问题？这里有超全总结，还有答题思路 - 知乎,https://zhuanlan.zhihu.com/p/647756145,网页,面试什么话该说,2026-07-19,—
管培生面试常见问题及回答技巧,https://www.highmarkcareer.com/InterviewSkill/3445.html,网页,面试什么话该说,2026-07-19,—
"""管培生""的那些事儿 - 超级简历WonderCV",https://www.wondercv.com/blog/f0lq5acj.html,网页,面试什么话该说,2026-07-19,—
"面试时HR常说的""职场黑话""有哪些？ - 牛客校招 的回答",https://www.zhihu.com/question/64434394/answer/2894651470,网页,面试什么话不能说,2026-07-19,—
校招面试反问攻略：2025届应届生高情商提问技巧 | 超级简历WonderCV,https://www.wondercv.com/blog/sgKOTlSp.html,网页,面试反问,2026-07-19,—
面试反问环节：5个问题让hr哑口无言 - 简历网,https://www.jianli.com/article/gjrbae.html,网页,面试反问,2026-07-19,—
"面试官""你还有什么问题要问的吗""，到底还能问什么？ - 知乎",https://zhuanlan.zhihu.com/p/436290775,网页,面试反问,2026-07-19,—
资深HR人事面试常见问题汇总上篇 共35道题-其他资讯-博学谷,https://www.boxuegu.com/news/133.html,网页,hr问题,2026-07-19,—
HR面必备40问 | 附12家大厂16篇精选面经（内容全面） | 人人都是产品经理,https://www.woshipm.com/it/2844012.html,网页,hr问题,2026-07-19,—
面试技巧丨面试自我介绍这样说，让面试官1分钟内记住你！ - 知乎,https://zhuanlan.zhihu.com/p/633295906,网页,面试自我介绍技巧,2026-07-19,—
好的自我介绍，面试成功一大半 - 小堂子 - 博客园,https://www.cnblogs.com/qiect/articles/16104210.html,网页,面试自我介绍技巧,2026-07-19,—
面试自我介绍该怎么说？金句模板+实战技巧全解|红海eHR,https://www.hr-soft.cn/info/2025022833272.html,网页,面试自我介绍技巧,2026-07-19,—
如果面试官在面试过程中态度不佳（例如不礼貌、傲慢），你还会坚持争取这个岗位吗？ - 知乎用户 的回答,https://www.zhihu.com/question/668860859/answer/4373115016,网页,面试遇到了恶心的hr怎么办,2026-07-19,—
how should I handle an openly hostile job interviewer? - Ask a Manager,https://www.askamanager.org/2026/05/how-should-i-handle-an-openly-hostile-job-interviewer.html,网页,面试遇到了恶心的hr怎么办,2026-07-19,—
面试感觉被HR耍了- 小组讨论,https://www.douban.com/group/topic/236354051/,网页,面试遇到了恶心的hr怎么办,2026-07-19,—
HR的哪些表现意味着面试失败了？ - 知乎,https://zhuanlan.zhihu.com/p/372365418,网页,面试遇到了恶心的hr怎么办,2026-07-19,—
面试能否通过，在面试时已经告诉你了❗,https://www.xiaohongshu.com/search_result?keyword=%E9%9D%A2%E8%AF%95%E6%88%90%E5%8A%9F%E7%9A%84%E4%BF%A1%E5%8F%B7,小红书,面试成功的信号,2026-07-19,97
看完这篇再去面试，瞬间提升好感度,https://www.xiaohongshu.com/search_result?keyword=%E9%9D%A2%E8%AF%95%E7%9A%84%E9%A1%B6%E7%BA%A7%E5%BF%83%E6%80%81,小红书,面试的顶级心态,2026-07-19,1.3万
面试能否通过，在面试时已经告诉你了❗,https://www.xiaohongshu.com/search_result?keyword=%E9%9D%A2%E8%AF%95%E6%9A%97%E7%A4%BA%E4%BD%A0%E5%B7%B2%E7%BB%8F%E9%80%9A%E8%BF%87%E4%BA%86,小红书,面试暗示你已经通过了,2026-07-19,97
银行校园招聘通关攻略（内含8家银行面试题目及技巧经验）,https://zhuanlan.zhihu.com/p/106443153,网页,面试什么话该说,2026-07-19,—
六个空乘面试常见题目，你读过吗？,https://m.gwy.com/gqzp/215135.html,网页,面试什么话该说,2026-07-19,—
空乘专业面试常见问题详解（附答案）,https://zhuanlan.zhihu.com/p/364839634,网页,面试什么话该说,2026-07-19,—
银行面试题答案和面试自我介绍及面试技巧,https://zhuanlan.zhihu.com/p/22826846,网页,面试什么话该说,2026-07-19,—
如何结构化表达？,https://www.xiaohongshu.com/explore/6a4f6c0a000000000702d5cb?xsec_token=AB1c9wMKbKKUMGfGaZWflhzUwioddy9I4o5tF9AyPOdwM=&xsec_source=pc_search,小红书,结构化表达,2026-07-20,3
万能技巧！3招让你自信、无惧公开场合讲话,https://www.xiaohongshu.com/search_result?keyword=%E5%A6%82%E4%BD%95%E8%87%AA%E4%BF%A1%E8%A1%A8%E8%BE%BE&sort=time_descending,小红书,如何自信表达,2026-07-20,1.3万
如何锻炼输出表达能力,https://www.xiaohongshu.com/explore/69cce9c50000000023022e60?xsec_token=ABK4IeZZZDs7kaLgAcs18pnsmvy7h0znjeKtXcU45dtxM=&xsec_source=pc_search,小红书,如何自信表达,2026-07-20,1.4万
做过十年面试官，告诉你怎么通过技术面试,https://www.xiaohongshu.com/search_result?keyword=%E6%8A%80%E6%9C%AF%E9%9D%A2%E8%AF%95%E6%8A%80%E5%B7%A7&sort=time_descending,小红书,技术面试技巧,2026-07-20,111
HR请进！这些面试技巧，你一定要get,https://www.51shebao.com/article/detail/7783,网页搜索,面试技巧,2026-07-20,
面试时千万不要说的三句话！！！,https://www.nowcoder.com/discuss/460812136927772672,网页搜索,面试什么话不能说,2026-07-20,
委婉说话的十大技巧,https://jingyan.baidu.com/article/c35dbcb0dd3c30c817fcbc0b.html,网页搜索,职场委婉表达,2026-07-20,
怎么在面试中表现自信,https://www.jianli.com/article/odwkbx.html,网页搜索,如何自信表达,2026-07-20,
如何在面试中保持自信的6种方法？,https://maimai.cn/article/detail?fid=1708920646&efid=EKovAeiE7JSf5YvxxDnCAw,网页搜索,如何自信表达,2026-07-20,
面试中，如何体现自信满满？,https://zhuanlan.zhihu.com/p/364444811,网页搜索,如何自信表达,2026-07-20,
如何面试程序员？,https://www.ruanyifeng.com/blog/2010/12/how_to_interview_a_programmer.html,网页搜索,技术面试技巧,2026-07-20,
程序员面试中最常见的27个问题，拿走不谢！,https://zhuanlan.zhihu.com/p/36896984,网页搜索,技术面试技巧,2026-07-20,
程序员面试流程，面试游刃有余,https://segmentfault.com/a/1190000023121721,网页搜索,技术面试技巧,2026-07-20,
职场新人必看的面试说话技巧,http://career.ouc.edu.cn/news/163962442880252227.html,网页搜索,职场表达,2026-07-20,
个性化打招呼语的3大黄金法则：让HR回复率提升5倍,https://zhitoujianli.com/blog/personalized-greeting-golden-rules/,网页搜索,职场表达,2026-07-20,
5个话术技巧，练出自带高管感的职场表达,https://www.xiaohongshu.com/explore/6a5e44f3000000000f030358,小红书,职场表达,2026-07-20,
字节人说话，翻译成人话是这样的（上篇）,https://www.xiaohongshu.com/explore/6a532f6900000000070244c8,小红书,职场表达,2026-07-20,463
成为一个表达力极强的人，照着练效果巨好！,https://www.xiaohongshu.com/explore/69fb2d6e0000000036030c16,小红书,职场表达,2026-07-20,1067
【一条讲透】怎么打磨“TED级演讲（下）？,https://www.xiaohongshu.com/explore/683067a6000000002001d215,小红书,职场表达,2026-07-20,1955
the theory of talking smart｜职场表达力,https://www.xiaohongshu.com/explore/690818550000000007034a5a,小红书,职场表达,2026-07-20,2263
招商银行2026届管培生校招面试经验：真题解析与技巧分享,https://www.wondercv.com/mianjing/2026-258/,网页搜索,面试技巧,2026-07-20,
中金公司2026届投行管培生校招面试经验全流程拆解,https://www.wondercv.com/mianjing/2026-334/,网页搜索,面试技巧,2026-07-20,
联合利华2026市场管培面试经验分享：问题、技巧与注意事项,https://www.wondercv.com/mianjing/marketing-2026-367/,网页搜索,面试技巧,2026-07-20,
中国石油2026届综合管培生校招面试经验全流程拆解,https://www.wondercv.com/mianjing/2026-268/,网页搜索,面试技巧,2026-07-20,
TET产品管培生面试题解析与技巧,https://mianti.zcmima.cn/t/TET%E4%BA%A7%E5%93%81%E7%AE%A1%E5%9F%B9%E7%94%9F.html,网页搜索,面试技巧,2026-07-20,
管培生面试问题及答案,https://ms.shishifanyi.com/knowledge/?url=21323,网页搜索,面试技巧,2026-07-20,
💼加拿大面试，为什么总是拿不到Offer？,https://www.xiaohongshu.com/explore/6a56a764000000000c003000,小红书,面试技巧,2026-07-20,7
北美ng全职找工三个月上岸tips—面试篇（2）,https://www.xiaohongshu.com/explore/69cadfc6000000002102d496,小红书,面试技巧,2026-07-20,240
应届生必看丨校招面试前一定要提前准备的50个面试问题,https://wenku.51job.com/article460422/,网页搜索,面试什么话该说,2026-07-20,
校招面试常见问题合集！附赠满分回答套路,https://zhuanlan.zhihu.com/p/407932306,网页搜索,面试什么话该说,2026-07-20,
40道应届生经典面试题,https://zhuanlan.zhihu.com/p/613684398,网页搜索,面试什么话该说,2026-07-20,
应届生面试HR常见提问问题以及回答思路,https://cloud.tencent.com/developer/article/2230597,网页搜索,面试什么话该说,2026-07-20,
应届生面试有什么技巧或者建议吗？,https://www.zhihu.com/question/458408101,网页搜索,面试什么话该说,2026-07-20,
公务员面试核心技能：说人话，怎么说人话,https://www.xiaohongshu.com/explore/661e981b000000001c008c4f,小红书,面试什么话该说,2026-07-20,657
一句话说清面试方向,https://www.xiaohongshu.com/explore/6a5df2720000000011010285,小红书,面试什么话该说,2026-07-20,10
收藏！超八成国企面试都会问到的问题+最实用的答题话术整理！,https://zhuanlan.zhihu.com/p/630764787,网页搜索,面试什么话不能说,2026-07-20,
"国企面试常被问的10个问题,你是怎么回答的？",https://zhuanlan.zhihu.com/p/70955410,网页搜索,面试什么话不能说,2026-07-20,
国企面试要注意什么细节，面试有什么加分项？,https://www.zhihu.com/question/378116065,网页搜索,面试什么话不能说,2026-07-20,
国企面试常见问题转载,https://blog.csdn.net/CYH_job/article/details/73826021,网页搜索,面试什么话不能说,2026-07-20,
国企面试攻略：准备要点与成功技巧,https://blog.csdn.net/qiuzhiyoudao/article/details/131973438,网页搜索,面试什么话不能说,2026-07-20,
国企面试一般会问的10个高频问题及解答技巧,https://www.huanzhucv.com/news/42938.html,网页搜索,面试什么话不能说,2026-07-20,
国企面试都可能会问什么问题?,https://www.zhupinhr.com/xwzx/7755.html,网页搜索,面试什么话不能说,2026-07-20,
面试时这三句话千万不要说,https://www.xiaohongshu.com/explore/6a5de421000000001003ea25,小红书,面试什么话不能说,2026-07-20,6
面试邀约话术模板汇总,https://www.hrloo.com/rz/14720942.html,网页搜索,面试万能话术,2026-07-20,
背吧！结构化面试人际关系30万能回答,https://www.xiaohongshu.com/explore/69db0c560000000023026638,小红书,面试万能话术,2026-07-20,185
速背！7道通用面试题,https://www.xiaohongshu.com/explore/6a4f18d3000000001702cceb,小红书,面试万能话术,2026-07-20,4
面试通关话术，背下来你的每次面试都搞定！,https://www.xiaohongshu.com/explore/6a4ba47b00000000070117c7,小红书,面试万能话术,2026-07-20,1041
正在找工作的❗请你们背完这18个再去面试,https://www.xiaohongshu.com/explore/68393c7000000000220371fb,小红书,面试万能话术,2026-07-20,3580
面对英文面试大脑空白，这五句话帮你过关‼️,https://www.xiaohongshu.com/explore/672ca5ee000000001b02afe5,小红书,面试万能话术,2026-07-20,1033
面试题目100及答案_经典面试问题及答案,https://www.eoffcn.com/kszn/mianshi/jghms/mstm.html,网页搜索,面试必问问题,2026-07-20,
面试官最爱问的20个经典面试题（附答案）,https://news.job2299.com/article/view/0/20240710100151105,网页搜索,面试必问问题,2026-07-20,
⭐面试必问的10个问题，标准答案长这样,https://www.xiaohongshu.com/explore/6a16eb920000000036019877,小红书,面试必问问题,2026-07-20,1.1万
面试突然被问到这个问题，怎么回答啊？,https://www.xiaohongshu.com/explore/6a226786000000002200a22c,小红书,面试必问问题,2026-07-20,159
面试其实就是准备好这些问题！,https://www.xiaohongshu.com/explore/69ae9645000000001d027344,小红书,面试必问问题,2026-07-20,981
候选人面试提问表，新人HR再也不怕冷场了❗️,https://www.xiaohongshu.com/explore/6a0179190000000006023b03,小红书,面试必问问题,2026-07-20,109
难怪他们job interview都这么轻松....,https://www.xiaohongshu.com/explore/68faef6c000000000300ead3,小红书,面试必问问题,2026-07-20,7542
🇨🇦BQ一开口就拉开了差距,https://www.xiaohongshu.com/explore/69377c82000000001f00a9e4,小红书,面试必问问题,2026-07-20,9
数据岗面试必问20题（带标准答案）,https://www.xiaohongshu.com/explore/69ac3a61000000002203b721,小红书,面试必问问题,2026-07-20,355
Behavioral interview无非就是问这些,https://www.xiaohongshu.com/explore/68f8312a0000000007000888,小红书,面试必问问题,2026-07-20,619
startup避坑指南：5个关键问题！🔍,https://www.xiaohongshu.com/explore/67e4d932000000000e00559f,小红书,面试必问问题,2026-07-20,191
外企英文面试常见问题 反反复复就这50问,https://www.xiaohongshu.com/explore/685288d90000000012020978,小红书,面试必问问题,2026-07-20,457
如何提高即兴演讲能力与组织语言的能力,https://blog.csdn.net/cwcww1314/article/details/122271087,网页搜索,即兴表达,2026-07-20,
轻松应对关键时刻——职场即兴演讲与脱稿发言,https://www.huashijingji.com/index/course/details?id=29233,网页搜索,即兴表达,2026-07-20,
临场发言总是说不清、没逻辑？3招练习，帮你顺畅完成即兴表达,https://zhuanlan.zhihu.com/p/354392430,网页搜索,即兴表达,2026-07-20,
12堂即兴表达精品课,https://medu.51job.com/lesson_detail.php?lessonid=8201&fromtype=eduhome_text,网页搜索,即兴表达,2026-07-20,
那些即兴表达很厉害的人是怎么做到的？,https://news.mbalib.com/story/253131,网页搜索,即兴表达,2026-07-20,
锻炼即兴表达的120个话题，每天一个练表达,https://www.xiaohongshu.com/explore/69f6923b000000001b02124e,小红书,即兴表达,2026-07-20,1616
背下来，你的即兴表达就厉害了！,https://www.xiaohongshu.com/explore/69201941000000000d03d377,小红书,即兴表达,2026-07-20,1404
高手即兴发言，只靠这5套万能公式,https://www.xiaohongshu.com/explore/6a5b490f000000000301ce11,小红书,即兴表达,2026-07-20,23
一个被低估的能力：即兴表达（附完整方法）,https://www.xiaohongshu.com/explore/6a511d20000000001603e011,小红书,即兴表达,2026-07-20,1
"如何快速组织语言？即兴表达的""秘诀""?",https://www.xiaohongshu.com/explore/6830462d000000002300f694,小红书,即兴表达,2026-07-20,2593
做一个即兴讲话高手！即兴演讲万能公式,https://www.xiaohongshu.com/explore/688c7d9f0000000023022c3b,小红书,即兴表达,2026-07-20,477
📚会说话的人，一开口就赢了！🔥,https://www.xiaohongshu.com/explore/68137d26000000001201e613,小红书,即兴表达,2026-07-20,3052
厉害的人是如何进行思考和表达的？,https://www.xiaohongshu.com/explore/6959e639000000001d03f78d,小红书,即兴表达,2026-07-20,125
🎤「即兴演讲」5个万能公式，开口就赢了,https://www.xiaohongshu.com/explore/69f3791200000000230144ad,小红书,即兴表达,2026-07-20,22
🔥能锻你即兴表达的100个主题！,https://www.xiaohongshu.com/explore/699c882a000000001a02478f,小红书,即兴表达,2026-07-20,1791
思考力弱没观点，每天练1练新闻述评｜Day38,https://www.xiaohongshu.com/explore/68342c58000000002100f929,小红书,即兴表达,2026-07-20,7880
《即兴演讲》：开启自信表达的钥匙🔑,https://www.xiaohongshu.com/explore/68d4e989000000001300c6ba,小红书,即兴表达,2026-07-20,30
社恐、嘴笨、反应慢？请立刻翻烂！这24本书！,https://www.xiaohongshu.com/explore/68f072d70000000004028e07,小红书,即兴表达,2026-07-20,675
嘴笨克星！6条日常就能用的表达技巧,https://www.xiaohongshu.com/explore/6a1e6a8700000000210234ae,小红书,即兴表达,2026-07-20,45
即兴表达救星🔥120个话题｜告别嘴笨卡壳,https://www.xiaohongshu.com/explore/6a4b76a400000000210085d3,小红书,即兴表达,2026-07-20,974
8大面试套路与反套路,https://blog.csdn.net/SeizeeveryDay/article/details/117341211,网页搜索,反套路面试,2026-07-20,
8个反套路问题，让面试更高效,https://m.huxiu.com/article/3323021,网页搜索,反套路面试,2026-07-20,
你一定要知道的30个常见“面试问题套路”和“破解之法”！,https://zhuanlan.zhihu.com/p/73048421,网页搜索,反套路面试,2026-07-20,
面试中的刁钻问题及应对策略,https://www.nowcoder.com/discuss/727167323152318464,网页搜索,反套路面试,2026-07-20,
国考面试“套路”到底有没有用,https://m.gwy.com/gjgwy/4928.html,网页搜索,反套路面试,2026-07-20,
国考面试怎么反套路,https://m.gwy.com/gjgwy/67531,网页搜索,反套路面试,2026-07-20,
面试多问一句就能挖出多一倍关键信息？,https://www.risfond.com/zixun/139547,网页搜索,反套路面试,2026-07-20,
求职，如何应对找茬的面试官,https://jg.kust.edu.cn/info/1078/1168.htm,网页搜索,反套路面试,2026-07-20,
程序员面试常遇到的十大“套路”！,https://blog.csdn.net/youanyyou/article/details/105273802,网页搜索,反套路面试,2026-07-20,
一个思考框架，接住大领导的任何问题,https://www.xiaohongshu.com/explore/6a39d5bd000000001700a2e7,小红书,反套路面试,2026-07-20,1977
多跑些AIGC面试，你就会发现1w真不算啥,https://www.xiaohongshu.com/explore/6a48a9ba000000000f007340,小红书,反套路面试,2026-07-20,291
4个面试反问题，让面试官当场录用你,https://www.xiaohongshu.com/explore/6a216ed50000000038021b3c,小红书,反套路面试,2026-07-20,235
🇩🇪 (8) 面试越疯 Offer越多,https://www.xiaohongshu.com/explore/675c0cd1000000000700e5fc,小红书,反套路面试,2026-07-20,6675
🆘0基础面试新媒体运营要学会“说谎”,https://www.xiaohongshu.com/explore/66f50ee6000000001b020432,小红书,反套路面试,2026-07-20,2.7万
面试套路2.0｜轻松拿捏所有面试｜So easy‼️,https://www.xiaohongshu.com/explore/68ac4468000000001b03cbfe,小红书,反套路面试,2026-07-20,87
真正厉害的面试官，只需要问这几个问题❗️,https://www.xiaohongshu.com/explore/6821e45b000000002202b51d,小红书,反套路面试,2026-07-20,157
面试被问：最大挑战？高分回答模版,https://www.xiaohongshu.com/explore/69c1f09b000000001f0008c6,小红书,反套路面试,2026-07-20,494
面试本质上是一场“诈骗”,https://www.xiaohongshu.com/explore/693565bf000000001e03302b,小红书,反套路面试,2026-07-20,779
面试官视角：这3个自我介绍套路直接挂人,https://www.xiaohongshu.com/explore/6a588b32000000000f014a01,小红书,反套路面试,2026-07-20,13
面难题•巧回答,https://www.xiaohongshu.com/explore/67b1debc000000001902da72,小红书,反套路面试,2026-07-20,316
HR超爱听的5个面试反问，建议收藏,https://tmjzgcxy.zit.edu.cn/info/1071/4187.htm,网页(高校官网),面试反问,2026-07-20,—
HR 通常提的一些面试问题是什么？应该怎么回答？,https://www.zhihu.com/question/24192778,网页(知乎),hr问题,2026-07-20,—
面试时HR常问的13个问题（思路+回答模板）,https://zhuanlan.zhihu.com/p/566135174,网页(知乎),hr问题,2026-07-20,—
HR面试的十大经典问题,https://zhuanlan.zhihu.com/p/27564382,网页(知乎),hr问题,2026-07-20,—
人事（HR）面试常见问题及回答分析,https://zhuanlan.zhihu.com/p/612741433,网页(知乎),hr问题,2026-07-20,—
HR最常用的20个面试问题及回答技巧,https://zhuanlan.zhihu.com/p/612175203,网页(知乎),hr问题,2026-07-20,—
HR面试常见的经典问题及背后在考察什么？该如何回答？,https://zhuanlan.zhihu.com/p/663169429,网页(知乎),hr问题,2026-07-20,—
面试时候被问到为什么离职 该如何回答,https://blog.csdn.net/u010460625/article/details/109083811,网页(CSDN),离职原因怎么说,2026-07-20,—
面试官问你离职原因，怎样回答才能让对方接受？,https://www.jianliben.com/article/detail/43496,网页(简历本),离职原因怎么说,2026-07-20,—
面试官问离职原因怎么回答,https://www.jianli.com/article/orezlv.html,网页(简历网),离职原因怎么说,2026-07-20,—
面试官说了下面3句话，说明你通过面试了。,https://www.xiaohongshu.com/search_result?keyword=%E9%9D%A2%E8%AF%95%E6%88%90%E5%8A%9F%E7%9A%84%E5%BE%81%E5%85%86,小红书,面试成功的征兆,2026-07-20,85
面试官说什么话暗示成功？掌握这些关键迹象！,https://www.jingxuanxing.com/article/dianping/22269.html,网页(鲸选型),面试成功的征兆,2026-07-20,—
结构化面试必背万能金句,https://www.xiaohongshu.com/search_result?keyword=%E7%BB%93%E6%9E%84%E5%8C%96%E9%9D%A2%E8%AF%95%E4%B8%87%E8%83%BD%E9%87%91%E5%8F%A5,小红书,结构化面试万能金句,2026-07-29,304
2026 互联网求职寒冬，岗位少薪资低，应届生/1-3年/5年经验该如何破局？,https://zhuanlan.zhihu.com/p/2011857634467279351,网页(知乎),面试技巧,2026-07-29,—
应届生求职面试礼仪与技巧分享大学生求职面试攻略,https://www.zhiyeapp.com/jlgl/azGspi.html,网页(知页简历),面试技巧,2026-07-29,—
"【面试官问：""你还有什么要问的吗？""这么回就过关了！_职场资讯】",https://m.51job.com/news/detail.php?newsid=05_425589,网页(前程无忧),面试什么话该说,2026-07-29,—
面试官会问哪些问题，求职者应注意哪些？,https://www.hrsee.com/?id=4101,网页(HR人力资源管理案例网),面试什么话该说,2026-07-29,—
面试时有哪些话是千万不能说的,https://m.gaodun.com/guihua/903794.html,网页(高顿教育),面试什么话不能说,2026-07-29,—
面试中哪些话会让自己陷入雷区,https://www.dachangjob.com/article/1317,网页(大厂人才网),面试什么话不能说,2026-07-29,—
面试中那些被忽视的潜台词，你知道吗？,https://m.sohu.com/a/847076549_121956424/?pvid=000115_3w_a,网页(搜狐),面试潜台词,2026-07-29,—
"【[面试]听不懂面试官""潜台词""，你就完蛋了！_职场资讯】",https://m.51job.com/news/detail.php?newsid=05_413321,网页(前程无忧),面试潜台词,2026-07-29,—
听懂 弦外之音,https://blog.csdn.net/qq_44810930/article/details/145801024,网页(CSDN),面试潜台词,2026-07-29,—
面试技巧丨读懂面试官的潜台词！,https://www.mbaeol.com/cc/12630/6975.html,网页(MBA教育在线),面试潜台词,2026-07-29,—
面试官有什么黑话我们听不懂的？,http://gtzpgw.com/workplace/show-461.html,网页(高铁安检员招聘),面试潜台词,2026-07-29,—
经典甩锅套路：这事情你帮忙看一下，2个策略，教你避免做背锅侠,https://k.sina.cn/article_3008850620_b3576abc00100v99v.html,网页(新浪),甩锅话术,2026-07-29,—
"职场遭遇""甩锅侠""，学会老油条的这2招，即可从容应对！",https://k.sina.cn/article_6440406582_17fe0ce36001002nlh.html,网页(新浪),甩锅话术,2026-07-29,—
工作中遇到特别爱甩锅的同事，怎么巧妙应对，还能不影响自己的职场形象？,https://www.zhihu.com/question/13507240590/answer/111860766800,网页(知乎),甩锅话术,2026-07-29,—
教资面试考前必看！35条结构化问答金句！,https://dxs.moe.gov.cn/zx/a/kskt_kz/230106/1824094.shtml,网页(中国大学生在线),结构化面试万能金句,2026-07-29,—
26句教师资格证结构化面试万能答题金句 记住就提分,https://www.233.com/teacher/msfd/202001/03173551279.html,网页(233网校),结构化面试万能金句,2026-07-29,—
结构化面试中的名言警句,https://m.ximalaya.com/ask/t7902068,网页(喜马拉雅),结构化面试万能金句,2026-07-29,—
教师资格面试结构化万能答题技巧,https://www.233.com/teacher/msxueba/202212/16104448959680.html,网页(233网校),结构化面试万能金句,2026-07-29,—
结构化面试万能金句有哪些？,https://m.ximalaya.com/ask/q5632483,网页(喜马拉雅),结构化面试万能金句,2026-07-29,—
30句结构化面试万能金句，你真的不来看看吗,https://zhuanlan.zhihu.com/p/628636545,网页(知乎),结构化面试万能金句,2026-07-29,—
跟领导聊天的技巧及领导干部说话的注意事项,https://cj.sina.com.cn/articles/view/7879848901/1d5acf3c501901iorg?froms=ggmp,网页-新浪财经,职场表达,2026-07-29,
金牌面试官——人才选拔与精准面试技巧,https://www.perfectpx.com/classes-24/29143.html,网页-珀菲特培训网,面试技巧,2026-07-29,
求职面试5/20|面试官不会明说，却决定你成败的隐形细节清单,https://maimai.cn/article/detail?fid=1885500302&efid=s89AKgDGc_9AZ_VLVyazCA,网页-脉脉,面试技巧,2026-07-29,
做高情商的面试者,https://www.imooc.com/read/62/article/1351,网页-慕课专栏,面试什么话该说,2026-07-29,
面试大忌：记不得了，记不清了,https://www.nowcoder.com/feed/main/detail/4fca231ca48b45038e432f47fd7934d0?sourceSSR=dynamic,网页-牛客网,面试什么话不能说,2026-07-29,
面试时千万不能说的三个大忌,http://0371kj.com/fafcf0c6650.html,网页-求职作文网,面试什么话不能说,2026-07-29,
不想去面试了，该怎么跟hr说呢？,https://www.zhihu.com/question/7961885508,网页-知乎,面试反杀hr,2026-07-29,
招聘面试话术全套宝典,https://zhuanlan.zhihu.com/p/23382883020,网页-知乎,面试反杀hr,2026-07-29,
面试现场出错怎么办，该怎么补救,https://www.woshipm.com/zhichang/9388.html,网页-人人都是产品经理,面试说错话补救技巧,2026-07-29,
2010年国考面试备考：巧妙应对现场出错问题,http://edu.sina.com.cn/official/2009-12-09/1852229378.shtml,网页-新浪教育,面试说错话补救技巧,2026-07-29,
面试中表现不好该如何补救？,https://zhuanlan.zhihu.com/p/459967265,网页-知乎,面试说错话补救技巧,2026-07-29,
教资面试技巧之补救说话失误的办法,https://m.gxshile.com/mshow/5568.html,网页-广西教师招聘,面试说错话补救技巧,2026-07-29,
就业指导―怎样弥补面试中的回答错误,https://www.tccu.edu.cn/ysx/2013/0616/c845a4324/page.htm,网页-高校官网,面试说错话补救技巧,2026-07-29,
7大细节预示你面试成功,https://blog.csdn.net/RamondLee/article/details/6727460,网页-CSDN,终面稳了的征兆,2026-07-29,
面试中面试官的哪些暗示让你觉得稳了(上蔡),https://m.zmdscrcw.com/article/cat35.html,网页-上蔡招聘信息网,终面稳了的征兆,2026-07-29,
面试中面试官的哪些暗示让你觉得稳了(鱼台),https://m.jnytrc.com/article/cat35.html,网页-鱼台人才网,终面稳了的征兆,2026-07-29,
不想去面试了怎么和hr说,https://www.hrloo.com/news/323456.html,网页-三茅人力资源网,不能参加面试怎么说,2026-07-29,
拒绝hr话术不想面试,https://www.hrloo.com/news/307678.html,网页-三茅人力资源网,不能参加面试怎么说,2026-07-29,
面试已经通过不想去，怎么拒绝HR？,https://blog.csdn.net/job51BBS/article/details/94633420,网页-CSDN,不能参加面试怎么说,2026-07-29,
委婉拒绝HR面试技巧，如何优雅表达不参加？,https://blog.ihr360.com/p/37782/,网页-i人事,不能参加面试怎么说,2026-07-29,
🆘外企会议被cue？高情商英文应对超体面,xhs_search:职场表达:04-14,小红书,职场表达,2026-07-29,276
如何成为逻辑清晰的人？拿走表达力就升级！,xhs_search:职场表达:06-01,小红书,职场表达,2026-07-29,2319
面试时不要太老实！这样回答才加分,xhs_search:面试什么话该说:07-20,小红书,面试什么话该说,2026-07-29,6689
这是我见过最用心整理的job interview,xhs_search:面试什么话该说:07-17,小红书,面试什么话该说,2026-07-29,361
难怪他们job interview都这么轻松！！,xhs_search:面试什么话该说:06-29,小红书,面试什么话该说,2026-07-29,523
🔥HR悄悄话：面试时7句话打死不能说,xhs_search:面试什么话不能说:05-07,小红书,面试什么话不能说,2026-07-29,14
北美面试总挂？避开这3个雷区直接拿offer,xhs_search:面试什么话不能说:07-16,小红书,面试什么话不能说,2026-07-29,8
强烈建议大家面试前不要只背答案,xhs_search:面试什么话不能说:07-19,小红书,面试什么话不能说,2026-07-29,24
面试禁忌,xhs_search:面试什么话不能说:昨天,小红书,面试什么话不能说,2026-07-29,647
面试绝对不能说的禁忌话术❌,xhs_search:面试什么话不能说:5小时前,小红书,面试什么话不能说,2026-07-29,1
望周知，面试是来求职的，不是来为奴为婢的,xhs_search:面试反杀hr:07-10,小红书,面试反杀hr,2026-07-29,366
一招反杀！宇宙厂神帖讲透低绩效谈判方法,xhs_search:面试反杀hr:04-21,小红书,面试反杀hr,2026-07-29,57
面试博弈论|停止自我降价！告别卑微面试,xhs_search:面试反杀hr:07-14,小红书,面试反杀hr,2026-07-29,305
学到了💥求职高手和HR面试沟通话术,xhs_search:面试反杀hr:2025-02-05,小红书,面试反杀hr,2026-07-29,2.3万
把no变成了yes,xhs_search:面试反杀hr:04-03,小红书,面试反杀hr,2026-07-29,337
35岁面试死亡问题3:反杀版,xhs_search:面试反杀hr:04-25,小红书,面试反杀hr,2026-07-29,2
面试没发挥好？轻松一招教你逆风翻盘！😎,xhs_search:面试说错话补救技巧:2023-03-30,小红书,面试说错话补救技巧,2026-07-29,319
沟通能力强的人，说话顺序都是这样的❗❗,xhs_search:面试说错话补救技巧:2025-09-20,小红书,面试说错话补救技巧,2026-07-29,2427
面试说错话怎么办？,xhs_search:面试说错话补救技巧:01-19,小红书,面试说错话补救技巧,2026-07-29,2
加拿大面试被打断❗️真的不是答错了,xhs_search:面试说错话补救技巧:2天前,小红书,面试说错话补救技巧,2026-07-29,2
面试被拒？发这一封邮件 还有可能挽回,xhs_search:面试说错话补救技巧:05-21,小红书,面试说错话补救技巧,2026-07-29,1263
高敏人必看！说错一句话反复内耗？没必要,xhs_search:面试说错话补救技巧:07-04,小红书,面试说错话补救技巧,2026-07-29,23
终面通过的信号&心态,xhs_search:终面稳了的征兆:01-27,小红书,终面稳了的征兆,2026-07-29,894
来聊聊 面试中哪个瞬间让你觉得offer稳了,xhs_search:终面稳了的征兆:05-23,小红书,终面稳了的征兆,2026-07-29,759
你无敌了（找工版）,xhs_search:终面稳了的征兆:07-01,小红书,终面稳了的征兆,2026-07-29,27
后续已收到offer | 终面后hm这样说还有戏吗,xhs_search:终面稳了的征兆:06-18,小红书,终面稳了的征兆,2026-07-29,27
面试有戏的6个明确信号，出现3个以上稳了！,xhs_search:终面稳了的征兆:07-04,小红书,终面稳了的征兆,2026-07-29,43
北美求职记录｜终于轮到我拒绝面试邀请了,xhs_search:不能参加面试怎么说:03-31,小红书,不能参加面试怎么说,2026-07-29,257
临近面试不想去了，这样拒绝体面又不得罪,xhs_search:不能参加面试怎么说:05-21,小红书,不能参加面试怎么说,2026-07-29,794
NG面不过来了，把机会留给更想去的人,xhs_search:不能参加面试怎么说:02-12,小红书,不能参加面试怎么说,2026-07-29,8
超全万能回复boss/hr话术,xhs_search:不能参加面试怎么说:2025-09-09,小红书,不能参加面试怎么说,2026-07-29,2184
突发生病/急事想延期面试？这么发HR大概率,xhs_search:不能参加面试怎么说:06-04,小红书,不能参加面试怎么说,2026-07-29,30
Boss求职，面试爽约的后果严重吗,xhs_search:不能参加面试怎么说:2025-05-12,小红书,不能参加面试怎么说,2026-07-29,240
面试突然不去了,xhs_search:不能参加面试怎么说:07-17,小红书,不能参加面试怎么说,2026-07-29,赞
轮到我拒绝面试邀请了,xhs_search:不能参加面试怎么说:01-09,小红书,不能参加面试怎么说,2026-07-29,165
拒面,xhs_search:不能参加面试怎么说:2025-11-04,小红书,不能参加面试怎么说,2026-07-29,291
面试爽约,xhs_search:不能参加面试怎么说:04-14,小红书,不能参加面试怎么说,2026-07-29,2
面试爽约玩消失？听劝！真的别踩这坑,xhs_search:不能参加面试怎么说:01-16,小红书,不能参加面试怎么说,2026-07-29,赞
做HR这么多年，收到最真诚的面试取消理由,xhs_search:不能参加面试怎么说:06-26,小红书,不能参加面试怎么说,2026-07-29,805
HR 看了会加分的那种,xhs_search:不能参加面试怎么说:02-02,小红书,不能参加面试怎么说,2026-07-29,23
汇报被说「讲重点」？一张图搞懂金字塔原理,https://www.xiaohongshu.com/explore/69c4d78b0000000028009121,小红书,金字塔原理表达,2026-07-29,4
金字塔原理,https://help.fanruan.com/dvg/doc-view-69.html,网页,金字塔原理表达,2026-07-29,—
从思维到表达：金字塔原理告诉你如何向领导呈现一场完美的汇报,https://blog.csdn.net/weixin_44135121/article/details/145032667,网页,金字塔原理表达,2026-07-29,—
技术人必修课：利用金字塔原理高效思考与表达,https://developer.aliyun.com/article/1491218,网页,金字塔原理表达,2026-07-29,—
这是让人永远记住「你」的1分钟自我介绍,https://www.xiaohongshu.com/search_result?keyword=%E9%AB%98%E6%83%85%E5%95%86%E8%87%AA%E6%88%91%E4%BB%8B%E7%BB%8D&sort=time_descending,小红书,高情商自我介绍,2026-07-29,3258
怎么高情商地自我介绍,https://www.jiaobu365.com/news/detail/id/15194.html,网页,高情商自我介绍,2026-07-29,—
幽默高情商的自我介绍【6篇】,https://m.ximalaya.com/ask/q10854955,网页,高情商自我介绍,2026-07-29,—
高情商面试自我介绍「5篇」,https://www.51jianli-moban.com/article/8210.html,网页,高情商自我介绍,2026-07-29,—
提供情绪价值的60句话,https://www.xiaohongshu.com/search_result?keyword=%E9%AB%98%E6%83%85%E5%95%86%E8%A1%A8%E8%BE%BE&sort=time_descending,小红书,高情商表达,2026-07-29,3012
高情商沟通话术大全,https://m.ximalaya.com/ask/t7342750,网页,高情商表达,2026-07-29,—
职场100条高情商沟通话术，不吃饭也要背下来,https://www.toutiao.com/article/7479407517739647523/,网页,高情商表达,2026-07-29,—
结构化万能答题模板 来喽,https://www.xiaohongshu.com/search_result?keyword=%E7%BB%93%E6%9E%84%E5%8C%96%E9%9D%A2%E8%AF%95%E4%B8%87%E8%83%BD%E5%88%86%E6%9E%90%E5%85%AC%E5%BC%8F&sort=time_descending,小红书,结构化面试万能分析公式,2026-07-29,1.5万
STAR法则分析模板,https://www.feishu.cn/template/star-elaboration-method,网页,结构化面试万能分析公式,2026-07-29,—
掌握STAR法则：在面试和工作中展现出色表现的秘诀,https://blog.csdn.net/qq_37037348/article/details/139144523,网页,结构化面试万能分析公式,2026-07-29,—
轻松玩转职场——职场沟通与写作技巧,http://coursehome.zhihuishu.com/courseHome/1000006872,网页,职场表达,2026-07-29,—
以礼润素养 以沟通聚力——职场礼仪与沟通技巧专题培训,https://www.kmjt.net/c/2026-07-03/684133.shtml,网页,职场表达,2026-07-29,—
基于人性的招聘面试实战技巧,https://m.mingketang.com/openCourse/desc?id=737059,网页,面试技巧,2026-07-29,—
HR面不是走过场：HR到底在考察你这3个维度,https://firstcv.cn/blog/13,网页,面试什么话不能说,2026-07-29,—
关于求职，《职来职往2026》提供了哪些宝典,https://news.qq.com/rain/a/20260317A0558K00,网页,面试什么话不能说,2026-07-29,—
浅谈求职面试中之大忌,http://www.rsj.sh.gov.cn/12333web/dzbz/wz/201712/t20171206_1275730.shtml,网页,面试什么话不能说,2026-07-29,—
这些面试大忌注意了！！！,https://www.nowcoder.com/discuss/405814449213374464,网页,面试什么话不能说,2026-07-29,—
求职面试时的六大忌,http://meeting.dxy.cn/13th-med-job-fair/article/i13143.html,网页,面试什么话不能说,2026-07-29,—
面试常见问题及回答思路：2026年10个高频问题的应对框架,https://prismresume.cn/blog/%E9%9D%A2%E8%AF%95%E5%B8%B8%E8%A7%81%E9%97%AE%E9%A2%98%E6%80%8E%E4%B9%88%E5%9B%9E%E7%AD%94,网页,面试什么话不能说,2026-07-29,—
面试官问你期望薪资多少？这样回答多拿30%,https://www.xiaohongshu.com/search_result?keyword=谈薪禁忌千万别犯,小红书,谈薪禁忌千万别犯,2026-07-29,239
谈薪时HR压价该怎么应对？,https://www.nowcoder.com/discuss/478865659888185344,网页,谈薪禁忌千万别犯,2026-07-29,—
HR谈薪“套路”深，别被忽悠了！师兄教你如何应对,https://blog.csdn.net/lgno2/article/details/137626506,网页,谈薪禁忌千万别犯,2026-07-29,—
涨薪技巧揭秘，怎么向HR委婉提涨薪更有效？,https://blog.ihr360.com/p/324480/,网页,谈薪禁忌千万别犯,2026-07-29,—
"面试官问你期望自己的薪资是多少时,你应该如何回答?",https://wap.zol.com.cn/ask/x_32984772.html,网页,谈薪禁忌千万别犯,2026-07-29,—
面试谈薪，千万别给自己帮倒忙！,https://wenku.51job.com/article457095/,网页,谈薪禁忌千万别犯,2026-07-29,—
邦芒忠告：职场新人谈薪酬的三大禁忌,https://blog.csdn.net/liyang_830/article/details/150213725,网页,谈薪禁忌千万别犯,2026-07-29,—
面试的时候，该不该问工资？,https://zhuanlan.zhihu.com/p/36093371,网页,谈薪禁忌千万别犯,2026-07-29,—
面试谈薪7个秘诀“击败”招聘经理没商量,http://www.ciiczj.com/ciiczj/grfw76/qzpd/qzqjc/548543/index.html,网页,谈薪禁忌千万别犯,2026-07-29,—
面试谈薪没有达到期望水平，接到offer后还有谈判空间吗？,https://www.rgf-professional.com.cn/zh/insights/https-www-rgf-professional-com-cn-zh-insights-salary-negotiation-after-a-job-offer,网页,谈薪禁忌千万别犯,2026-07-29,—
谈薪时“不敢提要求”，HR就会压你的价,https://www.xiaohongshu.com/search_result?keyword=HR压薪话术,小红书,HR压薪话术,2026-07-29,282
副职管理岗竞聘，三分钟自我介绍简直天花板,https://www.xiaohongshu.com/search_result?keyword=面试自我评价怎么说得体,小红书,面试自我评价怎么说得体,2026-07-29,259
面试的时候如何说自己的优缺点,https://www.hrloo.com/news/215930.html,网页,面试自我评价怎么说得体,2026-07-29,—
如何回答优缺点提问？,https://www.jianli.com/article/ollpjn.html,网页,面试自我评价怎么说得体,2026-07-29,—
个人简历自我评价优缺点怎么写,https://www.100chui.com/article/238543.html,网页,面试自我评价怎么说得体,2026-07-29,—
自我评价优缺点怎么写,https://www.100chui.com/article/203751.html,网页,面试自我评价怎么说得体,2026-07-29,—
推荐一万次！！Job Interview 这样回答～,https://www.xiaohongshu.com/search_result?keyword=如何回答面试官的问题,小红书,如何回答面试官的问题,2026-07-29,296
掌握10大關鍵溝通技巧，提升職場溝通力＆日常人際關係！,https://ishare-group.com/how-to-improve-your-communication-skills/,网页,职场表达,2026-07-30,—
“三明治拒绝法”为何受年轻人追捧？,https://www.sohu.com/a/914727302_121332524,网页,三明治拒绝法,2026-07-30,—
00后都在用的“三明治拒绝法”火了，嘴笨的窝囊老好人猛学,https://www.sohu.com/a/916113072_121124787,网页,三明治拒绝法,2026-07-30,—
00后捧红“三明治拒绝法”，嘴笨老实人猛学,https://cj.sina.com.cn/articles/view/1880048371/700f42f301901iqua,网页,三明治拒绝法,2026-07-30,—
不会拒绝？试试这个三明治法，软萌又不尴尬！,https://www.dealmoon.com/guide/1009896,网页,三明治拒绝法,2026-07-30,—
麦肯锡案例启示：如何高效汇报工作，让信息传递逻辑清晰,https://www.sohu.com/a/767178359_121124358,网页,麦肯锡表达,2026-07-30,—
麦肯锡逻辑思考法(豆瓣),https://book.douban.com/subject/34858283/,网页,麦肯锡表达,2026-07-30,—
麦肯锡90年结晶| 顶尖顾问如何汇报工作？（干货收藏）,https://news.mbalib.com/story/251927,网页,麦肯锡表达,2026-07-30,—
解读《麦肯锡结构化高效沟通：如何有逻辑地表达、演讲与写作》,https://www.meiyoufan.com/%E8%AF%BB%E4%B9%A6/%E8%A7%A3%E8%AF%BB%E3%80%8A%E9%BA%A6%E8%82%AF%E9%94%A1%E7%BB%93%E6%9E%84%E5%8C%96%E9%AB%98%E6%95%88%E6%B2%9F%E9%80%9A%EF%BC%9A%E5%A6%82%E4%BD%95%E6%9C%89%E9%80%BB%E8%BE%91%E5%9C%B0%E8%A1%A8%E8%BE%BE.html,网页,麦肯锡表达,2026-07-30,—
【且说说吧】麦肯锡方法论：解决问题的七个步骤,https://www.gzjszy.cn/site10/n955/20180606/i95.html,网页,麦肯锡表达,2026-07-30,—
如何与HR谈薪资,https://www.cnblogs.com/eosclover/p/15734661.html,网页,hr只说了薪资范围怎么回,2026-07-30,—
怎么跟 HR 谈薪资？,https://zhuanlan.zhihu.com/p/57505274,网页,hr只说了薪资范围怎么回,2026-07-30,—
当面试最后一关时，如何跟hr谈薪水呢？,https://www.52cv.com/article/D8ZS9KN72W,网页,hr只说了薪资范围怎么回,2026-07-30,—
面试被问“你为什么离职”，千万别说实话！14年HRD教你3个满分回答,https://zhuanlan.zhihu.com/p/2036028764191200864,网页,面试没离职该不该说真话,2026-07-30,—
学会三明治拒绝法，说“不”像呼吸一样简单,https://www.xiaohongshu.com/explore/687f6b28000000001c0343fc,小红书,三明治拒绝法,2026-07-30,3053
三明治拒绝法，拒绝也能把话说的好听！,https://www.xiaohongshu.com/search_result?keyword=%E4%B8%89%E6%98%8E%E6%B2%BB%E6%8B%92%E7%BB%9D%E6%B3%95&sort=time_descending,小红书,三明治拒绝法,2026-07-30,53
别做烂好人！高情商拒绝话术库，谁用谁爽,https://www.xiaohongshu.com/explore/69aff679000000000b035d15,小红书,三明治拒绝法,2026-07-30,4
我用 Claude Skill 复刻了McKinsey咨询顾问,https://www.xiaohongshu.com/search_result?keyword=%E9%BA%A6%E8%82%AF%E9%94%A1%E8%A1%A8%E8%BE%BE&sort=time_descending,小红书,麦肯锡表达,2026-07-30,1904
先盖屋顶，再砌墙：麦肯锡的表达秘诀,https://www.xiaohongshu.com/explore/69cb34e4000000001d01a321,小红书,麦肯锡表达,2026-07-30,16
北美找工：如何回应期望薪资❓,https://www.xiaohongshu.com/search_result?keyword=hr%E5%8F%AA%E8%AF%B4%E4%BA%86%E8%96%AA%E8%B5%84%E8%8C%83%E5%9B%B4%E6%80%8E%E4%B9%88%E5%9B%9E&sort=time_descending,小红书,hr只说了薪资范围怎么回,2026-07-30,1591
面试被问“目前在职还是离职”，如何回答？,https://www.xiaohongshu.com/search_result?keyword=%E9%9D%A2%E8%AF%95%E6%B2%A1%E7%A6%BB%E8%81%8C%E8%AF%A5%E4%B8%8D%E8%AF%A5%E8%AF%B4%E7%9C%9F%E8%AF%9D&sort=time_descending,小红书,面试没离职该不该说真话,2026-07-30,1211
如何跟HR谈薪资呢,https://www.xiaohongshu.com/search_result?keyword=hr%E9%97%AE%E4%BD%A0%E4%B8%8A%E4%B8%80%E4%BB%BD%E5%B7%A5%E4%BD%9C%E7%9A%84%E8%96%AA%E8%B5%84%E6%80%8E%E4%B9%88%E5%9B%9E%E7%AD%94&sort=time_descending,小红书,hr问你上一份工作的薪资怎么回答,2026-07-30,0
离职原因｜高情商话术💬,https://www.xiaohongshu.com/search_result?keyword=%E7%A6%BB%E8%81%8C%E9%9D%A2%E8%AF%95%E9%97%AE%E9%A2%98%E5%8F%8A%E5%9B%9E%E7%AD%94%E6%8A%80%E5%B7%A7&sort=time_descending,小红书,离职面试问题及回答技巧,2026-07-30,0
2026年年轻人必学实用技能大全，建议收藏备用,https://m.sohu.com/a/1026303742_122514294,网页,职场表达,2026-07-30,—
2026打工人 AI 技能提升指南：5个关键能力，让工作真正提效,https://chatexcel.com/blog/workplace-ai-skills/,网页,职场表达,2026-07-30,—
面试加分小技巧有啥？,https://www.jianli.com/article/ovanpv.html,网页,面试什么话该说,2026-07-30,—
职场高情商话术实例,https://weite.ltd/index.php/%E8%81%8C%E5%9C%BA/1321.html,网页,职场高情商接话模板,2026-07-30,—
职场沟通技巧：回领导微信为什么不宜用“嗯”？,https://yiban.io/blog/405,网页,职场会接话,2026-07-30,—
关于提高沟通效率的九个技巧（今晚不加班篇）,https://www.woshipm.com/pmd/910045.html,网页,职场会接话,2026-07-30,—
面试官问“你期望的薪资是多少”该怎么回答？,https://www.nowcoder.com/discuss/944659,网页,hr问你上一份工作的薪资怎么回答,2026-07-30,—
HR问“你的期望薪资是多少”？这样回答，薪资至少再提高20%,https://www.163.com/dy/article/G72NBIR40544ARL3.html,网页,hr问你上一份工作的薪资怎么回答,2026-07-30,—
面试官：问你期望的工资是多少，怎么回答最好？,https://news.mbalib.com/story/255486,网页,hr问你上一份工作的薪资怎么回答,2026-07-30,—
【薪酬】期望薪资怎么回答才会被录用？,https://m.51job.com/news/detail.php?newsid=05_417846,网页,hr问你上一份工作的薪资怎么回答,2026-07-30,—
面试官：问你期望的工资是多少，怎么回答最好？(CSDN版),https://blog.csdn.net/agonie201218/article/details/127610437,网页,hr问你上一份工作的薪资怎么回答,2026-07-30,—
面试问题：HR问“你的期望薪资是多少”？这样回答,https://zhuanlan.zhihu.com/p/394520363,网页,hr问你上一份工作的薪资怎么回答,2026-07-30,—
HR问我薪资期望，我怎么回答才好？,https://www.zhihu.com/question/335533362,网页,hr问你上一份工作的薪资怎么回答,2026-07-30,—
跳槽必看！面试被问离职原因，怎么回答更合适？,https://wenku.51job.com/article457734/,网页,离职面试问题及回答技巧,2026-07-30,—
履歷漂亮沒用！面試「這些話」是大忌 主管認：聽了就不想錄取,https://www.setn.com/news/1880292,网页,面试什么话不能说,2026-07-30,—
职场：行政岗的工作话术,https://www.xiaohongshu.com/search_result?keyword=%E6%B2%9F%E9%80%9A%E8%AF%9D%E6%9C%AF&sort=time_descending,小红书,沟通话术,2026-07-30,0
职场沟通实用技巧：2句话搞定90%的工作汇报,https://www.xinrenxinshi.com/xinzhi/485,网页,沟通话术,2026-07-30,—
怎么体面推掉不属于你的工作完整实操,https://www.xiaohongshu.com/search_result?keyword=%E8%81%8C%E5%9C%BA%E6%8B%92%E7%BB%9D%E8%AF%9D%E6%9C%AFsay_no&sort=time_descending,小红书,职场拒绝话术say_no,2026-07-30,188
在官场、职场、生意场上，有哪些可以体面表示拒绝或者委婉反驳别人的语言艺术/套话/官话？,https://www.zhihu.com/question/530280753,网页,职场拒绝话术say_no,2026-07-30,—
"工作中""委婉拒绝""的套路，我们总结了这4类25种",https://www.digitaling.com/articles/42196,网页,职场拒绝话术say_no,2026-07-30,—
职场拒绝技巧，学会委婉拒绝不伤和气,https://www.sohu.com/a/1035880494_122719118,网页,职场拒绝话术say_no,2026-07-30,—
委婉接受工作技巧，如何优雅表达拒绝？,https://blog.ihr360.com/p/61042/,网页,职场拒绝话术say_no,2026-07-30,—
你一说话就乱，问题其实在这里,https://www.xiaohongshu.com/search_result?keyword=%E8%AE%B2%E8%AF%9D%E9%80%BB%E8%BE%91/%E8%A1%A8%E8%BE%BE%E6%A1%86%E6%9E%B6&sort=time_descending,小红书,讲话逻辑/表达框架,2026-07-30,77
如何提高个人说话逻辑性,https://www.iyunying.org/work/302126,网页,讲话逻辑/表达框架,2026-07-30,—
如何让你的表达清晰而有逻辑？掌握这8种讲话公式｜讲话其实可以套公式,https://zhuanlan.zhihu.com/p/545260151,网页,讲话逻辑/表达框架,2026-07-30,—
体制内随取随用的场面话术,https://www.xiaohongshu.com/search_result?keyword=%E5%8A%9E%E5%85%AC%E5%AE%A4%E4%BE%8B%E4%BC%9A%E8%AF%9D%E6%9C%AF&sort=time_descending,小红书,办公室例会话术,2026-07-30,76
给员工开会说话技巧,https://www.hrloo.com/news/253648.html,网页,办公室例会话术,2026-07-30,—
职场训练营：开会生存指南,https://m.thepaper.cn/newsDetail_forward_3689090,网页,办公室例会话术,2026-07-30,—
教你如何在开会时有技巧地发言,https://www.cn-healthcare.com/articlewm/20210716/wap-content-1243748.html,网页,办公室例会话术,2026-07-30,—
黄金三分钟：体制内开会发言的艺术与智慧,https://zhuanlan.zhihu.com/p/1981660565215671449,网页,办公室例会话术,2026-07-30,—
思考录-如何在不同场景进行汇报的话术大全,https://wenku.51job.com/article448271/,网页,办公室例会话术,2026-07-30,—
面试的忌讳，你中了几枪？,https://blog.csdn.net/YopenLang/article/details/135567156,网页,面试什么话不能说,2026-07-30,—
转行面试最忌讳这句话，但99%的人都会说,https://zhuanlan.zhihu.com/p/143351609,网页,面试什么话不能说,2026-07-30,—
面试通过率暴增的2个小技巧,https://www.xiaohongshu.com/search_result?keyword=%E9%9D%A2%E8%AF%95%E7%9A%84%E5%B0%8F%E6%8A%80%E5%B7%A7,小红书,面试的小技巧,2026-07-30,58
面试有哪些小技巧呀？,https://www.zhihu.com/question/379515035,网页,面试的小技巧,2026-07-30,—
10个小技巧，让你在面试中脱颖而出,https://36kr.com/p/2320048371008384,网页,面试的小技巧,2026-07-30,—
和男领导有边界感的相处的3个秘诀！,https://www.xiaohongshu.com/search_result?keyword=%E8%81%8C%E5%9C%BA%E5%88%86%E5%AF%B8%E6%84%9F,小红书,职场分寸感,2026-07-30,37
说话如何做到有分寸？,https://zhuanlan.zhihu.com/p/475007001,网页,职场分寸感,2026-07-30,—
面试官问你为什么离职，这样回答直接扣分,https://www.xiaohongshu.com/search_result?keyword=hr%E9%97%AE%E4%B8%8A%E4%B8%80%E4%BB%BD%E5%B7%A5%E4%BD%9C%E7%A6%BB%E8%81%8C%E5%8E%9F%E5%9B%A0,小红书,hr问上一份工作离职原因,2026-07-30,3
HR告诉你如何回答“为什么从上家公司离职”,https://lusongsong.com/reed/1464.html,网页,hr问上一份工作离职原因,2026-07-30,—
HR问：“你为什么离开上一家公司？”，这样回答最机智,https://blog.csdn.net/zl1zl2zl3/article/details/89068976,网页,hr问上一份工作离职原因,2026-07-30,—
一定码住，面试最后提问HR的问题,https://www.xiaohongshu.com/search_result?keyword=%E9%9D%A2%E8%AF%95%E5%BF%85%E9%97%AE%E9%97%AE%E9%A2%98%E6%B8%85%E5%8D%95,小红书,面试必问问题清单,2026-07-30,20
职场沟通技巧培训教材及实操案例,https://cj.sina.com.cn/articles/view/7879848901/1d5acf3c501901jclq?froms=ggmp,网页,职场表达,2026-07-31,—
2026年运营面试通关指南：搞定高频问题、答题思路和能力考察全流程,https://offermore.cc/blog/2026-operations-interview-guide,网页,面试技巧,2026-07-31,—
分享一些找工作时的话术,https://cj.sina.com.cn/articles/view/6381613971/17c5fb39300101ezn0,网页,面试什么话该说,2026-07-31,—
招聘面试话术宝典,https://zhuanlan.zhihu.com/p/46423756,网页,面试什么话该说,2026-07-31,—
金九银十，薪酬谈判技巧,https://www.nowcoder.com/discuss/540643870992834560,网页,谈薪技巧,2026-07-31,—
【面试实战4】你的优缺点是什么？,https://www.nowcoder.com/discuss/680704854263705600,网页,面试优缺点怎么说,2026-07-31,—
面试时被问'你有什么缺点'，这样回答让HR眼前一亮,https://www.youpinjianli.com/strategy/article/69d305ef028397a50a42fa7e,网页,面试优缺点怎么说,2026-07-31,—
加拿大面试好难，英语好差,https://www.xiaohongshu.com/search_result?keyword=%E5%85%8B%E6%9C%8D%E9%9D%A2%E8%AF%95%E6%81%90%E6%83%A7,小红书,克服面试恐惧,2026-07-31,32
心理学告诉你：面试紧张发抖怎么办？,https://dxs.moe.gov.cn/zx/a/xl_xlyz_xlzs/231117/1863561.shtml,网页,克服面试恐惧,2026-07-31,—
面试紧张怎么办？别急，方法在这里！,https://www.chinaacc.com/jiuye/zcbk/zh20230727165316.shtml,网页,克服面试恐惧,2026-07-31,—
七大方法助你面试减压,https://yz.chsi.com.cn/kyzx/fstj/201502/20150213/1430076170.html,网页,克服面试恐惧,2026-07-31,—
Meta印度裔高级经理，分享向上管理心得,https://www.xiaohongshu.com/search_result?keyword=%E5%90%91%E4%B8%8A%E7%AE%A1%E7%90%86,小红书,向上管理,2026-07-31,1.3万
作为管理者，如何做好向上管理,https://blog.csdn.net/zh6526157/article/details/145745312,网页,向上管理,2026-07-31,—
向上管理：三个技巧，教会你如何与上级、老板高效协作,https://zhuanlan.zhihu.com/p/658453268,网页,向上管理,2026-07-31,—
职场里如何培养向上沟通、向上管理的能力？,https://zhuanlan.zhihu.com/p/571927621,网页,向上管理,2026-07-31,—
职场策略：如何与上级沟通，有效向上管理的上下级沟通技巧,https://www.michaelpage.com.cn/advice/career-advice/productivity-and-performance/1024474,网页,向上管理,2026-07-31,—
帮候选人谈下40%涨幅，猎头教你谈薪技巧,https://www.xiaohongshu.com/search_result?keyword=%E5%A4%96%E5%8C%85%E8%B0%88%E8%96%AA&sort=time_descending,小红书,外包谈薪,2026-07-31,47
SPIN提问法：用四个问题，把需求挖出来,https://www.xiaohongshu.com/search_result?keyword=%E4%B8%BB%E5%8A%A8%E6%8F%90%E9%97%AE&sort=time_descending,小红书,主动提问,2026-07-31,55
面试官问你为什么离职，HR都认可的离职原因，你学会了吗?,https://blog.csdn.net/qq_44866828/article/details/129482175,网页(CSDN),离职原因怎么说,2026-07-31,—
HR见过最好的离职原因是什么？,https://maimai.cn/article/detail?fid=1742334492&efid=KjgDJrQV4boAE1UBchH4Zg,网页(脉脉),离职原因怎么说,2026-07-31,—
如何提高自己的表达能力？,https://zhuanlan.zhihu.com/p/501545517,网页(知乎),职场表达,2026-07-31,—
职场中向下属提问的技巧有哪些,https://blog.csdn.net/qd_lifeng/article/details/143614141,网页(CSDN),主动提问,2026-07-31,—
职场沟通技巧的重要性,https://zhuanlan.zhihu.com/p/378152865,网页(知乎),主动提问,2026-07-31,—
掌握这3个向上汇报诀窍，让领导信服，让同事羡慕,https://zhuanlan.zhihu.com/p/366234695,知乎,个人工作汇报话术,2026-07-31,—
有哪些非语言因素（如肢体语言、眼神交流等）在面试中至关重要，又该如何把握,https://www.jianli.com/article/geevmv.html,简历网,面试肢体语言,2026-07-31,—
面试时，问你有什么缺点，到底该怎么回答？我总结了“3个3”,https://www.woshipm.com/zhichang/5179930.html,人人都是产品经理,面试官问缺点应该怎么回答,2026-07-31,31354浏览/36收藏
面试官问“你的缺点是什么”，怎么回答？,https://www.zhihu.com/question/583711205,知乎,面试官问缺点应该怎么回答,2026-07-31,—
逻辑混乱救星｜4个公式，练出清晰表达力,https://www.xiaohongshu.com/search_result/69ed9b900000000036001e17?xsec_token=ABsqR2zlnoGqMVA2Q2O0O5cjhn1Y_ff7Lt2YbZaMICXNA=&xsec_source=,小苏练表达,职场表达,2026-07-31,154
5个万能表述公式，告别逻辑混乱,https://www.xiaohongshu.com/search_result/6a198abb000000003700c6f8?xsec_token=ABX-9Qgb376dWhQUrxAxF4tc-JRSLqrtyJ5wTMqASSM0U=&xsec_source=,培训杰森老师,职场表达,2026-07-31,36
面试最容易被问到的7个问题以及回答模板,https://www.xiaohongshu.com/search_result/6a3f7d57000000000702e0d6?xsec_token=ABcOVXPzCS70dqRb2ZrnWFbFgQ3mzKk4fsMSmhKB44sdI=&xsec_source=,老马解局,面试什么话该说,2026-07-31,128
你面试总说假话？HR其实听3句就识破了,https://www.xiaohongshu.com/search_result/6a6c964f0000000026034392?xsec_token=ABp8CWnbmqsjLbLoJdRzqNNDdZTMJtDnQOo6k6zfeG7IU=&xsec_source=,项皮不皮,面试什么话不能说,2026-07-31,4
工作汇报的核心结构,https://www.xiaohongshu.com/search_result/68edff9c000000000703bf0c?xsec_token=ABkFXDDqjZ4BCVOAHxHL0XU8SAj0GrtMQLiHBNa8oSb4E=&xsec_source=,刚哥的运营笔记,个人工作汇报话术,2026-07-31,1.6万
这套 Prompt，让麦肯锡高管变你的职场教练,https://www.xiaohongshu.com/search_result/69c76d72000000001e00eaa7?xsec_token=ABrjsq6WiHOaVo2ybkKrUD3bexbEw71ZzFTaEkcwf1zGA=&xsec_source=,酷酷的学姐,个人工作汇报话术,2026-07-31,145
工作汇报，你一开口就秒杀95%的人！,https://www.xiaohongshu.com/search_result/6a6a1695000000001b01f670?xsec_token=ABIq_kVIXRt3mKfSphuOZr2tZl9iN7T52xROx8gnnLhyY=&xsec_source=,桃子练表达,个人工作汇报话术,2026-07-31,55
1小时工作汇报速成版，直接抄✅,https://www.xiaohongshu.com/search_result/678f20d1000000001801082d?xsec_token=ABYQhRw9nQJ6lIapSa8zk0o226OtshsE2O9r9roMFHBM8=&xsec_source=,石榴学姐聊HR,个人工作汇报话术,2026-07-31,1906
让自己表达有逻辑的五个万能表达公式,https://www.xiaohongshu.com/search_result/69c276ea000000002102c8c4?xsec_token=ABWzMQbcE_dAp5ClGqDSWu5ybMON2FDHPvm1zF1sIndwg=&xsec_source=,培训杰森老师,个人工作汇报话术,2026-07-31,165
年终述职，句句不提努力，句句高光,https://www.xiaohongshu.com/search_result/6943d57f000000000d00e739?xsec_token=ABKpuEOma-nj7naBiaRe37PBrbiuYcxWGTrd-KFk8DI_4=&xsec_source=,Truman聊商业,个人工作汇报话术,2026-07-31,2124
打工人必看！年终述职汇报通用模板💯,https://www.xiaohongshu.com/search_result/6939374f000000001e005dc3?xsec_token=ABSkvWvbP2inoq3VRz5GYK4KP3hc_Lms1xcmB_uvNcA7E=&xsec_source=,CC的打工日常,个人工作汇报话术,2026-07-31,509
工作汇报和底层逻辑,https://www.xiaohongshu.com/search_result/69a95b5500000000260327cf?xsec_token=AB-Kg-t7cq87K0gdzr2XU3wH5yaJABL2IkBj4YoVsPq_g=&xsec_source=,刚哥的运营笔记,个人工作汇报话术,2026-07-31,7700
年底述职封神！40句金句稳拿年终奖💥,https://www.xiaohongshu.com/search_result/692d941f000000001e03911f?xsec_token=ABMWZn9-thbApgrS1RMcAepTfQZNSveqVzEkkS8WTVgNU=&xsec_source=,小七的成长日记📓,个人工作汇报话术,2026-07-31,643
老板全程认真听的年中总结开场白belike:,https://www.xiaohongshu.com/search_result/6a02e6d4000000003700dd12?xsec_token=ABkXFKZTxfjr6_TrB3sY0sOMERqgsWUCDdTT2O5pLK4og=&xsec_source=,喵喵向上🐱,个人工作汇报话术,2026-07-31,66
CNBC-面试中的肢体语言技巧,https://www.xiaohongshu.com/search_result/69c5411900000000230073e9?xsec_token=AB4Run_pIWO2txOiZE-ZgAk0IyvmoB5ZdAqJ0xRKu3O50=&xsec_source=,科林职场研究所,面试肢体语言,2026-07-31,2
这些“小动作”会让面试官扣分,https://www.xiaohongshu.com/search_result/69b39977000000001a032cdf?xsec_token=AB4Xy7rYnaNaGwsKZAiVrsoH1uRouOyiQ-S3lhHS02Fq0=&xsec_source=,崔崔云,面试肢体语言,2026-07-31,51
试讲时你的小手还无处安放吗,https://www.xiaohongshu.com/search_result/69f6d239000000001a02f24d?xsec_token=ABgMnNFPMzgknbZOYh5WOf32ti5pykJdznQ7iife7xjhE=&xsec_source=,上岸体育-King 兵,面试肢体语言,2026-07-31,1263
公开演讲：如何有效运用你的肢体语言,https://www.xiaohongshu.com/search_result/692ab772000000001b033c5e?xsec_token=ABvYqiVRlL3EfZSjodw2RU87Wfz-ybKdeT87EVDFFYv0E=&xsec_source=,TEDTeacher: Ryan Hodgson,面试肢体语言,2026-07-31,624
🥇冠军的演讲手势101：万能的PUOH！,https://www.xiaohongshu.com/search_result/698037b7000000000b010ee3?xsec_token=ABkwVhSwSuEceyASCD9S0NgOm8fnNELaiXyK6vF7DZ07A=&xsec_source=,Steven学长（成长版）,面试肢体语言,2026-07-31,261
3min看完复试进场/出场礼仪（复旦第二）,https://www.xiaohongshu.com/search_result/69c294b700000000280096f0?xsec_token=ABWzMQbcE_dAp5ClGqDSWu5zKX_kXqSY9ULyekRryKBLE=&xsec_source=,然后徐（考研版）,面试肢体语言,2026-07-31,8290
讲解PPT的手势和台风。,https://www.xiaohongshu.com/search_result/68e7b686000000000700f1ad?xsec_token=ABRqKinkn_xmPI_r-2fH3vb6ipNVZrxPpcObldNEuf_Kc=&xsec_source=,主持演讲口才培训-汪伟,面试肢体语言,2026-07-31,1221
主持人教你｜上台不紧张的6个万能手势！,https://www.xiaohongshu.com/search_result/6890a2310000000023028f65?xsec_token=AB75CKnTPoKhMwOcYnCBHWbxg8hB6bskDfBkG1QXuf8rw=&xsec_source=,思博Sabrina,面试肢体语言,2026-07-31,684
几个让面试官赞不绝口的面试行为,https://www.xiaohongshu.com/search_result/6a4b0e8c000000000701288f?xsec_token=AB78zpW53s2LixtvzaoSp1Xhtq2aXWMpc7bBMVLDY-dkA=&xsec_source=,野生Kiki要搞事业（无话不聊版）,面试肢体语言,2026-07-31,21
“你的缺点是什么？”这样答既真诚又不踩雷,https://www.xiaohongshu.com/search_result/68a3170b000000001d00b4cc?xsec_token=ABc3koBDfAlSpDi24mzwguJoAZM9J9qovBQWx10mq3s9M=&xsec_source=,木绵在职场,面试官问缺点应该怎么回答,2026-07-31,67
🔥🔥🔥高情商面试话术，把缺点聊成优势,https://www.xiaohongshu.com/search_result/698d19ab000000000a0313f0?xsec_token=AB_4lHTjaU_1ZDzxkRl8RoUmJDAohiMWPsEIHsTDTK82A=&xsec_source=,斐常职场,面试官问缺点应该怎么回答,2026-07-31,15
面试被问“你最大的缺点？”回答话术直接用,https://www.xiaohongshu.com/search_result/69d3aaa90000000023026173?xsec_token=ABhAAsof3qratkcczED0IUuHiSQsTx2i0FwJbOFVlj0kg=&xsec_source=,奔跑的蒲公英,面试官问缺点应该怎么回答,2026-07-31,249
面试问你弱点，应该怎么回答？,https://www.xiaohongshu.com/search_result/6a2eea70000000000d00bc00?xsec_token=ABFjndjNLWnvMveQGsF6tzdAOGjAElhL8_ftp9tmeuMiI=&xsec_source=,职业教练艾格,面试官问缺点应该怎么回答,2026-07-31,3
面试被问缺点🆘｜如何高情商回复！,https://www.xiaohongshu.com/search_result/6a16cb740000000038020977?xsec_token=AByMxq8t6-mPiSc09PYVZrXaz2psOfWNyhzontQmNrlnQ=&xsec_source=,是福福哦,面试官问缺点应该怎么回答,2026-07-31,14
面试问缺点，别再说我太追求完美,https://www.xiaohongshu.com/search_result/6a20cf81000000003601fada?xsec_token=ABjPUg8r5GYtSYgSaXQedieNFaPd2vf9O6UsuozSpVDPQ=&xsec_source=,我不是卡神q83,面试官问缺点应该怎么回答,2026-07-31,4
你容易紧张，可能不是因为胆小…,https://www.xiaohongshu.com/search_result/6968b721000000002202c688?xsec_token=ABUIReMPbyASNhXaxup9BTOt-kgVGtCs9DJ54TG-0GEko=&xsec_source=,今解,克服面试紧张,2026-07-31,8.9万
最强大脑Dr.魏教你解决“紧张” ！,https://www.xiaohongshu.com/search_result/690bf44600000000040143df?xsec_token=ABqTSOQuPUUaCZJHyAHIGQLUpu7RfIV9YG4ApTtv5uTcA=&xsec_source=,北京大学,克服面试紧张,2026-07-31,2889
克服上台紧张的训练方式。,https://www.xiaohongshu.com/search_result/69ea213f0000000011023004?xsec_token=ABm3soLt3CsQC4unb_72bUG__m-a0nkk-tIbRXtcuY5Q4=&xsec_source=,主持演讲口才培训-汪伟,克服面试紧张,2026-07-31,3189
头部大厂高阶leader分享如何真正准备一场面试（三）,https://www.xiaohongshu.com/explore/6899e8590000000023022619,小红书,线上面试话术,2026-07-31,6699
不会开场=演讲失败！这5种方式超吸睛！,https://www.xiaohongshu.com/explore/69eb1e420000000019025c00,小红书,演讲开场白,2026-07-31,4
万能开场话术,https://www.xiaohongshu.com/explore/69d73d140000000021010aec,小红书,演讲开场白,2026-07-31,257
如何成为一个逻辑清晰的人？（附训练）,https://www.xiaohongshu.com/explore/6991b614000000000c03573b,小红书,职场口才训练方法,2026-07-31,2002
说话磕磕巴巴没观点，每天一篇新闻评述,https://www.xiaohongshu.com/explore/6a1af9a2000000000803daf0,小红书,职场口才训练方法,2026-07-31,185
恐怖的表达力是这么练成的！,https://www.xiaohongshu.com/explore/69d35b9400000000230149fa,小红书,职场口才训练方法,2026-07-31,393
秒懂职场|汇报沟通的3个底层逻辑,https://zhuanlan.zhihu.com/p/678284977,网页,职场表达,2026-07-31,—
演讲口才：十二种经典演讲开场白,https://study.163.com/course/introduction/1209820890.htm,网页,演讲开场白,2026-07-31,—
演讲的开场白（通用23篇）,https://www.diyifanwen.com/d/22622974.html,网页,演讲开场白,2026-07-31,—
演讲稿开场白技巧（精选17篇）,https://m.diyifanwen.com/yanjianggao/janjiangjiqiao/21569869.html,网页,演讲开场白,2026-07-31,—
正确的开场白：从吸引听众开始,https://blog.csdn.net/guosixu/article/details/5655894,网页,演讲开场白,2026-07-31,—
如何打造引人入胜的演讲开场？演讲开场白的技巧大揭秘,https://blog.csdn.net/AquaDream/article/details/134727339,网页,演讲开场白,2026-07-31,—
演讲开场白的12种方式,https://jingyan.baidu.com/article/a501d80c14e7a2ec620f5e78.html,网页,演讲开场白,2026-07-31,—
公务员结构化面试题型及答题思路,https://ah.huatu.com/2022/0822/2398565.html,网页,面试破题技巧,2026-07-31,—
国考省考结构化面试：情景模拟题的答题思路,https://blog.csdn.net/weixin_46838716/article/details/130501166,网页,面试破题技巧,2026-07-31,—
实用！如何应对结构化面试？锦囊送上,https://www.peopleapp.com/column/30046329642-500005691502,网页,面试破题技巧,2026-07-31,—
24教资面试|结构化问题应该怎么答模板+真题举例,https://zhuanlan.zhihu.com/p/582870431,网页,面试破题技巧,2026-07-31,—
结构化面试常见10大问题及破题思路,http://www.ahrsksw.net/gjgwy/mszl/2024/26367.html,网页,面试破题技巧,2026-07-31,—
面试自我介绍需要注意的五个案例,https://www.woshipm.com/zhichang/9518.html,网页,面试什么话该说,2026-07-31,—
自我介绍这样说，让HR和技术面试官都眼前一亮！,https://www.nowcoder.com/discuss/716020152386457600,网页,面试什么话该说,2026-07-31,—
面试时该如何做好自我介绍呢？附带介绍样板示例,https://www.cnblogs.com/Can-daydayup/p/19003624,网页,面试什么话该说,2026-07-31,—
面试时自我介绍怎么说最好？,https://www.jianliben.com/article/detail/43313,网页,面试什么话该说,2026-07-31,—
面试！自我介绍怎么说？说什么？,https://zhuanlan.zhihu.com/p/338698210,网页,面试什么话该说,2026-07-31,—
面试中如何留下给人印象深刻的自我介绍,https://www.zhiyeapp.com/jlgl/V69xIC.html,网页,面试什么话该说,2026-07-31,—
应届生线上视频面试怕翻车？这些技巧送给你,https://zhuanlan.zhihu.com/p/523644038,网页,线上面试话术,2026-07-31,—
背了它，你的职场英语就稳了💫,https://www.xiaohongshu.com/explore/69e42ef8000000001e00f22c,小红书,职场表达,2026-08-01,191
🔥思维开挂｜1张图搞定所有逻辑关系❗️❗️❗️,https://www.xiaohongshu.com/explore/688e3810000000002501a0fa,小红书,职场表达,2026-08-01,1914
🇨🇦加拿大it面试经验记录,https://www.xiaohongshu.com/explore/689ab1990000000023032133,小红书,面试技巧,2026-08-01,
面试通关万能话术，背下来，面试准过‼️,https://www.xiaohongshu.com/explore/6a0f235100000000380360e9,小红书,面试什么话该说,2026-08-01,
找工作面试不管问你啥，记住一个话术原则,https://www.xiaohongshu.com/explore/6a60bd0c000000002201b722,小红书,面试什么话该说,2026-08-01,1994
学会在面试中，把自己的“结果”讲出老,https://www.xiaohongshu.com/explore/6a6c673f0000000006007830,小红书,面试什么话该说,2026-08-01,
毕业季！面试要听懂的潜台词！,https://www.xiaohongshu.com/explore/6a4b0c74000000001702fcac,小红书,面试什么话该说,2026-08-01,
外企|北美求职 面试不要说的三句话,https://www.xiaohongshu.com/explore/6a6467c5000000000401c8d0,小红书,面试什么话不能说,2026-08-01,313
面试通关技巧，不该说的话千万别说‼️,https://www.xiaohongshu.com/explore/6a54fe7f000000000702e54a,小红书,面试什么话不能说,2026-08-01,
求职面试绝对不能说的几句话！！,https://www.xiaohongshu.com/explore/6a62a37c0000000001000abf,小红书,面试什么话不能说,2026-08-01,
当你让ai做高情商回复挑战，笑死我了,https://www.xiaohongshu.com/explore/6943f9e4000000001d03e47f,小红书,高情商职场应对话术,2026-08-01,3.1万
所有让你不舒服的话，都可以这样回,https://www.xiaohongshu.com/explore/69b553a60000000021013eaf,小红书,高情商职场应对话术,2026-08-01,123
万能吵架话术！我现在强的不行,https://www.xiaohongshu.com/explore/6a0293ff00000000380201d0,小红书,高情商职场应对话术,2026-08-01,197
给男领导提供情绪价值，20句常见话术,https://www.xiaohongshu.com/explore/6a0fd5490000000035031d28,小红书,高情商职场应对话术,2026-08-01,684
句子越短，怼人越爽,https://www.xiaohongshu.com/explore/6a15136d00000000380238dc,小红书,高情商职场应对话术,2026-08-01,2212
跟小人斗，就要先搞他心态！,https://www.xiaohongshu.com/explore/69e8a09800000000220263de,小红书,高情商职场应对话术,2026-08-01,1473
面对不尊重 这样回应最狠,https://www.xiaohongshu.com/explore/68a81fcd000000001b03d1c8,小红书,高情商职场应对话术,2026-08-01,2068
职场高情商接话技巧，你学会了几条？,https://www.xiaohongshu.com/explore/6a64fd71000000000402acb8,小红书,高情商职场应对话术,2026-08-01,1991
🌟50句幽默话语记几句，一开口逗笑所有人,https://www.xiaohongshu.com/explore/691d44b9000000001e007505,小红书,高情商职场应对话术,2026-08-01,3551
50 句高情商接话,https://www.xiaohongshu.com/explore/6a6c999f0000000008011d67,小红书,高情商职场应对话术,2026-08-01,
职场高情商接话小技巧,https://www.xiaohongshu.com/explore/6a6b5280000000002800aa68,小红书,高情商职场应对话术,2026-08-01,
和领导相处话术,https://www.xiaohongshu.com/explore/6a4460800000000006036ddd,小红书,高情商职场应对话术,2026-08-01,243
职场高情商接话的重要性,https://www.xiaohongshu.com/explore/6a1e41190000000007024146,小红书,高情商职场应对话术,2026-08-01,139
30个高情商聊天公式，告别尬聊！,https://www.xiaohongshu.com/explore/69ea051a0000000012029801,小红书,高情商职场应对话术,2026-08-01,
领导画大饼？高情商清醒应对话术不撕破脸、,https://www.xiaohongshu.com/explore/6a6c6435000000003300a046,小红书,高情商职场应对话术,2026-08-01,
职场高情商话术,https://www.xiaohongshu.com/explore/6a56baad000000000803361a,小红书,高情商职场应对话术,2026-08-01,413
教你在职场高情商接话,https://www.xiaohongshu.com/explore/6a5d0cbc000000000301ebfe,小红书,高情商职场应对话术,2026-08-01,
忍无可忍，无需再忍｜职场受气包反击话术✨,https://www.xiaohongshu.com/explore/6a6cbdf9000000002402f04b,小红书,高情商职场应对话术,2026-08-01,
总结了一些职场漂亮话（同事篇）,https://www.xiaohongshu.com/explore/69b78daa0000000023022d67,小红书,职场漂亮话,2026-08-01,2373
100条金句（含痛点+发言句式）背下来才有用,https://www.xiaohongshu.com/explore/6a0e8740000000003701cefb,小红书,职场漂亮话,2026-08-01,204
简短但很正念的句子,https://www.xiaohongshu.com/explore/68a8375b000000001d00b7c5,小红书,职场漂亮话,2026-08-01,4808
💬提供情绪价值，100句巨好用（二）,https://www.xiaohongshu.com/explore/692a98a1000000001d03d428,小红书,职场漂亮话,2026-08-01,635
提供情绪价值万能88句话！ 建议收藏,https://www.xiaohongshu.com/explore/68f9efd400000000040285da,小红书,职场漂亮话,2026-08-01,6915
原来这就是利他性话术,https://www.xiaohongshu.com/explore/69bae1e1000000001f002612,小红书,职场漂亮话,2026-08-01,2005
100句高情商万能场面话,https://www.xiaohongshu.com/explore/69b6a2db000000001a026ca1,小红书,职场漂亮话,2026-08-01,676
别再只会辛苦了！50句话术夸出好前途🌟,https://www.xiaohongshu.com/explore/6a5db4d5000000001b01d203,小红书,职场漂亮话,2026-08-01,
职场会接话的重要性（同事篇）,https://www.xiaohongshu.com/explore/6a50d23f00000000070116ec,小红书,职场漂亮话,2026-08-01,1591
夸人顺口溜,https://www.xiaohongshu.com/explore/6a046b59000000000803147f,小红书,职场漂亮话,2026-08-01,2370
面试学生会/社团必问的六个问题及回答策略,https://www.xiaohongshu.com/explore/68d68b02000000001101c7b9,小红书,部门面试自我介绍,2026-08-01,1.2万
自我介绍,https://www.xiaohongshu.com/explore/6a58ad9d000000001102c439,小红书,部门面试自我介绍,2026-08-01,
每日英语口语｜面试自我介绍版,https://www.xiaohongshu.com/explore/6a1798410000000038020d95,小红书,部门面试自我介绍,2026-08-01,
入职自我介绍｜3套万能公式，告别尴尬，搞定,https://www.xiaohongshu.com/explore/6934f644000000001b032459,小红书,部门面试自我介绍,2026-08-01,276
面试自我介绍到底应该说什么？,https://www.xiaohongshu.com/explore/6a60bcd0000000001100480f,小红书,部门面试自我介绍,2026-08-01,
大学部门面试问题大全❗️,https://www.xiaohongshu.com/explore/68e33dd1000000000302d18f,小红书,部门面试自我介绍,2026-08-01,1.7万
绝对是细糠！面试自我介绍不要背简历了！,https://www.xiaohongshu.com/explore/69d7596c0000000023025db5,小红书,部门面试自我介绍,2026-08-01,
一篇搞定英文自我介绍，面试/留学/课堂通用,https://www.xiaohongshu.com/explore/6a16461b0000000035023cad,小红书,部门面试自我介绍,2026-08-01,
10年HR真心话｜跳槽谈薪4个必杀技,https://www.xiaohongshu.com/explore/6a183d56000000003502eba4,小红书,跳槽谈薪,2026-08-01,
延长简历，找工作需要的薪资流水,https://www.xiaohongshu.com/explore/69fd74d50000000038022403,小红书,跳槽谈薪,2026-08-01,
不会谈判？谈薪15分钟损失一台保时捷！,https://www.xiaohongshu.com/explore/6a6c81ae0000000035016721,小红书,跳槽谈薪,2026-08-01,
39岁十年老猎掏心窝｜薪酬谈判怎么谈,https://www.xiaohongshu.com/explore/6a34119b0000000021018d45,小红书,跳槽谈薪,2026-08-01,
🇺🇸谈薪成功 已签offer,https://www.xiaohongshu.com/explore/6a5acab4000000001c0130d0,小红书,跳槽谈薪,2026-08-01,316
面试谈薪蕞全避坑指南，多拿20%‼️HR高管秘籍,https://www.xiaohongshu.com/explore/67fe3254000000001c012eb2,小红书,跳槽谈薪,2026-08-01,105
跳槽的第一性原理是什么？,https://www.xiaohongshu.com/explore/6a0d3cca000000003501f128,小红书,跳槽谈薪,2026-08-01,382
2026轉職必看的談薪指南！掌握三類人才優勢，打破薪資天花板,https://www.yourator.co/articles/1115,网页,跳槽谈薪,2026-08-01,
AI方向跳槽涨薪实录：2026年我经手的真实数据,https://zhuanlan.zhihu.com/p/2026005024430465636,网页,跳槽谈薪,2026-08-01,
🏆省金支教老师职业规划大赛高分PPT！,https://www.xiaohongshu.com/explore/6a6dbfb7000000003400f6dc?xsec_token=ABk31yDVGRaeJy7muaLFSpuP5p2Xa-jXngMIvspzTafoE=&xsec_source=pc_feed,小红书,职业规划,2026-08-01,2
末九人工智能研0求职业生涯规划定位,https://www.xiaohongshu.com/explore/6a6dabeb0000000028006e67?xsec_token=ABk31yDVGRaeJy7muaLFSpuDnD43szJsYzgEl4E0Pk4EU=&xsec_source=pc_feed,小红书,职业规划,2026-08-01,7
30岁研究生，在上海：今年失业的人，真的,https://www.xiaohongshu.com/explore/6a6d484f0000000006005e49?xsec_token=ABk31yDVGRaeJy7muaLFSpuLK_o1ZzFcXMYrArJH0Emmg=&xsec_source=pc_feed,小红书,职业规划,2026-08-01,9
青年律师执业困境之三：职业规划,https://www.xiaohongshu.com/explore/6a6ce2d10000000006006d15?xsec_token=ABp8CWnbmqsjLbLoJdRzqNNF3oO4AJdNYpyKdyEIDbfK4=&xsec_source=pc_feed,小红书,职业规划,2026-08-01,5
职业规划求助,https://www.xiaohongshu.com/explore/6a6c2f650000000005030841?xsec_token=ABp8CWnbmqsjLbLoJdRzqNNN-njYhFo81ChPqlUVQQ_Z4=&xsec_source=pc_feed,小红书,职业规划,2026-08-01,0
工科生毕业工作1年的职业规划困惑,https://www.xiaohongshu.com/explore/6a6c2dc50000000005029334?xsec_token=ABp8CWnbmqsjLbLoJdRzqNNKMt0bdEDMVpa7L6QVtIA9Y=&xsec_source=pc_feed,小红书,职业规划,2026-08-01,0
核心结构：面试自我介绍的万能公式,https://www.xiaohongshu.com/explore/6a6d5b330000000032021f4a?xsec_token=ABk31yDVGRaeJy7muaLFSpuIg7n8s6wpVWDAZGEgzLGEw=&xsec_source=pc_feed,小红书,自我介绍万能公式,2026-08-01,3
自我介绍，怎么讲，才能既突出又新颖？,https://www.xiaohongshu.com/explore/6a6c2841000000003301a57d?xsec_token=ABp8CWnbmqsjLbLoJdRzqNNKpS9DGixuA2e7uRn2WSQCM=&xsec_source=pc_feed,小红书,自我介绍万能公式,2026-08-01,3
第一部分：自我介绍万能公式（80%人翻车重灾区）,https://www.xiaohongshu.com/explore/6a6b86ff000000002c0002b8?xsec_token=ABd2kIn4bXJvoibTlK7X9tR3nzNSC1sjaSWubQcYuL8e8=&xsec_source=pc_feed,小红书,自我介绍万能公式,2026-08-01,2
来！咱们重新认识一下！,https://www.xiaohongshu.com/explore/6a6b40360000000024025488?xsec_token=ABd2kIn4bXJvoibTlK7X9tR1fm0Lccrt6jpOK-AUXNJpg=&xsec_source=pc_feed,小红书,自我介绍万能公式,2026-08-01,10
面试分享｜高管面/CEO面怎么聊,https://www.xiaohongshu.com/explore/67d98097000000001d019f58?xsec_token=AB31KlO1mKh9hn4Am4auUz_kXlJ3fKqUzEm8yriK0y5JA=&xsec_source=pc_feed,小红书,boss终面面试一般会问什么,2026-08-01,3101
终面见老板怎么聊？格局打开，别说只会干活,https://www.xiaohongshu.com/explore/692f9afe000000001f009e12?xsec_token=ABWGETAGXfAZK5OUm9aAg6a6Sg25_1AeatAJN3RuqnEso=&xsec_source=pc_feed,小红书,boss终面面试一般会问什么,2026-08-01,145
终面，大领导面试通关技巧,https://www.xiaohongshu.com/explore/69bbb016000000001a02b969?xsec_token=ABBXvTO4K_SJeOdSOn7tMHbDIIAiOdAimub7M20L703Ak=&xsec_source=pc_feed,小红书,boss终面面试一般会问什么,2026-08-01,121
终面，高管或Boss到底面你什么？,https://www.xiaohongshu.com/explore/6a220a350000000007023442?xsec_token=AB2-zK3TMjQ9weQqJFH3vJ8zW4UIg6kkx81mWhSw8tTGg=&xsec_source=pc_feed,小红书,boss终面面试一般会问什么,2026-08-01,182
11种涨薪方式排名，从夯到拉,https://www.xiaohongshu.com/explore/6a0abf00000000000800174c?xsec_token=ABado9IcuEJYcXyQKJlb7NY6ADCJIIQjhmIWTBJkMv0wI=&xsec_source=pc_feed,小红书,涨薪案例,2026-08-01,136
硅谷谈判专家：如何拿多20%的Offer,https://www.xiaohongshu.com/explore/69e41d0f000000001a02fef9?xsec_token=ABC4DSa-OjjOdSsq0bq2UOfmxcLpUmljCyieSEDhH94AE=&xsec_source=pc_feed,小红书,涨薪案例,2026-08-01,953
只有这三种情况，老板才会给你涨薪,https://www.xiaohongshu.com/explore/6980a238000000000a0284b5?xsec_token=ABkwVhSwSuEceyASCD9S0NgCEtBMc-QwbtjCD4zCKddMg=&xsec_source=pc_feed,小红书,涨薪案例,2026-08-01,160
提涨薪后续,https://www.xiaohongshu.com/explore/69914f42000000001b017619?xsec_token=ABea4cbnoDcvqu6m1LKE4R_vJac-TnbQPh0kmeyglk8Ic=&xsec_source=pc_feed,小红书,涨薪案例,2026-08-01,—
2026年 1270万毕业生的天崩开局，究竟该何去何从,https://zhuanlan.zhihu.com/p/2032923117115404720,网页,职业规划,2026-08-01,—
30+女性如何开启第二事业？2026年，适合没特长、没背景的普通人的3个稳健路子,https://zhuanlan.zhihu.com/p/1997730797545867134,网页,职业规划,2026-08-01,—
自我介绍有万能公式？,https://zhuanlan.zhihu.com/p/265888439,网页,自我介绍万能公式,2026-08-01,—
HR、部门leader和boss面试，聊的竟然完全不一样！,https://zhuanlan.zhihu.com/p/61084618,网页,boss终面面试一般会问什么,2026-08-01,—
BOSS直聘：如何解答面试必答题之“你还有什么问题”？,https://zhuanlan.zhihu.com/p/347916917,网页,boss终面面试一般会问什么,2026-08-01,—
真实经历，互联网大厂升职加薪那些事,https://36kr.com/p/1722770194433,网页,涨薪案例,2026-08-01,—
2026“高薪”神话破灭？其实涨薪在向少数岗位集中！,https://zhuanlan.zhihu.com/p/2055334184558899541,网页,涨薪案例,2026-08-01,—
人情世故潜台词，必须要听懂的社交弦外音,https://www.xiaohongshu.com/explore/6a0f008600000000380206b8,小红书,职场表达,2026-08-01,350
奉劝所有求职者：面试这几类话千万别乱说,https://www.xiaohongshu.com/explore/6a5f4e25000000001003ebf7,小红书,面试什么话不能说,2026-08-01,6
面试被问“你的缺点”，这2个回答千万别说,https://www.xiaohongshu.com/explore/6a475bca0000000008031e67,小红书,面试什么话不能说,2026-08-01,21
面试自我介绍，别上来就背简历,https://www.xiaohongshu.com/explore/6a2e33d50000000017009a67?xsec_token=ABFjndjNLWnvMveQGsF6tzdI_OnkJvDHQm-_U4YHL8lIs=&xsec_source=pc_search,小红书,面试自我介绍模板,2026-08-01,62
救命🆘 这是我见过的蕞好的自我介绍,https://www.xiaohongshu.com/explore/687f7bf70000000022032190?xsec_token=ABIKPSBESt5glUTp8yq1sQsauAX-sXTEAEgYyhsz2aptY=&xsec_source=pc_search,小红书,面试自我介绍模板,2026-08-01,505
面试官让你做自我介绍，不是想听你念简历。,https://www.xiaohongshu.com/explore/6a6b16210000000033034c23?xsec_token=ABd2kIn4bXJvoibTlK7X9tR-mvVki5O0pPNPRHHEUr7lU=&xsec_source=pc_search,小红书,面试自我介绍模板,2026-08-01,29
用这4页PPT征服面试官‼️,https://www.xiaohongshu.com/explore/69cb1e8d000000001a0306f0?xsec_token=ABbgTHHddrmRNIelr_tl_Yffw7CDyHKEhhHxO8aJ394-k=&xsec_source=pc_search,小红书,面试自我介绍模板,2026-08-01,37
项目经理面试第一问：自我介绍,https://www.xiaohongshu.com/explore/69df7f480000000023023af3?xsec_token=ABf3JjLoQKrGXJfqWJrx7e0-iP_eRnRTWRB6fUGqFEEx4=&xsec_source=pc_search,小红书,面试自我介绍模板,2026-08-01,86
字节hr喜欢的面试反问,https://www.xiaohongshu.com/explore/69ff258900000000380214c2?xsec_token=AByYjk_7zBFXAxEVpF9TnVUb5d4VclNU08YpmzDV0Yf2U=&xsec_source=pc_search,小红书,大厂面试反问,2026-08-01,41
4个反问❗️让面试官下定决心录用你✅,https://www.xiaohongshu.com/explore/6a5ecdae0000000001002b37?xsec_token=ABoihdyoCA0DQjoIvzznrui0gBsSHgHvp0DQKZ7fa7eGg=&xsec_source=pc_search,小红书,大厂面试反问,2026-08-01,929
大厂面试官不告诉你的3个隐藏加分项,https://www.xiaohongshu.com/explore/6a694e58000000000101e1cc?xsec_token=ABuGDWg6Bh3Nvv0-hy3i4VArIH7_cy1DETbnXbWZ_PsxA=&xsec_source=pc_search,小红书,大厂面试反问,2026-08-01,3
coop涨薪negotiation成功,https://www.xiaohongshu.com/explore/6a3ad691000000000702fca0?xsec_token=ABSsTzCBpJHXUCRfgYwFFeubQgX3t4IK7DBjKOacy7x-4=&xsec_source=pc_search,小红书,实习谈薪,2026-08-01,26
面试问salary expectation，别急着报低价！,https://www.xiaohongshu.com/explore/6a6a564d0000000008009c00?xsec_token=ABIq_kVIXRt3mKfSphuOZr2hIPRVJ58X-R5jbtNF5wimo=&xsec_source=pc_search,小红书,实习谈薪,2026-08-01,3
职场一些很重要但没人教的事-谈薪篇2️⃣,https://www.xiaohongshu.com/explore/6a313cb6000000001700ab65?xsec_token=ABNNkVNDCTEry-zv0grTlsSO6QcQf-gfvlnvGo0A4K-58=&xsec_source=pc_search,小红书,实习谈薪,2026-08-01,45
真的建议大家实习也要谈薪资,https://www.xiaohongshu.com/explore/69ed26e5000000003501c976?xsec_token=ABsqR2zlnoGqMVA2Q2O0O5cqe9YyNj3xboGLcOOOBpLeY=&xsec_source=pc_search,小红书,实习谈薪,2026-08-01,25
聊一些实习薪资怎么谈的问题,https://www.xiaohongshu.com/explore/6a0a9e13000000000803e43d?xsec_token=ABado9IcuEJYcXyQKJlb7NYzovFzgGUW7eT_El2wm2b2o=&xsec_source=pc_search,小红书,实习谈薪,2026-08-01,33
第一次谈薪时，别急着报数，先过这三个顺序,https://www.xiaohongshu.com/explore/69e20e12000000001a03596e?xsec_token=ABl8J5BOXTqEffNiE-vyOPW1suRvxX7F2QpDRHvCdIIpU=&xsec_source=pc_search,小红书,实习谈薪,2026-08-01,55
我真的很会谈薪💰一篇讲清楚所有底层逻辑,https://www.xiaohongshu.com/explore/6a62dd4c00000000010316ac?xsec_token=ABCnKDenMZ-JVvUHSylnjC4JDyVGgIe650g2Ama3yG7O4=&xsec_source=pc_search,小红书,实习谈薪,2026-08-01,66
我整理了一份国内大厂AI领域实习生薪资表,https://www.xiaohongshu.com/explore/6a0548200000000035038a92?xsec_token=ABX98OOVjvrVL3rZGpK4x_qKLonTWM_YvTw7mrMp7WVrc=&xsec_source=pc_search,小红书,实习谈薪,2026-08-01,69
应届生怎么跟HR谈薪水？越谈越高的那种,https://zhuanlan.zhihu.com/p/88130986,网页(知乎),实习谈薪,2026-08-01,-
实习岗位谈薪，必须要知道的三要素,https://zhuanlan.zhihu.com/p/58815642,网页(知乎),实习谈薪,2026-08-01,-
最近风很大的一本书｜如何提升职场沟通能力,https://www.xiaohongshu.com/explore/6a6eadd2000000003400ed3b?xsec_token=ABer2XX1ssLtD1HVpVbCIfJMjBGfanq-6oZplYCbDnttg=&xsec_source=pc_search,小红书,职场表达,2026-08-02,1
8月自律开窍：拉开职场差距的是表达力🔥,https://www.xiaohongshu.com/explore/6a6e1acf0000000033013329?xsec_token=ABer2XX1ssLtD1HVpVbCIfJOEI9CXt1Cdk1UhF3Hl6gwA=&xsec_source=pc_search,小红书,职场表达,2026-08-02,-
饭局上的稳场表达,https://www.xiaohongshu.com/explore/6a6e0b4900000000280075a3?xsec_token=ABer2XX1ssLtD1HVpVbCIfJE4io2XNHlkn4TNVtQ3bx4g=&xsec_source=pc_search,小红书,职场表达,2026-08-02,7
6个万能表达公式，告别逻辑混乱！,https://www.xiaohongshu.com/explore/6a6df755000000003301a2a7?xsec_token=ABk31yDVGRaeJy7muaLFSpuOxQVTvQd4E08L-XVtaDKJc=&xsec_source=pc_search,小红书,职场表达,2026-08-02,7
100天提升表达力：每日一练，嘴巴变灵活,https://www.xiaohongshu.com/explore/6a6dd6bb000000000503077c?xsec_token=ABk31yDVGRaeJy7muaLFSpuPIVyjju8FpSuYCXf5kxsCw=&xsec_source=pc_search,小红书,职场表达,2026-08-02,46
国际职场｜一定要大量表达自己✨,https://www.xiaohongshu.com/explore/6a6dab49000000002c006160?xsec_token=ABk31yDVGRaeJy7muaLFSpuLjtQetqHw4hF1xc4Aol6Jw=&xsec_source=pc_search,小红书,职场表达,2026-08-02,11
发现身边表达能力好的人，都会“演”,https://www.xiaohongshu.com/explore/6a6d69a300000000260358b3?xsec_token=ABk31yDVGRaeJy7muaLFSpuL8OyhYZSD08RRO4ycgYL6E=&xsec_source=pc_search,小红书,职场表达,2026-08-02,-
如何在职场中学会接话01,https://www.xiaohongshu.com/explore/6a6d40c40000000033033e6f?xsec_token=ABk31yDVGRaeJy7muaLFSpuJx2GMcSta4pY5LIXzH6VJo=&xsec_source=pc_search,小红书,职场表达,2026-08-02,-
职场女生最大的遗憾：工作都干好了，却输在,https://www.xiaohongshu.com/explore/6a6cd17c0000000028033802?xsec_token=ABp8CWnbmqsjLbLoJdRzqNNMCzjMnUvXbZsQhInr3lRSM=&xsec_source=pc_search,小红书,职场表达,2026-08-02,-
当你发现你的逻辑很混乱，练起来！,https://www.xiaohongshu.com/explore/6a6ccbb500000000280099a9?xsec_token=ABp8CWnbmqsjLbLoJdRzqNNPapAHFkRlYWd2A9P8TuY5Y=&xsec_source=pc_search,小红书,职场表达,2026-08-02,-
🇬🇧|跳槽(12)面试Q&A，感谢信，跟进攻略,https://www.xiaohongshu.com/explore/6a6caa84000000000c003001?xsec_token=ABp8CWnbmqsjLbLoJdRzqNNO-OBAlpUP496fKQwKm-KFQ=&xsec_source=pc_search,小红书,面试技巧,2026-08-02,54
#面试回答干巴没亮点？这个万能公式直接用,https://www.xiaohongshu.com/explore/6a6dd566000000003400c1f9?xsec_token=ABk31yDVGRaeJy7muaLFSpuDyDSBaVZI0nM2_58ruDKRg=&xsec_source=pc_search,小红书,面试技巧,2026-08-02,-
直播运营面试问到GMV下滑，别急着回答,https://www.xiaohongshu.com/explore/6a6dcbd90000000028000e1e?xsec_token=ABk31yDVGRaeJy7muaLFSpuK9-1cWYNKOwhnofiLSOqH8=&xsec_source=pc_search,小红书,面试技巧,2026-08-02,-
面试结尾，如何正确提问增加获得offer的概率,https://www.xiaohongshu.com/explore/6a6dbead000000002203088a?xsec_token=ABk31yDVGRaeJy7muaLFSpuFQTFtlnEHtIDC--Z5dZUrE=&xsec_source=pc_search,小红书,面试技巧,2026-08-02,73
结构化面试草稿纸上写什么？示范作答🎉,https://www.xiaohongshu.com/explore/6a6daecc0000000008013ad7?xsec_token=ABk31yDVGRaeJy7muaLFSpuK6SdGEQHjM4_S-eL-FaoUU=&xsec_source=pc_search,小红书,面试技巧,2026-08-02,161
难怪我每次面试都会成功！,https://www.xiaohongshu.com/explore/69c93ab2000000002200d599?xsec_token=ABxO_1d-Qm_wul-vQNjaop6kJ0XgKSC9FKrhHhK7YTRj0=&xsec_source=pc_search,小红书,面试技巧,2026-08-02,2827
面试被追问，如何高质量回答,https://www.xiaohongshu.com/explore/6a6b5e7e0000000025008154?xsec_token=ABd2kIn4bXJvoibTlK7X9tR-dOL8o1JGYv0LxKL6atmuI=&xsec_source=pc_search,小红书,面试技巧,2026-08-02,-
3 个面试反问，让面试官下定决心录用你❗️❗️,https://www.xiaohongshu.com/explore/6a6b3d45000000002701f6ec?xsec_token=ABd2kIn4bXJvoibTlK7X9tR3kPzY6QG0JMJYo2Ve5oqxM=&xsec_source=pc_search,小红书,面试技巧,2026-08-02,-
线上面试里最崩溃的，不是难题，是卡壳,https://www.xiaohongshu.com/explore/6a6ab05900000000100279b2?xsec_token=ABIq_kVIXRt3mKfSphuOZr2hXgp6qG03VHERMh3tkLLR0=&xsec_source=pc_search,小红书,面试技巧,2026-08-02,-
面试：声音=高分,https://www.xiaohongshu.com/explore/6a69beb400000000050395a2?xsec_token=ABuGDWg6Bh3Nvv0-hy3i4VAlEAnId8BLMuZHeXTzWfMUU=&xsec_source=pc_search,小红书,面试技巧,2026-08-02,2575
HR十年：面试时这句话一出口，基本没戏,https://www.xiaohongshu.com/explore/6a6eb4f40000000006007c2c?xsec_token=ABer2XX1ssLtD1HVpVbCIfJPjtPCpUqYnMlZb2srjX6BA=&xsec_source=pc_search,小红书,面试什么话该说,2026-08-02,3
其实，会计面试最先淘汰的就是说这句话的,https://www.xiaohongshu.com/explore/6a6e8c79000000003302eff3?xsec_token=ABer2XX1ssLtD1HVpVbCIfJKsMCpIy3v5kO635rgp-ZTk=&xsec_source=pc_search,小红书,面试什么话该说,2026-08-02,-
保研面试，老师说这一句话让他记住了我,https://www.xiaohongshu.com/explore/6a6defcf000000002202ddb6?xsec_token=ABk31yDVGRaeJy7muaLFSpuCippSCMYLuflMqLvOJDx18=&xsec_source=pc_search,小红书,面试什么话该说,2026-08-02,-
面试时不该说的话千万别说！,https://www.xiaohongshu.com/explore/6a6decef0000000032030420?xsec_token=ABk31yDVGRaeJy7muaLFSpuADglAGR2zrkVh2f60Wip10=&xsec_source=pc_search,小红书,面试什么话该说,2026-08-02,-
面试通过率超高的自我介绍，赶紧抄作业！,https://www.xiaohongshu.com/explore/6a6cba4f000000003301f478?xsec_token=ABp8CWnbmqsjLbLoJdRzqNNCcWsh9Otx6pSZdZYNmWHN0=&xsec_source=pc_search,小红书,面试什么话该说,2026-08-02,-
你面试总说假话？HR其实听3句就识破了,https://www.xiaohongshu.com/explore/6a6c964f0000000026034392?xsec_token=ABp8CWnbmqsjLbLoJdRzqNNHeh2kbNeVhQmxfEU8_W4UE=&xsec_source=pc_search,小红书,面试什么话该说,2026-08-02,-
面试别再只说“我负责过”，这样讲才听得懂,https://www.xiaohongshu.com/explore/6a6c94c3000000002202f616?xsec_token=ABp8CWnbmqsjLbLoJdRzqNNOv3zvC-3SMRARPa149P-8Y=&xsec_source=pc_search,小红书,面试什么话该说,2026-08-02,-
面试就是和陌生人说些知心话,https://www.xiaohongshu.com/explore/6a6c56aa0000000022032a9b?xsec_token=ABp8CWnbmqsjLbLoJdRzqNNO_amiuTGaGWTluxGgbkMDE=&xsec_source=pc_search,小红书,面试什么话该说,2026-08-02,-
面试被问“期望薪资”，这样说HR高看一眼,https://www.xiaohongshu.com/explore/6a6bffc0000000002403fbdf?xsec_token=ABd2kIn4bXJvoibTlK7X9tR4lu-bxIuf8wv1cKoi6_hfQ=&xsec_source=pc_search,小红书,面试什么话该说,2026-08-02,-
应对面试官连环追问的 STAR 扩充答题思路,https://www.xiaohongshu.com/explore/6a61b9350000000001032a97?xsec_token=ABh3PsbV5gl1LGa_98UL0VcW-g6WHZ08aKhWct2Gpz9ZQ=&xsec_source=pc_search,小红书,面试什么话该说,2026-08-02,-
面试时，不要太老实,https://www.xiaohongshu.com/explore/6a689492000000000f014ca0?xsec_token=AB2kNPWqwBu-JK_IMtCdAEpAuq0xpFcLCnNOFs1INCfR0=&xsec_source=pc_search,小红书,面试什么话不能说,2026-08-02,-
外企|北美求职 面试不要说的三句话,https://www.xiaohongshu.com/explore/6a6467c5000000000401c8d0?xsec_token=ABn6zvaRU6phZt8GK1sWQvXQ3DhCkRMJoqZPAISSNxTnU=&xsec_source=pc_search,小红书,面试什么话不能说,2026-08-02,331
面试中一定不能说的3句话,https://www.xiaohongshu.com/explore/6a648c010000000009037c21?xsec_token=ABn6zvaRU6phZt8GK1sWQvXROUdrXGw2wLR5fUhZtE0PE=&xsec_source=pc_search,小红书,面试什么话不能说,2026-08-02,-
求职面试绝对不能说的几句话！！,https://www.xiaohongshu.com/explore/6a62a37c0000000001000abf?xsec_token=ABCnKDenMZ-JVvUHSylnjC4EikVAWSndkO_oI3bxmMRDo=&xsec_source=pc_search,小红书,面试什么话不能说,2026-08-02,-
面试千万不要说我可以学！,https://www.xiaohongshu.com/explore/6a5dd527000000000402845c?xsec_token=ABaAOT7Im7LPZ4FgQjlH1Qlm_Zs4BcjsMTzAsbKdXgT20=&xsec_source=pc_search,小红书,面试什么话不能说,2026-08-02,-
面试时这三句话千万不要说,https://www.xiaohongshu.com/explore/6a5de421000000001003ea25?xsec_token=ABaAOT7Im7LPZ4FgQjlH1Qlg2_sO4spiMFiMaXHT3rfsk=&xsec_source=pc_search,小红书,面试什么话不能说,2026-08-02,-
面试时这几句话千万别说，面试通关技巧‼️,https://www.xiaohongshu.com/explore/6a55024a00000000110125a0?xsec_token=ABedGB7kUuQ7nZ0mhjRou3fR4szYsUCQN4X1WbEsO9NLc=&xsec_source=pc_search,小红书,面试什么话不能说,2026-08-02,-
面试反问说没问题？这4招帮你逆袭,https://www.xiaohongshu.com/explore/6a6eadfc000000002201486f?xsec_token=ABer2XX1ssLtD1HVpVbCIfJOMXRxckKkEWEziPrj2wsSU=&xsec_source=pc_search,小红书,面试反问环节可以问什么,2026-08-02,-
"最后别只说""没问题""5个反问让面试官记住你",https://www.xiaohongshu.com/explore/6a6e2f540000000028002b06?xsec_token=ABer2XX1ssLtD1HVpVbCIfJFpc8v2J-DSZsoYY-xzVXYg=&xsec_source=pc_search,小红书,面试反问环节可以问什么,2026-08-02,-
面试结尾这5个反问提问，比问薪资更有用！,https://www.xiaohongshu.com/explore/6a6dc61f0000000028004db6?xsec_token=ABk31yDVGRaeJy7muaLFSpuO0RftWv5RlBeBzYzk2VquQ=&xsec_source=pc_search,小红书,面试反问环节可以问什么,2026-08-02,1
"🚩 面试反问别问""加班多吗""",https://www.xiaohongshu.com/explore/6a6d49e9000000000600646c?xsec_token=ABk31yDVGRaeJy7muaLFSpuKqejdYniEZImMGgx_x0we0=&xsec_source=pc_search,小红书,面试反问环节可以问什么,2026-08-02,-
面试官最想听到的反问,https://www.xiaohongshu.com/explore/6a6c27bb0000000022016d91?xsec_token=ABp8CWnbmqsjLbLoJdRzqNNIYCBgs8x-Vn7oGMn5IYNc8=&xsec_source=pc_search,小红书,面试反问环节可以问什么,2026-08-02,-
面试成功的最后一步会提问 别再说我没问题,https://www.xiaohongshu.com/explore/6a6b6ea10000000033011832?xsec_token=ABd2kIn4bXJvoibTlK7X9tRxJ3b9i0rXlVgIfqzygtxDw=&xsec_source=pc_search,小红书,面试反问环节可以问什么,2026-08-02,-
面试千万要学会反问HR！,https://www.xiaohongshu.com/explore/6a6b1344000000002500c084?xsec_token=ABd2kIn4bXJvoibTlK7X9tR32GdMXDVkjYXHomsWtDRKU=&xsec_source=pc_search,小红书,面试反问环节可以问什么,2026-08-02,-
📌面试反问环节，这8个问题直接抄,https://www.xiaohongshu.com/explore/6a69e022000000000100de0b?xsec_token=ABuGDWg6Bh3Nvv0-hy3i4VAixFbEso8XzjzEjeLK6J8zs=&xsec_source=pc_search,小红书,面试反问环节可以问什么,2026-08-02,-
原来面试反问是需要分寸的！！！,https://www.xiaohongshu.com/explore/6a67736e000000001400666a?xsec_token=ABUbx_azZQCG1JADDexl0O_Nwldm9cPVmP_S9Zm5w_3Fc=&xsec_source=pc_search,小红书,面试反问环节可以问什么,2026-08-02,-
"面试官问""你还有什么想问的""千万别乱答！",https://www.xiaohongshu.com/explore/6a61c45e000000000301c6c0?xsec_token=ABh3PsbV5gl1LGa_98UL0VcdYNVUUeN-v2OZ07gaY76rg=&xsec_source=pc_search,小红书,面试反问环节可以问什么,2026-08-02,-
27届长鑫AI面试｜自我介绍注意事项,https://www.xiaohongshu.com/explore/6a6d7a6500000000050302a3?xsec_token=ABk31yDVGRaeJy7muaLFSpuMDQy9BXNWo3i2H5omOHOUw=&xsec_source=pc_search,小红书,社招面试自我介绍,2026-08-02,-
三分钟大白话讲通如何准备面试（直接抄作业）,https://www.xiaohongshu.com/explore/6a6d61b70000000028007d9e?xsec_token=ABk31yDVGRaeJy7muaLFSpuFTla-flrOrThO3VYXB9be4=&xsec_source=pc_search,小红书,社招面试自我介绍,2026-08-02,-
面试官让你简单自我介绍别再念一遍简历了！,https://www.xiaohongshu.com/explore/6a6b178a000000002500bed3?xsec_token=ABd2kIn4bXJvoibTlK7X9tR4p04dzVa5mTEgApcaFH_zk=&xsec_source=pc_search,小红书,社招面试自我介绍,2026-08-02,-
亲测，“自我介绍”真的是决定了面试的走向,https://www.xiaohongshu.com/explore/6a6ac41f0000000001033879?xsec_token=ABIq_kVIXRt3mKfSphuOZr2qBsfjtv-OhSHBDq3n3k2sc=&xsec_source=pc_search,小红书,社招面试自我介绍,2026-08-02,-
面试官想听的自我介绍，长这样,https://www.xiaohongshu.com/explore/6a6385b4000000000f004b86?xsec_token=AB_MsjAiG14F0YHCBsOOPpWwlO4LJ-HdrT2PoAhC1fir4=&xsec_source=pc_search,小红书,社招面试自我介绍,2026-08-02,263
面试自我介绍到底应该说什么？,https://www.xiaohongshu.com/explore/6a60bcd0000000001100480f?xsec_token=ABFZqTGN0FijYLxNsotZhxwRHA3O4tNZva0idiMGtFgqc=&xsec_source=pc_search,小红书,社招面试自我介绍,2026-08-02,-
自我介绍说完，面试官记住你了,https://www.xiaohongshu.com/explore/6a600ce4000000000503a126?xsec_token=ABFZqTGN0FijYLxNsotZhxwSpzI-AX3tDHvm9Tz2nIavc=&xsec_source=pc_search,小红书,社招面试自我介绍,2026-08-02,-
面试自我介绍万能模版,https://www.xiaohongshu.com/explore/6a5f424d000000000f00af61?xsec_token=AB0h88dsC1fz1pdf6L5PdK9-BXhlEY2ibbtYUC73p3IoY=&xsec_source=pc_search,小红书,社招面试自我介绍,2026-08-02,-
在这个需要背调的就职环境，跳槽如何涨薪？,https://www.xiaohongshu.com/explore/6a6df3190000000022013170?xsec_token=ABk31yDVGRaeJy7muaLFSpuE4IEIK9zOlj7O1TyjGcRX4=&xsec_source=pc_search,小红书,调薪能涨多少,2026-08-02,-
舒服的大厂岗，涨薪为何乏力？,https://www.xiaohongshu.com/explore/6a6deea30000000006004c44?xsec_token=ABk31yDVGRaeJy7muaLFSpuKnkaiLC5xopi2HWxOKdNGk=&xsec_source=pc_search,小红书,调薪能涨多少,2026-08-02,-
腾讯调薪，涨了但没完全涨！,https://www.xiaohongshu.com/explore/6a6dae0500000000220318f3?xsec_token=ABk31yDVGRaeJy7muaLFSpuBtNfKMTrACcOnfyPaK6-JY=&xsec_source=pc_search,小红书,调薪能涨多少,2026-08-02,7
一文讲清事业单位每年“调工资”标准,https://www.xiaohongshu.com/explore/6a6da4e8000000003300c71e?xsec_token=ABk31yDVGRaeJy7muaLFSpuENyCTjEjmwsPTCKD3RW4IU=&xsec_source=pc_search,小红书,调薪能涨多少,2026-08-02,-
某脉：腾讯升T8太纠结,https://www.xiaohongshu.com/explore/6a6ca2300000000024027afb?xsec_token=ABp8CWnbmqsjLbLoJdRzqNNBJe-tmE8_ieNlDbANxY-EU=&xsec_source=pc_search,小红书,调薪能涨多少,2026-08-02,-
百度年中调薪开奖,https://www.xiaohongshu.com/explore/6a6bf19700000000330304ab?xsec_token=ABd2kIn4bXJvoibTlK7X9tR4JRha5cglcdxe_tFjN6qB8=&xsec_source=pc_search,小红书,调薪能涨多少,2026-08-02,-
一个人涨薪最快的方式,https://www.xiaohongshu.com/explore/6a6709b80000000011019f0d?xsec_token=ABYQwZ1521698ld_xvmPulo_NsDhhQga6I1RWCeQN0rzM=&xsec_source=pc_search,小红书,调薪能涨多少,2026-08-02,1591
年度调薪别再拍脑袋了｜HR一张图搞定,https://www.xiaohongshu.com/explore/6a5e29ce000000000f007832?xsec_token=ABoihdyoCA0DQjoIvzznrui9MprOQNJtrcsdWgVbLdwx4=&xsec_source=pc_search,小红书,调薪能涨多少,2026-08-02,-
新Offer涨30%？别急，先算完这5笔账！,https://www.xiaohongshu.com/explore/6a59fe0e000000001302c8d6?xsec_token=AB2PZK3kNcb4ooJJrNVBuhufi0MKeaIRD4dn-WndBGlrI=&xsec_source=pc_search,小红书,调薪能涨多少,2026-08-02,-
这算企业的侮辱性涨薪吗？,https://www.xiaohongshu.com/explore/6a585c54000000001003c61d?xsec_token=ABROtlIw0VXmV1j_yfPQG-HT3fmOLY3uo1wZkYLSny_LM=&xsec_source=pc_search,小红书,调薪能涨多少,2026-08-02,-
6个步骤做好竞聘PPT，领导很满意！,https://www.xiaohongshu.com/explore/6a6d463c0000000026036763?xsec_token=ABk31yDVGRaeJy7muaLFSpuIgJ8bkFYyDd8ger7-IPdBo=&xsec_source=pc_search,小红书,晋升答辩自我介绍,2026-08-02,-
领导超爱的晋升述职ppt，6步清晰逻辑直接用,https://www.xiaohongshu.com/explore/6a6bf68c000000002403cfd0?xsec_token=ABd2kIn4bXJvoibTlK7X9tR9WZJS7ipz58n5L2TgYQ0xQ=&xsec_source=pc_search,小红书,晋升答辩自我介绍,2026-08-02,-
卷王的晋升述职PPT，你学会了没,https://www.xiaohongshu.com/explore/6a6bc425000000000503257b?xsec_token=ABd2kIn4bXJvoibTlK7X9tR8RUgwrn1kt-Elfj9Rsd_3g=&xsec_source=pc_search,小红书,晋升答辩自我介绍,2026-08-02,-
副科长竞聘，知责于心，履责于行，守责于严,https://www.xiaohongshu.com/explore/6a69acee000000001d02140d?xsec_token=ABW_knrpgPWROdgqTBM_3OOjuoQCvBFTsBLJMA6C-nops=&xsec_source=pc_search,小红书,晋升答辩自我介绍,2026-08-02,-
我总结了一套晋升答辩PPT的“黄金结构”,https://www.xiaohongshu.com/explore/6a68a1790000000011013ddd?xsec_token=AB2kNPWqwBu-JK_IMtCdAEpNDL8qAMYnceNaEBc4djGr8=&xsec_source=pc_search,小红书,晋升答辩自我介绍,2026-08-02,-
内部竞聘成功用鞠萍的一句话，评委过目不忘,https://www.xiaohongshu.com/explore/6a55e9c1000000001503e14a?xsec_token=ABE_vzxIydQiBPoPFEnTycBYFXJ5aXA6bRt8f7c4F0jpk=&xsec_source=pc_search,小红书,晋升答辩自我介绍,2026-08-02,-
体制内晋升述职试试这样开场,https://www.xiaohongshu.com/explore/6a5051a500000000210142fb?xsec_token=ABoBjJZrHUsE71KgMeYPdYu1ipBBxeLyCm_7Eeap8u9wc=&xsec_source=pc_search,小红书,晋升答辩自我介绍,2026-08-02,-
晋升答辩：换一种方式讲自己,https://www.xiaohongshu.com/explore/6a4d20e70000000011019a0f?xsec_token=ABJVF5X7-rToxuQLB_zVajZDkcR3h2NdQXXGBGg3RMwkY=&xsec_source=pc_search,小红书,晋升答辩自我介绍,2026-08-02,184
竞聘PPT第一页，不要急着介绍自己,https://www.xiaohongshu.com/explore/6a4cc2ba000000002003936b?xsec_token=ABFkMBFOmw8NeF_QaBEoj_KyXfeQUGEq-pHR8FrF1X8lA=&xsec_source=pc_search,小红书,晋升答辩自我介绍,2026-08-02,-
求职篇：跳槽时如何让工资大涨,https://www.woshipm.com/zhichang/4398634.html,网页,调薪能涨多少,2026-08-02,-
涨薪幅度怎么描述？教你精准表达涨薪比例技巧,https://blog.ihr360.com/p/22739/,网页,调薪能涨多少,2026-08-02,-
谈加薪技巧不同，成功率差别很大,https://www.kos-intl.cn/index.php/zhiyejianyi/29,网页,调薪能涨多少,2026-08-02,-
加薪的艺术与科学,https://blog.csdn.net/GarfieldEr007/article/details/105479595,网页,调薪能涨多少,2026-08-02,-
年底晋升，全网最详细的通关指南来了！,https://www.cnblogs.com/luojunwu/p/14166109.html,网页,晋升答辩自我介绍,2026-08-02,-
30岁当上高管的秘诀：我的晋升答辩&述职指南,https://m.huxiu.com/article/574424.html,网页,晋升答辩自我介绍,2026-08-02,-
怎么做好晋升答辩和述职报告？,https://www.zhihu.com/question/548942755,网页,晋升答辩自我介绍,2026-08-02,-
技术人员如何做晋升答辩？,https://blog.csdn.net/olsQ93038o99S/article/details/118532799,网页,晋升答辩自我介绍,2026-08-02,-
一张图看懂DanKoe：像聪明人一样清晰表达,https://www.xiaohongshu.com/search_result/6981f9c2000000000b00ade2?xsec_token=ABqeBTwZHAeBAIzBldHKw07CS-6y8NsaKVmwsiFyZfzCI=&xsec_source=,小红书,职场表达,2026-08-02,5203
大厂面试官：比同龄人更强的候选人是怎样的,https://www.xiaohongshu.com/search_result/69a6d677000000002602f11c?xsec_token=ABCpguclt_Dz_w21uDLe6NS0RhvaglJWwip3Vzj2xF8uQ=&xsec_source=,小红书,面试技巧,2026-08-02,2140
2026大模型Agent面试全攻略（上）,https://www.xiaohongshu.com/search_result/69ad4bb9000000000d00a454?xsec_token=ABV7MAYevqhB0GwhrNnZ12KG7aLcrTCxa3cSxtlvgEfS4=&xsec_source=,小红书,面试技巧,2026-08-02,973
AI Agent常见面试题,https://www.xiaohongshu.com/search_result/69ec9e94000000003502c0b9?xsec_token=ABJvjqijFNINF_CAC2AaPPRjkANz4W2BTuNhuc7hkXBNQ=&xsec_source=,小红书,面试技巧,2026-08-02,585
Agent求职者的面试葵花宝典（含答案要点）,https://www.xiaohongshu.com/search_result/6985c047000000000b0118e2?xsec_token=AB46qCB1m90o6VI0k3k4BH31vSd4qzmj6ug2uccTf9i0U=&xsec_source=,小红书,面试技巧,2026-08-02,113
面试时不要太老实！这样回答才加分,https://www.xiaohongshu.com/search_result/6a5e2dc40000000014004207?xsec_token=ABoihdyoCA0DQjoIvzznrui1OaVBQc-r02jBNHIGckk-0=&xsec_source=,小红书,面试什么话该说,2026-08-02,8692
自我介绍的结构,https://www.xiaohongshu.com/search_result/6958db2b000000001e00bf12?xsec_token=AB8Fl6InCDWchO7RrlK0-YJj6DdIp7lXpUCFkb0Y9_YJQ=&xsec_source=,小红书,面试什么话该说,2026-08-02,43000
最近面试了几个Analyst，有句话我一直想说。,https://www.xiaohongshu.com/search_result/6a6976fe000000000c033c01?xsec_token=ABuGDWg6Bh3Nvv0-hy3i4VAo168w5CDDBq4Un5Q6lkCSM=&xsec_source=,小红书,面试什么话该说,2026-08-02,12
这些面试问题 只有一个正确答案,https://www.xiaohongshu.com/search_result/6a14c28d000000001002d000?xsec_token=ABOA434amB6lIGCoRmbcc6LZmeG0aPO0cEZK9J8AZFB7M=&xsec_source=,小红书,面试什么话不能说,2026-08-02,779
有些面试，其实不招人而是在玩人…,https://www.xiaohongshu.com/search_result/69a1ea9b000000001d0263f5?xsec_token=ABZ-ut7Qx7gEc2431nczyoaggw9O22RO574hbuJgDpN4s=&xsec_source=,小红书,面试什么话不能说,2026-08-02,4436
北美求职经验分享：面试官蕞反感的5句话,https://www.xiaohongshu.com/search_result/69a0a2a9000000002303b628?xsec_token=ABJvY7BxhhSsInL9KSyMraYZSTndgmUAeLkcHWeoEvPok=&xsec_source=,小红书,面试什么话不能说,2026-08-02,68
找工作面试，就是撑死胆大的，饿死胆小的,https://www.xiaohongshu.com/search_result/6a6c96c900000000270226dd?xsec_token=ABp8CWnbmqsjLbLoJdRzqNNGUUjZHdxoT_1gy4a_C4Drg=&xsec_source=,小红书,面试什么话不能说,2026-08-02,197
北美面试总挂？避开这3个雷区直接拿offer,https://www.xiaohongshu.com/search_result/6a5100a9000000001702de21?xsec_token=ABg71RMaIm4Nh9xiTv4OEuKHb0BuAFpWs2vMulwxUNiPc=&xsec_source=,小红书,面试什么话不能说,2026-08-02,8
Google/Meta/RBC导师齐聚多大,https://www.xiaohongshu.com/search_result/6a53ca570000000008009c00?xsec_token=ABbRwSYffE9jBU9DO5A3lMxSv0MNzxvJTqJnSinV-KF-I=&xsec_source=,小红书,2026AI面试新趋势,2026-08-02,12
怎么改简历可以2天收到4个面试,https://www.xiaohongshu.com/search_result/6a6522b4000000000f0067a5?xsec_token=ABeXOg5ozT0X96QJHm-4Xwnvr4WLrvsOhOYGpQcBuB_8o=&xsec_source=,小红书,2026AI面试新趋势,2026-08-02,993
2026年面试官最喜欢的6个AI项目,https://www.xiaohongshu.com/search_result/6a6efcac0000000028006469?xsec_token=ABer2XX1ssLtD1HVpVbCIfJBoy100rGvwUEcdFhlxyJT4=&xsec_source=,小红书,2026AI面试新趋势,2026-08-02,2
亲身探察，AI 产品求职现状,https://www.xiaohongshu.com/search_result/6a6de7c3000000003301a63a?xsec_token=ABk31yDVGRaeJy7muaLFSpuOe_Oxyi_5L3NcfGcLqLHiY=&xsec_source=,小红书,2026AI面试新趋势,2026-08-02,9
现在北美AI Engineer面试，卷的就是这三点,https://www.xiaohongshu.com/search_result/6a65db95000000000f031fe6?xsec_token=ABeXOg5ozT0X96QJHm-4Xwnti9OMAe5-e4jFiHaz0GNkQ=&xsec_source=,小红书,2026AI面试新趋势,2026-08-02,5
我面了25个AI面试官，它们比真人还难搞,https://www.xiaohongshu.com/search_result/6a6d67ac0000000026035136?xsec_token=ABk31yDVGRaeJy7muaLFSpuHpAYO8XfizDwdJrMPXQNEw=&xsec_source=,小红书,2026AI面试新趋势,2026-08-02,4
OpenAI等AI lab的面试跟传统大厂的面试区别,https://www.xiaohongshu.com/search_result/6a6bffe2000000002c0074de?xsec_token=ABd2kIn4bXJvoibTlK7X9tR-ikgC3Orf1UyczeoGrQ-6o=&xsec_source=,小红书,2026AI面试新趋势,2026-08-02,15
OpenAI 2026 面试经验分享，真正变化的不,https://www.xiaohongshu.com/search_result/6a6c65610000000033037ea4?xsec_token=ABp8CWnbmqsjLbLoJdRzqNNI1Nn5R_IS73PljmqXtaw3g=&xsec_source=,小红书,2026AI面试新趋势,2026-08-02,6
名校学历只排第五？,https://www.xiaohongshu.com/search_result/6a6eaa600000000006004313?xsec_token=ABer2XX1ssLtD1HVpVbCIfJI8GYVrxixij1RiV96G98tE=&xsec_source=,小红书,2026AI面试新趋势,2026-08-02,3
2026结构化面试热点预测|AI依赖症,https://www.xiaohongshu.com/search_result/6a4ba45b000000001101286a?xsec_token=AB78zpW53s2LixtvzaoSp1XmzRqzMA3anSPazWLT5QMhU=&xsec_source=,小红书,2026AI面试新趋势,2026-08-02,637
AI 面试时代，让 AI 当你的求职僚机,https://www.xiaohongshu.com/search_result/6a6eda4500000000240272dd?xsec_token=ABer2XX1ssLtD1HVpVbCIfJElzKIOLBOCnFsaOv--LbKY=&xsec_source=,小红书,2026AI面试新趋势,2026-08-02,1
2026北美Tech求职，AI Engineer正在抢人,https://www.xiaohongshu.com/search_result/6a6c6a6300000000050324a0?xsec_token=ABp8CWnbmqsjLbLoJdRzqNNH4Za557tOe2uBV753RoHe4=&xsec_source=,小红书,2026AI面试新趋势,2026-08-02,5
我发现了：临时上台发言的万能公式,https://www.xiaohongshu.com/search_result/69f1f5d80000000038036fa3?xsec_token=ABs8Eu1FQdEF6kw7J1SCqvhM_4UXZRqmpOqbVkduqMmHM=&xsec_source=,小红书,即兴发言,2026-08-02,288
开会发言？--so easy！,https://www.xiaohongshu.com/search_result/69e0b90c000000001d019e71?xsec_token=ABI3bPvVoN11x29eMZMUxsz8U9oxdcGT-UulEi3mKoqdo=&xsec_source=,小红书,即兴发言,2026-08-02,198
英语即兴演讲3｜不会讲，就先套模版,https://www.xiaohongshu.com/search_result/69ef653b000000002202a3a5?xsec_token=ABt7Wrmbq-JU-Oxq5m6TiQWLbvmXJTW6wYAeomhyxOQZQ=&xsec_source=,小红书,即兴发言,2026-08-02,119
2分钟即兴发言｜第二轮打卡第30天,https://www.xiaohongshu.com/search_result/6a6d19830000000028004fd4?xsec_token=ABk31yDVGRaeJy7muaLFSpuAlVnxF9UNIKVg669mTJkj0=&xsec_source=,小红书,即兴发言,2026-08-02,48
万能技巧！3招让你自信、无惧公开场合讲话,https://www.xiaohongshu.com/search_result/67dd6c76000000001c008c16?xsec_token=ABMqpa7jlCS4fy9V93lbNK6NWALy2wIKJSjD99wF0E7cw=&xsec_source=,小红书,即兴发言,2026-08-02,13000
如何成为一个逻辑清晰的人,https://www.xiaohongshu.com/search_result/69cf3e98000000001f007899?xsec_token=AByy-yNlxoi7xy-6eH5F9G_dVxcr4yMddwXooTz8BdnY8=&xsec_source=,小红书,即兴发言,2026-08-02,28
提涨薪技巧99%的领导都不会拒绝的那种,https://www.xiaohongshu.com/search_result/6874dfa40000000017033180?xsec_token=ABISl2mgtCFyLIUHO7wJgmiAZb6T0bicaUeW9yKBkmlS8=&xsec_source=,小红书,加薪话术,2026-08-02,1900
一句话让领导给你涨薪！,https://www.xiaohongshu.com/search_result/67d828c2000000000d015d16?xsec_token=ABkJSEAFTFb10s8XAXrABhiBfWe4YsRMhdhmAWNT-HFqc=&xsec_source=,小红书,加薪话术,2026-08-02,612
不敢提涨薪？3句话让领导很难拒绝你,https://www.xiaohongshu.com/search_result/6a104a66000000003501e176?xsec_token=ABmF47MS_SOxITI-y5lzUvfoSXY20aOpdI_RzUtYeOlz8=&xsec_source=,小红书,加薪话术,2026-08-02,123
在北美谈钱不伤感情！不会谈判的你正被套路,https://www.xiaohongshu.com/search_result/67c464d6000000001203efe5?xsec_token=AB1-3IdLlT9p9rIlCkoIzekEoFHmnGBp5kHZMHBZB2cSc=&xsec_source=,小红书,加薪话术,2026-08-02,114
4个提涨工资步骤+万能话术,https://www.xiaohongshu.com/search_result/6a3ca3e7000000000803e348?xsec_token=ABv-3lRYhIDm7h69PJmm-psJ9qAR-8nxnLZwRwGa4KyXo=&xsec_source=,小红书,加薪话术,2026-08-02,27
跟老板提加薪，90%的人一开口就输了,https://www.xiaohongshu.com/search_result/6a3b92680000000021019a44?xsec_token=ABpEawNYaVi9TG4Kvzy0HHuL1kG7KnCygsSmvxZHAe0Qg=&xsec_source=,小红书,加薪话术,2026-08-02,60
跟老板提加薪怕尴尬？用这招变成专业对话,https://www.xiaohongshu.com/search_result/69d628e900000000210139cd?xsec_token=AB_vXZ-IWF1w_IIssqJpmoJZBh8LGORBjYC8DnSIe4GkU=&xsec_source=,小红书,加薪话术,2026-08-02,53
想涨薪，别直接开口,https://www.xiaohongshu.com/search_result/6a2814890000000006032486?xsec_token=ABDJvr87mYGC8-VCLIgTrwrnWPH-ScpXOnGL1HiOaBQi4=&xsec_source=,小红书,加薪话术,2026-08-02,39
掏心窝的话你不是不值钱,https://www.xiaohongshu.com/search_result/69b8c97e0000000022003905?xsec_token=ABqbKfxFWjuPLUy_cq_xXqA3M4224qFU9HPtwnu4vS86w=&xsec_source=,小红书,加薪话术,2026-08-02,40
在大厂，汇报强的人都是这样训练的,https://www.xiaohongshu.com/search_result/68350b2c00000000120047a3?xsec_token=ABnItfnlKtrdmsZAyljOayrnmgXR3wUPAmEAcuOaTZ26I=&xsec_source=,小红书,结构化汇报,2026-08-02,5492
工作能力强的人，都很懂结构化汇报,https://www.xiaohongshu.com/search_result/6970425c000000000c0378cb?xsec_token=ABJo84t0eg-WzCcilaYYJVAlb_CHioBagPJJrZDz3IeLQ=&xsec_source=,小红书,结构化汇报,2026-08-02,225
问题分析与解决--麦肯锡七步成诗,https://www.xiaohongshu.com/search_result/6a014e2600000000080255d4?xsec_token=ABHmRpHm_Zuqk_xYo9zboyVMhGyZKiOr1Iw4qthB93TgE=&xsec_source=,小红书,结构化汇报,2026-08-02,62
《毛选》：工作能力强的人，都擅长结构化汇报,https://www.xiaohongshu.com/search_result/6a6eb8cc000000000503218c?xsec_token=ABer2XX1ssLtD1HVpVbCIfJI6hNyS3kzFn28QSU8cGCdM=&xsec_source=,小红书,结构化汇报,2026-08-02,5
汇报不翻车|6步结构化汇报法,https://www.xiaohongshu.com/search_result/69fb257b00000000360017ec?xsec_token=ABySzai4nLI67tf-ONK9YhY3Tdg2BIj73tp75bqss3mz8=&xsec_source=,小红书,结构化汇报,2026-08-02,31
有人3句话讲清楚，你却说10分钟还是废话？,https://www.xiaohongshu.com/search_result/69e5e85f0000000021012fc2?xsec_token=ABRqNdlXKXq95xzExADfEg8RUALzJPXh3ZaTzVnjo06MU=&xsec_source=,小红书,结构化汇报,2026-08-02,64
锦囊16-PREP：向上汇报公式，30秒说清,https://www.xiaohongshu.com/search_result/69875ef700000000280092cf?xsec_token=ABzGsUQvqnN_rc5gXF6cdzQ74QN5PTlla4zqKyEZQtbXI=&xsec_source=,小红书,结构化汇报,2026-08-02,171
结构化汇报技巧 职场向上管理实用方法,https://www.xiaohongshu.com/search_result/6a54b653000000001c027364?xsec_token=ABvH1EJVQVpMIscVIyksCjm_Rz-IIw93iOTXpCxjxtrOI=&xsec_source=,小红书,结构化汇报,2026-08-02,13
向高层汇报：不是汇报工作，是定义生态位,https://www.xiaohongshu.com/search_result/6a104116000000003502341a?xsec_token=ABmF47MS_SOxITI-y5lzUvftK9hzAHJG-KmMZoUPnvhb4=&xsec_source=,小红书,结构化汇报,2026-08-02,385
以言为翼 赋能成长｜颀中科技2026《演讲表达与技巧》专项培训再启新篇,https://finance.sina.com.cn/wm/2026-05-21/doc-inhyrvzm6394569.shtml,新浪财经,职场表达,2026-08-02,
高情商的面试官:更聪明的提问策略,https://zhuanlan.zhihu.com/p/398550570,知乎,面试技巧,2026-08-02,
面试技巧|可以拿来直接用的面试话术,https://zhuanlan.zhihu.com/p/597108391,知乎,面试技巧,2026-08-02,
2026年AI面试经验分享,https://blog.csdn.net/Irene1991/article/details/159517083,CSDN,2026AI面试新趋势,2026-08-02,
2026年AI面试如何选？五大黄金标准与避坑指南,https://hr.nowcoder.com/article/10045,牛客网企业版,2026AI面试新趋势,2026-08-02,
AI面试官哪家强？2026年四大品牌面试能力深度对比与选型建议,https://www.sohu.com/a/1040450731_120517583,搜狐,2026AI面试新趋势,2026-08-02,
2026年AI面试系统全面深度解读,https://gitcode.csdn.net/69e20f5f0a2f6a37c5a09c6a.html,AtomGit开源社区,2026AI面试新趋势,2026-08-02,
AI面试官系统是什么？2026年最全核心功能与选型指南,https://www.beisen.com/res/2767.html,北森HRSaaS,2026AI面试新趋势,2026-08-02,
AI面试官2026效果评估：5个关键问题帮你判断价值,https://www.yonyou.com/subject/HRSaaS/news/5802,用友,2026AI面试新趋势,2026-08-02,
领导者即兴口才技巧与案例全集,https://baike.baidu.com/item/%E9%A2%86%E5%AF%BC%E8%80%85%E5%8D%B3%E5%85%B4%E5%8F%A3%E6%89%8D%E6%8A%80%E5%B7%A7%E4%B8%8E%E6%A1%88%E4%BE%8B%E5%85%A8%E9%9B%86/6014112,百度百科,即兴发言,2026-08-02,
以项目经理为例，推荐几个超好用的即兴发言公式！,https://zhuanlan.zhihu.com/p/447633369,知乎,即兴发言,2026-08-02,
轻松应对关键时刻——职场即兴演讲与脱稿发言内训课程,http://www.mingketang.com/nxk/34238.html,名课堂,即兴发言,2026-08-02,
秒变职场打人——高效职场沟通与表达,https://www.91renrenshi.com/teacher_train_detail/19082/28708.html,课师宝,即兴发言,2026-08-02,
专治嘴笨！我发现3个超好用的即兴发言公式！,https://www.yshjw.net/archives/4461,中政营商环境网,即兴发言,2026-08-02,
会谈加薪的人，一开口就赢了，让你薪资翻倍的3种方式,https://zhuanlan.zhihu.com/p/357269993,知乎,加薪话术,2026-08-02,
提升职加薪的标准话术与禁忌,https://blog.csdn.net/wsyzxss/article/details/78517439,CSDN,加薪话术,2026-08-02,
工作满一年了，怎么和领导提加薪？,https://testerhome.com/topics/36945,测试之家,加薪话术,2026-08-02,
四个步骤，学完就能用的加薪话术,https://zhuanlan.zhihu.com/p/419076641,知乎,加薪话术,2026-08-02,
在工作中想跟领导提加薪但不知道怎么开口怎么说更好,https://tuhang.com/proactive-expression-raise-negotiation,途航,加薪话术,2026-08-02,
结构化思维-工作汇报前必看,https://blog.csdn.net/qq_43984062/article/details/143514933,CSDN,结构化汇报,2026-08-02,
汇报工作就使用麦肯锡的结构化思考、SCQA表达框架,https://blog.csdn.net/u012921921/article/details/107098418,CSDN,结构化汇报,2026-08-02,
结构化汇报：如何呈现工作成果、产品与自我能力,https://m.douban.com/book/subject/36782685/,豆瓣,结构化汇报,2026-08-02,
如何用金字塔原理做好工作汇报,https://www.woshipm.com/zhichang/3067669.html,人人都是产品经理,结构化汇报,2026-08-02,
何丽：结构化汇报与表达,http://www.ceolearn.com/interior/202403/29370.html,中国企业家学习网,结构化汇报,2026-08-02,
职场大白话 vs 高级感表达💡第2期，速记,https://www.xiaohongshu.com/explore/6a6f5f8f00000000330373c1?xsec_token=ABm3GkBVyqKC5r5Zn83HChcAgN77yvxQaplrFFfhWUYNY=&xsec_source=pc_search,小红书,职场表达,2026-08-02,1
职场人私藏不外传的27条进阶心计,https://www.xiaohongshu.com/explore/6a6f3c0f0000000033037b79?xsec_token=ABm3GkBVyqKC5r5Zn83HChcCnDzHtAxP2_DxN6EYoTh_w=&xsec_source=pc_search,小红书,职场表达,2026-08-02,9
表达没逻辑？这套沟通框架直接封神,https://www.xiaohongshu.com/explore/6a6f0c9a0000000033035b50?xsec_token=ABm3GkBVyqKC5r5Zn83HChcGD8FEDZbW_H2c2gTC4-N68=&xsec_source=pc_search,小红书,职场表达,2026-08-02,5
五分钟让面试官对你掏心掏肺,https://www.xiaohongshu.com/explore/6a6d9ade000000003302f839?xsec_token=ABk31yDVGRaeJy7muaLFSpuFgxc-krMXVHqHpHMC6hXFo=&xsec_source=pc_search,小红书,面试技巧,2026-08-02,655
别再背简历了❗你的自我介绍正在扣大分,https://www.xiaohongshu.com/explore/6a6c9b2e000000002603572c?xsec_token=ABp8CWnbmqsjLbLoJdRzqNNGkW_E6ATSv-kzhkYIOHnF4=&xsec_source=pc_search,小红书,面试技巧,2026-08-02,54
为什么你能力很强，面试官却听不出来？,https://www.xiaohongshu.com/explore/6a6dbd89000000002500999f?xsec_token=ABk31yDVGRaeJy7muaLFSpuE-e9OMvzxDRZxfIP4sG-PU=&xsec_source=pc_search,小红书,面试什么话该说,2026-08-02,176
面试怎样才能不踩雷,https://www.xiaohongshu.com/explore/6a6f2e1f00000000250017c4?xsec_token=ABm3GkBVyqKC5r5Zn83HChcASgJhhKydLwHWvNa3YRE_A=&xsec_source=pc_search,小红书,面试什么话该说,2026-08-02,19
小技法｜面试前总是紧张？做一次勇气练习,https://www.xiaohongshu.com/explore/6a678d10000000000a0384b5?xsec_token=ABUbx_azZQCG1JADDexl0O_Cm3rxkcvxyWHYkg-0qpyvA=&xsec_source=pc_search,小红书,面试怯场急救包,2026-08-02,3
我再也不怕自我介绍了！面试汇报公开表达,https://www.xiaohongshu.com/explore/6a6cac4900000000220153f9?xsec_token=ABp8CWnbmqsjLbLoJdRzqNNIiank3xulJwphTDqW1esTY=&xsec_source=pc_search,小红书,面试怯场急救包,2026-08-02,23
悟出了2个面试通过的底层逻辑（第一期）,https://www.xiaohongshu.com/explore/69744bc6000000000e00edb0?xsec_token=ABcaxvaqfW3yiOURBJLTlwIFWrXpvF97uv7xcDfDda5PI=&xsec_source=pc_search,小红书,面试怯场急救包,2026-08-02,2589
嘴笨真的能救！即兴演讲太实用了,https://www.xiaohongshu.com/explore/6a6cbdd10000000027023c89?xsec_token=ABp8CWnbmqsjLbLoJdRzqNNIgE8tBr9gzQMyVRHmYQY_k=&xsec_source=pc_search,小红书,面试怯场急救包,2026-08-02,2
省考面试翻盘6分，我的答题框架长这样,https://www.xiaohongshu.com/explore/6a6f3b91000000000e03c800?xsec_token=ABm3GkBVyqKC5r5Zn83HChcPqq-G0zkHdBFh_-1EC6byg=&xsec_source=pc_search,小红书,面试怯场急救包,2026-08-02,11
如果面试很紧张怎么办？帮助您解决问题的六个技巧,https://zhuanlan.zhihu.com/p/419955813,网页/知乎,面试怯场急救包,2026-08-02,—
如何控制面试时的紧张情绪？,https://www.zhihu.com/question/438607206,网页/知乎,面试怯场急救包,2026-08-02,—
教你如何治愈面试紧张症,https://zhuanlan.zhihu.com/p/24821881,网页/知乎,面试怯场急救包,2026-08-02,—
试用期已过不给转正，我该辞职吗?,https://www.zhihu.com/question/505871414,网页/知乎,试用期快结束没拿到结果怎么办,2026-08-02,—
如何防止试用期不能转正？,https://zhuanlan.zhihu.com/p/366489161,网页/知乎,试用期快结束没拿到结果怎么办,2026-08-02,—
新管理者如何度过第一个90天：请绕开5个陷阱，把握10个关键步骤,https://zhuanlan.zhihu.com/p/86560831,网页/知乎,空降新老板前30天怎么站稳,2026-08-02,—
作为空降领导如何在单位立足？,https://www.zhihu.com/question/328940798,网页/知乎,空降新老板前30天怎么站稳,2026-08-02,—
“空降高管”生存法则，这5点一定要牢记！,https://zhuanlan.zhihu.com/p/64637217,网页/知乎,空降新老板前30天怎么站稳,2026-08-02,—
面试通过后谈薪，比预期低，HR说要去争取并询问期望薪资，会被刷吗？,https://www.zhihu.com/question/450191076,网页/知乎,加薪话术,2026-08-02,—
面试过程中怎么跟 HR 谈薪资？,https://zhuanlan.zhihu.com/p/683668927,网页/知乎,怎么和hr说涨工资,2026-08-02,—
如何让自己的语言表达干净利落？,https://www.xiaohongshu.com/explore/69dda0db000000001a036084?xsec_token=ABs1CsL82m-akfUnpRwmJ0zmvt7yl4J1To4Goc-UzsX8s=&xsec_source=pc_search,小红书,职场表达,2026-08-02,68
汇丰银行CEO｜达沃斯访谈精读,https://www.xiaohongshu.com/explore/6a6f48e50000000005029c9c?xsec_token=ABm3GkBVyqKC5r5Zn83HChcEabsoJF0CIF4LZGQHXjg9o=&xsec_source=pc_search,小红书,职场表达,2026-08-02,66
面试官的6句“话里有话”,https://36kr.com/p/681497587810434,网页/36氪,面试什么话不能说,2026-08-02,—
职场上混的好的人，都掌握了这几种沟通技巧,https://zhuanlan.zhihu.com/p/450185124,网页/知乎,职场表达,2026-08-02,—
如何练就高薪人士的职场沟通技巧,https://zhuanlan.zhihu.com/p/25560466,网页/知乎,职场表达,2026-08-02,—
面试官嘴里这6句，全是坑,https://www.xiaohongshu.com/explore/6a6dd7e90000000027021ccc?xsec_token=ABk31yDVGRaeJy7muaLFSpuJxxHxqv-I1ML_mU9y2fT3g=&xsec_source=pc_search,小红书,面试什么话不能说,2026-08-02,12
3F倾听法——帮你成为职场沟通高手,https://www.sohu.com/a/610931845_121119344,网页/搜狐,3F倾听法,2026-08-02,—
「RIA学习力」《深度倾听》No.3 3F倾听及专注倾听记录表,https://www.jianshu.com/p/40534cc41ab1,网页/简书,3F倾听法,2026-08-02,—
思维模型：如何成为倾听高手？学会这个模型就够了,https://news.mbalib.com/story/254044,网页/MBA智库,3F倾听法,2026-08-02,—
面试说等通知，是不是就凉了？,https://www.zhihu.com/question/306001736,网页/知乎,面试暗示已经通过了,2026-08-02,—
🇨🇦工作史上最低加薪？第一次为自己开口,https://www.xiaohongshu.com/explore/69a874050000000028022054?xsec_token=ABvItXVLv3bzcv1iY8yZJ_JBZ9wqt9MD_S7K3904Yf7ng=&xsec_source=pc_search,小红书,第一次谈薪,2026-08-02,79
谈薪走到这一步，HR不会说，但已经放弃你了,https://www.xiaohongshu.com/explore/68fac6b40000000005030469?xsec_token=ABOBdPlUxtLDWQmdBgrCgzDjfUkX7JWjxSWJ1EE6guz-g=&xsec_source=pc_search,小红书,第一次谈薪,2026-08-02,184
入职自用sop（谈薪篇）,https://www.xiaohongshu.com/explore/6a02f0f5000000000803e177?xsec_token=ABkXFKZTxfjr6_TrB3sY0sOPrH8d7gwTXXjlInKK7RSqQ=&xsec_source=pc_search,小红书,第一次谈薪,2026-08-02,7998
厉害的人都在用苏格拉底式提问,https://www.xiaohongshu.com/explore/6a326448000000001702d246?xsec_token=ABWceEXMDSPnNzKm9DzMPEj-fyUEqkD_5aEIM0Ob2LTw8=&xsec_source=pc_search,小红书,面试官提问技巧和思路,2026-08-02,170
汇丰ceo高级英文表达｜AI 无法替代的职场能,https://www.xiaohongshu.com/explore/6a6eb5a40000000008010625?xsec_token=ABer2XX1ssLtD1HVpVbCIfJKffGXSJ_-VtYhhrKqWnBdQ=&xsec_source=pc_search,小红书,职场表达,2026-08-03,152
如何准备好一场面试,https://www.xiaohongshu.com/explore/6a6f664c000000002c000247?xsec_token=ABm3GkBVyqKC5r5Zn83HChcAvuwqGsgoMi1FO1KhTc6nw=&xsec_source=pc_search,小红书,面试技巧,2026-08-03,58
超级干货：五星级职场向上沟通与目标管理,https://www.xiaohongshu.com/explore/6a6f66a50000000026037595?xsec_token=ABm3GkBVyqKC5r5Zn83HChcHd55YR409-w54P9-N2cLFc=&xsec_source=pc_search,小红书,向上管理,2026-08-03,47
纳瓦尔：上升期最容易做错的三件事,https://www.xiaohongshu.com/explore/6a6cd144000000003301ec21?xsec_token=ABp8CWnbmqsjLbLoJdRzqNNN2OJNQFz1Pfq5KtXWNVInQ=&xsec_source=pc_search,小红书,向上管理,2026-08-03,24
职场人速进！调薪申请表模板 yyds,https://www.xiaohongshu.com/explore/6a6607b80000000011010737?xsec_token=ABg49ad7fnAtdHmko7OJ7B4w0yYLbwbh4eFlXHI8Ulkmw=&xsec_source=pc_search,小红书,个人申请调薪理由,2026-08-03,2
超实用精华员工加薪申请撰写指南,https://www.xiaohongshu.com/explore/6a466abf000000001503e096?xsec_token=ABpOtIMLDH4jJTZZrsOXw4pSsZ9iuxDY9oNKwVCiWabwk=&xsec_source=pc_search,小红书,个人申请调薪理由,2026-08-03,—
临近年中总结，如何大方跟领导提加薪？,https://www.xiaohongshu.com/explore/6a464a19000000001c02687b?xsec_token=ABpOtIMLDH4jJTZZrsOXw4pWJf-sSG07acUWpDNyizTjI=&xsec_source=pc_search,小红书,个人申请调薪理由,2026-08-03,13
加薪申请被驳回？99%是因为你只说“我辛苦”,https://www.xiaohongshu.com/explore/6a39fbba000000001503eca6?xsec_token=ABGJQoG_J1qfnB5P7lHxLqcCQO4orOFScIuzCLOt5ohqU=&xsec_source=pc_search,小红书,个人申请调薪理由,2026-08-03,1
涨薪40%晋升！3个谈薪逻辑帮你拉高涨幅,https://www.xiaohongshu.com/explore/6a1fa96a0000000008025d09?xsec_token=ABeXPU88f9APF0w50rdE5Mz8I7VbKwb9s2q94Uh-bbyqQ=&xsec_source=pc_search,小红书,个人申请调薪理由,2026-08-03,—
职场必修：向上管理的实战技巧与应用,https://www.yicai.com/news/102368670.html,网页/第一财经,向上管理,2026-08-03,—
職場必學向上管理術！2大溝通技巧讓工作匯報不卡關,https://yanguo.com.tw/training-news/managing-up,网页/言果學習,向上管理,2026-08-03,—
24岁才懂：职场吃亏真的大多是输在不会表达,https://www.xiaohongshu.com/explore/6a7060930000000032032dc7,小红书,职场表达,2026-08-03,低(冷启动新发)
3分钟讲清核心优势｜好表达抓住职场机遇,https://www.xiaohongshu.com/explore/6a7040150000000033011791,小红书,职场表达,2026-08-03,低(冷启动新发)
饭局上，稳场表达，社交锦囊,https://www.xiaohongshu.com/explore/6a700d6f000000002202e0b2,小红书,职场表达,2026-08-03,4
表达训练丨从结结巴巴到口吐莲花，每日一练,https://www.xiaohongshu.com/explore/6a70060d00000000250003f9,小红书,职场表达,2026-08-03,9
职场反常识：会表达边界的人，才能笑到最后,https://www.xiaohongshu.com/explore/6a6f4fb90000000025016538,小红书,职场表达,2026-08-03,15
修好自身魅力，职场决胜靠表达,https://www.xiaohongshu.com/explore/6a6f157900000000050225b5,小红书,职场表达,2026-08-03,3
面试次数多了，什么都倒背如流！,https://www.xiaohongshu.com/explore/6a70193c000000002701d9f4,小红书,面试技巧,2026-08-03,94
面试必问的10个问题及回答技巧,https://www.xiaohongshu.com/explore/6a6fe7f4000000002403d969,小红书,面试技巧,2026-08-03,1
十几分钟的社区面试，咱就大大方方的,https://www.xiaohongshu.com/explore/6a6fe053000000003302e98c,小红书,面试技巧,2026-08-03,8
终于悟出了面试底层心态逻辑,https://www.xiaohongshu.com/explore/6a6f2743000000002402ddb7,小红书,面试技巧,2026-08-03,95
已上岸，才看清社区面试真的没想象中强,https://www.xiaohongshu.com/explore/6a6f1869000000002402c2c8,小红书,面试技巧,2026-08-03,26
收到面试邀约后该怎么准备,https://www.xiaohongshu.com/explore/6a6e742d000000002c004bd6,小红书,面试技巧,2026-08-03,219
初次面试别慌，提前准备先存好,https://www.xiaohongshu.com/explore/6a6dd95c000000000502a7f8,小红书,面试技巧,2026-08-03,11
社恐面试大脑空白？4个办法救场,https://www.xiaohongshu.com/explore/6a6e08ba00000000220316e5,小红书,面试技巧,2026-08-03,24
面试官听了直皱眉的5句话，你可能每句都说过,https://www.xiaohongshu.com/explore/6a705a0f000000002701fb95,小红书,面试什么话不能说,2026-08-03,5
面试时不改=该说的话千万别说！,https://www.xiaohongshu.com/explore/6a6dc8280000000025005136,小红书,面试什么话不能说,2026-08-03,低
面试等待期不能说的两句话,https://www.xiaohongshu.com/explore/6a69c270000000001d022691,小红书,面试什么话不能说,2026-08-03,2
会计小白面试，这句话一说就露馅了,https://www.xiaohongshu.com/explore/6a68ae5c000000000f0097ed,小红书,面试什么话不能说,2026-08-03,低
最简单的即兴发言模型！,https://www.xiaohongshu.com/explore/6a6dc425000000002803177e,小红书,逻辑表达力,2026-08-03,低
逻辑混乱？4个训练法，练就清晰表达与条理,https://www.xiaohongshu.com/explore/6a6e95c70000000008013452,小红书,逻辑表达力,2026-08-03,17
会说话的20大方法,https://www.xiaohongshu.com/explore/6a6e089300000000080132ed,小红书,逻辑表达力,2026-08-03,18
让表达逻辑性拉满的核心词汇表,https://www.xiaohongshu.com/explore/6a6df4bf000000003300da15,小红书,逻辑表达力,2026-08-03,14
如何通过训练提升表达能力,https://www.xiaohongshu.com/explore/6a6de1d300000000250071ae,小红书,逻辑表达力,2026-08-03,10
女性成长之路,https://www.xiaohongshu.com/explore/6a6db0390000000005029b59,小红书,逻辑表达力,2026-08-03,334
最高效率提高表达能力和口才的合种tips,https://www.xiaohongshu.com/explore/6a6d5e0000000000060048a0,小红书,逻辑表达力,2026-08-03,36
人一定要频繁且大量的说话 Day1,https://www.xiaohongshu.com/explore/6a6d80c3000000002701f6c1,小红书,逻辑表达力,2026-08-03,38
锻炼你的逻辑力,https://www.xiaohongshu.com/explore/6a6d7605000000002c0010c3,小红书,逻辑表达力,2026-08-03,6
工作有条理的人，都在用的9个万能表达公式,https://www.xiaohongshu.com/explore/6a6d6a1b0000000025017d18,小红书,逻辑表达力/职场汇报万能话术,2026-08-03,2
你的面试能扛得住这个问题吗？,https://www.xiaohongshu.com/explore/6a2724d00000000006031ff6,小红书,面试抗压能力,2026-08-03,146
政治成熟必修课，不吃压力,https://www.xiaohongshu.com/explore/6a662915000000001400503c,小红书,面试抗压能力,2026-08-03,12000
面试官是怎么判断，候选人抗压能力强的？,https://www.xiaohongshu.com/explore/6a29500f000000002202531d,小红书,面试抗压能力,2026-08-03,227
悟出了为什么美国人不害怕面试,https://www.xiaohongshu.com/explore/6a69861c000000000f02beba,小红书,面试抗压能力,2026-08-03,148
就没有面试官找不到的角度！,https://www.xiaohongshu.com/explore/6a12e8d50000000035023dd6,小红书,面试抗压能力,2026-08-03,3062
真正的压力面试！你能撑到第几关？,https://www.xiaohongshu.com/explore/6a674caf000000000402b11d,小红书,面试抗压能力,2026-08-03,41000
面试官故意刁难？压力面试万能话术直接背！,https://www.xiaohongshu.com/explore/69f300e1000000002300613e,小红书,面试抗压能力,2026-08-03,86
8个压力面试必杀题｜答对5个直接晋级,https://www.xiaohongshu.com/explore/69d0a67e000000001a02b63d,小红书,面试抗压能力,2026-08-03,6
你紧张准备一周，面试官临时进来听10分钟,https://www.xiaohongshu.com/explore/67f44cda000000001200ec90,小红书,面试抗压能力,2026-08-03,5593
Leader视角，周例会发言的汇报公式（速成版）,https://www.xiaohongshu.com/explore/68d3db0700000000110142b3,小红书,职场汇报万能话术,2026-08-03,1103
向上沟通｜领导真正想听的,https://www.xiaohongshu.com/explore/69c35489000000001d01947d,小红书,职场汇报万能话术,2026-08-03,66
50句高情商汇报话术，领导一听就觉得你靠谱,https://www.xiaohongshu.com/explore/6a3e2cc70000000016024a89,小红书,职场汇报万能话术,2026-08-03,19
工作汇报怎么脱颖而出？6个万能模板直接套,https://www.xiaohongshu.com/explore/68c3d1b3000000001d00cb65,小红书,职场汇报万能话术,2026-08-03,66
职场汇报·万能公式,https://www.xiaohongshu.com/explore/6a4274460000000006034bf0,小红书,职场汇报万能话术,2026-08-03,116
职场汇报万能模板➡️5类常用话术,https://www.xiaohongshu.com/explore/689a88670000000003027e34,小红书,职场汇报万能话术,2026-08-03,79
即兴发言的万能公式,https://www.xiaohongshu.com/explore/69128545000000000700c671,小红书,职场汇报万能话术,2026-08-03,135
独家年终汇报SOP实操版！,https://www.xiaohongshu.com/explore/69402fb3000000001e00c37f,小红书,职场汇报万能话术,2026-08-03,71000
优秀的管理者，都是这样开会,https://www.xiaohongshu.com/explore/682c5a85000000000f03bedd,小红书,职场汇报万能话术,2026-08-03,3060
年终述职万能骨架,https://www.xiaohongshu.com/explore/6921cac6000000001f00eb2b,小红书,职场汇报万能话术,2026-08-03,1381
管理者向上汇报时，一定要多说隐形工作,https://www.xiaohongshu.com/explore/6a12de9200000000380365e4,小红书,职场汇报万能话术,2026-08-03,45
超长空窗期，我是如何“编”简历的,https://www.xiaohongshu.com/explore/69b27c77000000001d0271bd,小红书,面试没有工作经历怎么写,2026-08-03,3838
投了半年简历0面试，问题真不在背景,https://www.xiaohongshu.com/explore/6a693d7c0000000002003c00,小红书,面试没有工作经历怎么写,2026-08-03,23
简历空窗期，别硬写！,https://www.xiaohongshu.com/explore/69c5ddec000000001a020f16,小红书,面试没有工作经历怎么写,2026-08-03,104
职业空窗期｜面试被问Gap怎么回答,https://www.xiaohongshu.com/explore/6a2b03e2000000000d00bc00,小红书,面试没有工作经历怎么写,2026-08-03,5
今天面试见到最好的简历,https://www.xiaohongshu.com/explore/69a261fe000000001d013d2b,小红书,面试没有工作经历怎么写,2026-08-03,3147
零经验也能惊艳面试官的回答思路,https://www.xiaohongshu.com/explore/698ef610000000000b00b0c4,小红书,面试没有工作经历怎么写,2026-08-03,688
没有美国工作经历，我是怎么找到工作的？,https://www.xiaohongshu.com/explore/69c7c582000000001a027965,小红书,面试没有工作经历怎么写,2026-08-03,293
救命！HR问我工作经历，我确实没有，怎么办？,https://www.xiaohongshu.com/explore/6a6b5d8900000000270221c4,小红书,面试没有工作经历怎么写,2026-08-03,3
如何凭空编一段工作经历？,https://www.xiaohongshu.com/explore/69b6805b0000000021005dfe,小红书,面试没有工作经历怎么写,2026-08-03,8028
6个万能表述公式，告别逻辑混乱,https://www.xiaohongshu.com/explore/698d2a6f000000000a03c8f5,小红书,面试没有工作经历怎么写,2026-08-03,4623
40岁找工作：简历这样改，面试这样聊，拿下8K,https://www.xiaohongshu.com/explore/68a5fa41000000001d027df5,小红书,面试没有工作经历怎么写,2026-08-03,121
经验分享-在加拿大，简历怎么写HR才会看,https://www.xiaohongshu.com/explore/69b7f7a9000000001a032141,小红书,面试没有工作经历怎么写,2026-08-03,7
空窗3年8个月，我的简历思路,https://www.xiaohongshu.com/explore/6888c87f000000002303846a,小红书,面试没有工作经历怎么写,2026-08-03,3023
面试者如何回应面试官问的「你有哪些要问我的？」,https://www.zhihu.com/question/28058827,网页(知乎),面试什么话该说,2026-08-03,—
如何在面试中体现自己的抗压能力,https://zhuanlan.zhihu.com/p/397786765,网页(知乎),面试抗压能力,2026-08-03,—
领导说辛苦了：如何邀功式回复，又聪明、情商又高！,https://zhuanlan.zhihu.com/p/599373286,网页(知乎),职场汇报万能话术,2026-08-03,—
工作汇报沟通技巧，让你搞定老板、跑赢95%的同事,https://zhuanlan.zhihu.com/p/73129875,网页(知乎),职场汇报万能话术,2026-08-03,—
述职与日常沟通实用表达指南,https://www.xiaohongshu.com/search_result/6a70b8120000000027022b1e?xsec_token=ABnCC_PiY2A3rz63JL1aQa6FpyD0sUlIE3HQhjlEkaTlA=&xsec_source=,小红书,职场表达,2026-08-03,低
为什么看了很多书、还是表达极差,https://www.xiaohongshu.com/search_result/6a7071230000000005031a93?xsec_token=ABnCC_PiY2A3rz63JL1aQa6PCJbUWDb488PtQJ7C3TC9o=&xsec_source=,小红书,职场表达,2026-08-03,12
大家在职场怎么练习表达能力,https://www.xiaohongshu.com/search_result/6a706b500000000025001991?xsec_token=ABnCC_PiY2A3rz63JL1aQa6NgotWJCZ_TJUKd3ywp_DZo=&xsec_source=,小红书,职场表达,2026-08-03,7
对谈央视频主持人丨AI时代下的职场表达之道,https://www.xiaohongshu.com/search_result/6a706717000000002501369c?xsec_token=ABnCC_PiY2A3rz63JL1aQa6J_HM1S1AkYZD3Rj6wcj_yM=&xsec_source=,小红书,职场表达,2026-08-03,29
找到面试密码了啊啊啊啊！,https://www.xiaohongshu.com/search_result/6a702ee1000000002500b369?xsec_token=ABnCC_PiY2A3rz63JL1aQa6PSWyzZh0L0n_XSRkOF7kio=&xsec_source=,小红书,面试技巧,2026-08-03,110
howto｜这样用AI准备面试，直接拿offer,https://www.xiaohongshu.com/search_result/6a6f743d0000000024026263?xsec_token=ABm3GkBVyqKC5r5Zn83HChcM2uHL9UuzC6Lh2wDAutnIQ=&xsec_source=,小红书,面试技巧,2026-08-03,38
国资委面试被问年轻人躺平，差点踩雷,https://www.xiaohongshu.com/search_result/6a6f67c100000000250124bb?xsec_token=ABm3GkBVyqKC5r5Zn83HChcL6ArAV62b5MGiReegf2PHQ=&xsec_source=,小红书,面试技巧,2026-08-03,9
应届生面试自我介绍怎么说3模板直接免费领,https://www.xiaohongshu.com/search_result/6a70169100000000060076b4?xsec_token=ABnCC_PiY2A3rz63JL1aQa6MdBM5udDJ1cuA299S9tS08=&xsec_source=,小红书,面试什么话该说,2026-08-03,低
救命！HR揭秘面试官心理！,https://www.xiaohongshu.com/search_result/6a705f780000000022016b7e?xsec_token=ABnCC_PiY2A3rz63JL1aQa6I81XhO_Vl6h0wgg9xD6w6g=&xsec_source=,小红书,面试什么话该说,2026-08-03,5
面试官问我优缺点我说这句话直接被录取,https://www.xiaohongshu.com/search_result/6a704f4f0000000025016036?xsec_token=ABnCC_PiY2A3rz63JL1aQa6Bv4eJUkDiwJPqCWIf-Y6-Q=&xsec_source=,小红书,面试什么话该说,2026-08-03,6
HR揭秘｜面试官心里话坦白,https://www.xiaohongshu.com/search_result/6a7036f7000000002500e140?xsec_token=ABnCC_PiY2A3rz63JL1aQa6BCKyoQD5AHut6qimqAanNU=&xsec_source=,小红书,面试什么话该说,2026-08-03,11
社区面试不管问你啥，记住一个话术原则,https://www.xiaohongshu.com/search_result/6a6feb2a000000003302fbe6?xsec_token=ABm3GkBVyqKC5r5Zn83HChcJWC6Vgrds-imfPlx7r63ws=&xsec_source=,小红书,面试什么话该说,2026-08-03,93
真实面试案例｜他说了一句话，Offer当场没了,https://www.xiaohongshu.com/search_result/6a7054a3000000000c003000?xsec_token=ABnCC_PiY2A3rz63JL1aQa6HSvEyLjVjwDBl6S0kF46-M=&xsec_source=,小红书,面试什么话不能说,2026-08-03,3
面试官问你有什么问题吗千万别这么说,https://www.xiaohongshu.com/search_result/6a6ffcd800000000060055ef?xsec_token=ABm3GkBVyqKC5r5Zn83HChcGPp9fElXiUNma0l-KqroYE=&xsec_source=,小红书,面试什么话不能说,2026-08-03,低
面试遇到这样HR怎么办,https://www.xiaohongshu.com/search_result/6a6ed0630000000032030001?xsec_token=ABer2XX1ssLtD1HVpVbCIfJIt2EA959jYq-Qn7feBKGBc=&xsec_source=,小红书,面试遇到了恶心的hr怎么办,2026-08-03,5
面试被问你最大的缺点是什么？怎么答？,https://www.xiaohongshu.com/search_result/6a5730a3000000000603055e?xsec_token=AB0Jap9cngF1TJIj_gyas9rpvPevVng2KU39k6ZkGAqQc=&xsec_source=,小红书,面试说三个缺点,2026-08-03,8
面试党必看！如何回答优缺点,https://www.xiaohongshu.com/search_result/6a4a1bd3000000001101cab1?xsec_token=AB9TCjBXp93ozIuj7MmRadqDlhnQxqf0WzG0xMwe8K_1g=&xsec_source=,小红书,面试说三个缺点,2026-08-03,1
面试官问你的缺点，最期待的回答就3个字,https://www.xiaohongshu.com/search_result/6a47c0af000000000f006396?xsec_token=AB-VAyEGR82Rbd21_2b88GgvuMbWIHnPy1Z4sFgY3blvI=&xsec_source=,小红书,面试说三个缺点,2026-08-03,2
面试官让你说缺点，别再这样说啦,https://www.xiaohongshu.com/search_result/6a3a31d9000000000f0174d4?xsec_token=ABSsTzCBpJHXUCRfgYwFFeuWbz0kV3WSpBVchu0PXuGV0=&xsec_source=,小红书,面试说三个缺点,2026-08-03,92
说说你的3个缺点,https://www.xiaohongshu.com/search_result/6a3a2e3d000000002003af6e?xsec_token=ABSsTzCBpJHXUCRfgYwFFeuabLHNVVRtF_SUtAc40A_Ag=&xsec_source=,小红书,面试说三个缺点,2026-08-03,24
面试优缺点：要怎么回复？10种回答范例与3大原则，精准掌握HR偏好,https://news.qq.com/rain/a/20231027A04VEY00,网页,面试说三个缺点,2026-08-03,—
面完final interview一般多久有消息啊,https://www.1point3acres.com/bbs/thread-638160-1-1.html,网页,hr定薪一般要多久,2026-08-03,—
面试后没消息怎么办？HR教你判断凉经还是流程慢,https://www.wondercv.com/blog/hgjo07qa.html,网页,hr定薪一般要多久,2026-08-03,—
多久可以收到面试后的offer？,https://www.ihr360.com/hrnews/202501191766.html,网页,hr定薪一般要多久,2026-08-03,—
📚图解好书 脱不花《沟通的方法》上篇,https://www.xiaohongshu.com/search_result/6a704cb2000000002c0073f1?xsec_token=ABnCC_PiY2A3rz63JL1aQa6IN5dwy81XnxaRf6B2Bofcs=&xsec_source=,小红书,职场表达,2026-08-03,1
职场各部门的英文名称,https://www.xiaohongshu.com/search_result/6a70426c00000000250072f4?xsec_token=ABnCC_PiY2A3rz63JL1aQa6NvPVJz43J3vu4ITlcIiKYg=&xsec_source=,小红书,职场表达,2026-08-03,7
阿moo职场表达视频笔记,https://www.xiaohongshu.com/search_result/6a7033bb000000002202da67?xsec_token=ABnCC_PiY2A3rz63JL1aQa6PbXxCAjYt5VYhu1XKMEbQk=&xsec_source=,小红书,职场表达,2026-08-03,6
面试反问，3步公式，HR不说，必学技巧,https://www.xiaohongshu.com/search_result/6a7070c9000000002402c125?xsec_token=ABnCC_PiY2A3rz63JL1aQa6JoHIZ9fN5ltwRGGGxNEqbY=&xsec_source=,小红书,面试技巧,2026-08-03,1
2小时准备的面试，这4步帮她进了final,https://www.xiaohongshu.com/search_result/6a7003c6000000002500742f?xsec_token=ABnCC_PiY2A3rz63JL1aQa6Gqb2mctN5f22LMvHhWBNcc=&xsec_source=,小红书,面试技巧,2026-08-03,37
美团hr面试复盘,https://www.xiaohongshu.com/search_result/6a6e0a9a00000000350169fd?xsec_token=ABer2XX1ssLtD1HVpVbCIfJEdgtup4c4LQeOpEhPLIJII=&xsec_source=,小红书,面试技巧,2026-08-03,17
拆解面试底层逻辑，成功率直接提升300%,https://www.xiaohongshu.com/search_result/6a6e02d7000000000502aac2?xsec_token=ABer2XX1ssLtD1HVpVbCIfJFAzKNeATQWhEvrohQICkRg=&xsec_source=,小红书,面试技巧,2026-08-03,57
面试十几个岗位，我发现准备比海投重要,https://www.xiaohongshu.com/search_result/6a6df4710000000025009631?xsec_token=ABk31yDVGRaeJy7muaLFSpuIcQmhhV_PHvBWdN3tGSPp0=&xsec_source=,小红书,面试技巧,2026-08-03,3
面试问加班怎么答？,https://www.xiaohongshu.com/search_result/6a6da8df000000002403f76c?xsec_token=ABk31yDVGRaeJy7muaLFSpuEHpimawBDGlnZVtRTNc6ps=&xsec_source=,小红书,面试技巧,2026-08-03,7
沃克谈结构化,https://www.xiaohongshu.com/search_result/6a7098940000000006004ee2?xsec_token=ABnCC_PiY2A3rz63JL1aQa6I8XwPUh-3JdPdN5EMWwGro=&xsec_source=,小红书,面试什么话该说,2026-08-03,3
"面试被问""你有什么问题想问我们吗？""",https://www.xiaohongshu.com/search_result/6a70572c000000000502b260?xsec_token=ABnCC_PiY2A3rz63JL1aQa6AlWzJxNnVxFfj_1hoFwCOE=&xsec_source=,小红书,面试什么话该说,2026-08-03,1
面试讲细节没offer、你需要框架性的表达,https://www.xiaohongshu.com/search_result/6a6f60570000000005031ace?xsec_token=ABm3GkBVyqKC5r5Zn83HChcDQStVBOkiTcmuQ3v4n20jk=&xsec_source=,小红书,面试什么话该说,2026-08-03,65
英子-恒心会练口才(职场委婉表达笔记),https://www.xiaohongshu.com/search_result/6a707e59000000002102307a?xsec_token=ABnCC_PiY2A3rz63JL1aQa6JW0rB3ZAqtTF6_XTH3evvE=&xsec_source=,小红书,职场委婉表达,2026-08-03,1
上班要学会委婉说话(深耕表达力丨XY),https://www.xiaohongshu.com/search_result/6a6f4b6b0000000025015629?xsec_token=ABm3GkBVyqKC5r5Zn83HChcHdUdwoPfSx5Vj70cquC5Qc=&xsec_source=,小红书,职场委婉表达,2026-08-03,20
"职场""求升欲""表达",https://www.xiaohongshu.com/search_result/6a687d74000000000a03b280?xsec_token=AB2kNPWqwBu-JK_IMtCdAEpPXmulHhfkMazqPg5qUP0OQ=&xsec_source=,小红书,职场委婉表达,2026-08-03,107
职场混得好的人，都懂得委婉说话,https://www.xiaohongshu.com/search_result/6a674f5b000000000f01d88a?xsec_token=ABUbx_azZQCG1JADDexl0O_JhLFRPQwPYL-XMmKVysjvg=&xsec_source=,小红书,职场委婉表达,2026-08-03,10
职场委婉说话重要性,https://www.sina.cn/news/detail/5288964609015895,网页,职场委婉表达,2026-08-03,-
职场委婉说话实用,https://www.sina.cn/news/detail/5288677460673537,网页,职场委婉表达,2026-08-03,-
武汉体育考编面试高分上岸经验,https://www.xiaohongshu.com/search_result/6a704c890000000022012872?xsec_token=ABnCC_PiY2A3rz63JL1aQa6P8-GnF4ctmMIupEmvGFWtY=&xsec_source=,小红书,视频面试技巧,2026-08-03,48
体制内裸辞gap半年重新找工作丨面试经验分享,https://www.xiaohongshu.com/search_result/6a70317f0000000035014930?xsec_token=ABnCC_PiY2A3rz63JL1aQa6HauYM5AtpVdW66cJRsBjDE=&xsec_source=,小红书,视频面试技巧,2026-08-03,35
想让面试回答更像自己关键是这样用,https://www.xiaohongshu.com/search_result/6a7036290000000028000d59?xsec_token=ABnCC_PiY2A3rz63JL1aQa6LhJirLRM0Dc21fYDJXKmAk=&xsec_source=,小红书,视频面试技巧,2026-08-03,2
4399游戏视频设计师面试备考思路,https://www.xiaohongshu.com/search_result/6a701236000000002501537b?xsec_token=ABnCC_PiY2A3rz63JL1aQa6ISso4JLSkfWkOKsv_85HAU=&xsec_source=,小红书,视频面试技巧,2026-08-03,2
短视频运营岗面试看这就够了,https://www.xiaohongshu.com/search_result/6a700a900000000006006cc3?xsec_token=ABnCC_PiY2A3rz63JL1aQa6GOdkXCCGEVDkesZ_gg9EX8=&xsec_source=,小红书,视频面试技巧,2026-08-03,8
视频面试翻车现场😭这些坑我劝你别踩！,https://www.xiaohongshu.com/search_result/6a700532000000002500ff96?xsec_token=ABnCC_PiY2A3rz63JL1aQa6AAs1gYvFAxXohbC3qv1ypM=&xsec_source=,小红书,视频面试技巧,2026-08-03,1
剪辑面试里，下面这类人直白生硬的回答,https://www.xiaohongshu.com/search_result/6a6ff8b50000000025017df1?xsec_token=ABm3GkBVyqKC5r5Zn83HChcGA2XbBbn9N1RkHxwqUUZq0=&xsec_source=,小红书,视频面试技巧,2026-08-03,13
线上面试开场就卡住我用它找回节奏,https://www.xiaohongshu.com/search_result/6a6fe6b2000000002500ea09?xsec_token=ABm3GkBVyqKC5r5Zn83HChcNWVpbfe_wv36YWGmb-AfTk=&xsec_source=,小红书,视频面试技巧,2026-08-03,11
视频面试与现场面试在技巧上有哪些不同之处,https://www.jianli.com/article/grekmy.html,网页,视频面试技巧,2026-08-03,-
面试被问：你之前实习的团队氛围怎么样？,https://www.xiaohongshu.com/search_result/6a672bda00000000220190c5?xsec_token=ABUbx_azZQCG1JADDexl0O_A1F7hPISHo_Tjauy0AWwPc=&xsec_source=,小红书,面试问团队氛围,2026-08-03,9
"面试别轻易被""团队氛围好""洗脑",https://www.xiaohongshu.com/search_result/6a65ebb4000000000f03f117?xsec_token=ABeXOg5ozT0X96QJHm-4Xwnso_0_64cj5HUwo6dWFBD1s=&xsec_source=,小红书,面试问团队氛围,2026-08-03,2
"""你有什么想问我的""——怎么对面试官提问？",https://www.xiaohongshu.com/search_result/6a43de2800000000110066c5?xsec_token=AByYuHoVekbQdRDDu7CdKqQJ2EmB8477PKllyeV8GX1dw=&xsec_source=,小红书,面试问团队氛围,2026-08-03,4
一些我觉得终面反问挺厉害的问题,https://www.xiaohongshu.com/search_result/6a467d4e00000000170280d3?xsec_token=ABpOtIMLDH4jJTZZrsOXw4pfIWcvXbtdiV_IUI7jPPnJo=&xsec_source=,小红书,面试问团队氛围,2026-08-03,77
面试反问环节一定要提问题！！,https://www.xiaohongshu.com/search_result/6a46379b000000000f030a82?xsec_token=ABpOtIMLDH4jJTZZrsOXw4pUd_klHAcVP5PLOSkzluiyE=&xsec_source=,小红书,面试问团队氛围,2026-08-03,16
面试被问：你还有什么想问的吗？这样回答！,https://www.xiaohongshu.com/search_result/6a3fd157000000000f029d97?xsec_token=ABcOVXPzCS70dqRb2ZrnWFbCqH2QF4T-XArx5ow47J7dE=&xsec_source=,小红书,面试问团队氛围,2026-08-03,131
面试逆向思维——你喜欢什么样的团队氛围？,https://www.xiaohongshu.com/search_result/6a3a540d0000000006022751?xsec_token=ABSsTzCBpJHXUCRfgYwFFeub4QVG3TZ8EjmSjAnDMndho=&xsec_source=,小红书,面试问团队氛围,2026-08-03,66
面试反问这3个问题，考察团队氛围,https://www.xiaohongshu.com/search_result/6a2c1fb9000000002101603c?xsec_token=ABvv6wVJ00WKzUkhM1Ny1eSOqg8zt5vdEoflwAxhA3G18=&xsec_source=,小红书,面试问团队氛围,2026-08-03,9
如何拒绝同事无理的帮忙请求？,https://www.xiaohongshu.com/search_result/6a7088190000000032021374?xsec_token=ABnCC_PiY2A3rz63JL1aQa6DZTFKWy_nJXNUPtNmL6mCI=&xsec_source=,小红书,职场怎么拒绝别人,2026-08-03,1
同事总让我帮忙，我拒绝了,https://www.xiaohongshu.com/search_result/6a7080740000000025009f69?xsec_token=ABnCC_PiY2A3rz63JL1aQa6AT5Bhw5laG2pCGwKxtHzrI=&xsec_source=,小红书,职场怎么拒绝别人,2026-08-03,2
不想答应别人时，可以先说这句话,https://www.xiaohongshu.com/search_result/6a707b680000000025013e49?xsec_token=ABnCC_PiY2A3rz63JL1aQa6B-d_Ii2kH-uNzF14D3Xb_0=&xsec_source=,小红书,职场怎么拒绝别人,2026-08-03,1
不会拒绝的职场人，迟早被无尽琐事消耗,https://www.xiaohongshu.com/search_result/6a7072420000000008011a09?xsec_token=ABnCC_PiY2A3rz63JL1aQa6P1ERbST9zLghy_c_owblNw=&xsec_source=,小红书,职场怎么拒绝别人,2026-08-03,2
拒绝别人最好的方式，是答应他,https://www.xiaohongshu.com/search_result/6a705ea70000000025015d10?xsec_token=ABnCC_PiY2A3rz63JL1aQa6HgCYQLxWkp6yVSLqirx_XQ=&xsec_source=,小红书,职场怎么拒绝别人,2026-08-03,12
总是被同事使唤不知道如何拒绝怎么办？,https://www.xiaohongshu.com/search_result/6a70589e0000000025013b4e?xsec_token=ABnCC_PiY2A3rz63JL1aQa6FgzZSVQIiHS1AO_GsprU7o=&xsec_source=,小红书,职场怎么拒绝别人,2026-08-03,1
职场里，如何体面拒绝领导和同事？,https://www.xiaohongshu.com/search_result/6a703f66000000002402ded7?xsec_token=ABnCC_PiY2A3rz63JL1aQa6GkwzWFPoGKcfi5_AS9PEcc=&xsec_source=,小红书,职场怎么拒绝别人,2026-08-03,39
不懂拒绝杂活，工作量爆满被压垮,https://www.xiaohongshu.com/search_result/6a70471200000000210205cd?xsec_token=ABnCC_PiY2A3rz63JL1aQa6FZWu6SbfnM6yknvJhyYqK0=&xsec_source=,小红书,职场怎么拒绝别人,2026-08-03,7
含蓄内敛的人，藏着这3座表达富矿,https://www.xiaohongshu.com/search_result/6a715cf30000000033030fdd?xsec_token=ABJ67AJwpaEbbSDyndwOBnXkRddeDQkgP2yhm-NQKNYfM=&xsec_source=,小红书,职场表达,2026-08-04,1
如何高效在短期内提高自我表达力,https://www.xiaohongshu.com/search_result/6a715b55000000003400f5ce?xsec_token=ABJ67AJwpaEbbSDyndwOBnXub6w5ZuJvLaiHZUUjEuxKE=&xsec_source=,小红书,职场表达,2026-08-04,1
找搭子！香港面试与职场表达粤语速成班！,https://www.xiaohongshu.com/search_result/6a7159f10000000033019981?xsec_token=ABJ67AJwpaEbbSDyndwOBnXp4-5WWTdfRQhuTqm3ICQc4=&xsec_source=,小红书,职场表达,2026-08-04,4
体制内一定要尽早搭建自己的表达系统,https://www.xiaohongshu.com/search_result/6a71449600000000220156f6?xsec_token=ABJ67AJwpaEbbSDyndwOBnXr6efDEp7vqBTrgH9Hccu5Q=&xsec_source=,小红书,职场表达,2026-08-04,9
职场沟通避坑指南｜亲测有效的表达心法,https://www.xiaohongshu.com/search_result/6a71409f0000000025008ca7?xsec_token=ABJ67AJwpaEbbSDyndwOBnXsKecIbpO8tFGLLEZ73QhXs=&xsec_source=,小红书,职场表达,2026-08-04,8
外企40种不同时间表达，看这一篇就够了,https://www.xiaohongshu.com/search_result/6a7135330000000028004b50?xsec_token=ABJ67AJwpaEbbSDyndwOBnXpbl5SzKf3OIWcOTdvdM1k8=&xsec_source=,小红书,职场表达,2026-08-04,14
身处职场，学会利他式表达，成就非凡事业,https://www.xiaohongshu.com/search_result/6a709d90000000002202df7c?xsec_token=ABnCC_PiY2A3rz63JL1aQa6KG1ER3eSqCAGTJo08JmIb0=&xsec_source=,小红书,职场表达,2026-08-04,0
当你面试了很多家软件测试企业，你就会发现～,https://www.xiaohongshu.com/search_result/6a7083bc0000000008010891?xsec_token=ABnCC_PiY2A3rz63JL1aQa6O_4YoRksLNu68fH5ju6OXk=&xsec_source=,小红书,面试技巧,2026-08-04,7
TK达人BD面试，90%都会被问的问题,https://www.xiaohongshu.com/search_result/6a707e560000000025005510?xsec_token=ABnCC_PiY2A3rz63JL1aQa6NMoCuxsiC1qvQceEFK0keI=&xsec_source=,小红书,面试技巧,2026-08-04,15
我说怎么每次社区面试都熟悉，原来是这5道,https://www.xiaohongshu.com/search_result/6a70419400000000050307bc?xsec_token=ABnCC_PiY2A3rz63JL1aQa6GW6CQjGv86QHJzAYCq9prs=&xsec_source=,小红书,面试技巧,2026-08-04,14
2026年医药代表MR面试高频考点158题,https://www.xiaohongshu.com/search_result/6a7030a6000000000502ac7d?xsec_token=ABnCC_PiY2A3rz63JL1aQa6Me-Nm_F1IW3sxkR9smPLbk=&xsec_source=,小红书,面试技巧,2026-08-04,3
后端面试，不管问你啥，记住一个原则！,https://www.xiaohongshu.com/search_result/6a70057500000000050230c3?xsec_token=ABnCC_PiY2A3rz63JL1aQa6FajbtcFAfiJ_JF44RgKIFA=&xsec_source=,小红书,面试技巧,2026-08-04,8
3天背完软件测试面试题，通过率99%,https://www.xiaohongshu.com/search_result/6a6ff8b60000000033012d28?xsec_token=ABm3GkBVyqKC5r5Zn83HChcDOa2fZSqqOYoy8nQEcGRqs=&xsec_source=,小红书,面试技巧,2026-08-04,19
互联网iOS开发工程师面试真题,https://www.xiaohongshu.com/search_result/6a6fca230000000005029780?xsec_token=ABm3GkBVyqKC5r5Zn83HChcE6NjVeI1lREPfYfipVM1h4=&xsec_source=,小红书,面试技巧,2026-08-04,3
第一次见有人把人才引进面试细节说的这么清,https://www.xiaohongshu.com/search_result/6a7151fe000000002800935f?xsec_token=ABJ67AJwpaEbbSDyndwOBnXvh5nILN4jlJgJJMOZGrcgM=&xsec_source=,小红书,面试什么话该说,2026-08-04,4
结构化面试卡壳没话说，就狂背具体对策,https://www.xiaohongshu.com/search_result/6a713e810000000028000af0?xsec_token=ABJ67AJwpaEbbSDyndwOBnXutXgjGSw1-c4MURT7HNOZQ=&xsec_source=,小红书,面试什么话该说,2026-08-04,4
提醒下医疗面试磕磕巴巴没话说的，熬夜背！,https://www.xiaohongshu.com/search_result/6a713b18000000003400d618?xsec_token=ABJ67AJwpaEbbSDyndwOBnXlYqvvBIM1Rm-JvnUDKHgW4=&xsec_source=,小红书,面试什么话该说,2026-08-04,4
面试时HR最想听的话,https://www.xiaohongshu.com/search_result/6a70860e000000002501236a?xsec_token=ABnCC_PiY2A3rz63JL1aQa6KJRdN0_rB7So8ppEh5gNq0=&xsec_source=,小红书,面试什么话该说,2026-08-04,4
面试千万不能说的5类减分话术,https://www.xiaohongshu.com/search_result/6a65e256000000000101fdcd?xsec_token=ABeXOg5ozT0X96QJHm-4XwnoJwi1oM3xPXXwmLxnAXJNw=&xsec_source=,小红书,面试什么话不能说,2026-08-04,145
你要被录用的7点征兆：,https://www.xiaohongshu.com/search_result/6a6fdfd2000000003302e8f6?xsec_token=ABm3GkBVyqKC5r5Zn83HChcLq8y2NWLAPZAfWrsLyGPxY=&xsec_source=,小红书,面试官想录用你的表现,2026-08-04,76
面试有没有戏？看这6个细节就够了✨,https://www.xiaohongshu.com/search_result/6a6487df0000000001003375?xsec_token=ABn6zvaRU6phZt8GK1sWQvXeyPeNUjOiuS9S3pxEJjy_g=&xsec_source=,小红书,面试官想录用你的表现,2026-08-04,7
真正想offer你的公司，是很明显的｜看清真,https://www.xiaohongshu.com/search_result/6a600a2e0000000001030036?xsec_token=ABFZqTGN0FijYLxNsotZhxwTlFGAFhrOMK6JJv1YR7XfU=&xsec_source=,小红书,面试官想录用你的表现,2026-08-04,230
面试博弈论| 10个强录取信号,https://www.xiaohongshu.com/search_result/6a5ed006000000000a03a609?xsec_token=ABoihdyoCA0DQjoIvzznruix1KofY_SLV0907kCN3ehpI=&xsec_source=,小红书,面试官想录用你的表现,2026-08-04,2415
真正想招你的公司，信号都挺明显的,https://www.xiaohongshu.com/search_result/6a5877e1000000001002928b?xsec_token=ABROtlIw0VXmV1j_yfPQG-HUGqO0UVzd_YpAJuQpy-ckg=&xsec_source=,小红书,面试官想录用你的表现,2026-08-04,33
真正想招你的人，其实信号都很明显！,https://www.xiaohongshu.com/search_result/6a585f18000000000301f7ed?xsec_token=ABROtlIw0VXmV1j_yfPQG-HRXzHaBlOggdDhgI_GOG5u8=&xsec_source=,小红书,面试官想录用你的表现,2026-08-04,16
真正想招你的公司，其实信号很明显！接offer,https://www.xiaohongshu.com/search_result/6a4e49e30000000011015702?xsec_token=ABRx_IccmX9kdD97OzyHFV2LdRAM7MFNLSl7JW85JO6fQ=&xsec_source=,小红书,面试官想录用你的表现,2026-08-04,1358
面试有戏的6个明确信号，出现3个以上稳了！,https://www.xiaohongshu.com/search_result/69c39fc800000000210397b5?xsec_token=ABP53B9Usu1n6D-hCv9VU8PJYGWtC_8BJIeoBqAXZWL2Q=&xsec_source=,小红书,面试官想录用你的表现,2026-08-04,43
翻完这套话术资料，发现社交场合的回应,https://www.xiaohongshu.com/search_result/6a7165f9000000002803286b?xsec_token=ABJ67AJwpaEbbSDyndwOBnXrp7knpfLOjGbrmDIBs1Btk=&xsec_source=,小红书,职场表达话术,2026-08-04,0
和任何人都能一直聊下去的万能公式！,https://www.xiaohongshu.com/search_result/6a713c020000000024024be4?xsec_token=ABJ67AJwpaEbbSDyndwOBnXjss6pzn_pGcIMtc4KUlfXI=&xsec_source=,小红书,职场表达话术,2026-08-04,41
职场高情商话术,https://www.xiaohongshu.com/search_result/6a71196d00000000330104ad?xsec_token=ABJ67AJwpaEbbSDyndwOBnXpariPzq0ruaQoezEcPTRAU=&xsec_source=,小红书,职场表达话术,2026-08-04,4
原来这就是销售成交爆单的利他性话术!,https://www.xiaohongshu.com/search_result/6a7083f4000000003301c77b?xsec_token=ABnCC_PiY2A3rz63JL1aQa6NMkfDKhqlhZ6sjZkNKXVfU=&xsec_source=,小红书,职场表达话术,2026-08-04,14
50句万能话术，职场人必备,https://www.xiaohongshu.com/search_result/6a706276000000003301cfd2?xsec_token=ABnCC_PiY2A3rz63JL1aQa6CJltkpGskom89m43XhIHRE=&xsec_source=,小红书,职场表达话术,2026-08-04,32
职场不会说话？收好这套沟通话术✨,https://www.xiaohongshu.com/search_result/6a7040fe00000000280084cf?xsec_token=ABnCC_PiY2A3rz63JL1aQa6K1vxNTAJpM1QUrgjo92A9c=&xsec_source=,小红书,职场表达话术,2026-08-04,5
天呐，原来大家都是这样让领导“舒服”的！,https://www.xiaohongshu.com/search_result/6a700def0000000033019fff?xsec_token=ABnCC_PiY2A3rz63JL1aQa6NL4AEZ9gvfYsBBJsKoO5oM=&xsec_source=,小红书,职场表达话术,2026-08-04,3872
销冠的“闲”不是天生的，是表达算出来的：,https://www.xiaohongshu.com/search_result/6a6ff406000000002500b7d3?xsec_token=ABm3GkBVyqKC5r5Zn83HChcEb8VQvJdqWWG5vGY0O1xFQ=&xsec_source=,小红书,职场表达话术,2026-08-04,8
职场新人最该做的第一件事，不是讨好，是“,https://www.xiaohongshu.com/search_result/6a708a0e000000002800580c?xsec_token=ABnCC_PiY2A3rz63JL1aQa6Kn9MsLuZg1jnQJGhjsukxM=&xsec_source=,小红书,空降中层如何快速融入团队,2026-08-04,5
新官上任第一件事—第三集！,https://www.xiaohongshu.com/search_result/6a7006c10000000022014b0b?xsec_token=ABnCC_PiY2A3rz63JL1aQa6DPkLeXgM49c4LNtHzPqJ74=&xsec_source=,小红书,空降中层如何快速融入团队,2026-08-04,3
一个中层管理者是怎么变强的,https://www.xiaohongshu.com/search_result/6a6f03230000000028002691?xsec_token=ABm3GkBVyqKC5r5Zn83HChcN4WX2R7SrE0eNNWSaYQHcc=&xsec_source=,小红书,空降中层如何快速融入团队,2026-08-04,31
职场新人如何快速适应职场？,https://www.xiaohongshu.com/search_result/6a6e83d60000000006004c2e?xsec_token=ABer2XX1ssLtD1HVpVbCIfJDaWV_ZgLQnDH5x8cpalihU=&xsec_source=,小红书,空降中层如何快速融入团队,2026-08-04,10
职场空降领导第一步该做什么,https://www.xiaohongshu.com/search_result/6a6da75e0000000022032d5a?xsec_token=ABk31yDVGRaeJy7muaLFSpuIlg_NN0iggSz4FDUITDnH0=&xsec_source=,小红书,空降中层如何快速融入团队,2026-08-04,1
空降高管为什么留不住？,https://www.xiaohongshu.com/search_result/6a6be0e9000000003301307d?xsec_token=ABd2kIn4bXJvoibTlK7X9tRwupo7n3z8o6rxmHs2g5YtM=&xsec_source=,小红书,空降中层如何快速融入团队,2026-08-04,6
进入新团队，我都会先做好这四件事（职场篇）,https://www.xiaohongshu.com/search_result/6a6b2b00000000002403ca6d?xsec_token=ABd2kIn4bXJvoibTlK7X9tR1sMoe1inj5I0HxLLYhmuSI=&xsec_source=,小红书,空降中层如何快速融入团队,2026-08-04,6
加入一家新公司，怎么让自己顺利融入？,https://www.xiaohongshu.com/search_result/6a68a564000000001003fb3a?xsec_token=AB2kNPWqwBu-JK_IMtCdAEpOX3meeh3SN2VPeLE06zjUA=&xsec_source=,小红书,空降中层如何快速融入团队,2026-08-04,15
"面试被问""你自身缺点""，怎么答不踩雷？",https://www.xiaohongshu.com/search_result/6a6c507a000000002500441e?xsec_token=ABp8CWnbmqsjLbLoJdRzqNNPuwAssREY2mO84iBFTLh8A=&xsec_source=,小红书,面试要求说三个缺点,2026-08-04,5
面试被问最大缺点，别再拿追求完美搪塞,https://www.xiaohongshu.com/search_result/6a6b6bdb000000003501778b?xsec_token=ABd2kIn4bXJvoibTlK7X9tR8Sx9pPxnEObH3oqLCpqA-g=&xsec_source=,小红书,面试要求说三个缺点,2026-08-04,10
HR听腻了！面试被问缺点的3种扣分回答你全中,https://www.xiaohongshu.com/search_result/6a674aeb000000001101b4fb?xsec_token=ABUbx_azZQCG1JADDexl0O_Otg-qbanTvDJcEqecrbSvo=&xsec_source=,小红书,面试要求说三个缺点,2026-08-04,4
面试被问缺点？这样说直接加分,https://www.xiaohongshu.com/search_result/6a5c5ff7000000001002be14?xsec_token=AB5Sx3z4B70zoA5Cj58-eSgeK5uhISrwzlTGC8OrnFmnM=&xsec_source=,小红书,面试要求说三个缺点,2026-08-04,12
HR说|高分回答！压力面试你的缺点是什么？,https://www.xiaohongshu.com/search_result/6a575387000000001702daa2?xsec_token=AB0Jap9cngF1TJIj_gyas9rkDplUXf5OAWji7WFgOKNr8=&xsec_source=,小红书,面试要求说三个缺点,2026-08-04,1
"面试被问""你的缺点""，怎么答不踩雷？",https://www.xiaohongshu.com/search_result/6a54b31f000000001702e4e9?xsec_token=ABvH1EJVQVpMIscVIyksCjmx8FB9C4emZVyl_K-3p-7tA=&xsec_source=,小红书,面试要求说三个缺点,2026-08-04,2
职场上，10种沟通技巧你知道哪个？,https://zhuanlan.zhihu.com/p/555854764,网页,职场表达,2026-08-04,—
2026年金融类面试通关攻略：高频问题+答题思路技巧一键搞定,https://offermore.cc/blog/2026-finance-interview-guide,网页,面试技巧,2026-08-04,—
【归纳】面试（自我介绍/时间/内容把控/逻辑关系/能力/禁忌/动机）,https://zhuanlan.zhihu.com/p/529716177,网页,面试什么话不能说,2026-08-04,—
空降如何快速融入接管团队,https://blog.csdn.net/ly_zixuan/article/details/125928168,网页,空降中层如何快速融入团队,2026-08-04,—
空降中层的管理技巧：如何迅速建立信任和提升团队绩效,https://www.cnblogs.com/worktile/articles/18678834,网页,空降中层如何快速融入团队,2026-08-04,—
空降领导如何管理新团队？,https://zhuanlan.zhihu.com/p/615930951,网页,空降中层如何快速融入团队,2026-08-04,—
空降管理者如何融入团队,https://zhuanlan.zhihu.com/p/685362044,网页,空降中层如何快速融入团队,2026-08-04,—
人际关系疗法（IPT）：改善亲密关系、职场关系的沟通技巧（非暴力沟通话术模板）,https://news.qq.com/rain/a/20250916A07FE300,网页,职场表达,2026-08-04,—
招聘面试流程，招聘面试小技巧有哪些？,https://www.mokahr.com/blog/15024.html,网页,面试技巧,2026-08-04,—
搞定面試問與答，1 個面試技巧 + 20 個面試問題讓你更加分！,https://hahow.in/contents/articles/61a82b967588c100074808fa,网页,面试技巧,2026-08-04,—
✨ 面试技巧 | 白瓜面试,https://m.baigua.com/blog/DzrzFf7T,网页,面试技巧,2026-08-04,—
[面试技巧]面试四大禁忌,https://www.hciit.edu.cn/tmx/info/1025/1784.htm,网页,面试什么话不能说,2026-08-04,—
视频面试（视频面试在哪里比较合适）,https://www.mokahr.com/blog/15056.html,网页,视频面试技巧,2026-08-04,—
面试最后的反问环节，能问些什么？（附特供问题）,https://blog.csdn.net/weixin_74199893/article/details/153354699,网页,面试反问环节可以问什么,2026-08-04,—
职场说话的艺术与沟通技巧,https://www.hrloo.com/news/280572.html,网页,职场简洁表达技巧,2026-08-04,—
价值百万的表达技巧，如何用最简短的语言传递价值信息？,https://blog.csdn.net/chaozaiai/article/details/104980196,网页,职场简洁表达技巧,2026-08-04,—
人事定薪资多久通知员工？,https://www.ihr360.com/hrnews/20241285168.html,网页,hr定薪一般几天兑现,2026-08-04,—
hr说帮忙争取薪资后一般多久会回复,https://www.hrloo.com/news/281990.html,网页,hr定薪一般几天兑现,2026-08-04,—
面试完到底几天能有回复？,https://www.163.com/dy/article/GDOGP6LM0518DU8U.html,网页,hr定薪一般几天兑现,2026-08-04,—
跟hr谈好薪资到正式发offer需要多长时间？,https://www.zhihu.com/question/495034881,网页,hr定薪一般几天兑现,2026-08-04,—
薪酬方案的实施周期一般是多久？,https://www.ihr360.com/hrnews/20241252573.html,网页,hr定薪一般几天兑现,2026-08-04,—
线上面试前准备清单,https://www.xiaohongshu.com/search_result/6a6fdc770000000005031f1a?xsec_token=ABm3GkBVyqKC5r5Zn83HChcP60YAZyBewVtfBpfyKcJwM=&xsec_source=,小红书,视频面试技巧,2026-08-04,238
面试自我介绍及应答话术（应聘电商运营助理）,https://www.xiaohongshu.com/search_result/6a6f28ef0000000029030b30?xsec_token=ABm3GkBVyqKC5r5Zn83HChcLq5otObwqXBHFheqEbLLjU=&xsec_source=,小红书,视频面试技巧,2026-08-04,180
线上面试一紧张说不清可以直接看它,https://www.xiaohongshu.com/search_result/6a6e214e0000000005028215?xsec_token=ABer2XX1ssLtD1HVpVbCIfJMR34MmA1pPWEz6Ch_aF6S0=&xsec_source=,小红书,视频面试技巧,2026-08-04,12
如果你害怕面试，其实你可以这样准备,https://www.xiaohongshu.com/search_result/6a6d9f5e000000003301c6d6?xsec_token=ABk31yDVGRaeJy7muaLFSpuAYQwnuS-10SdFY49d_bY90=&xsec_source=,小红书,视频面试技巧,2026-08-04,12
面试最后一步问这些，offer稳了,https://www.xiaohongshu.com/search_result/67aaa5e2000000002901f4c2?xsec_token=AB_m-KcbOOGkZG42TpvB-XlPlCj6VyUt-oYs-bA465_vA=&xsec_source=,小红书,面试反问环节可以问什么,2026-08-04,3421
经验贴 面试反问神级提问 拉满好感度,https://www.xiaohongshu.com/search_result/6a1d60110000000038023b1b?xsec_token=ABq53yRVJOn4APx3Lrz4TM-YGIk8ZvumIV2W2t3gYt-J4=&xsec_source=,小红书,面试反问环节可以问什么,2026-08-04,70
如何通过面试反问 制造不属于你的机会,https://www.xiaohongshu.com/search_result/6a3330010000000016026343?xsec_token=ABMrgKC2nb32KI8DYH5iSEQqt0v_pD05nVYk0Kjy0zfXA=&xsec_source=,小红书,面试反问环节可以问什么,2026-08-04,866
外企经理透露面试问这两个问题保证拿offer,https://www.xiaohongshu.com/search_result/6a71b06f000000002403c959?xsec_token=ABJ67AJwpaEbbSDyndwOBnXt2iTqurZMucyPMDhtk97Cs=&xsec_source=,小红书,面试反问环节可以问什么,2026-08-04,12
经验贴｜面试反问神级回答 拉满印象分,https://www.xiaohongshu.com/search_result/6a0d782b000000000800277a?xsec_token=ABPcuE_PJ-3g8HlVeSNJWQrI5IflYn8lyP9YHt3b8-1_g=&xsec_source=,小红书,面试反问环节可以问什么,2026-08-04,4853
面试反问环节：敢问细节的人，更有实力,https://www.xiaohongshu.com/search_result/699baedd000000001600b49d?xsec_token=ABa6c3o7M7fAVG1T35OnMBet8JGscj4G8ir77w4uCJuCo=&xsec_source=,小红书,面试反问环节可以问什么,2026-08-04,50
职场醒悟：踏实干活也要学会好好表达,https://www.xiaohongshu.com/search_result/6a71b9e6000000002501233e?xsec_token=ABJ67AJwpaEbbSDyndwOBnXlERYo5U0ubms63XAThJdPc=&xsec_source=,小红书,职场表达,2026-08-04,—
最好的职场，不该让实干和表达互相争功。,https://www.xiaohongshu.com/search_result/6a71ac740000000005030feb?xsec_token=ABJ67AJwpaEbbSDyndwOBnXsTlszePkMxh6_6-NmSgj1o=&xsec_source=,小红书,职场表达,2026-08-04,—
别再只会说 I think｜开会更专业的8个表达,https://www.xiaohongshu.com/search_result/6a716eda000000000600737e?xsec_token=ABJ67AJwpaEbbSDyndwOBnXrxPjlarouSQ4Kh-VBIPBFc=&xsec_source=,小红书,职场表达,2026-08-04,12
害怕面试提问？收好这份万能回答逻辑,https://www.xiaohongshu.com/search_result/6a7051da000000002402ddfc?xsec_token=ABnCC_PiY2A3rz63JL1aQa6NhxVcPXOYMSYM3ugGnq7mk=&xsec_source=,小红书,面试技巧,2026-08-04,6
面试次数多了，什么都倒背如流！,https://www.xiaohongshu.com/search_result/6a70193c000000002701d9f4?xsec_token=ABnCC_PiY2A3rz63JL1aQa6ISUxbM7dbgtbSJCu39gnZs=&xsec_source=,小红书,面试技巧,2026-08-04,504
面试回答不要假大空,https://www.xiaohongshu.com/search_result/6a6f4dbf000000002500a49a?xsec_token=ABm3GkBVyqKC5r5Zn83HChcHJu_b3MwIgZ3p93ftfZcuo=&xsec_source=,小红书,面试技巧,2026-08-04,19
7月面试复盘①｜材料行业上市公司,https://www.xiaohongshu.com/search_result/6a6f46b80000000021020516?xsec_token=ABm3GkBVyqKC5r5Zn83HChcKXGZnJ0x3jQJHuzFJxj7UA=&xsec_source=,小红书,面试技巧,2026-08-04,3
感觉聊得来却总被拒？3个错位，90%的人都在犯,https://www.xiaohongshu.com/search_result/6a6f3e200000000035017b46?xsec_token=ABm3GkBVyqKC5r5Zn83HChcKoZdWUsA7lD-2yaJW5grmU=&xsec_source=,小红书,面试技巧,2026-08-04,11
当我把面试时心里话说出来belike,https://www.xiaohongshu.com/search_result/6a71ad80000000002202d8a8?xsec_token=ABJ67AJwpaEbbSDyndwOBnXl8w5ToJOYILUS-BMwNXX8w=&xsec_source=,小红书,面试什么话该说,2026-08-04,2
医疗编面试磕巴没话说，你就疯狂背这些！,https://www.xiaohongshu.com/search_result/6a71aaba0000000022032471?xsec_token=ABJ67AJwpaEbbSDyndwOBnXrloRiDjFM2odqNss13hLkU=&xsec_source=,小红书,面试什么话该说,2026-08-04,2
改了自我介绍里的三句话 后面的面试全过了,https://www.xiaohongshu.com/search_result/6a71a2cb000000002202edf1?xsec_token=ABJ67AJwpaEbbSDyndwOBnXjJ7qR0X5TCwPwadjl3jg9I=&xsec_source=,小红书,面试什么话该说,2026-08-04,1
面试千万别说这3句话｜HR直接扣分,https://www.xiaohongshu.com/search_result/6a719ead00000000240276d7?xsec_token=ABJ67AJwpaEbbSDyndwOBnXnmxfdQtw_DRYDmKM8gotts=&xsec_source=,小红书,面试什么话该说/面试什么话不能说,2026-08-04,3
大忌！面试一定不能说的一些话,https://www.xiaohongshu.com/search_result/6a71a99f0000000022031c2a?xsec_token=ABJ67AJwpaEbbSDyndwOBnXkG_w_67DoJKEPRh5DEvdZI=&xsec_source=,小红书,面试什么话不能说,2026-08-04,2
面试快结束时，这些话可以问，但不要说,https://www.xiaohongshu.com/search_result/6a7194a200000000320200fc?xsec_token=ABJ67AJwpaEbbSDyndwOBnXmpssVY09BVYU2XNbayjrTo=&xsec_source=,小红书,面试什么话不能说,2026-08-04,2
面试官听了直皱眉的5句话，你可能每句都说过,https://www.xiaohongshu.com/search_result/6a705a0f000000002701fb95?xsec_token=ABnCC_PiY2A3rz63JL1aQa6O74D-0kNyUnsUMFgwXQ--4=&xsec_source=,小红书,面试什么话不能说,2026-08-04,9
职场被针对时，别只会解释，你要学会这招,https://www.xiaohongshu.com/search_result/6a716381000000002500baec?xsec_token=ABJ67AJwpaEbbSDyndwOBnXm0_pN1esm67Td4YGaXAgdc=&xsec_source=,小红书,职场简洁表达技巧,2026-08-04,—
地道英语表达【keep it brief】,https://www.xiaohongshu.com/search_result/6a70dbca000000003303614c?xsec_token=ABnCC_PiY2A3rz63JL1aQa6HXYZ2YnQQq2jg_TcDuNVSg=&xsec_source=,小红书,职场简洁表达技巧,2026-08-04,2
职场认知观,https://www.xiaohongshu.com/search_result/6a70949300000000250160b0?xsec_token=ABnCC_PiY2A3rz63JL1aQa6JV8YxzOYh9Reh4cOK_y3JQ=&xsec_source=,小红书,职场简洁表达技巧,2026-08-04,1
定薪到底定多长时间啊，真的有点鼠了,https://www.xiaohongshu.com/search_result/69131e9d00000000040157dc?xsec_token=ABSlcZBdY_-00kjTj564FUiimiOm6uzI7NBsJstO9_F7M=&xsec_source=pc_search,小红书,hr定薪一般几天兑现,2026-08-04,25
面试大冤种，定薪阶段，我被当作炮灰了,https://www.xiaohongshu.com/search_result/66bad1a30000000025030fba?xsec_token=ABJvlLXNWJN7IOZhqs5IfwjAZU9LIDzFTMrID0vAKMOWM=&xsec_source=pc_search,小红书,hr定薪一般几天兑现,2026-08-04,632
找工作别急，HR告诉你正常周期,https://www.xiaohongshu.com/search_result/6a0da8340000000008003505?xsec_token=ABPcuE_PJ-3g8HlVeSNJWQrGXVnYq874t7zpp4A9Rrk_g=&xsec_source=pc_search,小红书,hr定薪一般几天兑现,2026-08-04,11
想躺平的小刘,https://www.xiaohongshu.com/search_result/691d3a0f000000001e001113?xsec_token=ABANdSCDKKMhAz0qBGAQQSUmKfWSqBi4wQnUlVMi1EOdg=&xsec_source=pc_search,小红书,hr定薪一般几天兑现,2026-08-04,76
Offer迟迟不发，其实结果早就定了 教你判断,https://www.xiaohongshu.com/search_result/6a01abbc000000000803e435?xsec_token=ABHmRpHm_Zuqk_xYo9zboyVOqZ-0Cw6qFmZzjh9fvWsZ4=&xsec_source=pc_search,小红书,hr定薪一般几天兑现,2026-08-04,184
寻找职场中出走的表达欲,https://www.xiaohongshu.com/search_result/6a71fb4a000000002203032b?xsec_token=ABJ67AJwpaEbbSDyndwOBnXl3z2Mi2jDq2gbJtcB4xpG0=&xsec_source=,小红书,职场表达,2026-08-04,2
为什么读了很多书，还不会表达？,https://www.xiaohongshu.com/search_result/6a71f9950000000025014e0f?xsec_token=ABJ67AJwpaEbbSDyndwOBnXnsvg1KCPI6SMY1R5XmLkKs=&xsec_source=,小红书,职场表达,2026-08-04,11
嘴笨反应慢不会说话，无痛练表达的小绝招,https://www.xiaohongshu.com/search_result/6a71ec7a00000000320330d0?xsec_token=ABJ67AJwpaEbbSDyndwOBnXlyHtEE5ynJe5JOLMv_YwTE=&xsec_source=,小红书,职场表达,2026-08-04,25
如何让你的职场沟通有高管感？,https://www.xiaohongshu.com/search_result/6a71e1ba0000000027022bde?xsec_token=ABJ67AJwpaEbbSDyndwOBnXrTV3JxBHzNGpEMKurjq7v8=&xsec_source=,小红书,职场表达,2026-08-04,12
为什么我们总是羞于在工作中表达情感？,https://www.xiaohongshu.com/search_result/6a71df250000000008012294?xsec_token=ABJ67AJwpaEbbSDyndwOBnXoG6CfFNhHW56MogcQFuzl0=&xsec_source=,小红书,职场表达,2026-08-04,2
面试10道必问题万能满分话术！！,https://www.xiaohongshu.com/search_result/6a71b64b000000002c0070b9?xsec_token=ABJ67AJwpaEbbSDyndwOBnXtUqdxqXj3NFIBAIKnn5fI8=&xsec_source=,小红书,面试技巧,2026-08-04,19
打破刻板印象！跳槽面试大龄优势怎么说,https://www.xiaohongshu.com/search_result/6a6b19b60000000033035b24?xsec_token=ABd2kIn4bXJvoibTlK7X9tR45ERTSc5i9zhcE4r2uvAhg=&xsec_source=,小红书,面试技巧,2026-08-04,3
群面被说太理想化，一句话让面试官引用我话,https://www.xiaohongshu.com/explore/6a7094cb000000002202c045,小红书,面试什么话该说,2026-08-04,1
白女同事亲授的say no技巧,https://www.xiaohongshu.com/search_result/68b83555000000001b01cf07?xsec_token=ABHfP6NEoW4C9j31CPal8cr0Wcepzkq1_2q1aBLVIi2bA=&xsec_source=,小红书,职场表达技巧,2026-08-04,4906
锻炼你的表达力 | 比能力重要的是逻辑清晰,https://www.xiaohongshu.com/search_result/6842c2c50000000012006532?xsec_token=ABEUk5w0CQWXSIngSJf89lplV6-xrVndvZd-OHJ3X2eWY=&xsec_source=,小红书,职场表达技巧,2026-08-04,4152
"""你永远不会知道说中文的我有多聪明""",https://www.xiaohongshu.com/search_result/69d6979d00000000200397aa?xsec_token=AB_vXZ-IWF1w_IIssqJpmoJTwEyUnQ68ugVtMyIT3CkSw=&xsec_source=,小红书,职场表达技巧,2026-08-04,988
500个开会高频英文表达,https://www.xiaohongshu.com/search_result/6a4bacdb000000000803db25?xsec_token=AB78zpW53s2LixtvzaoSp1Xl2taCvl-ykZuoh-20Ctxpg=&xsec_source=,小红书,职场表达技巧,2026-08-04,252
目前为止用过最惊艳到我10套提示词（码住）,https://www.xiaohongshu.com/search_result/6a56c53c0000000007013289?xsec_token=ABLPmFpG8VSjK5SLoDR-pNJLchEPywNitPf2-POFvQ1VQ=&xsec_source=,小红书,职场表达技巧,2026-08-04,71
5招让你像1%精英一样说话,https://www.xiaohongshu.com/search_result/6943d0fb000000001e02b1cf?xsec_token=ABKpuEOma-nj7naBiaRe37PEWzB4I0BYc2SlIg3rslpmc=&xsec_source=,小红书,职场表达技巧,2026-08-04,9652
"外企英语 | 100句""礼貌发飙"" 必备话术",https://www.xiaohongshu.com/search_result/6892bb64000000002501a583?xsec_token=ABQfgWkYBttx9aOWCBt4-5iZuuhuaIcSQSVHlh87HxJA4=&xsec_source=,小红书,职场表达技巧,2026-08-04,493
"一口气说完""沟通的方法""，记住这四个环节",https://www.xiaohongshu.com/search_result/692c0f04000000001e016263?xsec_token=ABV8qFbDkREftH6LGwDrziFbBw9QFxjzZw55_YYkDka3g=&xsec_source=,小红书,职场表达技巧,2026-08-04,1438
"被问""期望薪资""，我只用3句反问拿到最高薪资",https://www.xiaohongshu.com/search_result/6a6f3756000000002202ee0c?xsec_token=ABm3GkBVyqKC5r5Zn83HChcFo-jCSOiE4LcHEo6s6IyUA=&xsec_source=,小红书,面试反问加分回答,2026-08-04,1350
当年错过了多少反向摸底,https://www.xiaohongshu.com/search_result/6a7185670000000028007cbc?xsec_token=ABJ67AJwpaEbbSDyndwOBnXlqJnUr1td1oo5tDjZLK_o8=&xsec_source=,小红书,面试反问加分回答,2026-08-04,1
试用期转正的4个潜规则，HR不会告诉你,https://www.xiaohongshu.com/search_result/69df08a80000000023017402?xsec_token=ABf3JjLoQKrGXJfqWJrx7e00lVabwJta2uX1PNNQSWVbQ=&xsec_source=,小红书,试用期转正话术,2026-08-04,55
试用期满转正大考:这套谦卑话术让老板狂赞!,https://www.xiaohongshu.com/search_result/6a434e9b000000001100511e?xsec_token=AByYuHoVekbQdRDDu7CdKqQLmwLFBNq0wU5DfpPPVPtUA=&xsec_source=,小红书,试用期转正话术,2026-08-04,2
试用期转正，如何大大方方的开口谈薪？,https://www.xiaohongshu.com/search_result/6999b1e40000000009039eee?xsec_token=ABFobnFyr7lejCxCmg2DqX-W1yEYVkAOAj6g2hbe_59lM=&xsec_source=,小红书,试用期转正话术,2026-08-04,31
老板问你转正薪资期望多少，怎么回？,https://www.xiaohongshu.com/search_result/66828983000000001c02507c?xsec_token=ABmHKk5-vjAi1WZFDzJm4Lj0yI9CvEpiBSpIohJ-hXz8s=&xsec_source=,小红书,试用期转正话术,2026-08-04,429
别再傻傻被动等待！面试结果可以主动问‼️,https://www.xiaohongshu.com/search_result/6a68b081000000000301f683?xsec_token=AB2kNPWqwBu-JK_IMtCdAEpDswot3VQX2rrbGpYUU1nGQ=&xsec_source=,小红书,面试主动问结果话术,2026-08-04,2
面试后问结果=自降身价？这样问才聪明！,https://www.xiaohongshu.com/search_result/683d40c8000000002100a33e?xsec_token=AB0ZfBQuJR0yPyzN5KYJFM4UY6bzoCjQgnWFh5UU35FX4=&xsec_source=,小红书,面试主动问结果话术,2026-08-04,1982
面试结束后等通知，第几天去问HR最合适,https://www.xiaohongshu.com/search_result/6a71bc270000000021023706?xsec_token=ABJ67AJwpaEbbSDyndwOBnXuw-_AqP8qJKuHt4RexxXhI=&xsec_source=,小红书,面试主动问结果话术,2026-08-04,5
65个最常见的面试问题与技巧性答复(面试技巧和注意事项),https://blog.csdn.net/high2011/article/details/59481137,网页,面试技巧,2026-08-04,—
面試答題攻略 14個常見面試問題＋完美答法,https://hk.jobsdb.com/zh/career-advice/article/interview,网页,面试技巧,2026-08-04,—
36个说话技巧，让你成为沟通高手,https://zhuanlan.zhihu.com/p/427256395,网页,职场表达,2026-08-04,—
怎样好好说话？4个方法搞定90%的职场沟通,https://openmindclub.blog.caixin.com/archives/215672,网页,职场表达,2026-08-04,—
试用期到了如何跟领导提转正,https://www.hrloo.com/news/118514.html,网页,试用期转正话术,2026-08-04,—
试用期转正评语应该怎么写,https://www.ihr360.com/hrnews/202501171104.html,网页,试用期转正话术,2026-08-04,—
员工转正面谈技巧,https://zhuanlan.zhihu.com/p/657242644,网页,试用期转正话术,2026-08-04,—
领导试用期转正谈话我应该说些什么,https://www.hrloo.com/news/144112.html,网页,试用期转正话术,2026-08-04,—
面试结果话术怎么问？面试完如何礼貌询问结果最佳方式？,https://blog.ihr360.com/p/321978/,网页,面试主动问结果话术,2026-08-04,—
面试之后要不要主动询问面试结果？,https://www.zhihu.com/question/651409393,网页,面试主动问结果话术,2026-08-04,—
面试结果怎么询问话术,https://www.hrloo.com/news/307680.html,网页,面试主动问结果话术,2026-08-04,—
面试后，要不要主动问结果？2026年求职者全面指南与行动建议,https://www.resumemakeroffer.com/blog/post/104677,网页,面试主动问结果话术,2026-08-04,—
面试后怎么礼貌地询问面试结果？话术模板分享,https://www.resumemakeroffer.com/blog/post/105599,网页,面试主动问结果话术,2026-08-04,—
太原职场演讲口才培训当众讲话人际沟通提升,https://www.xiaohongshu.com/search_result/6a721653000000002403fa51?xsec_token=AB-O1-1M5qRLqBsk8uRSC1FxQHRTVmX1ElOhYNESzQW8c=&xsec_source=,XHS,职场表达,2026-08-04,~0
对谈央视频主持人丨AI时代下的职场表达之道,https://www.xiaohongshu.com/search_result/6a71b85c0000000025016708?xsec_token=ABJ67AJwpaEbbSDyndwOBnXqIIKPNRst-aRmP930BskRo=&xsec_source=,XHS,职场表达,2026-08-04,64
各种tips 最高效率去提高表达能力 第二篇,https://www.xiaohongshu.com/search_result/6a71b7530000000008011a56?xsec_token=ABJ67AJwpaEbbSDyndwOBnXu4b7z5PyGoOboiQYICmud4=&xsec_source=,XHS,职场表达,2026-08-04,15
沟通能力强的说话顺序有迹可循,https://www.xiaohongshu.com/search_result/6a71a8ab0000000032031345?xsec_token=ABJ67AJwpaEbbSDyndwOBnXs_HLMs6P2c5QlCPHEAoGmE=&xsec_source=,XHS,职场表达,2026-08-04,8
软测面试撒谎了，offer也到手了~,https://www.xiaohongshu.com/search_result/6a71587d000000002202f045?xsec_token=ABJ67AJwpaEbbSDyndwOBnXrJrfTYX61kig6pSo36GqVY=&xsec_source=,XHS,面试技巧,2026-08-04,15
23岁面试3家小红书运营岗，都过了,https://www.xiaohongshu.com/search_result/6a70b1a80000000024027e77?xsec_token=ABnCC_PiY2A3rz63JL1aQa6EnZYdbvFLDxwIBHeuJcS4E=&xsec_source=,XHS,面试技巧,2026-08-04,166
为什么离职原因说太多会扣分？,https://www.xiaohongshu.com/search_result/6a7153fe0000000028005daf?xsec_token=ABJ67AJwpaEbbSDyndwOBnXuh-ls8ljsBWH11pFOKDTyA=&xsec_source=,XHS,面试什么话该说,2026-08-04,2
结构化面试不知道说什么怎么办,https://www.xiaohongshu.com/search_result/6a7098940000000006004ee2?xsec_token=ABnCC_PiY2A3rz63JL1aQa6OJ1-KqBkDdOe6jYHMn7lHU=&xsec_source=,XHS,面试什么话该说,2026-08-04,3
面试时不该说的话，千万别说‼️,https://www.xiaohongshu.com/search_result/6a7218f70000000026037f4c?xsec_token=AB-O1-1M5qRLqBsk8uRSC1F8jDC7vZF1BDWfcBX4Ukmuk=&xsec_source=,XHS,面试什么话不能说,2026-08-04,25
大厂agent面试没那么恶心，来来回回就四类,https://www.xiaohongshu.com/search_result/6a71dc6e000000002c004d86?xsec_token=ABJ67AJwpaEbbSDyndwOBnXq_1o0IYV1LppqjdHjHXDio=&xsec_source=,XHS,面试底层逻辑,2026-08-04,84
面试被问“为什么选你”，千万别再背答案了,https://www.xiaohongshu.com/search_result/6a708844000000003300c20b?xsec_token=ABnCC_PiY2A3rz63JL1aQa6E8BZl2UJFfBuc9YmD0G7wM=&xsec_source=,XHS,面试底层逻辑,2026-08-04,4
1对1该不该开口提升职？99%的人卡在这一步,https://www.xiaohongshu.com/search_result/683eef53000000000c03999c?xsec_token=ABSRqgpmQ5U7qoFbJ15qbxZDGO5fnjXip7u5uhjZS-L30=&xsec_source=,XHS,主动找领导谈升职,2026-08-04,897
想提拔就去找领导，无需顾虑！,https://www.xiaohongshu.com/search_result/69e59c7d000000001d018326?xsec_token=ABRqNdlXKXq95xzExADfEg8VrZcxbeT8uEftVk-Bx1OP8=&xsec_source=,XHS,主动找领导谈升职,2026-08-04,84
年终review如何跟老板提加薪升职,https://www.xiaohongshu.com/search_result/69518ceb000000001e028619?xsec_token=ABiYNwBkme1kC4OQVPJ9NDBv79IUPI4CnWtDA0xGsQakU=&xsec_source=,XHS,主动找领导谈升职,2026-08-04,183
北美职场｜如何提早向老板暗示升职加薪话术,https://www.xiaohongshu.com/search_result/6978bb62000000001a028a6f?xsec_token=ABcxaMN_pdcA4UCoxHwpc0SJ-OCvmN1LFUNOaE4f3KVrI=&xsec_source=,XHS,主动找领导谈升职,2026-08-04,105
想升职就要主动说出来，和领导谈升职的话术,https://www.xiaohongshu.com/search_result/6766b421000000000902dc25?xsec_token=ABOtvinsfpQyhLuXDc4QYBLQ-2Ne3W-dHASfpL-6mZZAs=&xsec_source=,XHS,主动找领导谈升职,2026-08-04,2917
利他性话术！20句成交金句，开口就开单！,https://www.xiaohongshu.com/search_result/6930ce50000000001e010a5e?xsec_token=AB9fPTcqRTGXc9RiIqbDTuPoh7eEruI6DY8gctvskvdU0=&xsec_source=,XHS,职场经典话术,2026-08-04,3266
职场中的高情商接话技巧,https://www.xiaohongshu.com/search_result/6a6940b3000000000101c03f?xsec_token=ABuGDWg6Bh3Nvv0-hy3i4VAtJB8_Kg-I1sRoqYTbnfH3M=&xsec_source=,XHS,职场经典话术,2026-08-04,3697
100句职场英语搞定流畅交流,https://www.xiaohongshu.com/search_result/67677578000000000b01418c?xsec_token=AB-Gu-QwPRaGPqi_nvqQtZXMV9uqEvtak7VVQsasgu9g8=&xsec_source=,XHS,职场经典话术,2026-08-04,170
👇50句万能场面话｜轻松拿捏所有社交,https://www.xiaohongshu.com/search_result/69ef1d8d000000002301602d?xsec_token=ABt7Wrmbq-JU-Oxq5m6TiQWLZhvCYU3sTElEZvsEJPKoE=&xsec_source=,XHS,职场经典话术,2026-08-04,1974
原来这就是利他性话术！（2）,https://www.xiaohongshu.com/search_result/68818c52000000001c03044b?xsec_token=ABBcKRh_sdF2N5_XEmX79AqrChBSqc10jaYI1kmk-tpJY=&xsec_source=,XHS,职场经典话术,2026-08-04,1890
怎么跟领导或公司谈升职或加薪呢？,https://www.zhihu.com/question/484523562,网页,主动找领导谈升职,2026-08-04,—
做好向上管理核心技巧，学会及时汇报，让领导主动重用你,https://www.aboluowang.com/2026/0718/2409645.html,网页,主动找领导谈升职,2026-08-04,—
想加薪怎么和领导谈？学会这四招轻松涨薪,https://blog.csdn.net/weixin_40865350/article/details/125669071,网页,主动找领导谈升职,2026-08-04,—
急！怎么跟老板提“升职加薪”啊,https://news.qq.com/rain/a/20230406A03URM00,网页,主动找领导谈升职,2026-08-04,—
三招沟通小技巧，帮你更好管理领导,https://zhuanlan.zhihu.com/p/73285273,网页,主动找领导谈升职,2026-08-04,—
急，怎么跟老板提“升职加薪”啊,https://www.thepaper.cn/newsDetail_forward_22596341,网页,主动找领导谈升职,2026-08-04,—
最近想去找领导谈升职，不知道要怎么说，有没有什么话术模板,https://zhuanlan.zhihu.com/p/609613396,网页,主动找领导谈升职,2026-08-04,—
做领导要会说话！高情商的18个说话技巧,https://blog.csdn.net/u010884123/article/details/104450837,网页,职场经典话术,2026-08-04,—
三大高情商沟通法则，让你7分努力百倍回报,https://www.cnblogs.com/alterwl/p/workplace-communication-shaoyi.html,网页,职场经典话术,2026-08-04,—
高情商沟通：3个方面掌握改变人生的说话技巧,https://zhuanlan.zhihu.com/p/458844358,网页,职场经典话术,2026-08-04,—
高敏感人群的6句万能话术,https://www.xiaohongshu.com/explore/69cea06e000000001a02dcf2?xsec_token=ABWirANUTJFhvHvOjSkh3RgaPw57L2SRsHLkPC7Smk55I=&xsec_source=pc_search,小红书,职场表达,2026-08-05,2178
表达能力差？不是嘴笨，是缺了这4项能力！,https://www.xiaohongshu.com/explore/6a5a126c000000000f016956?xsec_token=ABiuuLHairzHN-4sscYqjjUOtCrs8Vs8k9SL6S-lZ1D9Q=&xsec_source=pc_search,小红书,职场表达,2026-08-05,6846
54句英文寒暄，开会再也不冷场,https://www.xiaohongshu.com/explore/696580bd0000000022032a60?xsec_token=ABQDxf86kVRYhjkgiPgca2a5GWI01O2GdBmbAYPu2TWkY=&xsec_source=pc_search,小红书,职场表达,2026-08-05,493
目前为止用过最惊艳到我10套提示词（码住）,https://www.xiaohongshu.com/explore/69c4bce8000000001a0350fa?xsec_token=AB_yXNVb4N58C_mUXOZ3Uf_FH2yy3pjncshE2jSaTgdx4=&xsec_source=pc_search,小红书,职场表达,2026-08-05,71
回答Why do you want to work for us？,https://www.xiaohongshu.com/explore/67f572f6000000001e006b55?xsec_token=AB2Zj3WkJUmYxOsVB0vRK9mj4wA0AZnJEVnhjp75XFcUo=&xsec_source=pc_search,小红书,面试技巧,2026-08-05,320
政府工找工作(3)面试技巧？看脸？,https://www.xiaohongshu.com/explore/6a729c720000000006004097?xsec_token=AB-O1-1M5qRLqBsk8uRSC1F5edwukNZUEI0r8v10Eyx64=&xsec_source=pc_search,小红书,面试技巧,2026-08-05,19
面试官内心狂赞的7句满分回答,https://www.xiaohongshu.com/explore/6991d044000000000a029506?xsec_token=ABea4cbnoDcvqu6m1LKE4R_n4G3QC5DXE3xAIzxvST8vw=&xsec_source=pc_search,小红书,面试什么话该说,2026-08-05,81
其实95%的job interview，确实靠背出来的,https://www.xiaohongshu.com/explore/67176563000000001600caa5?xsec_token=ABearIZcJU8OUVXQnt4ZNNSgW2c0wDVg7b7N5f5f_2E0c=&xsec_source=pc_search,小红书,面试什么话该说,2026-08-05,2050
面试时不该说的话，千万别说,https://www.xiaohongshu.com/explore/6a72b3570000000006005582?xsec_token=AB-O1-1M5qRLqBsk8uRSC1F6oOcAh1AbKDphoCAigSxuQ=&xsec_source=pc_search,小红书,面试什么话不能说,2026-08-05,12
面试的超绝心态：战术上重视，战略上藐视,https://www.xiaohongshu.com/explore/6a5d907a000000001b01dc83?xsec_token=ABaAOT7Im7LPZ4FgQjlH1QlgHrkaBj5xEk29fFs5Tuhrs=&xsec_source=pc_search,小红书,面试超绝心态,2026-08-05,15
一个巨牛的面试心态,https://www.xiaohongshu.com/explore/680b8eec000000001d01eb25?xsec_token=ABqkTBNB_wJI7IIokTse2Xo_PaFHGQt7iUx1ZCi238zm0=&xsec_source=pc_search,小红书,面试超绝心态,2026-08-05,8735
面试超绝心态：学会了就是我的！,https://www.xiaohongshu.com/explore/6a2ff51e000000001c025ff3?xsec_token=AB8pL5qjQAEqkpQtKKv2JSb2cN7Rr9h2H_SXbb9IhoipA=&xsec_source=pc_search,小红书,面试超绝心态,2026-08-05,1081
悟出了面试通过的一个底层逻辑,https://www.xiaohongshu.com/explore/682c6801000000000c03acf7?xsec_token=ABDcRHDQy2NipNGRPbzpco_raLZ4aE1yu0D88BCbWh2w4=&xsec_source=pc_search,小红书,面试超绝心态,2026-08-05,50000
一个超绝的面试心态,https://www.xiaohongshu.com/explore/6a3d442b00000000070211d5?xsec_token=ABgsQbNxNl3Uj8MN2Kh7YzpxwazYufWSimQz39yrFXtIU=&xsec_source=pc_search,小红书,面试超绝心态,2026-08-05,33
北美面试成功率90%的几点心得,https://www.xiaohongshu.com/explore/6912a02700000000040013ac?xsec_token=ABJSw_1vs6YUJlF0WDcETYR59e6OGMG55kMbN872oQduU=&xsec_source=pc_search,小红书,面试超绝心态,2026-08-05,253
面试博弈论|停止自我降价！告别卑微面试,https://www.xiaohongshu.com/explore/6a55801d0000000007028a5f?xsec_token=ABedGB7kUuQ7nZ0mhjRou3faNEdD7ZhxtBJ6vpT1GHg6E=&xsec_source=pc_search,小红书,面试超绝心态,2026-08-05,350
找工作比的就是心态,https://www.xiaohongshu.com/explore/69aef09f0000000022031990?xsec_token=ABI3GAVzmsenP1bKatYjMJFDNKVLGyuwj0If6-8K_4qsw=&xsec_source=pc_search,小红书,面试超绝心态,2026-08-05,340
背梗，做有梗的女人！,https://www.xiaohongshu.com/explore/69871dad000000000e00f944?xsec_token=ABzGsUQvqnN_rc5gXF6cdzQ-SAB6B5UpBlpb1--6xaaw4=&xsec_source=pc_search,小红书,职场幽默话术,2026-08-05,2250
上班这么发，笑死你的朋友圈,https://www.xiaohongshu.com/explore/6a5744f8000000000f014619?xsec_token=AB0Jap9cngF1TJIj_gyas9rjch0tY3QTl-Enrqb6qsDXE=&xsec_source=pc_search,小红书,职场幽默话术,2026-08-05,1158
必看！12句幽默句子，让你轻松逗笑全场,https://www.xiaohongshu.com/explore/67c9b6fe000000002900ac6b?xsec_token=ABVVJh7dPzYyl85hCov6AzyEWLRZLO5g7GShOxjPdnwU0=&xsec_source=pc_search,小红书,职场幽默话术,2026-08-05,2088
背下来你也是幽默王！！！,https://www.xiaohongshu.com/explore/6a4b2b1200000000080030e9?xsec_token=AB78zpW53s2LixtvzaoSp1Xokg8fDidZGsWfxM7ekFuCQ=&xsec_source=pc_search,小红书,职场幽默话术,2026-08-05,376
存下！65句搞笑反转金句｜聚会职场聊天救场,https://www.xiaohongshu.com/explore/6a72b6d5000000003301cf52?xsec_token=AB-O1-1M5qRLqBsk8uRSC1F4mWSPqM1V3TfpyiZT4aiA4=&xsec_source=pc_search,小红书,职场幽默话术,2026-08-05,3
面试官最后一句话，已经在暗示你结果了,https://www.xiaohongshu.com/explore/6912d3b7000000000300ef03?xsec_token=ABJSw_1vs6YUJlF0WDcETYR3gU1PZEyPcpOhXp487S8GM=&xsec_source=pc_search,小红书,面试失败预兆,2026-08-05,375
面试凉了的6个危险信号（一抓一个准）,https://www.xiaohongshu.com/explore/6993b5360000000009039469?xsec_token=ABuHx3cTLpzVPo7zC50kIU1FfpxtCeh0m2HQLXZHXTT0w=&xsec_source=pc_search,小红书,面试失败预兆,2026-08-05,278
面试挂了的几大特征,https://www.xiaohongshu.com/explore/6a22f2320000000007020a6a?xsec_token=AB2-zK3TMjQ9weQqJFH3vJ81G-zxikX3Za7boA3VrM_sg=&xsec_source=pc_search,小红书,面试失败预兆,2026-08-05,71
面试技巧（56）HR说这5句话 你已经被淘汰了,https://www.xiaohongshu.com/explore/69f709d2000000003503af43?xsec_token=AB24EOjFPQxGjHPezhyJlnumKFTug02Q5X8drGI_3D35A=&xsec_source=pc_search,小红书,面试失败预兆,2026-08-05,719
最近面试下来，最惋惜的是这类候选人,https://www.xiaohongshu.com/explore/6a59cd38000000001303e6ea?xsec_token=AB2PZK3kNcb4ooJJrNVBuhuR4JhvdusjzPMG6jqIfRTsU=&xsec_source=pc_search,小红书,面试失败预兆,2026-08-05,2149
面试结束后这3个信号说明你已经凉了！？,https://www.xiaohongshu.com/explore/69a26ae2000000001d013144?xsec_token=ABuh5W_BVBEiAo9drNwer9OqqvcetTDitQZ6lOQblsVHY=&xsec_source=pc_search,小红书,面试失败预兆,2026-08-05,33
HR不会明说：不想录用你的6个暗示,https://www.xiaohongshu.com/explore/6a59ae29000000000f0141ad?xsec_token=AB2PZK3kNcb4ooJJrNVBuhuRd8FqXk9lBISFCz2nVQ-xo=&xsec_source=pc_search,小红书,面试失败预兆,2026-08-05,2
向上汇报的关键，根本不在于你讲什么,https://www.xiaohongshu.com/explore/6997e29a000000000c035afb?xsec_token=ABfRCPq9rJHXALRI_kHTSIxInFA4a7dgf-a4o7s4V9d1k=&xsec_source=pc_search,小红书,周例会如何汇报,2026-08-05,10000
让老板感觉你工作能力强的tips（Leader视角）,https://www.xiaohongshu.com/explore/68dded450000000007021f7a?xsec_token=ABzwbb1LYXPmRZZ89EQqcFeb7qFCS-XEnQsp47bI97re8=&xsec_source=pc_search,小红书,周例会如何汇报,2026-08-05,3409
周会怎么开，才不浪费所有人时间,https://www.xiaohongshu.com/explore/6a1c1f2200000000070279a1?xsec_token=AB6veh8WJWxHH7pOZQ6YwMYRDAYhTaAlVV0SPAiA7206c=&xsec_source=pc_search,小红书,周例会如何汇报,2026-08-05,100
我把2小时的周报，压成了15分钟,https://www.xiaohongshu.com/explore/6a44fa1a000000001503c224?xsec_token=ABq8trjKDKS8Ewxus6ZT3SDS40pyqUyUD77lph-8klYGY=&xsec_source=pc_search,小红书,周例会如何汇报,2026-08-05,145
如何高效向上汇报工作,https://www.xiaohongshu.com/explore/69f4c7d70000000036001fdd?xsec_token=ABbxkKU4EjmgNznWwA2orpuW7aLrhcVWLCqZZzMkTlDv8=&xsec_source=pc_search,小红书,周例会如何汇报,2026-08-05,242
如何调整面试失败后的心态？ - 知乎,https://www.zhihu.com/question/274915512,网页,面试超绝心态,2026-08-05,—
面试太多心态崩了怎么调整？-前程无忧职场文库,https://wenku.51job.com/article456590/,网页,面试超绝心态,2026-08-05,—
如果在面试中出现失误，怎样迅速调整心态继续发挥_简历网,https://www.jianli.com/article/gpmaad.html,网页,面试超绝心态,2026-08-05,—
如何调整面试失败后的心态|茂名招聘网,http://m.yuejob.com/show_news.php?uid=560,网页,面试超绝心态,2026-08-05,—
如何在面试中不紧张？有效技巧与心态调整全解析 - 鲸选型,https://www.jingxuanxing.com/article/dianping/22088.html,网页,面试超绝心态,2026-08-05,—
月薪10W+的职场高情商话术,https://cn.linkedin.com/pulse/%E6%9C%88%E8%96%AA10w%E7%9A%84%E8%81%8C%E5%9C%BA%E9%AB%98%E6%83%85%E5%95%86%E8%AF%9D%E6%9C%AFdocx-phoebe-wu,网页,职场幽默话术,2026-08-05,—
年轻人纵横职场高情商话术,https://blog.csdn.net/u013177138/article/details/119766539,网页,职场幽默话术,2026-08-05,—
高情商不说3句；幽默口才说20句 - 知乎,https://zhuanlan.zhihu.com/p/574643258,网页,职场幽默话术,2026-08-05,—
4个高情商回答，让你轻松摆脱话题终结者,https://www.hke123.com/pxzx/58/new_6453.html,网页,职场幽默话术,2026-08-05,—
终于等来面试，但要注意这四个信号！,https://blog.csdn.net/job51BBS/article/details/77224655,网页,面试失败预兆,2026-08-05,—
干货满满|5个信号，说明你的面试基本折了,https://www.cnblogs.com/lxwphp/p/15452851.html,网页,面试失败预兆,2026-08-05,—
面试失败的五大信号-行业动态-牧通人才网,http://m.xumurc.com/weixin/newsshow/23941,网页,面试失败预兆,2026-08-05,—
五种信号暗示你面试可能失败 - MBA智库资讯,http://news.mbalib.com/story/89408,网页,面试失败预兆,2026-08-05,—
周例会会议、汇报框架-CSDN博客,https://blog.csdn.net/zenkin/article/details/120871667,网页,周例会如何汇报,2026-08-05,—
周例会项目经理如何讲话 | PingCode智库,https://docs.pingcode.com/baike/526691,网页,周例会如何汇报,2026-08-05,—
每周例会怎么讲话 - 喜马拉雅手机版,https://m.ximalaya.com/ask/t7270790,网页,周例会如何汇报,2026-08-05,—
周例会如何汇报工作内容？ - 博客园,https://www.cnblogs.com/wuhuixuri/articles/18842107,网页,周例会如何汇报,2026-08-05,—
每周例会总结上周工作情况该说什么_百度知道,https://zhidao.baidu.com/question/989149106555873419.html,网页,周例会如何汇报,2026-08-05,—
如何召开项目集群的周例会 - 知乎,https://zhuanlan.zhihu.com/p/342770199,网页,周例会如何汇报,2026-08-05,—
职场沟通篇：提升你的沟通技巧，建立高效的人际关系 - 知乎,https://zhuanlan.zhihu.com/p/1933556014478779569,网页,职场表达,2026-08-05,—
职场万能沟通与表达法-华夏讲师网,https://www.shangshanjingji.com/blog-detail/bElQxJRW,网页,职场表达,2026-08-05,—
一句话证明你适合这个岗位,https://m.51job.com/news/detail.php?newsid=05_401457,网页,面试技巧,2026-08-05,—
说话没逻辑？如何成为逻辑清晰的人？,https://www.xiaohongshu.com/explore/683067a6000000002001d215?xsec_token=ABaFak1KHLTw0gsRvaPAO4RHyie5VfjrowrLjUxuxIWew=&xsec_source=pc_search,小红书,职场表达,2026-08-05,24
职场里真正厉害的人都掌握了一套结构化表达,https://www.xiaohongshu.com/explore/6a7308da000000002800b3ef?xsec_token=ABTeBZKOjA0oHoKGRs4tjbDwTZdajru7mLYSxjCZtq1aM=&xsec_source=pc_search,小红书,职场表达,2026-08-05,2
手把手教学面试准备｜这才是面试官想听的,https://www.xiaohongshu.com/explore/6964f93e000000002103e9b7?xsec_token=AB7lzd9d_ljh3ar71bz7SZhfSP1qeQhvOqjq5vCvsPHt4=&xsec_source=pc_search,小红书,面试技巧,2026-08-05,4万
面试技巧☆刁钻问答,https://www.xiaohongshu.com/explore/686a7eba0000000010013166?xsec_token=ABxhjRKogXamZt5s2j5TYSGQ5ur99T0b-utM_v7J41Sfc=&xsec_source=pc_search,小红书,面试技巧,2026-08-05,517
六个关键的求职面试技巧,https://www.xiaohongshu.com/explore/68e74a0a0000000005033dd0?xsec_token=ABRqKinkn_xmPI_r-2fH3vb46qUWyugZGmSdckJ_re2Go=&xsec_source=pc_search,小红书,面试技巧,2026-08-05,228
加拿大面试高频10问，答好轻松应对80%岗位,https://www.xiaohongshu.com/explore/685297c6000000000b02cbf0?xsec_token=ABHYD6VxeIJY1HpeWnGP9ICIwz9sd-8CLxbiRssv_fj24=&xsec_source=pc_search,小红书,面试技巧,2026-08-05,601
面试前只要准备好这7样，你必定10面9过！,https://www.xiaohongshu.com/explore/69b56826000000002102cbf9?xsec_token=ABEuEYXHm2I-J-dpq9QcNmTwDy0V5hE8Sb0twM3a0MN0U=&xsec_source=pc_search,小红书,面试技巧,2026-08-05,1.6万
面试自我介绍，90%的人第一句就输了,https://www.xiaohongshu.com/explore/6a71979800000000270231f0?xsec_token=ABJ67AJwpaEbbSDyndwOBnXteHvxu4AmimCB1a4efN01c=&xsec_source=pc_search,小红书,面试什么话该说,2026-08-05,7
自我介绍只说这五句话你就赢了,https://www.xiaohongshu.com/explore/6874bc990000000010027215?xsec_token=ABISl2mgtCFyLIUHO7wJgmiI4O5QDfeOe8xPI1CTYavcQ=&xsec_source=pc_search,小红书,面试什么话该说,2026-08-05,832
为什么有些人开口三句🔥就能拿到offer,https://www.xiaohongshu.com/explore/6a4cd67f0000000017028151?xsec_token=ABv3baKVwv9yCqeZR_bFoJUGS1VrHb8sLkAGfJnB5JXwk=&xsec_source=pc_search,小红书,面试什么话该说,2026-08-05,1541
面试时不该说的话，千万别说,https://www.xiaohongshu.com/explore/6a72b3570000000006005582?xsec_token=AB-O1-1M5qRLqBsk8uRSC1F6oOcAh1AbKDphoCAigSxuQ=&xsec_source=pc_search,小红书,面试什么话不能说,2026-08-05,26
面试避免说的话,https://www.xiaohongshu.com/explore/677c86c5000000002001d26e?xsec_token=AB1Jg9Mq2WnBnRLhBarNdsMvmlJRmrtaqU__LO4ksRfbI=&xsec_source=pc_search,小红书,面试什么话不能说,2026-08-05,13
面试不该说的话建议别说！,https://www.xiaohongshu.com/explore/694acea6000000001e004f1c?xsec_token=ABIjVZ_p-g9_yIERiX75cLQKcjY-lT5yWP5RiYAJToRSY=&xsec_source=pc_search,小红书,面试什么话不能说,2026-08-05,238
面试这四句话千万不能说,https://www.xiaohongshu.com/explore/6a1d4e51000000003601a5c4?xsec_token=ABq53yRVJOn4APx3Lrz4TM-QK2ZKPud32Pnm08z-pOyhI=&xsec_source=pc_search,小红书,面试什么话不能说,2026-08-05,1827
奉劝大家面试时，不该说的话别说,https://www.xiaohongshu.com/explore/695a15b0000000001e013401?xsec_token=AB5XPtdmbync3QbjZkwj-4Dkxly-rb5ykgH9PczTGT0Wg=&xsec_source=pc_search,小红书,面试什么话不能说,2026-08-05,21
真心建议大家，找工作一定要敢说,https://www.xiaohongshu.com/explore/6a7095870000000026034cf9?xsec_token=ABnCC_PiY2A3rz63JL1aQa6FcEAwMtXED1o2chrHIDmXI=&xsec_source=pc_search,小红书,面试什么话不能说,2026-08-05,32
面试禁忌,https://www.xiaohongshu.com/explore/6a68c00e0000000011015f2b?xsec_token=AB2kNPWqwBu-JK_IMtCdAEpBIPtqte2LOztb8nq5PitQc=&xsec_source=pc_search,小红书,面试什么话不能说,2026-08-05,2685
面试的顶级心理战：不追求满分，反而更容易,https://www.xiaohongshu.com/explore/6a0046580000000036019a39?xsec_token=ABUYlOWQvG2fKaA_rc3RirF12F_Q8PWTG2-Ta2-s7SDbg=&xsec_source=pc_search,小红书,面试的顶级心态,2026-08-05,136
大心脏邓亚萍的顶级抗压法,https://www.xiaohongshu.com/explore/699868f5000000001b01589a?xsec_token=ABfB440pe0u0Hpc_ViYSZB9x0HgA932z0FulMkJwE5DdM=&xsec_source=pc_search,小红书,面试的顶级心态,2026-08-05,2455
不以找工作的目的去面试反而容易找到工作,https://www.xiaohongshu.com/explore/6a03fb7e0000000038020bb2?xsec_token=ABZeUe5sJ0ci7e_0MDNUPghfE4ube2pN6lZ_bRm0vO2CA=&xsec_source=pc_search,小红书,面试的顶级心态,2026-08-05,813
人真的要坚定地走自己选择的那条路,https://www.xiaohongshu.com/explore/69b916fe000000002301d16b?xsec_token=ABxCakbYhyYN5sw_5NAzXFJIqJepx5EFOn4GzRRKZIsAw=&xsec_source=pc_search,小红书,面试的顶级心态,2026-08-05,2.8万
面试时最加分的状态，是有活人感,https://www.xiaohongshu.com/explore/68b516eb000000001d0066c0?xsec_token=ABB8jmIG0OatH2C2N8bgJQHuoV8plM5Q7AX-B70pH5pLQ=&xsec_source=pc_search,小红书,面试的顶级心态,2026-08-05,1016
截图为证，这姐妹简直是北美interview的神,https://www.xiaohongshu.com/explore/67530618000000000702b775?xsec_token=ABSnprdUcgHrfp69KITr97IErdZ2ojnMss9LX2OuoYtx8=&xsec_source=pc_search,小红书,面试的顶级心态,2026-08-05,1万
即兴表达的100个话题,https://www.xiaohongshu.com/explore/69d4e4be000000001a02b62b?xsec_token=AB8j9nvNulnnI7XnQSKYX2QDnG8DSR_C8WpBTLtJ2L6oo=&xsec_source=pc_search,小红书,即兴表达,2026-08-05,8000
每日口才训练,https://www.xiaohongshu.com/explore/6a6d44ca000000002402cebf?xsec_token=ABk31yDVGRaeJy7muaLFSpuI8XedR2bTn26mg5SwI4sgA=&xsec_source=pc_search,小红书,即兴表达,2026-08-05,2641
30秒讲清任何事的万能公式,https://www.xiaohongshu.com/explore/689b5ac9000000001b03ca9e?xsec_token=ABNrRJV9rlUJwYUtaFWUaCoZk_cgH7hIgMt0aWn5vyuAg=&xsec_source=pc_search,小红书,即兴表达,2026-08-05,703
表达力差的，狠狠照这样练，效果相当好,https://www.xiaohongshu.com/explore/69d350310000000022028de9?xsec_token=ABhAAsof3qratkcczED0IUuHrMd9FFeY_kqhhiDFajj8w=&xsec_source=pc_search,小红书,即兴表达,2026-08-05,5341
油管大神指出了我语言逻辑混乱的原因,https://www.xiaohongshu.com/explore/6968bba2000000000e00e3cf?xsec_token=ABUIReMPbyASNhXaxup9BTOtOIMzzw8kEIPCVxhoQcU0s=&xsec_source=pc_search,小红书,即兴表达,2026-08-05,1082
长期不说话，逻辑思维差，每天一篇新闻评述！,https://www.xiaohongshu.com/explore/6a72b409000000003300a392?xsec_token=AB-O1-1M5qRLqBsk8uRSC1FzUKR7fkSyapijB4QLTvZHo=&xsec_source=pc_search,小红书,即兴表达,2026-08-05,16
如何练出侃侃而谈的表达能力｜Day72,https://www.xiaohongshu.com/explore/69a40963000000001b01f3fc?xsec_token=ABnMGz-e-dXyfisJInAyqyW13hnq1tQGd_-Jxp4Qv96ow=&xsec_source=pc_search,小红书,即兴表达,2026-08-05,141
临时上台发言，我靠这套表达方法赢得全场！,https://www.xiaohongshu.com/explore/69b6b331000000002102f4e5?xsec_token=ABEwDNZTz6J8Nuo1MCcNWuw9UzUdrLKs6hc-Cj0FwAZ8Y=&xsec_source=pc_search,小红书,即兴表达,2026-08-05,899
终于找到了，锻炼即兴表达的120个话题,https://www.xiaohongshu.com/explore/6a7099770000000005031de7?xsec_token=ABnCC_PiY2A3rz63JL1aQa6Ik4YwjrXQeAruvyVOAoEew=&xsec_source=pc_search,小红书,即兴表达,2026-08-05,23
想要锻炼即兴表达，用好这120个话题就够了,https://www.xiaohongshu.com/explore/69f1f5c0000000003701ce01?xsec_token=ABs8Eu1FQdEF6kw7J1SCqvhCiXvqigTWg9jX36agI45Wk=&xsec_source=pc_search,小红书,即兴表达,2026-08-05,1330
嘴笨反应慢，狂刷这些纪录片！表达,https://www.xiaohongshu.com/explore/67bed175000000002503c9d0?xsec_token=ABNV5VBomNdqMsqMB9wIiCU-52uu69w204Scc6VBOpkT0=&xsec_source=pc_search,小红书,即兴表达,2026-08-05,2.2万
锻炼即兴表达的100个话题,https://www.xiaohongshu.com/explore/69b6baa90000000021007783?xsec_token=ABEwDNZTz6J8Nuo1MCcNWuw5MusRLWzTMi3CLsnqwLm3o=&xsec_source=pc_search,小红书,即兴表达,2026-08-05,840
Prioritize题必翻车？面试官万能框架,https://www.xiaohongshu.com/explore/68c34e7c000000001c0099b9?xsec_token=ABZq_bRjk-YczCn8TOlJW8y6tGojW1hvjh1lFIVUWeyi8=&xsec_source=pc_search,小红书,面试官必问的问题,2026-08-05,118
怎么应对白人面试官拐弯抹角的问题,https://www.xiaohongshu.com/explore/6a15c290000000003701c403?xsec_token=ABFM-rA5x-3u_VBu2-GvbcEI7mNrGOLnOmmlFsMoJ42Ys=&xsec_source=pc_search,小红书,面试官必问的问题,2026-08-05,324
面试高频9大问题保姆级攻略,https://www.xiaohongshu.com/explore/695396d50000000022020e2c?xsec_token=ABNrycHnQDFJUd8jY2-YmsIqk4nDxh4I3fM8PbOF-6TzA=&xsec_source=pc_search,小红书,面试官必问的问题,2026-08-05,1678
HR面试100问面试汇总,https://www.xiaohongshu.com/explore/67a82db1000000002902ec77?xsec_token=ABOWDGYSepMdBcihwcxT8TGc1os2PVn9oGqV5bE6HNNFY=&xsec_source=pc_search,小红书,面试官必问的问题,2026-08-05,4888
Accounting NG面这300问题反复问,https://www.xiaohongshu.com/explore/6a6b15c00000000028004faa?xsec_token=ABd2kIn4bXJvoibTlK7X9tR5wTY8TGXVz7xBEBWOcG0aE=&xsec_source=pc_search,小红书,面试官必问的问题,2026-08-05,326
面完Google才发现，我真的太会应对BQ了,https://www.xiaohongshu.com/explore/69ef2153000000003700ccc3?xsec_token=ABt7Wrmbq-JU-Oxq5m6TiQWFr7aes5v8aRIyceqjxI2SQ=&xsec_source=pc_search,小红书,面试官必问的问题,2026-08-05,31
只问两个问题，就能看出你的能力和水平,https://www.xiaohongshu.com/explore/6960d4bf000000002203326f?xsec_token=ABAh9_Jfg1dZVxlT9UQbVfdNy0cn_vJCeoaphltzeGSxg=&xsec_source=pc_search,小红书,面试官必问的问题,2026-08-05,236
真正厉害的面试官，只问这3个问题！,https://www.xiaohongshu.com/explore/67add091000000002903c268?xsec_token=ABLwLBLxYwpWo6h6t83cfqutiRzdYoBq1n8mDStKb4tG0=&xsec_source=pc_search,小红书,面试官必问的问题,2026-08-05,496
真正的谈薪从来不在最后,https://www.xiaohongshu.com/explore/6a71b84f000000002800be3f?xsec_token=ABJ67AJwpaEbbSDyndwOBnXirXZapApSOzDFyRRjlf5ng=&xsec_source=pc_search,小红书,谈薪要点,2026-08-05,2.8万
高薪offer是谈出来的不是沉默接受的,https://www.xiaohongshu.com/explore/686261040000000017030fb7?xsec_token=ABAKmzpae19WDZ-vSWwxB8RorIixc7mpk0TxHD8hYtiXA=&xsec_source=pc_search,小红书,谈薪要点,2026-08-05,561
加拿大IT拿到Offer怎么谈薪｜直接抄作业话,https://www.xiaohongshu.com/explore/69b0112f000000002202f807?xsec_token=ABdJ8ERFk8VX5vPkCNG0Pn0raBGP6YeG5GR2il43M3Sjg=&xsec_source=pc_search,小红书,谈薪要点,2026-08-05,2
不要只跟HR谈薪资,https://www.xiaohongshu.com/explore/68e8d4bc0000000007039ec9?xsec_token=ABNg2SIyZjRoC12As6XbBLEdQQ2ryYaXda-r7C4OrW7fc=&xsec_source=pc_search,小红书,谈薪要点,2026-08-05,856
速码面过入职前一定要和HR确认的7大问题,https://www.xiaohongshu.com/explore/69ded66c000000002003a5b0?xsec_token=AB1jL5gdC8QKg3TTZM0kYfuIDk9zFemYtGZXqN_PfFF_w=&xsec_source=pc_search,小红书,谈薪要点,2026-08-05,5494
领导说要提拔你怎么回复,https://www.hrloo.com/news/279976.html,网页,职场表达,2026-08-05,—
如何跟领导提晋升话术,https://s.fh21.com.cn/psy/view/7907115.html,网页,职场表达,2026-08-05,—
沟通能力强的人，说话顺序都是这样的❗❗,https://www.xiaohongshu.com/search_result/68ce85d30000000013005a38?xsec_token=ABgOSCH8Xeh8CsMecTzzuL65fNlI3zfZHnCnE7F9_-2lM=&xsec_source=,小红书,职场表达,2026-08-05,2441
很会做事的人 思考顺序是这样子的,https://www.xiaohongshu.com/search_result/6a6bc396000000002403fe61?xsec_token=ABd2kIn4bXJvoibTlK7X9tR7y5gju24M0uhi5evdcoPfs=&xsec_source=,小红书,职场表达,2026-08-05,696
1分钟打造存在感：高管必学的自我介绍法则,https://www.xiaohongshu.com/search_result/688ad3040000000004003d56?xsec_token=AB-oTh0rDmu0W8FL-9Ex_6ifAXfu_nPp0wpkiCPxvOTS8=&xsec_source=,小红书,职场表达,2026-08-05,2786
每天10分钟 I 练出顶级逻辑表达力,https://www.xiaohongshu.com/search_result/6a6620e2000000001003d168?xsec_token=ABg49ad7fnAtdHmko7OJ7B49PyFjBQgsJLv8yRN4DSikw=&xsec_source=,小红书,职场表达,2026-08-05,27
没加拿大本地相关实习经验，如何破冰？,https://www.xiaohongshu.com/search_result/6a564538000000002201455b?xsec_token=ABLPmFpG8VSjK5SLoDR-pNJAOo3yTxxGXHn64w1TOLebw=&xsec_source=,小红书,面试技巧,2026-08-05,5
难怪他们job interview都那么轻松啊啊啊啊,https://www.xiaohongshu.com/search_result/6a69b384000000000f02acb2?xsec_token=ABuGDWg6Bh3Nvv0-hy3i4VAkPQsah-oRkXjbW_pJO0_YM=&xsec_source=,小红书,面试技巧,2026-08-05,2976
Behavior question面试官心目中的标准答案,https://www.xiaohongshu.com/search_result/6a678fe60000000011004625?xsec_token=ABUbx_azZQCG1JADDexl0O_CjBxKCnopifktGjDLHEqm8=&xsec_source=,小红书,面试技巧,2026-08-05,123
May May😺,https://www.xiaohongshu.com/search_result/6a37ffd70000000011017ada?xsec_token=AB5UdeoKacsoFjOxAOJBMBoGyX97_lXn98bqUlS8qnOhs=&xsec_source=,小红书,面试什么话该说,2026-08-05,77
一些给人印象很差的面试行为,https://www.xiaohongshu.com/search_result/6a213d46000000000702100d?xsec_token=ABK9kYhnGLt77xouyINyb9T7WuMdFErgUhYbau1DrYVik=&xsec_source=,小红书,面试什么话不能说,2026-08-05,2502
AI观察苏小强,https://www.xiaohongshu.com/search_result/6a71bf970000000005020b00?xsec_token=ABJ67AJwpaEbbSDyndwOBnXlwGdH8hDoHI0NR2WfOc2eo=&xsec_source=,小红书,面试什么话不能说,2026-08-05,6
面试｜还没开口，HR已经判你出局了,https://www.xiaohongshu.com/search_result/68770e75000000002400dff1?xsec_token=ABVTT0SSYHhaxbJnSBrJL3Mu7jQN8E19fum0NZPpn6DCo=&xsec_source=,小红书,面试什么话不能说,2026-08-05,5
"社交时要切忌""弱者表达""",https://www.xiaohongshu.com/search_result/68bf6e76000000001b01c707?xsec_token=AB_ZJwezZQqQqI-nTFaxRDZL9jpTflFrv30sm-_rkkk0o=&xsec_source=,小红书,弱者表达,2026-08-05,1538
请戒掉你的弱者气息，会发现人生开挂了,https://www.xiaohongshu.com/search_result/69f9e284000000003803430b?xsec_token=ABYOZZD4UNW4sBuy5LBpy8m9u6CSuILFwFCiglYnX53WM=&xsec_source=,小红书,弱者表达,2026-08-05,80
弱者表达习惯替换表,https://www.xiaohongshu.com/search_result/68a56c93000000001c03c27b?xsec_token=ABE_Y5KbewGU7fwCfehavj9-SYYSRJeExOORI98N-SFAs=&xsec_source=,小红书,弱者表达,2026-08-05,47000
"3个""要命""的口头禅，正在摧毁你的领导力",https://www.xiaohongshu.com/search_result/69af979200000000280091f7?xsec_token=AB_Ikwr_oU4Dcge5T9H1i0wZWNQsaNU7Myyep9sW4UsaM=&xsec_source=,小红书,弱者表达,2026-08-05,577
"说话一定要戒掉""弱者气息""💪🚀",https://www.xiaohongshu.com/search_result/67a81d82000000002902bca3?xsec_token=ABOWDGYSepMdBcihwcxT8TGXi9nuLm7w4vAzF2QAeAB00=&xsec_source=,小红书,弱者表达,2026-08-05,632
强者思维VS弱者思维,https://www.xiaohongshu.com/search_result/69e1c4430000000021038129?xsec_token=ABvsbKSHikKkD_S8_hQgCO4oAyIS2ZFv2wSrv7bBL21Ss=&xsec_source=,小红书,弱者表达,2026-08-05,140
强者活在事情里，弱者活在情绪里,https://www.xiaohongshu.com/search_result/67d943f1000000001203df39?xsec_token=AB31KlO1mKh9hn4Am4auUz_ioOdDMFY13E27GrXq1KgAs=&xsec_source=,小红书,弱者表达,2026-08-05,3478
强者心态是这样练出来的❗建议反复默念,https://www.xiaohongshu.com/search_result/6a47311a000000002200b7a1?xsec_token=AB-VAyEGR82Rbd21_2b88GgrmE0kkyzXS-EHteoYAL2kg=&xsec_source=,小红书,弱者表达,2026-08-05,1330
🐻强者心态是这样练出来的❗️,https://www.xiaohongshu.com/search_result/6a293bbb000000002003beb6?xsec_token=AB5S8S0boMaw6IioQcaSS1qm6HsWDJBqt0p9tccRpou4Y=&xsec_source=,小红书,弱者表达,2026-08-05,5280
社交时切记弱者表达！,https://www.xiaohongshu.com/search_result/69f9f58a000000001e00d44b?xsec_token=ABYOZZD4UNW4sBuy5LBpy8m4quxooLrrQJEI6G3pxAQjc=&xsec_source=,小红书,弱者表达,2026-08-05,349
"人生建议：社交时切忌""弱者表达""",https://www.xiaohongshu.com/search_result/6a30ab73000000000f01c720?xsec_token=ABrqYiKgf03b4htquOv2Ul5c_HDGrfJ3TQB7pnEeeIMig=&xsec_source=,小红书,弱者表达,2026-08-05,16
社交时请记住不要弱者表达,https://www.xiaohongshu.com/search_result/6a733c0b0000000006007d5a?xsec_token=ABTeBZKOjA0oHoKGRs4tjbD9b3Mc3PMK3Z_r5X-z0CB00=&xsec_source=,小红书,弱者表达,2026-08-05,9
这6句话正在悄悄出卖你，你中了几个？,https://www.xiaohongshu.com/search_result/6a20b8a6000000000702f8de?xsec_token=ABjPUg8r5GYtSYgSaXQedieAjWKgI3gMUQBsprLc3TLnM=&xsec_source=,小红书,弱者表达,2026-08-05,11
弱者表达能力,https://www.xiaohongshu.com/search_result/68abd832000000001c0129ca?xsec_token=ABkb-wdst7eFSwziEMeTMZyzuuEcjvshQ-jJkhiGhysj8=&xsec_source=,小红书,弱者表达,2026-08-05,65
"走上管理岗一定切忌""弱者表达""！",https://www.xiaohongshu.com/search_result/6a537e9e000000001503c405?xsec_token=ABbRwSYffE9jBU9DO5A3lMxU_X4aj9AxyQgV0sqaVx21E=&xsec_source=,小红书,弱者表达,2026-08-05,38
什么是强者思维，弱者思维？,https://www.xiaohongshu.com/search_result/686011df000000001d00d10c?xsec_token=ABrMLUWLGdb_hWNZCbQrIktNSBsa_kUpbzQp_kN-V3Ptg=&xsec_source=,小红书,弱者表达,2026-08-05,115
"社交时一定要戒掉这些""弱者表达""！！！",https://www.xiaohongshu.com/search_result/69b14150000000002603ccad?xsec_token=ABqX8bHRNz8RHtvQoxdRtq73EogRdeNUYZYdXRORuG2Ig=&xsec_source=,小红书,弱者表达,2026-08-05,4426
"工作沟通中 切忌""弱者表达""",https://www.xiaohongshu.com/search_result/6a6fa5ab000000002500584d?xsec_token=ABm3GkBVyqKC5r5Zn83HChcEgkA4H1QNCvg4yaRd4MCUs=&xsec_source=,小红书,弱者表达,2026-08-05,16
每日一个面试技巧 （宝洁八大问）,https://www.xiaohongshu.com/search_result/68fcc8960000000007000097?xsec_token=ABE-3xjjZUnkr40SrzHZeBcoI10b7G3tve1E9yHbE_4gI=&xsec_source=,小红书,宝洁八大问,2026-08-05,4547
宝洁八大问/行为面试/STAR法则,https://www.xiaohongshu.com/search_result/69f9702a000000001a02d521?xsec_token=ABYOZZD4UNW4sBuy5LBpy8m1YppCv8QIkDNPpj0nYRZ4w=&xsec_source=,小红书,宝洁八大问,2026-08-05,540
宝洁八大问，外企面试照着这样答,https://www.xiaohongshu.com/search_result/6a3cd87d000000000803ff6b?xsec_token=ABv-3lRYhIDm7h69PJmm-psKEGWYqu7KFvPLR0VFH_M0c=&xsec_source=,小红书,宝洁八大问,2026-08-05,240
"面试通关秘籍：搞定""宝洁八大问""",https://www.xiaohongshu.com/search_result/699e4709000000001a0309c8?xsec_token=ABxfTz5Lfe-7hKLXXQnBcyvR3VmS2vjod03pMXqmdaztQ=&xsec_source=,小红书,宝洁八大问,2026-08-05,80
"面试就是要学会灵活运用""宝洁八大问""",https://www.xiaohongshu.com/search_result/69ce1886000000002301f593?xsec_token=ABWirANUTJFhvHvOjSkh3RgTeE7kdnDklyjh13MYs-fyc=&xsec_source=,小红书,宝洁八大问,2026-08-05,2337
宝洁八大问答题模板,https://www.xiaohongshu.com/search_result/68f37a0f0000000003019295?xsec_token=ABNMsPOHYTQordkQc9J-_96GioLrv9O-5CVu8zWRwlWMo=&xsec_source=,小红书,宝洁八大问,2026-08-05,581
结构化面试必问的问题｜宝洁八大问深度拆解,https://www.xiaohongshu.com/search_result/68efa9ee00000000050038e2?xsec_token=ABrPT3YPmPnGUtvk2WszW1ghnbgrnat8ffdtlwhkvLWoU=&xsec_source=,小红书,宝洁八大问,2026-08-05,222
宝洁八大问才是面试底牌，能答80%面试题,https://www.xiaohongshu.com/search_result/69e62a44000000002200fe8f?xsec_token=ABz3B2CIgdUrKU93hgBOII6kqBfJj3s4BndwtShMILCZY=&xsec_source=,小红书,宝洁八大问,2026-08-05,12
文件 宝洁八大问准备（自用）,https://www.xiaohongshu.com/search_result/6a64e398000000002201b9e4?xsec_token=ABn6zvaRU6phZt8GK1sWQvXdgGIiOLEcm-boJp_WWv-r8=&xsec_source=,小红书,宝洁八大问,2026-08-05,50
🇬🇧面试邪修手把手：万人催更的行为面来了,https://www.xiaohongshu.com/search_result/68ec26710000000007038af8?xsec_token=ABcyS9j8Rj8Pn33Bnjv9TqBxI35HnSODvkVPKrarm437A=&xsec_source=,小红书,宝洁八大问,2026-08-05,1082
反宝洁八大问,https://www.xiaohongshu.com/search_result/6867f552000000002400f965?xsec_token=ABoJfJ-OB1YLGeqpVMqDJiyfXE3UlLrvtlJlgMNDC6njI=&xsec_source=,小红书,宝洁八大问,2026-08-05,1843
普通经历也能答好八大问,https://www.xiaohongshu.com/search_result/6a7305dd000000003301ae35?xsec_token=ABTeBZKOjA0oHoKGRs4tjbD2Xd_dS4z7MVhyZ_zIKBSAY=&xsec_source=,小红书,宝洁八大问,2026-08-05,2
宝洁模拟面试：八大问深度追问,https://www.xiaohongshu.com/search_result/69e775c300000000210067b6?xsec_token=ABnzAj24hjdG0uGpKfz6mbOWHXR7stR2jeHEMGORcF20M=&xsec_source=,小红书,宝洁八大问,2026-08-05,213
宝洁八大问-邪修速成版（百战百胜）,https://www.xiaohongshu.com/search_result/68b57558000000001b022298?xsec_token=ABB8jmIG0OatH2C2N8bgJQHr_n6G47-V427w8o8F1WV-I=&xsec_source=,小红书,宝洁八大问,2026-08-05,2907
我发现lv的宝洁八大问的夺命追问真的不简单,https://www.xiaohongshu.com/search_result/69030d550000000004012310?xsec_token=ABpETBY3b6RyD_UxgkVYe7rfQNiMtJkOo1HBAqVpxbA0c=&xsec_source=,小红书,宝洁八大问,2026-08-05,83
外企 WLB 排行榜，来看看有你们单位吗？,https://www.xiaohongshu.com/search_result/69968f3f000000000b01054d?xsec_token=ABZbczxCyLonLyjISSwTaly_I705dWUFWs-mzhwqrCpxM=&xsec_source=,小红书,宝洁八大问,2026-08-05,655
谈谈面试中著名的宝洁八问及STAR、5W法则,https://www.xiaohongshu.com/search_result/69e19fc3000000001e00e2c5?xsec_token=ABvsbKSHikKkD_S8_hQgCO4n2Ux_8hSNsxL9iWHhb0MxA=&xsec_source=,小红书,宝洁八大问,2026-08-05,24
🇨🇦Mercor项目｜恭喜六位小伙伴已进组,https://www.xiaohongshu.com/search_result/68974804000000002303053d?xsec_token=ABWwmegwDzNMzbxuCDRHgMVm5D6vZYJ4ppuCAX193SuBg=&xsec_source=,小红书,宝洁八大问,2026-08-05,114
英语面试开挂100句🔥｜背熟Offer拿到手软！,https://www.xiaohongshu.com/search_result/685659cd000000001c036ff6?xsec_token=ABR7Rq2kf8Zv5CNQBLHFgIE24EsFbrhhvHhLX_XsHk8ho=&xsec_source=,小红书,宝洁八大问,2026-08-05,533
面试谈薪踩坑？这样回答多拿50%！,https://www.xiaohongshu.com/search_result/69e0af8c0000000023021be6?xsec_token=ABI3bPvVoN11x29eMZMUxsz6p9sb1UVcui3I_VQi3z1h8=&xsec_source=,小红书,谈薪实战案例,2026-08-05,183
面试官问你期望薪资多少？这样回答多拿30%,https://www.xiaohongshu.com/search_result/69de3fb80000000020038bf0?xsec_token=AB1jL5gdC8QKg3TTZM0kYfuAzSTKDbLPDiPeOog7mgxgU=&xsec_source=,小红书,谈薪实战案例,2026-08-05,243
谈薪酬的正确思路：切记！不要为难HR,https://www.xiaohongshu.com/search_result/6a4df2f5000000001003c58e?xsec_token=ABhX6-v4szBDyryvmfy-uK85U6rXbld9Yx6dqy1sNk5so=&xsec_source=,小红书,谈薪实战案例,2026-08-05,122
如何在谈薪阶段让自己拿到最高薪资（实操）,https://www.xiaohongshu.com/search_result/6a6308ab000000000f01c9f2?xsec_token=AB_MsjAiG14F0YHCBsOOPpW06akRQwlvf13zPztNkML3M=&xsec_source=,小红书,谈薪实战案例,2026-08-05,569
这样谈薪就够了,https://www.xiaohongshu.com/search_result/6a72a094000000003400fdfd?xsec_token=AB-O1-1M5qRLqBsk8uRSC1F1E5_uCKpBzZJVM23C_xagU=&xsec_source=,小红书,谈薪实战案例,2026-08-05,12
谈薪阶段，如何拿到薪资上限💰,https://www.xiaohongshu.com/search_result/69a6bb77000000002203906c?xsec_token=ABCpguclt_Dz_w21uDLe6NS2zbiEMoxTAJy5EmES5MnxA=&xsec_source=,小红书,谈薪实战案例,2026-08-05,75
如何正确谈薪：3个方法实现你的理想薪资,https://www.xiaohongshu.com/search_result/678caafb000000001b00a21c?xsec_token=ABMJ3MwkT6UtRosFYmC56sZVmbYkbtdA71q8gxmc29fmo=&xsec_source=,小红书,谈薪实战案例,2026-08-05,1683
谈薪5点实战技巧✅0经验转行从8k谈到12k,https://www.xiaohongshu.com/search_result/675d7cb20000000002024802?xsec_token=ABghlu25PhG8uGsLT1npCWioED6fvtnQpLtFy_OgzzVPE=&xsec_source=,小红书,谈薪实战案例,2026-08-05,5563
职场人必存💬 高情商谈离职英语大全,https://www.xiaohongshu.com/search_result/6a7322770000000025002ef1?xsec_token=ABTeBZKOjA0oHoKGRs4tjbD8rqOCPwKi2YpWTVzAXmYww=&xsec_source=,小红书,职场高情商表达,2026-08-05,7
如何表现的落落大方？不会聊天接话必看,https://www.xiaohongshu.com/search_result/6a73581000000000330322f4?xsec_token=ABTeBZKOjA0oHoKGRs4tjbD-sIC5W9-0MJG2-2HTu0OyA=&xsec_source=,小红书,职场高情商表达,2026-08-05,20
引导式聊天，让对方无话不谈！,https://www.xiaohongshu.com/search_result/6a73271b000000003301ed1a?xsec_token=ABTeBZKOjA0oHoKGRs4tjbD5uccnFpvOJmRQWzUdAAsMg=&xsec_source=,小红书,职场高情商表达,2026-08-05,8
职场中的高情商接话技巧,https://www.xiaohongshu.com/search_result/6a6940b3000000000101c03f?xsec_token=ABuGDWg6Bh3Nvv0-hy3i4VAtg6PBgenEpNjL6a0ZiJyxo=&xsec_source=,小红书,职场高情商表达,2026-08-05,3750
英文职场：高情商native speaker的说话艺术,https://www.xiaohongshu.com/search_result/68aceca7000000001d002c20?xsec_token=ABsNu1H34eocpoP-v2qjfEUZXTUkfvMahXSgyFAMTx5d4=&xsec_source=,小红书,职场高情商表达,2026-08-05,264
大女主学习之路,https://www.xiaohongshu.com/search_result/6a7329c40000000024025e43?xsec_token=ABTeBZKOjA0oHoKGRs4tjbD6wNK1I7C97u8q3CmzY7wUI=&xsec_source=,小红书,职场高情商表达,2026-08-05,39
成年人的顶级情商：说话滴水不漏,https://www.xiaohongshu.com/search_result/6a61f9920000000008009c00?xsec_token=ABh3PsbV5gl1LGa_98UL0VcT9FVxFTyIqiWRhSwoT0KI8=&xsec_source=,小红书,职场高情商表达,2026-08-05,646
职场高情商的真相: 核心三大能力,https://www.xiaohongshu.com/search_result/6a63450d000000000402a42c?xsec_token=AB_MsjAiG14F0YHCBsOOPpW96sUnhAuGUt1vc87obedWk=&xsec_source=,小红书,职场高情商表达,2026-08-05,6
职场中的高情商接话,https://www.xiaohongshu.com/search_result/6a65e126000000001002bd9b?xsec_token=ABeXOg5ozT0X96QJHm-4XwnudIufYI1xjj5CHmEVC4kJI=&xsec_source=,小红书,职场高情商表达,2026-08-05,12000
情商宝典,https://www.xiaohongshu.com/search_result/6a72fa5a000000002202c26b?xsec_token=AB-O1-1M5qRLqBsk8uRSC1F3wBZnLVsktjg4liv_FOtDw=&xsec_source=,小红书,职场高情商表达,2026-08-05,106
"领导""潜台词""，你听懂了吗？",https://www.xiaohongshu.com/search_result/6a6b4ce8000000002403e6e3?xsec_token=ABd2kIn4bXJvoibTlK7X9tR6pLzYCzYAY98JC_fbFpsVY=&xsec_source=,小红书,职场高情商表达,2026-08-05,63
吻向桑,https://www.xiaohongshu.com/search_result/6a73227a000000003202360b?xsec_token=ABTeBZKOjA0oHoKGRs4tjbD3bRt_7_HyTT19b_x4macWA=&xsec_source=,小红书,职场高情商表达,2026-08-05,6
会接话的女生，有多爽,https://www.xiaohongshu.com/search_result/6a731a9a0000000028030612?xsec_token=ABTeBZKOjA0oHoKGRs4tjbDy6KStCOWCMoPLnd9OfAf0c=&xsec_source=,小红书,职场高情商表达,2026-08-05,5
职场中怎么改掉弱者气息？ - 知乎,https://zhuanlan.zhihu.com/p/392364113,网页,弱者表达,2026-08-05,—
如何利用手头offer 谈高薪水 - 知乎,https://zhuanlan.zhihu.com/p/361806788,网页,谈薪实战案例,2026-08-05,—
【薪资谈判】拿到offer就完了？你确定不再多争取一点？ - 知乎,https://zhuanlan.zhihu.com/p/106963113,网页,谈薪实战案例,2026-08-05,—
你把B公司的offer发给A公司希望能涨薪，结果…… - 知乎,https://zhuanlan.zhihu.com/p/113620298,网页,谈薪实战案例,2026-08-05,—
如何谈薪才能拿到理想Offer？（资深HR纯干货分享） - 知乎,https://zhuanlan.zhihu.com/p/605767767,网页,谈薪实战案例,2026-08-05,—
行为面试分享1--宝洁八大问究竟在考啥？ - 知乎,https://zhuanlan.zhihu.com/p/104021765,网页,宝洁八大问,2026-08-05,—
宝洁八大问案例版（2022） - 知乎,https://zhuanlan.zhihu.com/p/488087150,网页,宝洁八大问,2026-08-05,—
如何回答「宝洁八大问」？ - 知乎,https://www.zhihu.com/question/19889186/answer/638302507,网页,宝洁八大问,2026-08-05,—
宝洁八大问该如何准备? - 知乎,https://www.zhihu.com/question/326791292,网页,宝洁八大问,2026-08-05,—
职场沟通管理培训|职场沟通力——职场高情商沟通技巧课程 - 知乎,https://zhuanlan.zhihu.com/p/684307843,网页,职场高情商表达,2026-08-05,—
高情商沟通的36个说话技巧 - 知乎,https://zhuanlan.zhihu.com/p/2049261298551149677,网页,职场高情商表达,2026-08-05,—
职场干货|17个高情商回复话术掌握沟通技巧 - 知乎,https://zhuanlan.zhihu.com/p/710056641,网页,职场高情商表达,2026-08-05,—
面试博弈论7|缺点下 如果我不先承认缺点呢,https://www.xiaohongshu.com/search_result/6a1c76f6000000003601cc13?xsec_token=AB6veh8WJWxHH7pOZQ6YwMYazZfmnEOmj4XSDR4MrDoPE=&xsec_source=,小红书,面试博弈论,2026-08-05,132
🔥STAR法则，讲故事讲到让人记住你,https://www.xiaohongshu.com/search_result/69fd448400000000380378a9?xsec_token=AB_F_iBNPhbbty2bwmPHayUYmyfr2Zcj5q2pqiygWv82M=&xsec_source=,小红书,面试技巧,2026-08-05,107
马上要面试了，没有时间准备、听这个！绝对够,https://www.xiaohongshu.com/search_result/689518190000000004005156?xsec_token=ABpjxtSguygC9SmXsBp_8rGto7Zb2L5FAaq5KWp9FWp-8=&xsec_source=,小红书,面试技巧,2026-08-05,3.3万
🔥HR悄悄话：面试时7句话打死不能说,https://www.xiaohongshu.com/search_result/69fbc8e700000000230068db?xsec_token=ABySzai4nLI67tf-ONK9YhY6TKdGHxpUAlJd8-xvW5A80=&xsec_source=,小红书,面试什么话不能说,2026-08-05,—
跨行面试时，这3句话千万别说,https://www.xiaohongshu.com/search_result/6a6d5c74000000002701c560?xsec_token=ABk31yDVGRaeJy7muaLFSpuK8-iV8FZIMv2yqkjmM1S5A=&xsec_source=,小红书,面试什么话不能说,2026-08-05,—
面试官最反感的六句话！你还说呀⁉️,https://www.xiaohongshu.com/search_result/6938ec1f000000001b03055d?xsec_token=ABvUEzK6a45zxT85vPXMSD2t2ZmwrWM8qnDgt3S18rY2s=&xsec_source=,小红书,面试什么话不能说,2026-08-05,—
奉劝大家，面试的时候不该说的别乱说❗,https://www.xiaohongshu.com/search_result/682689fc0000000022027638?xsec_token=AB-CsyZaHSQLDZeFO9mZtS8unUHdsUUMt8lcPM84DdPaE=&xsec_source=,小红书,面试什么话不能说,2026-08-05,2.2万
面试禁忌-真心建议这些话别说！,https://www.xiaohongshu.com/search_result/678102e70000000020027e1b?xsec_token=ABjPwurunOzWQ3xmzqtGFr4e5enDhU4Ro8GPOIHhzQ5Ro=&xsec_source=,小红书,面试什么话不能说,2026-08-05,—
听我一句劝，找工作面试时，有一个行为会非常,https://www.xiaohongshu.com/search_result/67f8663c000000001200cc1c?xsec_token=AB9Xq-gmKH7IU4MbpsrplnWeJ86hcJRl-1QrBo8PLlig0=&xsec_source=,小红书,面试什么话不能说,2026-08-05,111
2026年谈薪水只需要这一个视频,https://www.xiaohongshu.com/search_result/6a0555d90000000008001e92?xsec_token=ABX98OOVjvrVL3rZGpK4x_qKW3lUoQ3fQsYxszugqjTqk=&xsec_source=,小红书,面试定薪,2026-08-05,881
定薪那点事儿,https://www.xiaohongshu.com/search_result/69d1b0a50000000023012487?xsec_token=ABWhDkRscBXiMTz-CmVHZ5dPIHFOWixph4dZqevH3ku_0=&xsec_source=,小红书,面试定薪,2026-08-05,166
面试定薪的底层逻辑,https://www.xiaohongshu.com/search_result/6a1431db000000003503a9fc?xsec_token=ABOA434amB6lIGCoRmbcc6LUQSe_NxHbIyp8RyKCOHgoI=&xsec_source=,小红书,面试定薪,2026-08-05,—
做了8年HR，我来拆穿面试、谈薪、OFFER里最,https://www.xiaohongshu.com/search_result/6a2229e6000000000602145d?xsec_token=ABQHG7v3aCyOahVTtolx9N0475VYGpWeoJyG0fcJ9CW80=&xsec_source=,小红书,面试定薪,2026-08-05,—
3套话术，让老板主动加薪！,https://www.xiaohongshu.com/search_result/6a088189000000003603385a?xsec_token=ABLbZzs9OIDRQGpWREKAb7EAddw6pryVmKawNxQN4VsZo=&xsec_source=,小红书,面试定薪,2026-08-05,106
北美找工：如何回应期望薪资❓,https://www.xiaohongshu.com/search_result/66b96b2d000000001e019f24?xsec_token=AB3553wyTmCMyxoz2WDusJRqlw0STPVkY4oa4YUCVi2f0=&xsec_source=,小红书,面试定薪,2026-08-05,1590
谁：谈薪的底层逻辑是什么？,https://www.xiaohongshu.com/search_result/6a4641d9000000001c0276f3?xsec_token=ABKZ-ZNaWSqbOcVswje6pwguBfvXl-QMBLCl3rfWbsOn0=&xsec_source=,小红书,面试定薪,2026-08-05,111
面试被问期望薪资？一定要主动争取呀！,https://www.xiaohongshu.com/search_result/69d782b700000000230041ff?xsec_token=ABSNoVHsMcXM505990WyHIcT7OaKi0zurbucGzqhO34MM=&xsec_source=,小红书,面试定薪,2026-08-05,—
你的面试通过了，麻烦提供一下工资证明,https://www.xiaohongshu.com/search_result/69f010e60000000035027b6e?xsec_token=ABByeADew0HY-Ef36c5sxkJTkxp9oYTZBoi9POn-bkumo=&xsec_source=,小红书,面试定薪,2026-08-05,187
加拿大🇨🇦谈薪求助,https://www.xiaohongshu.com/search_result/69452b3a000000001e020b81?xsec_token=ABtAEMS6c04Yzlyx3HNBKVuF20BEYFuDgeMsSE4pGTZ9M=&xsec_source=,小红书,面试定薪,2026-08-05,—
外企职场英语｜工作沟通地道表达合集✨,https://www.xiaohongshu.com/search_result/6a7159c800000000060074bd?xsec_token=ABJ67AJwpaEbbSDyndwOBnXrnbRgn27Ze8BFElvLcXODA=&xsec_source=,小红书,职场跨部门沟通话术,2026-08-05,—
西方职场如何设立边界？五种情境的表达话术,https://www.xiaohongshu.com/search_result/685a7e63000000000d01a104?xsec_token=ABzngIsrk8oJXyuUFmikMr5LuLirgDAvAsQ4nidXzZ28k=&xsec_source=,小红书,职场跨部门沟通话术,2026-08-05,438
PM的跨部门沟通话术🤯,https://www.xiaohongshu.com/search_result/6a2ff15e00000000150258ce?xsec_token=AB8pL5qjQAEqkpQtKKv2JSb5euaHLvLfZi_WLV9G_aXvI=&xsec_source=,小红书,职场跨部门沟通话术,2026-08-05,334
"职场少说""麻烦您了""，高情商这样说",https://www.xiaohongshu.com/search_result/697b1b8d00000000220386cf?xsec_token=ABk7u19hQjmrKPc6PNeLpEGkhOYSJxNFnp-SepQZ07W7U=&xsec_source=,小红书,职场跨部门沟通话术,2026-08-05,—
做好项目管理就是做好跨部门沟通❗,https://www.xiaohongshu.com/search_result/69ed63bb0000000036000228?xsec_token=ABsqR2zlnoGqMVA2Q2O0O5chNBu6vcEo9tm6WUyXJxcmI=&xsec_source=,小红书,职场跨部门沟通话术,2026-08-05,174
想换部门又怕得罪领导？试试这样说🤜,https://www.xiaohongshu.com/search_result/69df910c000000002200ce38?xsec_token=ABf3JjLoQKrGXJfqWJrx7e02HIqxh3R3Ch5j7FlcBeUD0=&xsec_source=,小红书,职场跨部门沟通话术,2026-08-05,—
职场理性沟通术：6个技巧化解工作冲突📊,https://www.xiaohongshu.com/search_result/68e99b21000000000700c400?xsec_token=AB9avAddVT2TN56-T6O8TdxDaZUFVhlabT0K3qT7nkSSo=&xsec_source=,小红书,职场跨部门沟通话术,2026-08-05,—
告别无效沟通，人缘爆好✨,https://www.xiaohongshu.com/search_result/69ce125a0000000023004f88?xsec_token=ABWirANUTJFhvHvOjSkh3RgbGZYHCO4wNy0_SIjNhDl0U=&xsec_source=,小红书,职场跨部门沟通话术,2026-08-05,110
职场英语Day7｜跨部门沟通必会10句,https://www.xiaohongshu.com/search_result/6a4e495e0000000022014158?xsec_token=ABRx_IccmX9kdD97OzyHFV2NsyvG0ID_fzRsNaUGPpfm8=&xsec_source=,小红书,职场跨部门沟通话术,2026-08-05,—
高手跨部门协作，第一句话就赢了,https://www.xiaohongshu.com/search_result/69f314550000000022029533?xsec_token=ABvjXng2EjCiS1emry2jzk828oDcF7x6aS2x-9f8I0Nv0=&xsec_source=,小红书,职场跨部门沟通话术,2026-08-05,—
跨部门推诿扯皮?用对方法项目进度快3倍!,https://www.xiaohongshu.com/search_result/6974e23c00000000210304e6?xsec_token=ABcaxvaqfW3yiOURBJLTlwIN1eg-PH_ex7AiVWBYWfuwE=&xsec_source=,小红书,职场跨部门沟通话术,2026-08-05,—
如何锻炼你的冲突处理能力❓,https://www.xiaohongshu.com/search_result/69e0d1e10000000021007303?xsec_token=ABI3bPvVoN11x29eMZMUxsz8xlP396IvwWSZMDmquqiuQ=&xsec_source=,小红书,职场跨部门沟通话术,2026-08-05,382
沟通技巧|在职场里，跨部门沟通有什么秘诀,https://www.xiaohongshu.com/search_result/67ed2706000000001d00ba02?xsec_token=AB2WpBH3E9Wlgzz8OXImv_k6SPh-AqI5WqRqlIihlTcSg=&xsec_source=,小红书,职场跨部门沟通话术,2026-08-05,461
面试被问跨部门不配合｜这套思路甩开对手,https://www.xiaohongshu.com/search_result/6a71e3a700000000330185af?xsec_token=ABJ67AJwpaEbbSDyndwOBnXirqLw9xX3j2Ux-p6gTFn0M=&xsec_source=,小红书,职场跨部门沟通话术,2026-08-05,—
面试不通过的原因,https://www.xiaohongshu.com/search_result/6a32173500000000210146da?xsec_token=ABWceEXMDSPnNzKm9DzMPEj1x-_lvpYnjhvB_LQ-MSLpI=&xsec_source=,小红书,面试不合格的原因,2026-08-05,26
💔 为啥很多人都 Fail 了面试？常见原因总结,https://www.xiaohongshu.com/search_result/68af970f000000001d0145f1?xsec_token=ABIcZNkNylYjdjEABLdb9WHjqg20vm2TwZxPQZKTK2dFQ=&xsec_source=,小红书,面试不合格的原因,2026-08-05,5
"揭秘: 面试聊嗨却没过, 90%不知道的真相❗",https://www.xiaohongshu.com/search_result/67d3aa42000000000d01503e?xsec_token=AB2GJylHAZbZNEKChajjz1F_3oAP64nT3HMlQqrxU6Psc=&xsec_source=,小红书,面试不合格的原因,2026-08-05,91
你面试没通过的真正原因,https://www.xiaohongshu.com/search_result/686e3aec000000002203178b?xsec_token=ABy33jbnrbPALlf0ypFk9SUX7Ow_aq3y7Ab_G_db4LRXA=&xsec_source=,小红书,面试不合格的原因,2026-08-05,1.1万
面试了23个人，说说他们没过的原因,https://www.xiaohongshu.com/search_result/67d70633000000000b015660?xsec_token=AB0RdNEQJ6mrU0h9zEoTUF7Q8hznuGmvus6tDIl9Jnmmc=&xsec_source=,小红书,面试不合格的原因,2026-08-05,833
面试聊得很好，为什么还是没拿到offer？,https://www.xiaohongshu.com/search_result/6a697d5b00000000110137ea?xsec_token=ABuGDWg6Bh3Nvv0-hy3i4VArEB-5zlHgKbZlUiaQkuo8c=&xsec_source=,小红书,面试不合格的原因,2026-08-05,—
🇨🇦连挂六个面试是不是太菜了……求大佬建议,https://www.xiaohongshu.com/search_result/6a39f5b8000000000f0328e7?xsec_token=ABGJQoG_J1qfnB5P7lHxLqcBp01y_zioEhNcyWGwPPNVE=&xsec_source=,小红书,面试不合格的原因,2026-08-05,—
😂进了面试还被淘汰？HR告诉你真正的原因,https://www.xiaohongshu.com/search_result/689c577d000000001b037e42?xsec_token=ABlfVDtPq3MpSj9gkdRQDS_g22kx_YHz-f2XDpb_uTcGM=&xsec_source=,小红书,面试不合格的原因,2026-08-05,—
🇨🇦面试吐槽（体验超级差）,https://www.xiaohongshu.com/search_result/663e5a7e000000001e03373d?xsec_token=AB5dO1tkTzcXroRSRYGScTpP8qHIkLqdfBJT2uHRuxae8=&xsec_source=,小红书,面试不合格的原因,2026-08-05,—
北美求职真相，面试失败 不是能力差,https://www.xiaohongshu.com/search_result/6a56c8c7000000001101b574?xsec_token=ABLPmFpG8VSjK5SLoDR-pNJB3QVYhIL7sPxsKQuuGTiWI=&xsec_source=,小红书,面试不合格的原因,2026-08-05,—
为什么面试总不通过？原因只有一个，很好解决,https://www.xiaohongshu.com/search_result/69b90ede0000000021006c32?xsec_token=ABxCakbYhyYN5sw_5NAzXFJCNSELfTHNlt_onwB3hnZRA=&xsec_source=,小红书,面试不合格的原因,2026-08-05,1598
🇨🇦又一次面试失败了,https://www.xiaohongshu.com/search_result/6a52eb6c0000000002003c00?xsec_token=ABjPx4gaqw6SdSoKQARiBps_cErzJxMYHIrDf5ouGjhls=&xsec_source=,小红书,面试不合格的原因,2026-08-05,142
面试表现很好却没被录用，真正输在哪里？,https://www.xiaohongshu.com/search_result/6a61d125000000001b01e879?xsec_token=ABh3PsbV5gl1LGa_98UL0VcZIGHMiUnjKQnQFkH_kLV9g=&xsec_source=,小红书,面试不合格的原因,2026-08-05,—
三场二面全挂，已经彻底没招了,https://www.xiaohongshu.com/search_result/6a0f93540000000013020400?xsec_token=AB-km8CBANgSe4UZcx0levA99_TV85cpPz5mgqPm3Nd5Q=&xsec_source=,小红书,面试不合格的原因,2026-08-05,—
加拿大面試的提醒,https://www.xiaohongshu.com/search_result/679f8f04000000002900a2ad?xsec_token=AB-M0lgp6X8La019cmcHJWprtZGMxls2tlHRb3b1R0xwg=&xsec_source=,小红书,面试不合格的原因,2026-08-05,344
面试官不想录用你的10个暗示😰,https://www.xiaohongshu.com/search_result/68f249570000000004014392?xsec_token=ABo626Kyma7LvkdnLZT_VaHoTmSuYUslY51ycAfdDQvnM=&xsec_source=,小红书,面试不合格的原因,2026-08-05,273
面试失败了——英语太差没办法？,https://www.xiaohongshu.com/search_result/686d9c08000000002400a868?xsec_token=ABa8rvMArHxjFwGwVgfy1o2bVazURQzatkUEc0_TeZZHE=&xsec_source=,小红书,面试不合格的原因,2026-08-05,185
面试失败N次后，我复盘出了一个残酷真相,https://www.xiaohongshu.com/search_result/692d94f6000000001e00ec08?xsec_token=ABMWZn9-thbApgrS1RMcAepcdWWvN2Sea8ndK_6sakZjU=&xsec_source=,小红书,面试不合格的原因,2026-08-05,—
职场人必看：这10个高情商话术，让你说话更有分量_说法_场景_语言 - 搜狐,https://www.sohu.com/a/1006530905_122001004,网页,职场表达,2026-08-05,—
2026 年面试技巧怎么提升？这 6 个实战要点照着练 - 知乎,https://zhuanlan.zhihu.com/p/2045593194876887565,网页,面试技巧,2026-08-05,—
有哪些话是面试的时候千万不能说的？ - 知乎,https://www.zhihu.com/question/20055335,网页,面试什么话不能说,2026-08-05,—
33个沟通和谈判技巧助你战无不胜 - 知乎,https://zhuanlan.zhihu.com/p/489707719,网页,面试博弈论,2026-08-05,—
拿到offer后谈薪水 — 让我多谈35%的谈薪笔记｜ExplainThis,https://www.explainthis.io/zh-hans/career/how-to-negotiate-your-big-tech-offer,网页,面试定薪,2026-08-05,—
跨部门协作话术 - 搞定offer,https://www.gaodingcareer.com/27506857-7ca4-464f-9931-e1a3776a2ea5/,网页,职场跨部门沟通话术,2026-08-05,—
求职面试被拒的七大原因 | Michael Page 米高蒲志,https://www.michaelpage.com.cn/advice/career-advice/changing-jobs/7-reasons-why-you-didnt-get-job,网页,面试不合格的原因,2026-08-05,—
强烈建议：怯场的人每天看一遍！,https://www.xiaohongshu.com/search_result/6a73fd7e0000000022032520?xsec_token=ABTeBZKOjA0oHoKGRs4tjbD9eDX9PQiIl9_PshRHN3_UI=&xsec_source=,小红书,职场表达,2026-08-06,—
"这几个词一出现,就暴露你在用AI",https://www.xiaohongshu.com/search_result/6a1e8193000000002103daf6?xsec_token=AB18DYQg4YdbhoXnINBTNdG_mq8zpGOVVUc5xgJQyPTf8=&xsec_source=,小红书,职场表达,2026-08-06,2448
职场人必看：这10个高情商话术让你说话更有分量,https://cj.sina.com.cn/articles/view/7879848901/1d5acf3c501901jemq?froms=ggmp,网页,职场表达,2026-08-06,—
全英面试中，语速慢的人反而更容易拿Offer,https://www.xiaohongshu.com/search_result/69d3ccbf000000001b02106f?xsec_token=ABhAAsof3qratkcczED0IUuNrPFwNqsJd2Lbp5rXUgdk8=&xsec_source=,小红书,面试技巧,2026-08-06,112
朋友英语不流利，却拿下多个offer？！,https://www.xiaohongshu.com/search_result/68941e4e0000000023020051?xsec_token=ABqNCiJ236xLKxi9_MNIk2rk_XKYg8_jJ5OVQ-deY1lzQ=&xsec_source=,小红书,面试技巧,2026-08-06,2953
北美面试官观察手册 + 通过手段,https://www.xiaohongshu.com/search_result/6a57b3aa000000001603e7cb?xsec_token=AB0Jap9cngF1TJIj_gyas9rod-fcKBWXYW5UFBT-vMmRM=&xsec_source=,小红书,面试技巧,2026-08-06,2140
30分钟速成面试秘籍,https://www.xiaohongshu.com/search_result/69aec9960000000022022e2f?xsec_token=ABI3GAVzmsenP1bKatYjMJFI4zzHPtAqFRx64DAGx1NBU=&xsec_source=,小红书,面试技巧,2026-08-06,170
张一鸣：10年，面试了2000人得出的经验,https://www.xiaohongshu.com/search_result/68243c470000000021005985?xsec_token=ABSQuiTH16Dua4XzslIwGFBvcuUOaBJfPfWY7cjetpEAc=&xsec_source=,小红书,面试技巧,2026-08-06,1271
高管真正的自我介绍，只用5句话就赢了,https://www.xiaohongshu.com/search_result/68627a590000000012022273?xsec_token=ABepQXckoM29LOeOQSW0MDwMmwMsUU4rPMJkzwsRFfK1k=&xsec_source=,小红书,面试什么话该说,2026-08-06,1941
假如你从3.2开始准备Behavioral Interview,https://www.xiaohongshu.com/search_result/67c3eb5e000000001203fee2?xsec_token=AB7gDpnRO8IVyPyGGYFKcQ8p-jdV-1chFJa8jlYZIRvVs=&xsec_source=,小红书,面试什么话该说,2026-08-06,262
面经分享（视频，标题未提取）,https://www.xiaohongshu.com/search_result/68be0bf4000000001b020293?xsec_token=ABKiRw-pcKRMpbYqa5zE9egTM8V3_3nssRBcliTUGM5e8=&xsec_source=,小红书,面试什么话该说,2026-08-06,—
2分钟全英自我介绍，英文面试不用怕,https://www.xiaohongshu.com/search_result/6901e0720000000007033c5c?xsec_token=ABkm-sJHlVbEqo9H8cMPBhuhBSQ2rXTD5012OsWpJGbiU=&xsec_source=,小红书,面试什么话该说,2026-08-06,5021
面试必看｜懂得HR提问的那些潜台词,https://www.xiaohongshu.com/search_result/685361560000000023004fb4?xsec_token=AB4ZHRJJj29oCneW6zVym3brV12DWdhBRhwcr2VecHiac=&xsec_source=,小红书,面试什么话该说,2026-08-06,973
面试官问团队冲突，其实在问你这3件事,https://www.xiaohongshu.com/search_result/698a4118000000001a034cf3?xsec_token=ABavPjpgDGjpb7HDAKFaC6tWiY5nBDxCXGZ7Hz_WxWkZg=&xsec_source=,小红书,面试什么话不能说,2026-08-06,259
面试而已，太老实真的很吃亏,https://www.xiaohongshu.com/search_result/67683a2d000000000b015da4?xsec_token=ABJVDfxZHcMfJTLUho0pGIkIMsWf_TLZ0KguNzJC4wv6Q=&xsec_source=,小红书,面试什么话不能说,2026-08-06,2487
奉劝大家，面试不该说的别乱说,https://www.xiaohongshu.com/search_result/6a0962950000000007013f46?xsec_token=ABm9TeirOI0swHM7r_ieMOROn-0ygfhw7KFnMFFu_zhFw=&xsec_source=,小红书,面试什么话不能说,2026-08-06,2.1万
不想白跑一趟，面试时这4句话一定不要说,https://www.xiaohongshu.com/search_result/687b1fbb0000000013013a49?xsec_token=ABSKlTqVVC8AVonv-FTU8-jC6K1JT3Zz907G35uye4UBI=&xsec_source=,小红书,面试什么话不能说,2026-08-06,2360
面试官的陷阱 你就傻傻的跳进去了？,https://www.xiaohongshu.com/search_result/69d5656b000000002102d3f9?xsec_token=ABV2YhTVTfSTK65SR4NFFjKEKLToNAeh2IeYhwqNq4Kh4=&xsec_source=,小红书,面试什么话不能说,2026-08-06,2557
奉劝大家面试时不该说的话别说,https://www.xiaohongshu.com/search_result/6777d837000000000b020c11?xsec_token=ABGAg8JJvWzncX9eVZNhnfnvjKR5MBkzSBwU9EPRwvw5E=&xsec_source=,小红书,面试什么话不能说,2026-08-06,—
被问有没有其他offer，我只用了三个字回答,https://www.xiaohongshu.com/search_result/6a708e94000000003302eb90?xsec_token=ABnCC_PiY2A3rz63JL1aQa6DhM_A3KI4kGol1xEiXpBkY=&xsec_source=,小红书,被问到有没有其他offer怎么回答,2026-08-06,—
HR问有别的offer吗，到底怎么答,https://www.xiaohongshu.com/search_result/6a033181000000000800045f?xsec_token=ABZeUe5sJ0ci7e_0MDNUPghSwfd2IHKztOUBXsLbfSj8w=&xsec_source=,小红书,被问到有没有其他offer怎么回答,2026-08-06,769
面试技巧（11）面试被问还有没有别的offer,https://www.xiaohongshu.com/search_result/69344787000000001b02456f?xsec_token=ABDt2cznUc8soJD7LXY8-EnDkA8Cm5-TIGbukF-hoKAKc=&xsec_source=,小红书,被问到有没有其他offer怎么回答,2026-08-06,7616
面试被问：你手上有几个offer？教你怎么说,https://www.xiaohongshu.com/search_result/69bc9ea3000000001a02461d?xsec_token=ABGc6s9hoZ_Jl_3-7aUB_fypDtr7iMWxnIIKcwj8tVoo0=&xsec_source=,小红书,被问到有没有其他offer怎么回答,2026-08-06,154
05面经|有其他offer吗？高情商不踩雷,https://www.xiaohongshu.com/search_result/69edda4e0000000038021924?xsec_token=ABsqR2zlnoGqMVA2Q2O0O5cl0AysN6fdnMBWLQ7bQo0I4=&xsec_source=,小红书,被问到有没有其他offer怎么回答,2026-08-06,—
面试被问你手里还有其他offer吗？高分回答,https://www.xiaohongshu.com/search_result/69dbabb100000000220037b4?xsec_token=ABU_FwWTZVdUj5at-q8TnB8zzGRHEwkhqqs4lIKXV_Hhc=&xsec_source=,小红书,被问到有没有其他offer怎么回答,2026-08-06,—
年后找工作被问手上offer的满分回答,https://www.xiaohongshu.com/search_result/69ad7af2000000002203a773?xsec_token=ABV7MAYevqhB0GwhrNnZ12KAWBNvylk7yFKkXQ-iRW1tM=&xsec_source=,小红书,被问到有没有其他offer怎么回答,2026-08-06,—
面试官问有其他offer吗满分回答,https://www.xiaohongshu.com/search_result/69e36af7000000001b023442?xsec_token=ABh3qgHxAi1UbiKdt7RGo76Ir-Yx6navLdxvwJnJuVE9k=&xsec_source=,小红书,被问到有没有其他offer怎么回答,2026-08-06,—
BQ高情商回答|HR问你手里还有别的offer吗,https://www.xiaohongshu.com/search_result/65b0f1de000000002c038c75?xsec_token=ABCuIOYHT6E_5qD8ybPj1FYug5SAqp4I91Vcht7QLLI3c=&xsec_source=,小红书,被问到有没有其他offer怎么回答,2026-08-06,—
你还在面试其他公司吗？千万别这么回答,https://www.xiaohongshu.com/search_result/6686f738000000000d00c21a?xsec_token=ABCRMCdJhFjFgveXd16U0zCL1Vmy-p2yB6SjyuqfwtITk=&xsec_source=,小红书,被问到有没有其他offer怎么回答,2026-08-06,6045
面试回去等通知，秒懂潜台词,https://www.xiaohongshu.com/search_result/67bea501000000002a00221f?xsec_token=ABNV5VBomNdqMsqMB9wIiCU5mQSLlMfbLs7x1SCfgzzuw=&xsec_source=,小红书,被问到有没有其他offer怎么回答,2026-08-06,441
面试官问有没有其他offer，3个满分回答,https://www.xiaohongshu.com/search_result/69fdb4a00000000038021d8e?xsec_token=AB_F_iBNPhbbty2bwmPHayUVlE5tCjLM7xGkSmGSJnPsw=&xsec_source=,小红书,被问到有没有其他offer怎么回答,2026-08-06,8862
面试被问还有其他offer吗，超绝答案,https://www.xiaohongshu.com/search_result/672c2864000000001b02b46b?xsec_token=AB0i3vj8-3140KFDupL14gMyMoz3ziocnmq1hXgYqBktY=&xsec_source=,小红书,被问到有没有其他offer怎么回答,2026-08-06,9880
Offer签了，找工作告一段落,https://www.xiaohongshu.com/search_result/6a515f010000000008026aa3?xsec_token=ABg71RMaIm4Nh9xiTv4OEuKHq8-sxEH7dZF3_5d25lrcs=&xsec_source=,小红书,被问到有没有其他offer怎么回答,2026-08-06,197
面试被问有没有其他offer？别再老实回答了,https://www.xiaohongshu.com/search_result/6a1a6fd0000000003502544f?xsec_token=ABNYw0WGPP7PwQbkwmzu0-MnvLduAWpJYQ0JOIRHzDFmM=&xsec_source=,小红书,被问到有没有其他offer怎么回答,2026-08-06,—
HR只相信这八种离职原因,https://www.xiaohongshu.com/search_result/69f3288d00000000350292fc?xsec_token=ABvjXng2EjCiS1emry2jzk81NDCxxjrbmfdIaxMSoGcJg=&xsec_source=,小红书,被问到有没有其他offer怎么回答,2026-08-06,2007
快到手的offer飞走了,https://www.xiaohongshu.com/search_result/6941eda9000000001f00a445?xsec_token=ABsRuN_ut8SAos9jLeezmkbWwF8SLHpkTGjCTv1fdHeLI=&xsec_source=,小红书,被问到有没有其他offer怎么回答,2026-08-06,—
薪资谈判英语大全 高情商表达一次学会,https://www.xiaohongshu.com/search_result/6a711a330000000022015613?xsec_token=ABJ67AJwpaEbbSDyndwOBnXnA5ZoRVH3S9hw1GUDC8Aiw=&xsec_source=,小红书,薪资待遇话术,2026-08-06,—
i人请直接照着念,https://www.xiaohongshu.com/search_result/68e9e931000000000402b496?xsec_token=AB9avAddVT2TN56-T6O8TdxCk0WPJpIxaxlErKQ0ZVwOI=&xsec_source=,小红书,薪资待遇话术,2026-08-06,2.5万
面试谈薪资教你多要30%的谈判话术,https://www.xiaohongshu.com/search_result/69a0463b000000001b01dd66?xsec_token=ABJvY7BxhhSsInL9KSyMraYS4X67uSN81aUpCbl3UYWDA=&xsec_source=,小红书,薪资待遇话术,2026-08-06,—
跳了5次槽才发现，薪资谈判就说这3句话,https://www.xiaohongshu.com/search_result/6a0143b40000000035028018?xsec_token=ABHmRpHm_Zuqk_xYo9zboyVOalxYGVkgwa3ln6zBGrmmE=&xsec_source=,小红书,薪资待遇话术,2026-08-06,—
面试谈薪万能话术，亲测有效 直接抄,https://www.xiaohongshu.com/search_result/68ee6e910000000003010d52?xsec_token=AB9m6nVI2-zUwPnziJv7aXX5oC9VLx6pZubQRvVcOlAnk=&xsec_source=,小红书,薪资待遇话术,2026-08-06,3122
学会这50句，谈加薪像聊天一样简单,https://www.xiaohongshu.com/search_result/699e8709000000000d008b26?xsec_token=ABxfTz5Lfe-7hKLXXQnBcyvduqFLpqsy__Vn_EEpKJcJM=&xsec_source=,小红书,薪资待遇话术,2026-08-06,—
拿到心仪总包！这几个模板背好,https://www.xiaohongshu.com/search_result/69444753000000001f00b60a?xsec_token=ABIcuwPcwcLhYhYJHFvVNMa4mnFKwqSOjEOdgcFPUR674=&xsec_source=,小红书,薪资待遇话术,2026-08-06,—
年薪翻倍的人，都懂这10条谈判术,https://www.xiaohongshu.com/search_result/69a581350000000026030376?xsec_token=ABj1L1VNZj4BW_lhdVBXA1Eb7G1R1aSC_1Qw41b1RMrXE=&xsec_source=,小红书,薪资待遇话术,2026-08-06,—
涨薪87%！如何通过3轮谈薪搞定offer,https://zhuanlan.zhihu.com/p/579145600,网页,薪资待遇话术,2026-08-06,—
Offer来了，分享一下我和某厂HR谈薪的全过程,https://zhuanlan.zhihu.com/p/665428335,网页,薪资待遇话术,2026-08-06,—
HR坦白局最怕candidate这么谈薪资,https://www.xiaohongshu.com/search_result/65dff68a000000000b022e29?xsec_token=ABLO58AEtbJxIyyV4Y8EIqIWTiPkgr2fPSfA3po3ggS48=&xsec_source=,小红书,电话谈薪技巧,2026-08-06,772
Offer到手了，如何谈薪资？,https://www.xiaohongshu.com/search_result/67de8918000000000302813a?xsec_token=ABIqjvD0H1SKhT9bSWaU2_UyRrDJuY58zUi3eDFXcId08=&xsec_source=,小红书,电话谈薪技巧,2026-08-06,188
谈薪心得分享（视频，标题未提取）,https://www.xiaohongshu.com/search_result/6830d24e0000000021002501?xsec_token=ABaFak1KHLTw0gsRvaPAO4RKiN5oqsYFhpreESPUcgois=&xsec_source=,小红书,电话谈薪技巧,2026-08-06,—
面经分享（视频，标题未提取）,https://www.xiaohongshu.com/search_result/6935a827000000001d03b315?xsec_token=ABnE9d_rQ8T-Er3XzA8n6vKpgK6VmmgeHBGdxeTA_KQdc=&xsec_source=,小红书,面试不能说哪些个人信息,2026-08-06,—
面试新规：这些问题HR再问，直接拒绝回答,https://www.xiaohongshu.com/search_result/6a0d83d3000000000603202a?xsec_token=ABPcuE_PJ-3g8HlVeSNJWQrAfC8A7fjHZ_msW0m6WwsA8=&xsec_source=,小红书,面试不能说哪些个人信息,2026-08-06,—
求职提醒（视频，标题未提取）,https://www.xiaohongshu.com/search_result/6948dc23000000001e03aba3?xsec_token=ABCHpRUl_KBJdqBrUzzdaFivDbAmuZV9toDmWCn6oUWik=&xsec_source=,小红书,面试不能说哪些个人信息,2026-08-06,—
面试登记表千万别乱填，一不小心就埋雷！,https://www.xiaohongshu.com/search_result/69e70b4f0000000023021e6a?xsec_token=ABnzAj24hjdG0uGpKfz6mbOQjtKvCfflwERj1U7GXXJwA=&xsec_source=,小红书,面试不能说哪些个人信息,2026-08-06,3519
求职必看：面试时，这7条隐私千万别乱给,https://www.xiaohongshu.com/search_result/69b0f0ae000000002800835e?xsec_token=ABdJ8ERFk8VX5vPkCNG0Pn0nYA_LtE0Zv0FcFqWDQZ-Nc=&xsec_source=,小红书,面试不能说哪些个人信息,2026-08-06,—
应聘时不能泄漏的信息,https://www.xiaohongshu.com/search_result/696cb2b5000000000a03eea6?xsec_token=ABY3aZ6QPVbxQA5nNrBjy0PMU6DZERCpR-Hl3f7gSJiEw=&xsec_source=,小红书,面试不能说哪些个人信息,2026-08-06,—
找工作避雷1-面试登记表不要啥都填！！,https://www.xiaohongshu.com/search_result/67c1b93e0000000009039ace?xsec_token=AB9bpz6ye-BlkqyjIkh3hJNtDwukV9cmgypI5uGGpux-E=&xsec_source=,小红书,面试不能说哪些个人信息,2026-08-06,5.4万
不要再傻傻填写了！面试太老实就被拿捏了,https://www.xiaohongshu.com/search_result/685bb115000000000b02d6c9?xsec_token=ABN1PhuQSKicqz9iVy7EZyHbJ24ipMqzvIehzLax6o8n4=&xsec_source=,小红书,面试不能说哪些个人信息,2026-08-06,—
面试时一定注意个人信息,https://www.xiaohongshu.com/search_result/69d36121000000001b002d8f?xsec_token=ABNtbC9f8WGSDehJcStC1JEwBAehw3TnKFoSyKyExh-Lg=&xsec_source=,小红书,面试不能说哪些个人信息,2026-08-06,—
如何在不透露个人信息的情况下自我介绍,https://www.zhihu.com/question/307880044,网页,面试不能说哪些个人信息,2026-08-06,—
为什么不少公司面试前都要求面试者填一张个人信息表,https://www.zhihu.com/question/21158213,网页,面试不能说哪些个人信息,2026-08-06,—
警惕信息泄露，你的简历有可能在某些隐秘的角落流转,https://zhuanlan.zhihu.com/p/333435264,网页,面试不能说哪些个人信息,2026-08-06,—
面试填表时，隐私问题是否要如实填写,https://www.qmjianli.com/content/guide/1902,网页,面试不能说哪些个人信息,2026-08-06,—
海外职场中如何做到在任何场合都说出漂亮话,https://www.xiaohongshu.com/explore/698964bb000000000e00c913?xsec_token=ABGu99IkxIBOxG_4xLlBJkApo_FKkrNKPfrHxCi-LnpEY=&xsec_source=pc_search,小红书,职场表达,2026-08-06,311
我留意到说话高手都掌握的5大公式,https://www.xiaohongshu.com/explore/6a3df983000000000e038400?xsec_token=ABgsQbNxNl3Uj8MN2Kh7Yzp-jSyUKCYlax10_Nxfwnw0U=&xsec_source=pc_search,小红书,职场表达,2026-08-06,未知
顶级高情商对话实战练习（直接照练）,https://www.xiaohongshu.com/explore/6a0870680000000006036ad4?xsec_token=ABLbZzs9OIDRQGpWREKAb7ECxLsV_ZmEAlUotoiMpSk6A=&xsec_source=pc_search,小红书,职场表达,2026-08-06,195
"面试中如何迅速体现""AI思维""",https://www.xiaohongshu.com/explore/69c1e95a0000000022001c80?xsec_token=ABY7PvnNqXvubEIgzwReBlmvhCnbZdYR1SCL-HKd-kp2k=&xsec_source=pc_search,小红书,面试技巧,2026-08-06,1446
面试通关技巧，适合任何行业！狠狠练起来！,https://www.xiaohongshu.com/explore/6a0f2b440000000035028358?xsec_token=AB-km8CBANgSe4UZcx0levA28J28K6Dx5wkQJPlXo2Pjo=&xsec_source=pc_search,小红书,面试什么话该说,2026-08-06,167
牛马打工人爆笑段子集锦,https://www.xiaohongshu.com/explore/68d364100000000013011d1e?xsec_token=ABrWu3pnZS4Jz8Uoz_8PKMvQg59sAWCA4WXFE6iPNYH1E=&xsec_source=pc_search,小红书,职场幽默接话,2026-08-06,246
人性奥秘（标题未完整显示）,https://www.xiaohongshu.com/explore/69944321000000001d0131cb?xsec_token=ABqghDZxJMSO08T81NiIba-sMTnEx2QdJzCnZjkkJZdy0=&xsec_source=pc_search,小红书,职场幽默接话,2026-08-06,527
人一定要有趣一点！,https://www.xiaohongshu.com/explore/69665a1d000000001a023eef?xsec_token=AB56QnQbA7zpVe-W616xJeb21Iwg44OkrpKOXB1p-vDdc=&xsec_source=pc_search,小红书,职场幽默接话,2026-08-06,7460
土豆爱观察（标题未完整显示）,https://www.xiaohongshu.com/explore/6a10fb230000000008032636?xsec_token=ABmF47MS_SOxITI-y5lzUvfgF3fHf6GXKCXUuqvut8bPU=&xsec_source=pc_search,小红书,职场幽默接话,2026-08-06,256
背下20句幽默聊天段子，开口逗笑所有人,https://www.xiaohongshu.com/explore/67c6aecd000000002902c982?xsec_token=ABsoTlOE85Zqfl7OyKAWBh0wcWeKrYBeSblVXeI5yMD_E=&xsec_source=pc_search,小红书,职场幽默接话,2026-08-06,4032
50句高情商接话起来,https://www.xiaohongshu.com/explore/67b8932f000000000b015f9f?xsec_token=ABASyKKKoeYh7e61jbpgUzTxIUn2bgrwmAVPxzLagorc4=&xsec_source=pc_search,小红书,职场幽默接话,2026-08-06,5757
职场高情商接话,https://www.xiaohongshu.com/explore/6a71d6320000000025010866?xsec_token=ABJ67AJwpaEbbSDyndwOBnXtBZtYxj246WlHMhYnAUb7Q=&xsec_source=pc_search,小红书,职场幽默接话,2026-08-06,509
让领导上级爽死的20套高情商话术！,https://www.xiaohongshu.com/explore/68bab99c000000001d004ea6?xsec_token=ABHBG0pKq1FaPv1blyxAk6JEYkFJLNewaJKL5upR23Ixk=&xsec_source=pc_search,小红书,职场幽默接话,2026-08-06,1566
50句高情商接话‼️,https://www.xiaohongshu.com/explore/6a4e8c150000000006035982?xsec_token=ABRx_IccmX9kdD97OzyHFV2A6AEjByts-ABp7aO87TnRs=&xsec_source=pc_search,小红书,职场幽默接话,2026-08-06,352
我靠这80句话人缘突然变好了,https://www.xiaohongshu.com/explore/6a470b910000000021015caa?xsec_token=AB-VAyEGR82Rbd21_2b88GgvSAk47F7UYt8VWOXUNJMgg=&xsec_source=pc_search,小红书,职场幽默接话,2026-08-06,22000
你听说过电梯30s法则吗？,https://www.xiaohongshu.com/explore/6719c4e10000000024017e63?xsec_token=ABXU7ybvlUZC8mLsLRimhW02SYDL-CGnSVtVpgnx_z4m4=&xsec_source=pc_search,小红书,麦肯锡30秒法则,2026-08-06,5358
麦肯锡30秒电梯理论,https://www.xiaohongshu.com/explore/6915d1ab0000000007003adb?xsec_token=ABI6CzYzOiHYMQR5ZX0_hZPWbfclFIOMKr8BBk0bkMons=&xsec_source=pc_search,小红书,麦肯锡30秒法则,2026-08-06,132
如何用30秒说服任何人？,https://www.xiaohongshu.com/explore/69b2bdc8000000002602c9f7?xsec_token=ABdb0EnkF1RuquHphATtQx07AQgp4P2MKBn-gUZ2lFJ7Q=&xsec_source=pc_search,小红书,麦肯锡30秒法则,2026-08-06,121
麦肯锡方法,https://www.xiaohongshu.com/explore/69df0f16000000001a02af41?xsec_token=ABf3JjLoQKrGXJfqWJrx7e05vB_p8iDhd5Ybvo_cxtZ8M=&xsec_source=pc_search,小红书,麦肯锡30秒法则,2026-08-06,未知
30秒惊艳全场！麦肯锡电梯理论大揭秘,https://www.xiaohongshu.com/explore/68354d54000000000303b59c?xsec_token=ABnItfnlKtrdmsZAyljOayrpqc0xIlgGOfcvWauJe9sNs=&xsec_source=pc_search,小红书,麦肯锡30秒法则,2026-08-06,未知
《麦肯锡方法》｜聪明工作胜过辛苦工作,https://www.xiaohongshu.com/explore/69f2a373000000003502b4aa?xsec_token=ABYCW5LTBTOJfpORep873gxospYUyCI6WExSZ9vIfpnqQ=&xsec_source=pc_search,小红书,麦肯锡30秒法则,2026-08-06,未知
自我呈现与麦肯锡电梯法则-2,https://www.xiaohongshu.com/explore/67f61528000000000b01daa3?xsec_token=ABm6K8egB1yfOac8lFTIhVNmlERyqpiI4IFYkcoqChme0=&xsec_source=pc_search,小红书,麦肯锡30秒法则,2026-08-06,未知
今日学习：deepseek教你30秒电梯法则,https://www.xiaohongshu.com/explore/67bc24bc000000002900b36a?xsec_token=ABS4j3W9u_Qq0jte_KaN6AQK5mPKHsi4kT7Ff_o1XpVc0=&xsec_source=pc_search,小红书,麦肯锡30秒法则,2026-08-06,未知
麦肯锡30秒电梯演讲,https://www.xiaohongshu.com/explore/6a6404c8000000000100f51d?xsec_token=ABn6zvaRU6phZt8GK1sWQvXVwjeRRPYUHIiJBFvO07OTE=&xsec_source=pc_search,小红书,麦肯锡30秒法则,2026-08-06,未知
30s把项目讲得像吃瓜一样简单,https://www.xiaohongshu.com/explore/67c04f45000000000b0143a1?xsec_token=AB8FfzchpN_tzdUxMaaNF4RIsbZWxdjz3kdUAznlnevHQ=&xsec_source=pc_search,小红书,麦肯锡30秒法则,2026-08-06,未知
黄金30秒，让决策者为你停留,https://www.xiaohongshu.com/explore/6a084562000000003503257b?xsec_token=ABLbZzs9OIDRQGpWREKAb7EPS0FZM8ZS60mbnuw6BivGk=&xsec_source=pc_search,小红书,麦肯锡30秒法则,2026-08-06,未知
明明方案很好却被拒？多半是开口前30秒废了,https://www.xiaohongshu.com/explore/694cd096000000001e02b8d5?xsec_token=ABQTjiGA6A26rXXTB_tr1H3EbEFMrCc18CitwJ_MhE67A=&xsec_source=pc_search,小红书,麦肯锡30秒法则,2026-08-06,未知
职场专家的「20-30-40法则」,https://www.xiaohongshu.com/explore/6a696233000000000100e5f4?xsec_token=ABt7iw1g4ihgNWNp7Di3tucqrNjHWd9xh16olPP8sFJk4=&xsec_source=pc_search,小红书,麦肯锡30秒法则,2026-08-06,未知
社招｜骑驴找马｜谈薪&入职时间技巧分享,https://www.xiaohongshu.com/explore/69bf5042000000001f0037f1?xsec_token=ABKfKWMhjhMQrJfrhdEiy7-HF4WHgoq48Y7rAmP5pHlyk=&xsec_source=pc_search,小红书,社招谈薪技巧,2026-08-06,890
如何像领导者一样向上级汇报进展,https://www.xiaohongshu.com/explore/6861b86f0000000015022ee7?xsec_token=AB1wufEM7yxAeNTU4G7TKlHND3ZOxg5NywNqpkhSsbyCA=&xsec_source=pc_search,小红书,向上汇报话术模板,2026-08-06,1529
向上汇报的5句高价值话术！,https://www.xiaohongshu.com/explore/6a083e95000000003501daaf?xsec_token=ABfo3TXJJoS7d74K4pCn_RKSR9IZRGpuu51uuN8dCiv9o=&xsec_source=pc_search,小红书,向上汇报话术模板,2026-08-06,未知
汇报能力是中层的顶级能力之一,https://www.xiaohongshu.com/explore/6a2163ec0000000036001e69?xsec_token=ABRQaq3yTjsnNtB2Wmi2_MBGK4PsVpfZSCDIflkJy6j_w=&xsec_source=pc_search,小红书,向上汇报话术模板,2026-08-06,118
职场话术︱工作汇报话术，学会利他性表达,https://www.xiaohongshu.com/explore/6884884f000000000d0255ec?xsec_token=ABCnZ3S8zi7icTRbVqeKn7rnBiKMt7dgqOigz1blomeiQ=&xsec_source=pc_search,小红书,向上汇报话术模板,2026-08-06,未知
"职场""向上反馈""话术模版，让老板出手帮忙",https://www.xiaohongshu.com/explore/689091ad00000000250148f9?xsec_token=ABQ405-iW_5fyBAn5w6HdfLeHiSyL2gx0z5RfVcagUUWI=&xsec_source=pc_search,小红书,向上汇报话术模板,2026-08-06,273
比埋头做事更重要的，是你的汇报结构,https://www.xiaohongshu.com/explore/69c3a5a3000000001a030ed7?xsec_token=ABfgiOSHNvnn5-_Tw6qAzdKwTlQxtif4u1DRZL25kwYWE=&xsec_source=pc_search,小红书,向上汇报话术模板,2026-08-06,136
如何向上管理？不是讨好领导，是有效沟通,https://www.xiaohongshu.com/explore/6a0b07c20000000006031534?xsec_token=ABvsbKSHikKkD_S8_hQgCO4hhzW1AAUJLZHbR4l-Lh5Zs=&xsec_source=pc_search,小红书,向上汇报话术模板,2026-08-06,未知
向上汇报老板到底想听啥？,https://www.xiaohongshu.com/explore/6a5de9c9000000000401ff93?xsec_token=ABaAOT7Im7LPZ4FgQjlH1QlnAjrSEa4_XbpoivRO_5EeI=&xsec_source=pc_search,小红书,向上汇报话术模板,2026-08-06,1122
如何进行向上汇报,https://www.xiaohongshu.com/explore/69fddb610000000035038b6e?xsec_token=AB_F_iBNPhbbty2bwmPHayUXc_zoV8VNelymswQb3_GR4=&xsec_source=pc_search,小红书,向上汇报话术模板,2026-08-06,103
迅速提升汇报能力的四要素,https://www.xiaohongshu.com/explore/68f0e7e60000000007023549?xsec_token=ABtLh3-NVsfuajkeb-S5L554tGHjlfzPLI39YrnK9ERBk=&xsec_source=pc_search,小红书,向上汇报话术模板,2026-08-06,2926
向上汇报的关键，其实根本不在于讲了什么,https://www.xiaohongshu.com/explore/6a26953a000000000803fe23?xsec_token=ABnOBZTmShuVWtbZEHe07yanik47DXwboM1imkKQedK70=&xsec_source=pc_search,小红书,向上汇报话术模板,2026-08-06,708
麦肯锡30秒电梯理论_百度百科,https://baike.baidu.com/item/%E9%BA%A6%E8%82%AF%E9%94%A130%E7%A7%92%E7%94%B5%E6%A2%AF%E7%90%86%E8%AE%BA/3657710,网页,麦肯锡30秒法则,2026-08-06,-
《30秒电梯法则》——职场简洁高效表达，抓住核心问题,https://www.douban.com/note/734089758/,网页,麦肯锡30秒法则,2026-08-06,-
"耐人思考的""30秒法则""",https://blog.csdn.net/varyall/article/details/128767378,网页,麦肯锡30秒法则,2026-08-06,-
经验教训–故障处理，教你30秒把问题说清楚,http://viplao.com/index.php/2023/04/30/,网页,麦肯锡30秒法则,2026-08-06,-
疫情期间 只有一个offer的毕业生如何尬聊谈判工资,https://www.1point3acres.com/bbs/thread-681938-1-1.html,网页,社招谈薪技巧,2026-08-06,-
社招斩获大厂Offer全攻略,http://www.shujurenclub.com/a/mian-shi-she-zhao-zhan-huo-da-chang-Offer-quan-gong-lue.html,网页,社招谈薪技巧,2026-08-06,-
高情商讲话机巧,https://zhuanlan.zhihu.com/p/463895541,网页,职场幽默接话,2026-08-06,-
80条高情商回答话术，太实用了！,https://k.sina.cn/article_3166877435_pbcc2b6fb027019imb.html,网页,职场幽默接话,2026-08-06,-
如何处理同事对你的调侃和语言攻击？高情商的人，都懂这3点,https://zhuanlan.zhihu.com/p/259189431,网页,职场幽默接话,2026-08-06,-
学校根本不教的英语表达，进了职场才知道,https://www.xiaohongshu.com/explore/68af0170000000001d0292ff?xsec_token=ABIcZNkNylYjdjEABLdb9WHofxcD_o7dIVFPDnDUMa_kE=&xsec_source=pc_search,小红书,职场表达,2026-08-06,773
调休英语天花板20句职场高频表达直接套用,https://www.xiaohongshu.com/explore/6a746d0b000000003202102a?xsec_token=ABCvGg8BzJlYLfKwfe8nGdcGg8wzR5oKWe5KKZlwcEGf0=&xsec_source=pc_search,小红书,职场表达,2026-08-06,未知
我发现工作能力强的人全都擅长：上台发言,https://www.xiaohongshu.com/explore/67ed188d000000001c0169c3?xsec_token=AB2WpBH3E9Wlgzz8OXImv_kwtj6XeeWJ1ZXnoyNu16rrQ=&xsec_source=pc_search,小红书,职场表达,2026-08-06,3044
一句话，明你在顶级咨询公司干过,https://www.xiaohongshu.com/explore/680af4980000000009015f20?xsec_token=ABOarNiFIToxm-YZiHQ7vT5mAkbaN1ZLiZoQW-kjyqGsE=&xsec_source=pc_search,小红书,职场表达,2026-08-06,399
用好这些词，让表达更有逻辑性说服力,https://www.xiaohongshu.com/explore/6a09b406000000003700e7d0?xsec_token=ABm9TeirOI0swHM7r_ieMOROLtgt78QGbJfPXCFR9Un68=&xsec_source=pc_search,小红书,职场表达,2026-08-06,118
84年，42岁，面对草台leader的5个顶级心态,https://www.xiaohongshu.com/explore/69fc8c4d000000003502532d?xsec_token=ABkxlYB4Vgoyk5aNDdjyYp64tYiZvqMJn_awUjzAG9Gfk=&xsec_source=pc_search,小红书,职场表达,2026-08-06,869
40岁，在职业倦怠期对自己的忠告，请再坚持,https://www.xiaohongshu.com/explore/69dc3f69000000002301e4ff?xsec_token=ABlXCt1FSztGRKYJ7UtCpnYMKb8d3ZYRIFpZxkPYfjwO8=&xsec_source=pc_search,小红书,职场表达,2026-08-06,1492
超级干货：如何用新闻复述法练习表达能力,https://www.xiaohongshu.com/explore/67f74d68000000001e00235c?xsec_token=AB_Umpm6c3w_rtrTjJhQUxZ-AgQfJHwumzt0TSUFhX2-w=&xsec_source=pc_search,小红书,职场表达,2026-08-06,未知
挂了5家，才明白的北美Phone interview大忌,https://www.xiaohongshu.com/explore/689dafac000000001c0350ff?xsec_token=ABK0ynviMVrKPyWD7vznpvua8LADRWdomcF646TX_wdK4=&xsec_source=pc_search,小红书,面试技巧,2026-08-06,683
其实面试中沟通的丝滑感，是可以逼出来的,https://www.xiaohongshu.com/explore/69d788da000000001a023f12?xsec_token=ABSNoVHsMcXM505990WyHIcQ8k-_eiqZMcUi_pwAOHwYg=&xsec_source=pc_search,小红书,面试技巧,2026-08-06,1153
面试官最喜欢的7个离职原因不怕背调版,https://www.xiaohongshu.com/explore/69a311f80000000015030a5d?xsec_token=ABIDlkISNIKNhiOo6y06UBr5LYkfjzmA9-Jx6WZDdJA7E=&xsec_source=pc_search,小红书,面试技巧,2026-08-06,4.1万
像销售一样去面试：3类信息帮你拿回主动权,https://www.xiaohongshu.com/explore/69ee9102000000003501ca49?xsec_token=AB1UYtcAfM0CWt-h5YE7YRBTNwvbWafBse1UlLNQmdqTU=&xsec_source=pc_search,小红书,面试技巧,2026-08-06,6021
【面试急救包】外企面试翻来覆去就问这些,https://www.xiaohongshu.com/explore/69426762000000001e024593?xsec_token=ABilTjcczIAhSdcPVuAl6EioSDHiZjI0TuHLLc6s-7KR0=&xsec_source=pc_search,小红书,面试技巧,2026-08-06,未知
面试时哪些话不能说？以及应该怎么说,https://www.xiaohongshu.com/explore/66cddbab000000001d016705?xsec_token=AB6TmR44us97s7QHggs5FPUvF_sn8Y0BuyNUw9B-UIQOY=&xsec_source=pc_search,小红书,面试什么话不能说,2026-08-06,777
面试时，别再说这样的话了,https://www.xiaohongshu.com/explore/67b802f8000000002a000dbc?xsec_token=ABASyKKKoeYh7e61jbpgUzT8uL33RbHRHhSqVO0YxD4qg=&xsec_source=pc_search,小红书,面试什么话不能说,2026-08-06,972
建议大家面试不该说的话别说,https://www.xiaohongshu.com/explore/6910affb00000000070232b8?xsec_token=ABoWHWXa9lxEC7Z928kqKdAO29mYj08_5g3uJok2pyPxQ=&xsec_source=pc_search,小红书,面试什么话不能说,2026-08-06,3858
面试一定不要太老实,https://www.xiaohongshu.com/explore/6a7428d8000000003300e7b1?xsec_token=ABCvGg8BzJlYLfKwfe8nGdcDdLvlrQ0vnfaYz6ncy3FyY=&xsec_source=pc_search,小红书,面试什么话不能说,2026-08-06,未知
弱者表达习惯替换表,https://www.xiaohongshu.com/explore/68ad8897000000001d004134?xsec_token=ABT3bEFzZf3aL0c4V1XUKD40uwkp8uWSaM4HNwXwUDbmE=&xsec_source=pc_search,小红书,弱者表达替换表,2026-08-06,223
别再卑微自证，高段位沟通只做3个替换,https://www.xiaohongshu.com/explore/6a588296000000001b01dfb1?xsec_token=ABROtlIw0VXmV1j_yfPQG-HdgOp5eocVZdhjXYeepoQoo=&xsec_source=pc_search,小红书,弱者表达替换表,2026-08-06,未知
社交时，切忌弱者表达,https://www.xiaohongshu.com/explore/6953a069000000001e015fd2?xsec_token=ABNrycHnQDFJUd8jY2-YmsIsCXymlaWHDvuMlFsq30xbo=&xsec_source=pc_search,小红书,弱者表达替换表,2026-08-06,未知
绝了积极表达方式替换表来啦,https://www.xiaohongshu.com/explore/68a6673d000000001d02b955?xsec_token=ABzMt8MyHEI6SrozO9xhZuqfErx663oe-g7F-4Zsq0Dr0=&xsec_source=pc_search,小红书,弱者表达替换表,2026-08-06,未知
积极表达方式替换表,https://www.xiaohongshu.com/explore/67e7684a000000001d01eb84?xsec_token=ABiHQS6zUNdv836cYxjBXABGQCCRh6YcEiPH2cMrn8kHE=&xsec_source=pc_search,小红书,弱者表达替换表,2026-08-06,未知
社交中弱者表达的6个潜在信号,https://www.xiaohongshu.com/explore/693255cd000000001e000c12?xsec_token=ABxmO8lVt-SeZEz1Qa6jyLUwoOWPRdQMJcoxwNuP19__0=&xsec_source=pc_search,小红书,弱者表达替换表,2026-08-06,未知
社交大忌弱者表达不要把自己放在低位,https://www.xiaohongshu.com/explore/68ecda890000000004011650?xsec_token=ABcyS9j8Rj8Pn33Bnjv9TqB7r1QoFh-TXRaj5EyQWy7ak=&xsec_source=pc_search,小红书,弱者表达替换表,2026-08-06,未知
社交时切忌弱者表达,https://www.xiaohongshu.com/explore/6a15577e0000000008026f0f?xsec_token=ABFM-rA5x-3u_VBu2-GvbcEHATRd0t476aS7IQjZWCvLs=&xsec_source=pc_search,小红书,弱者表达替换表,2026-08-06,未知
改变人生的吸引力法则戒掉你的弱者气息,https://www.xiaohongshu.com/explore/6a623f24000000001c00d5b8?xsec_token=ABCnKDenMZ-JVvUHSylnjC4AAtfrEfnZF1P0crMzfPkyA=&xsec_source=pc_search,小红书,弱者表达替换表,2026-08-06,未知
别再假装听懂了：HR必懂的AI界暗语,https://www.xiaohongshu.com/explore/6a68a1c400000000100271e6?xsec_token=AB2kNPWqwBu-JK_IMtCdAEpES-ei2RFg59bCH2gS8Qx_s=&xsec_source=pc_search,小红书,HR面试黑话,2026-08-06,未知
招聘的行业黑话,https://www.xiaohongshu.com/explore/6a5711ea0000000017028fe9?xsec_token=AB0Jap9cngF1TJIj_gyas9rgROXvgcpPaQHRB6clPv5PM=&xsec_source=pc_search,小红书,HR面试黑话,2026-08-06,7873
HR自曝：面试听到这5句话，快跑,https://www.xiaohongshu.com/explore/6a7413f000000000330104d4?xsec_token=ABCvGg8BzJlYLfKwfe8nGdcPCpIx30SIO73oHw5Mv7ZPs=&xsec_source=pc_search,小红书,HR面试黑话,2026-08-06,未知
团队氛围好等于天天加班5句HR黑话拆穿,https://www.xiaohongshu.com/explore/6a72a73b0000000025017a2d?xsec_token=AB-O1-1M5qRLqBsk8uRSC1F8t0BwD-drU3JiW4OUOaU98=&xsec_source=pc_search,小红书,HR面试黑话,2026-08-06,未知
HR面试黑话避雷这3类公司是坑中坑,https://www.xiaohongshu.com/explore/6a718bd3000000002500bbd5?xsec_token=ABJ67AJwpaEbbSDyndwOBnXgs9Y4HZ4RpxmG-klRjLKx8=&xsec_source=pc_search,小红书,HR面试黑话,2026-08-06,未知
HR面试黑话，一直在进化,https://www.xiaohongshu.com/explore/6a2180ad0000000022020172?xsec_token=ABK9kYhnGLt77xouyINyb9T6pt_pNz_CjZWwVfQzK70AM=&xsec_source=pc_search,小红书,HR面试黑话,2026-08-06,未知
HRBP高频黑话清单,https://www.xiaohongshu.com/explore/699ff11c000000002202febd?xsec_token=ABCvB2kHGD7Oa_RtnEvArSyqmLQzgNx1jwr2QTeRGDcDE=&xsec_source=pc_search,小红书,HR面试黑话,2026-08-06,未知
前HR揭秘：面试时这5句话一听就是坑,https://www.xiaohongshu.com/explore/6a71978f0000000005022c92?xsec_token=ABJ67AJwpaEbbSDyndwOBnXlU6n79xIX7oqX7MaJcGUEI=&xsec_source=pc_search,小红书,HR面试黑话,2026-08-06,未知
HR面试黑话翻译面试前一定背下来,https://www.xiaohongshu.com/explore/67d009ed000000002902757d?xsec_token=AB1WYUaBM5BxxsD9ook8s0tAFv1Rx8NttKQXRm5wE6nqs=&xsec_source=pc_search,小红书,HR面试黑话,2026-08-06,1035
HR面试黑话全解析听懂秒变人间清醒,https://www.xiaohongshu.com/explore/692d46e7000000001e009e60?xsec_token=ABMWZn9-thbApgrS1RMcAepWKokYLuQ1-uexYwtR2FYfc=&xsec_source=pc_search,小红书,HR面试黑话,2026-08-06,未知
给大家展示下外企面试需要英语口语有多流利,https://www.xiaohongshu.com/explore/6a465b9b00000000110059c0?xsec_token=ABpOtIMLDH4jJTZZrsOXw4pbALQKnwJ6DOx_aImUvACUo=&xsec_source=pc_search,小红书,面试练习,2026-08-06,4187
如何用ChatGPT Mock面试,https://www.xiaohongshu.com/explore/698e8667000000001d011b8d?xsec_token=ABD2DnJzr1SHXNp4iGFxBjVN7TvCVgyQtgBbdJkm0X-f4=&xsec_source=pc_search,小红书,面试练习,2026-08-06,874
面试练习如何优雅自然的看稿,https://www.xiaohongshu.com/explore/699d7e8f000000000a02995b?xsec_token=ABg6UKlD33yrXGHiGG9jneH4OteuQlV1TmoaE6b6mnjss=&xsec_source=pc_search,小红书,面试练习,2026-08-06,112
Lollipop 1.0发布，你的AI面试官,https://www.xiaohongshu.com/explore/69fc6b860000000035029b43?xsec_token=ABkxlYB4Vgoyk5aNDdjyYp60mA2EpqvAhm8wx5g5PMCzU=&xsec_source=pc_search,小红书,面试练习,2026-08-06,791
每天认识一款AI产品——Lollipop,https://www.xiaohongshu.com/explore/69fc8b6b000000001e00e05c?xsec_token=ABkxlYB4Vgoyk5aNDdjyYp63Bzs18UXom74W6DHeA3aJY=&xsec_source=pc_search,小红书,面试练习,2026-08-06,未知
难怪他们job interview都这么轻松,https://www.xiaohongshu.com/explore/67f63a7a000000001d025357?xsec_token=ABm6K8egB1yfOac8lFTIhVNqPdzkjeZ7wzXT9o4SEb5QU=&xsec_source=pc_search,小红书,面试练习,2026-08-06,1.8万
我把AI面试提词器开源了还自带隐身,https://www.xiaohongshu.com/explore/6a50ddc800000000080027a6?xsec_token=ABsAPq7YILMOP9kH17qAMj87uIudi-x11mAm-gCG5a704=&xsec_source=pc_search,小红书,面试练习,2026-08-06,115
下属越级汇报？2句话回应不激化矛盾,https://www.xiaohongshu.com/explore/69ab8bd9000000000d00a160?xsec_token=ABnKti2O_OHU3FClrBkxVLey4-OksUOe_vQ9FiCa0fDig=&xsec_source=pc_search,小红书,越级汇报怎么跟领导说,2026-08-06,未知
越级汇报的保命四招,https://www.xiaohongshu.com/explore/6a5df813000000001101ab69?xsec_token=ABaAOT7Im7LPZ4FgQjlH1QlmjvDAPMFA4zdqwbgrnhsBU=&xsec_source=pc_search,小红书,越级汇报怎么跟领导说,2026-08-06,未知
职场越级汇报前，这句话能救你,https://www.xiaohongshu.com/explore/69a93982000000002203263d?xsec_token=AB-Kg-t7cq87K0gdzr2XU3wOrDjHNTzWZr8q0ggb563js=&xsec_source=pc_search,小红书,越级汇报怎么跟领导说,2026-08-06,未知
正确打开越级汇报避坑亮相保命,https://www.xiaohongshu.com/explore/6a1eaf0d00000000080336a0?xsec_token=AB18DYQg4YdbhoXnINBTNdG2QSWNNixsOxzPUjt3-x9CM=&xsec_source=pc_search,小红书,越级汇报怎么跟领导说,2026-08-06,1.2万
越级汇报Si得快？错那是你不懂正确操作,https://www.xiaohongshu.com/explore/689c199d000000001d020d6e?xsec_token=ABlfVDtPq3MpSj9gkdRQDS_jLQF7NZwZvtLwFsySpU34M=&xsec_source=pc_search,小红书,越级汇报怎么跟领导说,2026-08-06,未知
要想提拔快，必须学会越级汇报,https://www.xiaohongshu.com/explore/67fba9f0000000001c01587e?xsec_token=AB8HUkhPc-nwUQiAqN5Dv_fp_dpVrBH9bUFDkhMmgnbSE=&xsec_source=pc_search,小红书,越级汇报怎么跟领导说,2026-08-06,未知
下属越级汇报，你该如何接招,https://www.xiaohongshu.com/explore/69c11613000000001d01ec14?xsec_token=ABY7PvnNqXvubEIgzwReBlmjh5cPKruSCmPBaZlihGh_M=&xsec_source=pc_search,小红书,越级汇报怎么跟领导说,2026-08-06,未知
管理智慧破局越级汇报有妙招,https://www.xiaohongshu.com/explore/69b649ff000000001a031894?xsec_token=ABEwDNZTz6J8Nuo1MCcNWuw6rQbw8gGj934dk9AkHiEAs=&xsec_source=pc_search,小红书,越级汇报怎么跟领导说,2026-08-06,未知
如何应对下属的越级汇报,https://www.xiaohongshu.com/explore/68492420000000002001dab1?xsec_token=ABYS5TJnLkgLgFe2n4gBO0DajzA6LVRSqKsDyacCQb7z4=&xsec_source=pc_search,小红书,越级汇报怎么跟领导说,2026-08-06,548
如何对付坏领导跨级汇报暗黑艺术,https://www.xiaohongshu.com/explore/684270e2000000002202e67f?xsec_token=ABEUk5w0CQWXSIngSJf89lprAS2AFevv0TvgJ0ajE1nl8=&xsec_source=pc_search,小红书,越级汇报怎么跟领导说,2026-08-06,未知
领导跟你关系再好，也别用这5种语气说话，情商高手都用这样做,https://zhuanlan.zhihu.com/p/435303083,网页,职场表达,2026-08-06,-
跨级汇报的技巧与注意事项,https://www.mpulse.vip/cases/15a233946a25fd8b020694680e46619d,网页,越级汇报怎么跟领导说,2026-08-06,-
职场表达｜像高层一样说话,https://www.xiaohongshu.com/explore/6859239d000000000b01dc17,小红书,职场表达,2026-08-07,3.8万
利他性话术全场景应用指南（100例）,https://www.xiaohongshu.com/explore/680b5940000000001d023aab,小红书,职场表达,2026-08-07,3258
不以找工作为目的去面试反而更容易找到工作,https://www.xiaohongshu.com/explore/69a04bbe000000001600aa0e,小红书,面试技巧,2026-08-07,1万
准备越充分，面试越僵硬？,https://www.xiaohongshu.com/explore/690cff4e0000000005010bd3,小红书,面试技巧,2026-08-07,1393
面试通关十个高频场景话术，背下即用,https://www.xiaohongshu.com/explore/6a3d40940000000021021a6c,小红书,面试什么话该说,2026-08-07,2090
面试官的潜台词你一定要懂❗不该说的话别说,https://www.xiaohongshu.com/explore/69d61733000000002200e98e,小红书,面试什么话不能说,2026-08-07,4719
HR听了最反感的5句话,https://www.xiaohongshu.com/explore/6854265a00000000220311b2,小红书,面试什么话不能说,2026-08-07,1.2万
我姑是事业编面试官，她说过不了的很明显,https://www.xiaohongshu.com/explore/6a2294cb000000000602152a,小红书,面试什么话不能说,2026-08-07,614
讨好型人格如何自救,https://www.xiaohongshu.com/explore/6a755377000000000502857d,小红书,讨好型人格改掉,2026-08-07,
停止讨好，立刻变强,https://www.xiaohongshu.com/explore/699182f8000000000b00abcb,小红书,讨好型人格改掉,2026-08-07,2563
"讨好型人格：你不是太善良,而是太害怕",https://www.xiaohongshu.com/explore/6916021b00000000040129a7,小红书,讨好型人格改掉,2026-08-07,2956
如何戒掉习惯性讨好,https://www.xiaohongshu.com/explore/69e36358000000001a033d84,小红书,讨好型人格改掉,2026-08-07,
如何戒掉讨好型人格？,https://www.xiaohongshu.com/explore/68fcd77a0000000005000c92,小红书,讨好型人格改掉,2026-08-07,2447
摆脱讨好型人格7步法,https://www.xiaohongshu.com/explore/6a41c90a000000000702f9d6,小红书,讨好型人格改掉,2026-08-07,
讨好型人格的救赎！,https://www.xiaohongshu.com/explore/68414e3500000000200287d9,小红书,讨好型人格改掉,2026-08-07,2625
讨好型人格相关高赞笔记(喵的心理课),https://www.xiaohongshu.com/explore/68092bcb000000000b01e3fe,小红书,讨好型人格改掉,2026-08-07,10.9万
杀死讨好型人格：阿德勒的心理断舍离,https://www.xiaohongshu.com/explore/6964b3a2000000000a02bbdf,小红书,讨好型人格改掉,2026-08-07,252
讨好型人格，大多来自于这两种家庭！,https://www.xiaohongshu.com/explore/693e3650000000001e0274e5,小红书,讨好型人格改掉,2026-08-07,
男生不唯唯诺诺，做好这5个微习惯就够了,https://www.xiaohongshu.com/explore/69d39cb3000000002003a6ae,小红书,讨好型人格改掉,2026-08-07,675
停止讨好，开始自爱，荣格教你不再内耗,https://www.xiaohongshu.com/explore/68be8b6d000000001b0232ee,小红书,讨好型人格改掉,2026-08-07,2024
讨好型人格一旦觉醒，人生就会开挂！,https://www.xiaohongshu.com/explore/6964c2e3000000000e03c08f,小红书,讨好型人格改掉,2026-08-07,168
中了3条以上，你就是典型的讨好型人格！,https://www.xiaohongshu.com/explore/69e378a500000000230129bc,小红书,讨好型人格改掉,2026-08-07,
当你终于学会自私世界就开始对你好！,https://www.xiaohongshu.com/explore/6a0a49dd0000000035039b62,小红书,讨好型人格改掉,2026-08-07,
别再自我感动了！讨好型人格不是善良是恐惧,https://www.xiaohongshu.com/explore/6a747b70000000000502acec,小红书,讨好型人格改掉,2026-08-07,
一个人开始放下讨好型人格的8个迹象,https://www.xiaohongshu.com/explore/6a61e167000000001003e476,小红书,讨好型人格改掉,2026-08-07,
敏感内耗，玻璃心反复默念，慢慢稳住内心,https://www.xiaohongshu.com/explore/6a2d61310000000007012662,小红书,讨好型人格改掉,2026-08-07,1658
如何说话更有条理？,https://www.xiaohongshu.com/explore/66156145000000001a010964,小红书,结论原因建议汇报公式,2026-08-07,1927
麦肯锡封神思考法，沟通汇报直接抄作业,https://www.xiaohongshu.com/explore/6964a934000000002103c62e,小红书,结论原因建议汇报公式,2026-08-07,509
30秒说清一件事，其实有通用公式,https://www.xiaohongshu.com/explore/69eb40d50000000020007000,小红书,结论原因建议汇报公式,2026-08-07,
汇报先说结论，戒掉废话,https://www.xiaohongshu.com/explore/69c87dd2000000001a036a02,小红书,结论原因建议汇报公式,2026-08-07,
被老板夸爆的汇报逻辑！建议所有职场人死磕,https://www.xiaohongshu.com/explore/69b6d544000000001a035bd6,小红书,结论原因建议汇报公式,2026-08-07,
工作能力强的人，都擅长结构化汇报,https://www.xiaohongshu.com/explore/66d155b1000000001d038082,小红书,结论原因建议汇报公式,2026-08-07,3614
为什么你一开口，别人就听不下去,https://www.xiaohongshu.com/explore/69c2666f000000001a02093a,小红书,结论原因建议汇报公式,2026-08-07,
强烈建议所有职场人，一定要学会SCQA表达法,https://www.xiaohongshu.com/explore/6945573f000000001e007a00,小红书,结论原因建议汇报公式,2026-08-07,
在大厂，汇报强的人都是这样炼成的,https://www.xiaohongshu.com/explore/684bee4f000000002100140b,小红书,结论原因建议汇报公式,2026-08-07,1755
汇报的第一性原理：到底应该讲什么怎么讲,https://www.xiaohongshu.com/explore/6a7528200000000005033708,小红书,结论原因建议汇报公式,2026-08-07,
让自己表达有逻辑的五个万能表达公式,https://www.xiaohongshu.com/explore/67f7dc6f000000001c031ddb,小红书,结论原因建议汇报公式,2026-08-07,1938
替你们试过了，这套万能公式很有用！,https://www.xiaohongshu.com/explore/66f4bb64000000002c015328,小红书,结论原因建议汇报公式,2026-08-07,
领导说我的开场又高级又自然！,https://www.xiaohongshu.com/explore/672a3105000000001a01f432,小红书,高质量汇报话术,2026-08-07,1.7万
你越这样汇报工作，领导越欣赏你,https://www.xiaohongshu.com/explore/6a0d875a000000003700ea0d,小红书,高质量汇报话术,2026-08-07,110
一小时搞定一次汇报,https://www.xiaohongshu.com/explore/67f63ad8000000001c007b3d,小红书,高质量汇报话术,2026-08-07,2505
向领导汇报工作的正确姿势（附话术模板）,https://www.xiaohongshu.com/explore/69eeb9430000000036000f24,小红书,高质量汇报话术,2026-08-07,138
提升表达能力原来如此简单,https://www.xiaohongshu.com/explore/6848cfca000000002202f34a,小红书,表达框架,2026-08-07,1.4万
如何做一个表达能力很强的人,https://www.xiaohongshu.com/explore/69cfdb4f000000001a033188,小红书,表达框架,2026-08-07,2941
当你发现你的逻辑很混乱：搭框架,https://www.xiaohongshu.com/explore/68b6fb95000000001c0057e9,小红书,表达框架,2026-08-07,1313
讲话没逻辑？ 你缺个表达框架,https://www.xiaohongshu.com/explore/691d5985000000001f006bdb,小红书,表达框架,2026-08-07,5698
锦囊33-SCQA：故事沟通的万能公式,https://www.xiaohongshu.com/explore/698fd794000000001a01e1bd,小红书,表达框架,2026-08-07,
总结一些近期高强度面试的小tips,https://www.xiaohongshu.com/explore/6a211f4f0000000007024a32,小红书,面试技巧,2026-08-07,3154
面试的本质，其实就是气质筛选～✅,https://www.xiaohongshu.com/explore/69f245ae0000000037035ed5,小红书,面试活人感,2026-08-07,1077
拿不下面试官可能是因为没“活人感”,https://www.xiaohongshu.com/explore/67c5c417000000002900995a,小红书,面试活人感,2026-08-07,1251
面试答题一定要有活人感,https://www.xiaohongshu.com/explore/693b815b000000001d03ed5e,小红书,面试活人感,2026-08-07,949
面试最重要不是能力而是你展现出的掌控感,https://www.xiaohongshu.com/explore/6a01ed050000000006021ea0,小红书,面试活人感,2026-08-07,
【howto|一分钟提升面试活人感】,https://www.xiaohongshu.com/explore/6a2d41ec0000000022021433,小红书,面试活人感,2026-08-07,
弱者感，就是时常感到羞耻,https://www.xiaohongshu.com/explore/6a64862200000000110074a0,小红书,弱者气息改掉方法,2026-08-07,
如何彻底戒掉你身上的弱者气息？,https://www.xiaohongshu.com/explore/65fd6cfb0000000012034622,小红书,弱者气息改掉方法,2026-08-07,
（视频类，无文字标题）,https://www.xiaohongshu.com/explore/69a9442d000000001d024e9c,小红书,弱者气息改掉方法,2026-08-07,3592
"两个实操动作，摆脱""弱者""气息",https://www.xiaohongshu.com/explore/69ec9f44000000003601d57b,小红书,弱者气息改掉方法,2026-08-07,222
荣格|弱者气息，就是常常感到羞耻,https://www.xiaohongshu.com/explore/69c4ec480000000021013013,小红书,弱者气息改掉方法,2026-08-07,559
（视频类，无文字标题）,https://www.xiaohongshu.com/explore/69c37864000000002003b707,小红书,弱者气息改掉方法,2026-08-07,8790
戒掉弱者气息的几个tips,https://www.xiaohongshu.com/explore/6a0ff654000000003601d0f9,小红书,弱者气息改掉方法,2026-08-07,
怎么改掉自己身上的弱者气息,https://www.xiaohongshu.com/explore/67a895a2000000002902ee5f,小红书,弱者气息改掉方法,2026-08-07,1.6万
如何彻底去掉身上弱者气息，提升自己的能量,https://www.xiaohongshu.com/explore/6a732c050000000021021f9d,小红书,弱者气息改掉方法,2026-08-07,
你身上的“弱者气息”，可以被闻到,https://www.xiaohongshu.com/explore/6a73449e000000002c005a74,小红书,弱者气息改掉方法,2026-08-07,
戒掉弱感❗养成强者气质，你的人生从此开挂,https://www.xiaohongshu.com/explore/675aa933000000000603ce66,小红书,弱者气息改掉方法,2026-08-07,
7个反内耗社交心法，让你戒掉弱者气息,https://www.xiaohongshu.com/explore/6a5b93ef000000001b01e5b0,小红书,弱者气息改掉方法,2026-08-07,9.5万
如何戒掉身上的弱者气息,https://www.xiaohongshu.com/explore/6a657b8800000000130273d6,小红书,弱者气息改掉方法,2026-08-07,4999
弱者气息，就是常常感到羞耻,https://www.xiaohongshu.com/explore/69dd071300000000230131f9,小红书,弱者气息改掉方法,2026-08-07,727
请释放你的强者气息,https://www.xiaohongshu.com/explore/6992c677000000001a02e06f,小红书,弱者气息改掉方法,2026-08-07,127
健身是戒掉弱者气息最快的方式,https://www.xiaohongshu.com/explore/6a7485800000000025007fc4,小红书,弱者气息改掉方法,2026-08-07,1257
口头 Offer别当真😭 全套应对指南收好,https://www.xiaohongshu.com/explore/6a1d0280000000000702a2d4,小红书,口头说面试通过了,2026-08-07,
好不容易拿了口头offer 凌晨突然收到拒信,https://www.xiaohongshu.com/explore/69305dcb000000001d03ae93,小红书,口头说面试通过了,2026-08-07,700
口头offer被鸽的概率,https://www.xiaohongshu.com/explore/69fc1b74000000001b0201d1,小红书,口头说面试通过了,2026-08-07,
口头offer后多久才能正式offer啊🇩🇪,https://www.xiaohongshu.com/explore/697a4c76000000000a02f965,小红书,口头说面试通过了,2026-08-07,
北美找工小记｜口头 offer 被撤的经历 😭,https://www.xiaohongshu.com/explore/694246c6000000001d03c226,小红书,口头说面试通过了,2026-08-07,
（无文字标题）,https://www.xiaohongshu.com/explore/6a1555b4000000003700f646,小红书,口头说面试通过了,2026-08-07,998
别让口头Offer变成大饼！【求职必看】,https://www.xiaohongshu.com/explore/66bf1ead000000001e01a140,小红书,口头说面试通过了,2026-08-07,147
（无文字标题）,https://www.xiaohongshu.com/explore/69498d64000000001e02df4d,小红书,口头说面试通过了,2026-08-07,354
verbal offer之后大家多久才收到正式offer,https://www.xiaohongshu.com/explore/6a3c40e1000000000e038401,小红书,口头说面试通过了,2026-08-07,
面完一周就给口头offer了！？,https://www.xiaohongshu.com/explore/6879afaa000000001202d46d,小红书,口头说面试通过了,2026-08-07,
斯坦福口头offer被鸽经历+1,https://www.xiaohongshu.com/explore/6a702944000000003302fb9c,小红书,口头说面试通过了,2026-08-07,220
口头offer被鸽,https://www.xiaohongshu.com/explore/6a463e9400000000070107db,小红书,口头说面试通过了,2026-08-07,
当HR说了这些话，预示你面试通过了👍,https://www.xiaohongshu.com/explore/689d54b9000000001d0278e3,小红书,口头说面试通过了,2026-08-07,
离入职最近的一次 到手的鸭子飞了,https://www.xiaohongshu.com/explore/671961950000000024016315,小红书,口头说面试通过了,2026-08-07,601
面试避雷|口头offer不是offer。,https://www.xiaohongshu.com/explore/69fb4b36000000001f00331b,小红书,口头说面试通过了,2026-08-07,
"等来了口头offer,没有等来正式offer",https://www.xiaohongshu.com/explore/6a01eaf7000000000702193d,小红书,口头说面试通过了,2026-08-07,
拿到口头offer，心里七上八下的,https://www.xiaohongshu.com/explore/69d9d27b0000000022001cd3,小红书,口头说面试通过了,2026-08-07,
职场中更senior的表达方式,https://www.xiaohongshu.com/explore/6a398575000000001101d2b0,小红书,职场高级表达大全,2026-08-07,1013
项目经理必备：会议控场英语全套表达,https://www.xiaohongshu.com/explore/6a33e96d000000001003dea9,小红书,职场高级表达大全,2026-08-07,723
职场英语｜跟个汇丰银行CEO学高级表达5,https://www.xiaohongshu.com/explore/6a0dc5600000000007011e88,小红书,职场高级表达大全,2026-08-07,1350
🔥经典名人语录｜高级且做清醒打工人的句子,https://www.xiaohongshu.com/explore/69e72ee5000000001a02cfc8,小红书,职场高级表达大全,2026-08-07,
外企英语 | 老外都在用的100个职场高频短语,https://www.xiaohongshu.com/explore/67fb6b56000000001d02607f,小红书,职场高级表达大全,2026-08-07,889
听不懂职场黑话？这次全部翻译成人话,https://www.xiaohongshu.com/explore/6a6059a40000000011014fad,小红书,职场高级表达大全,2026-08-07,
高手都在用！让你谈吐秒变高级的词汇,https://www.xiaohongshu.com/explore/6a2d6a460000000015024b13,小红书,职场高级表达大全,2026-08-07,1640
“字少，惊艳”,https://www.xiaohongshu.com/explore/67b301a6000000002903a9ff,小红书,职场高级表达大全,2026-08-07,4.9万
表达能力强的人，讲话都是有公式的！,https://www.xiaohongshu.com/explore/67d1572c000000002803fc6c,小红书,职场表达,2026-08-07,2572
🔥🔥🔥 6位数年薪的面试，都准备了这10题,https://www.xiaohongshu.com/explore/69a6c494000000002603d043,小红书,面试技巧,2026-08-07,
加拿大面试最后5分钟：一句话HR当场发Offer,https://www.xiaohongshu.com/explore/67b93b7a000000000603d0b6,小红书,面试技巧,2026-08-07,
面试开场白，如何做自我介绍,https://www.xiaohongshu.com/explore/6710d6e8000000001402e029,小红书,面试什么话该说,2026-08-07,1051
面试时，自我介绍和工作经历千万别混着说,https://www.xiaohongshu.com/explore/6a758f1b0000000026036ae5,小红书,面试什么话该说,2026-08-07,174
如何在20词以内精准介绍自己，让人久久难忘,https://www.xiaohongshu.com/explore/6a72e91a000000002402dd4e,小红书,面试什么话该说,2026-08-07,3695
HR面过两千人总结出的经验❗️拿offer必看👍,https://www.xiaohongshu.com/explore/66d2e147000000001f03f066,小红书,面试什么话该说,2026-08-07,
面试时那些话千万不能说,https://www.xiaohongshu.com/explore/65d5d27e0000000001028dd5,小红书,面试什么话不能说,2026-08-07,1170
原来HR醉讨厌听这几句话🤬你踩雷了吗？,https://www.xiaohongshu.com/explore/66bfbe120000000025030230,小红书,面试什么话不能说,2026-08-07,4438
面试官警告：面试时这些话不能说🚫,https://www.xiaohongshu.com/explore/6653e1c90000000014018033,小红书,面试什么话不能说,2026-08-07,1.2万
🇨🇦震惊！职场狠人谈薪方法都在这了！,https://www.xiaohongshu.com/explore/6879fe0b000000001c0368f2,小红书,应届生怎么谈薪,2026-08-07,
薪资被砍了还不知道？谈薪前先确认这些‼️,https://www.xiaohongshu.com/explore/683808bf000000001101d0de,小红书,应届生怎么谈薪,2026-08-07,
🔥14句高阶薪资谈判话术，帮你多拿50万,https://www.xiaohongshu.com/explore/69a96d13000000002202f2d1,小红书,应届生怎么谈薪,2026-08-07,161
面试谈高薪小tips,https://www.xiaohongshu.com/explore/6a1142590000000035029d25,小红书,应届生怎么谈薪,2026-08-07,11.8万
想谈薪资无从开口？5步教你拿下更高工资,https://www.xiaohongshu.com/explore/685f79050000000015020f4e,小红书,应届生怎么谈薪,2026-08-07,162
加拿大秋招｜应届生谈薪技巧，年薪有望增收,https://www.xiaohongshu.com/explore/6a17ad7b000000000803cdc2,小红书,应届生怎么谈薪,2026-08-07,
offer薪资不满意，如何二次谈判？,https://www.xiaohongshu.com/explore/69d5c6bb000000001a037e3c,小红书,收到offer怎么谈薪,2026-08-07,146
🇨🇦Shopify Senior程序员跳槽总结,https://www.xiaohongshu.com/explore/682bf103000000002002b22f,小红书,收到offer怎么谈薪,2026-08-07,640
🇨🇦职场裁员或解雇前的常见信号⚠️,https://www.xiaohongshu.com/explore/69e66fa7000000002102fbb3,小红书,hr暗示,2026-08-07,
北美职场｜HR说“回去等通知”，真实潜台词是..,https://www.xiaohongshu.com/explore/6a4c351d0000000011004402,小红书,hr暗示,2026-08-07,
救命：公司裁员都先裁这3种人⚠️,https://www.xiaohongshu.com/explore/6a3e272d0000000008031458,小红书,hr暗示,2026-08-07,268
面试结果，HR已经暗示过你,https://www.xiaohongshu.com/explore/67ed2a89000000001202fefc,小红书,hr暗示,2026-08-07,3462
面试中，想招你的人，一般都暗示得很明显,https://www.xiaohongshu.com/explore/68b83682000000001d0376bc,小红书,hr暗示,2026-08-07,742
HR的每一句话都藏着“密码”，翻译过来全是,https://www.xiaohongshu.com/explore/69bbc95d0000000021004bf9,小红书,hr暗示,2026-08-07,
hr这是在暗示我没通过吗……,https://www.xiaohongshu.com/explore/6a4e833c000000001101b4d8,小红书,hr暗示,2026-08-07,109
全干货，可直接记笔记-北美职场被Layoff信号,https://www.xiaohongshu.com/explore/6a6382ab000000000503b999,小红书,hr暗示,2026-08-07,
真正想找你的公司都非常明显,https://www.xiaohongshu.com/explore/6a23c3b10000000035032499,小红书,hr暗示,2026-08-07,3615
HR：你还有什么要问吗？这是一个亮灯信号❗️,https://www.xiaohongshu.com/explore/6855380e0000000010026e00,小红书,hr暗示,2026-08-07,779
PDF直接下载 | 如何得体的暗示同事很愚蠢,https://www.xiaohongshu.com/explore/6a052ff8000000003600154f,小红书,hr暗示,2026-08-07,143
Hr不想录用你的10个暗示,https://www.xiaohongshu.com/explore/69d2212d000000001a02614e,小红书,hr暗示,2026-08-07,
HR的小动作暗示：我不想录用你‼️,https://www.xiaohongshu.com/explore/6656e89e00000000150136bb,小红书,hr暗示,2026-08-07,1061
HR的这些问题，就是代表想要你！,https://www.xiaohongshu.com/explore/689edeab000000001d005698,小红书,hr暗示,2026-08-07,2300
面试遇到这样HR怎么办？,https://www.xiaohongshu.com/explore/6a105f6f000000000702e991,小红书,hr暗示,2026-08-07,233
HR 的小动作暗示：我不想录用你❗❗❗,https://www.xiaohongshu.com/explore/662f7810000000001e019b00,小红书,hr暗示,2026-08-07,2020
如何提前发现Layoff的信号？,https://www.xiaohongshu.com/explore/6a18900800000000070265f2,小红书,hr暗示,2026-08-07,278
作为hr想说：真正想招你的公司都非常明显,https://www.xiaohongshu.com/explore/696a079a000000000b013ac2,小红书,hr暗示,2026-08-07,
看不懂hr潜台词？面试挂一半,https://www.nowcoder.com/feed/main/detail/841a02ab40d74e60b2f69292538d9654,网页,hr暗示,2026-08-07,
2026应届生校招怎么谈薪｜应届生谈薪技巧+避坑全攻略,https://www.itheima.com/news/20260602/170249.html,网页,应届生怎么谈薪,2026-08-07,
应届生求职谈薪与入职待遇规避,https://chatsvision.com/cases/60977a436a2fc54d00424abd5fcfc79b,网页,应届生怎么谈薪,2026-08-07,
锻炼即兴表达的100个话题，狠狠练起来,https://www.xiaohongshu.com/explore/6a7604be0000000025011b97?xsec_token=ABC0KjOQhCTlEqm5Yv0HXR3_SZEoUgPitOzpiJV-P0kjA=&xsec_source=pc_search,小红书,职场表达,2026-08-07,7
职场表达没逻辑，只要这个黄金法则,https://www.xiaohongshu.com/explore/6a75fc2c000000003301321f?xsec_token=ABoWX6vsisjvKH9WvXeUle-7r6bDi0gZ4lPLGWUEGpD5w=&xsec_source=pc_search,小红书,职场表达,2026-08-07,4
职场感悟｜应该实干还是会说？职场心态与成长,https://www.xiaohongshu.com/explore/6a75ec2c000000002403ece0?xsec_token=ABoWX6vsisjvKH9WvXeUle-47Z32YpOiuLvX8w0jRnBZ0=&xsec_source=pc_search,小红书,职场表达,2026-08-07,4
表达力强的人讲话都是有公式的,https://www.xiaohongshu.com/explore/6a75e7a9000000002202ea49?xsec_token=ABoWX6vsisjvKH9WvXeUle--EFr7dhsYdzeo-DOKc7xDQ=&xsec_source=pc_search,小红书,职场表达,2026-08-07,13
那些很高频但是不会说的职场口语表达,https://www.xiaohongshu.com/explore/6a75ba41000000002c000c61?xsec_token=ABoWX6vsisjvKH9WvXeUle-0HEwyxYpOxjhuX49Ofk_sQ=&xsec_source=pc_search,小红书,职场表达,2026-08-07,49
想要快速升职加薪，看懂这套职场底层逻辑！,https://www.xiaohongshu.com/explore/6a759beb0000000025002543?xsec_token=ABoWX6vsisjvKH9WvXeUle-2qWHYixRs30VLow6c1k0gI=&xsec_source=pc_search,小红书,职场表达,2026-08-07,3
长沙职场人表达总紧张，4天练就汇报结构力,https://www.xiaohongshu.com/explore/6a7567550000000027023139?xsec_token=ABoWX6vsisjvKH9WvXeUle-0ttEO8z-e8gLLdaCm_k2Do=&xsec_source=pc_search,小红书,职场表达,2026-08-07,1
带过11个新人后我发现，字节汇报强的人只赢在前30秒,https://www.xiaohongshu.com/explore/6a75a60b0000000033013937?xsec_token=ABoWX6vsisjvKH9WvXeUle-3Kie_IdLG_OHkfLSElEMhA=&xsec_source=pc_search,小红书,职场表达,2026-08-07,13
每日练嘴｜第1天,https://www.xiaohongshu.com/explore/6a7559610000000033035654?xsec_token=ABoWX6vsisjvKH9WvXeUle-69bc6m7AWI4EdEOSAhfdoQ=&xsec_source=pc_search,小红书,职场表达,2026-08-07,7
社交时切忌弱者表达,https://www.xiaohongshu.com/explore/6a750f770000000005030cab?xsec_token=ABoWX6vsisjvKH9WvXeUle-5psgDMPIQ0djLvPzQyIQ8A=&xsec_source=pc_search,小红书,职场表达,2026-08-07,
面试这样回答，成功率提高百分之89！,https://www.xiaohongshu.com/explore/6a7586160000000005028846?xsec_token=ABoWX6vsisjvKH9WvXeUle--0BJYkCil4TKf3ynPBnzIA=&xsec_source=pc_search,小红书,面试技巧,2026-08-07,2
面试遇到不会的，别硬编别沉默,https://www.xiaohongshu.com/explore/6a7557130000000022011e9e?xsec_token=ABoWX6vsisjvKH9WvXeUle-63MoargT-M8wRAEVg1bfZA=&xsec_source=pc_search,小红书,面试技巧,2026-08-07,9
面试被问：你的缺点是什么 3个回答直接上岸,https://www.xiaohongshu.com/explore/6a7526f100000000270212c3?xsec_token=ABoWX6vsisjvKH9WvXeUle-zxb9NzTuOt26zlgstqs3XI=&xsec_source=pc_search,小红书,面试技巧,2026-08-07,8
面试答不上来，猎头教你3招不扣分,https://www.xiaohongshu.com/explore/6a74a1370000000035016f35?xsec_token=ABCvGg8BzJlYLfKwfe8nGdcJrFgOQrEVTMRQZ7ppq8qUY=&xsec_source=pc_search,小红书,面试技巧,2026-08-07,4
拜托面试找工作一定要主动大胆问！,https://www.xiaohongshu.com/explore/6a7443df00000000050305ef?xsec_token=ABCvGg8BzJlYLfKwfe8nGdcOWpqKm69v3mCBN-duMnnAM=&xsec_source=pc_search,小红书,面试技巧,2026-08-07,
面试会重复的人，才会越面越顺,https://www.xiaohongshu.com/explore/6a71cf6b0000000035014954?xsec_token=ABJ67AJwpaEbbSDyndwOBnXsim6VtXLtf-S7AsxtyZwFo=&xsec_source=pc_search,小红书,面试技巧,2026-08-07,476
学历不够，照样打败名校生拿Offer,https://www.xiaohongshu.com/explore/6a7344320000000028008cfb?xsec_token=ABTeBZKOjA0oHoKGRs4tjbDy-NFdAHLkqg-3Pa1QV4Hzo=&xsec_source=pc_search,小红书,面试技巧,2026-08-07,
HR面试高频题 | 照着答秒过,https://www.xiaohongshu.com/explore/6a72b220000000002403efba?xsec_token=AB-O1-1M5qRLqBsk8uRSC1F7COFqVyWZkL_66U0upALV0=&xsec_source=pc_search,小红书,面试技巧,2026-08-07,
找工作别糊涂！这10点必须当面问清楚！,https://www.xiaohongshu.com/explore/6a72b169000000003301fc7b?xsec_token=AB-O1-1M5qRLqBsk8uRSC1F8EtQA9nBhDm2yA4wks_1S0=&xsec_source=pc_search,小红书,面试技巧,2026-08-07,
全面介绍咨询case面试技巧，看了就能提升,https://www.xiaohongshu.com/explore/6a709c7100000000290322c5?xsec_token=ABnCC_PiY2A3rz63JL1aQa6F4uTrgzDgH4VVS-DtgDQ3A=&xsec_source=pc_search,小红书,面试技巧,2026-08-07,
面试真的最最最重要的是会说话,https://www.xiaohongshu.com/explore/6a75d0800000000028008f70?xsec_token=ABoWX6vsisjvKH9WvXeUle-6KzeczXPEJCNaQPjzGIMmQ=&xsec_source=pc_search,小红书,面试什么话该说,2026-08-07,7
面试时不该说的话千万别说,https://www.xiaohongshu.com/explore/6a75c5170000000033036c0c?xsec_token=ABoWX6vsisjvKH9WvXeUle-99xIE5o3QEjDYLW84xRyxQ=&xsec_source=pc_search,小红书,面试什么话该说,2026-08-07,6
广州职场口才｜面试别再说“我学习能力强”,https://www.xiaohongshu.com/explore/6a75bf93000000002203082e?xsec_token=ABoWX6vsisjvKH9WvXeUle-_wsUvhCWSVuo6Y82i1kRn4=&xsec_source=pc_search,小红书,面试什么话该说,2026-08-07,1
面试官问期望薪资该怎么回答,https://www.xiaohongshu.com/explore/6a75b11d0000000026034e61?xsec_token=ABoWX6vsisjvKH9WvXeUle-5zwk4TKoyMYGzOY-8HmpHU=&xsec_source=pc_search,小红书,面试什么话该说,2026-08-07,8
面试被刷90%栽在这！HR不会说的真心话,https://www.xiaohongshu.com/explore/6a757b880000000032021f94?xsec_token=ABoWX6vsisjvKH9WvXeUle-5Pm-3hNoVWWIklhK6kVm5M=&xsec_source=pc_search,小红书,面试什么话该说,2026-08-07,1
面试时HR最喜欢听的8个前公司离职原因,https://www.xiaohongshu.com/explore/6a75686e0000000008012884?xsec_token=ABoWX6vsisjvKH9WvXeUle-wYXhjZzHQlPN08dF2drgPg=&xsec_source=pc_search,小红书,面试什么话该说,2026-08-07,
面试官问到岗时间，是不是有戏了？,https://www.xiaohongshu.com/explore/6a754dc1000000002500e30c?xsec_token=ABoWX6vsisjvKH9WvXeUle-_LYSdCxLwilS__vDlxEo8U=&xsec_source=pc_search,小红书,面试什么话该说,2026-08-07,
面试官问12个问题，提高拿offer几率,https://www.xiaohongshu.com/explore/6a751e2a000000003302f23e?xsec_token=ABoWX6vsisjvKH9WvXeUle-71Tqjqu2f5ShhcmnnXLCzQ=&xsec_source=pc_search,小红书,面试什么话该说,2026-08-07,
面试时一定要这样说！,https://www.xiaohongshu.com/explore/6a745f050000000025012bc3?xsec_token=ABCvGg8BzJlYLfKwfe8nGdcF99vr2PzBhqgxDH1bmOjeQ=&xsec_source=pc_search,小红书,面试什么话该说,2026-08-07,
面试必问10题✅附可直接抄的话术模板,https://www.xiaohongshu.com/explore/6a745e1000000000050310ac?xsec_token=ABCvGg8BzJlYLfKwfe8nGdcEWIpowwUvLBasBsvu4aRxQ=&xsec_source=pc_search,小红书,面试什么话该说,2026-08-07,
面试别乱回答！这几个问题藏着大坑,https://www.xiaohongshu.com/explore/6a75d9ac0000000028033b48?xsec_token=ABoWX6vsisjvKH9WvXeUle-0-MtdKCvd8ZWuH_tpCvHfk=&xsec_source=pc_search,小红书,面试什么话不能说,2026-08-07,2
面试时老板说“我们这儿节奏很快”,https://www.xiaohongshu.com/explore/6a7529d70000000033009db2?xsec_token=ABoWX6vsisjvKH9WvXeUle-1ykbH2ffmrtrML23dwN3qo=&xsec_source=pc_search,小红书,面试什么话不能说,2026-08-07,1
👍奉劝大家，面试不该说的话别说！,https://www.xiaohongshu.com/explore/6a677374000000001400667c?xsec_token=ABUbx_azZQCG1JADDexl0O_JTXFr975CmKbQ1zg6IT0bM=&xsec_source=pc_search,小红书,面试什么话不能说,2026-08-07,120
为什么你会挂行为面试,https://www.xiaohongshu.com/explore/6a73b20a000000002402eeda?xsec_token=ABTeBZKOjA0oHoKGRs4tjbDzsRv_DO9qs7viRBYjSTwNg=&xsec_source=pc_search,小红书,行为面试法,2026-08-07,109
不夸张，我的BQ已经到了秒答的地步,https://www.xiaohongshu.com/explore/66b0ac6c000000002503216c?xsec_token=AB9k0aBiiSTEKgedP_4APesdvDdKIyloc5DjKwNkGfIFg=&xsec_source=pc_search,小红书,行为面试法,2026-08-07,1573
Behavior question面试官心目中的标准答案,https://www.xiaohongshu.com/explore/66a0ea1f000000000600f81e?xsec_token=ABbsehtkMWzLECevPqKvysDAvcLqJBGPEB56WywQHprNM=&xsec_source=pc_search,小红书,行为面试法,2026-08-07,2697
自我介绍90秒结构｜行为面第一题,https://www.xiaohongshu.com/explore/6a54114f000000000f03a000?xsec_token=ABvH1EJVQVpMIscVIyksCjm8FJeXjU37HSaTYxi5zf2i0=&xsec_source=pc_search,小红书,行为面试法,2026-08-07,
第二轮面试别太老实了行吗,https://www.xiaohongshu.com/explore/69997260000000001a030407?xsec_token=ABKohtqb4ioYh1lfHgZh7MwirbU_uXHDNEGDGU9u8xmkc=&xsec_source=pc_search,小红书,行为面试法,2026-08-07,4827
Behavioral面试找到捷径❗面试就像开挂,https://www.xiaohongshu.com/explore/66667cc1000000000d00e26c?xsec_token=ABjW1XTxNuoWBE_r5ekdx7znjTMz0zmEDsi1OFbiokXUw=&xsec_source=pc_search,小红书,行为面试法,2026-08-07,1299
其实Behavioral Interview 80%都是可以预测,https://www.xiaohongshu.com/explore/67be88ec000000002a00c4fd?xsec_token=ABNV5VBomNdqMsqMB9wIiCU00FbXK3ofPjgO0THUOuNvs=&xsec_source=pc_search,小红书,行为面试法,2026-08-07,490
你：要知道的万能接话方式,https://www.xiaohongshu.com/explore/6a760e920000000006007179?xsec_token=ABC0KjOQhCTlEqm5Yv0HXR3zGY-gUv1LuXLF3wabBnBo4=&xsec_source=pc_search,小红书,万能接话,2026-08-07,10
一被夸就不知所措？请大方地接受别人的夸奖,https://www.xiaohongshu.com/explore/6a75d1f2000000002c0073c6?xsec_token=AByP0dVnDigGdYKBwReAc_iSxMaYBeAjaYuGAhpXBWWCY=&xsec_source=pc_search,小红书,万能接话,2026-08-07,78
中场控涨薪密码｜3大类万能话术直接抄,https://www.xiaohongshu.com/explore/6a744c5e0000000022017ba4?xsec_token=ABZ1OwM5TpdPy9FPJnvARmo6ds7ZLTBdLgHYNTVqMvdcM=&xsec_source=pc_search,小红书,万能接话,2026-08-07,26
新同事午餐只聊工作？这一句秒破冰,https://www.xiaohongshu.com/explore/6a758b530000000022033b21?xsec_token=ABzvz3ePM_PblHPvPJel7E7WHrZrZ44sKYUveoS9s5cUM=&xsec_source=pc_search,小红书,万能接话,2026-08-07,2
背下来，这么回击,https://www.xiaohongshu.com/explore/6a745e98000000002701e5c1?xsec_token=ABjI31j2tMq3dlua6cX0pU1H16cYNjihmWCtVQJZufFrA=&xsec_source=pc_search,小红书,万能接话,2026-08-07,26
拯救嘴笨！低成本高回报的职场接话技巧,https://www.xiaohongshu.com/explore/6a734dee0000000033019782?xsec_token=ABWssxQLtDmo0R4UnOKnO9-lALwhCbco2qRdf1LN1pc0Q=&xsec_source=pc_search,小红书,万能接话,2026-08-07,
不知道怎么接话时，这9句万能回复先记住,https://www.xiaohongshu.com/explore/6a734b59000000002402d192?xsec_token=AB6PVv1dY6Pt_gnatq_fpEbd1Bw531ZLtAmtUT91g0hGA=&xsec_source=pc_search,小红书,万能接话,2026-08-07,
30句万能接话的句子，提升表达！,https://www.xiaohongshu.com/explore/6a72b0f90000000033037986?xsec_token=ABdgao5zePFmTNThIIHaIT8rYKBCjDJEjYsxE8qVVcgEA=&xsec_source=pc_search,小红书,万能接话,2026-08-07,114
50句万能场面话,https://www.xiaohongshu.com/explore/6a71f0dd000000003301ba35?xsec_token=ABKZU40gx4OGS9NEornD4iLP5SUDNI6nu6MKJWfoSedAU=&xsec_source=pc_search,小红书,万能接话,2026-08-07,102
接话不尴尬实用技巧！,https://www.xiaohongshu.com/explore/6a71cca50000000005033411?xsec_token=AB2vCss__8aMkBzcz-KF-ZvJrEVrNiqsQhctpcRVSpgrY=&xsec_source=pc_search,小红书,万能接话,2026-08-07,
谈薪时HR说“看能力定”，其实已经暗示了底牌,https://www.xiaohongshu.com/explore/6a758c7e0000000021022710?xsec_token=ABl-oEv55_4_RPqi2hEOlULeP-8CWrt_ZdZz8CqPUwktk=&xsec_source=pc_search,小红书,hr已经暗示你了,2026-08-07,7
面试官说“回去等通知”，其实在暗示这3件事,https://www.xiaohongshu.com/explore/6a6fd2b50000000006004208?xsec_token=ABbsehtkMWzLECevPqKvysDAiQqyKr4paIuGlCJFJEV_0=&xsec_source=pc_search,小红书,hr已经暗示你了,2026-08-07,5
HR这8句暗语，你千万别听反了！,https://www.xiaohongshu.com/explore/6a6e0e780000000008009c00?xsec_token=AB2kNPWqwBu-JK_IMtCdAEpJOQrEg40UiH9eDy6cOdplw=&xsec_source=pc_search,小红书,hr已经暗示你了,2026-08-07,23
HR的不同反应，暗示了你的简历行不行,https://www.xiaohongshu.com/explore/6a60b868000000000101f8a6?xsec_token=ABvsCceyzdPdg_Jcz22Xk7SFgdey8ibQdTbHPVyfdbbco=&xsec_source=pc_search,小红书,hr已经暗示你了,2026-08-07,24
HR这3个表现，暗示面试已凉凉,https://www.xiaohongshu.com/explore/6a59f08c0000000011005635?xsec_token=ABvwWniBn3W1bnrNnUla0fT3fn0o3eOsc9qX7sx1A5CzA=&xsec_source=pc_search,小红书,hr已经暗示你了,2026-08-07,73
面试结果hr已经暗示过你了❗你一定要听懂,https://www.xiaohongshu.com/explore/6a2ff1620000000008026f5b?xsec_token=ABl_RGf4B4Bap1PoFDb5avJkLu8mr4H-JpYHncltmBnC4=&xsec_source=pc_search,小红书,hr已经暗示你了,2026-08-07,846
面试官疯狂暗示你？这些潜台词听不懂=挂！,https://www.xiaohongshu.com/explore/6a22162f000000003601e22f?xsec_token=ABZdBaV_f-0gde9cLfqN_jcXnaHY9xyDIUP8JL8h7uIlI=&xsec_source=pc_search,小红书,hr已经暗示你了,2026-08-07,
其实HR已经暗示你的面试结果了！,https://www.xiaohongshu.com/explore/6a150488000000001002d000?xsec_token=ABglGeceQmNFnU7egaihif0Ed8ErFl7wq3ACvyRRCJ7yU=&xsec_source=pc_search,小红书,hr已经暗示你了,2026-08-07,
HR最后一句话，暗示面试结局？,https://www.xiaohongshu.com/explore/6a04163c000000003701cf66?xsec_token=ABA7_ud2uO0yChTXjqfoJ1GXfI1uCVpziUu8vssRVS40U=&xsec_source=pc_search,小红书,hr已经暗示你了,2026-08-07,3437
面试快结束时，面试官这些话暗示你面试通过,https://www.xiaohongshu.com/explore/69fed58f0000000035025bf3?xsec_token=ABYuaTAgL2DI5SXyNpg639Wz_K2-fMgBOa3dlofOF_LbU=&xsec_source=pc_search,小红书,hr已经暗示你了,2026-08-07,
注意听hr的最后一句话，在暗示面试结果,https://www.xiaohongshu.com/explore/6989feb4000000000b009709?xsec_token=ABBuDKbK8M7VeX73p6biLL8UHGhpDfjwqlco6PPd8Al1E=&xsec_source=pc_search,小红书,hr已经暗示你了,2026-08-07,1132
面试谈薪｜拒绝低价出卖自己,https://www.xiaohongshu.com/explore/6a757c9b00000000220311b4?xsec_token=ABoWX6vsisjvKH9WvXeUle-wcrEra0GE-Qq22rM65jMhM=&xsec_source=pc_search,小红书,应届生谈薪指南,2026-08-07,7
全网最全谈薪资SOP，见者涨薪30%,https://www.xiaohongshu.com/explore/6a6f585e000000002c001401?xsec_token=ABm3GkBVyqKC5r5Zn83HChcLn0ilvfKpw5dGSMIPYCSKo=&xsec_source=pc_search,小红书,应届生谈薪指南,2026-08-07,186
面试谈薪，反反复复就这3类问题,https://www.xiaohongshu.com/explore/6a74a1d2000000000502a58a?xsec_token=ABqXeBgApQlzH5euqdw9g1g49iO6LRxnUyc0_tO21KB30=&xsec_source=pc_search,小红书,应届生谈薪指南,2026-08-07,9
薪资15倍后慢慢懂，和老板怎么“谈”涨薪,https://www.xiaohongshu.com/explore/6a747823000000002500344d?xsec_token=ABFrF8XoRuG2TJWA1mdgJ3tETXQFl-F47mvrWS25JSx1s=&xsec_source=pc_search,小红书,应届生谈薪指南,2026-08-07,28
谈薪不是一口价，是精准博弈,https://www.xiaohongshu.com/explore/6a747f940000000005032f18?xsec_token=ABrLTP6yD2AFl4QZQvwOW-WGus2hOlrhy3AJ6ND6iPMWg=&xsec_source=pc_search,小红书,应届生谈薪指南,2026-08-07,8
想靠跳槽涨薪？这5个薪资谈判技巧一定要知道,https://www.xiaohongshu.com/explore/6a743efe000000000c003000?xsec_token=ABI6CzYzOiHYMQR5ZX0_hZPT3UP7lzb1dIESCsZ9FXtBw=&xsec_source=pc_search,小红书,应届生谈薪指南,2026-08-07,
加薪话术指南｜把工资谈上去,https://www.xiaohongshu.com/explore/6a73f8d80000000035015071?xsec_token=ABsg0Oan8q5kX4S88VPox6I1tTTZTeHYuARo03TC0mQLE=&xsec_source=pc_search,小红书,应届生谈薪指南,2026-08-07,
面试官问我期望薪资，我用英国同事教的三句,https://www.xiaohongshu.com/explore/6a7359e300000000050208c0?xsec_token=ABIWn9xAhLLK8fYxuKEi8Pq4OvrNTkO7XiCOdrk3ODVJU=&xsec_source=pc_search,小红书,应届生谈薪指南,2026-08-07,1240
HR问我期望薪资，我决定先问清楚,https://www.xiaohongshu.com/explore/6a7359220000000006006eb5?xsec_token=AB3F_hCPnPEpmoEAQQJ1y5RqBQZV4rQP4clGUpajip1_Q=&xsec_source=pc_search,小红书,应届生谈薪指南,2026-08-07,
Offer一签，5件事再谈就晚了,https://www.xiaohongshu.com/explore/6a72f3280000000032022250?xsec_token=ABD1HwagCEsGxFkbMetyarpilpCLGKx6GW0i7hyhj5L0w=&xsec_source=pc_search,小红书,应届生谈薪指南,2026-08-07,
面试谈薪资了确定好这12个问题再入职,https://www.xiaohongshu.com/explore/6a72f3070000000005029262?xsec_token=AB4X6RTErwg49NkpFDH0d-qZ2-tG_Y3yKJRU44AoUcYRc=&xsec_source=pc_search,小红书,应届生谈薪指南,2026-08-07,
HR视角：谈offer时这3个隐藏福利一定要问,https://www.xiaohongshu.com/explore/6a72ce460000000005020454?xsec_token=AB0QPAdfDTdzCUa-D6mgAb59U6NAJH-TIw7B2l-WQCAag=&xsec_source=pc_search,小红书,应届生谈薪指南,2026-08-07,
外企英语 | 100句“礼貌发飙” 必备话术,https://www.xiaohongshu.com/explore/6892bb64000000002501a583?xsec_token=ABQfgWkYBttx9aOWCBt4-5ieJY8Wb7L6c6-I3_eAcRpVM=&xsec_source=pc_search,小红书,职场表达,2026-08-08,494
面试说「我们加班解决了」= 自己扣分,https://www.xiaohongshu.com/explore/6a76a3950000000029033738?xsec_token=ABC0KjOQhCTlEqm5Yv0HXR30qGZ9LF8MStRXxCGjr9gPU=&xsec_source=pc_search,小红书,面试什么话该说,2026-08-08,
连挂六个面试是不是太菜了……求大佬建议,https://www.xiaohongshu.com/explore/6a39f5b8000000000f0328e7?xsec_token=ABGJQoG_J1qfnB5P7lHxLqcPIeLRwPzVr_PwfDD4nH4Bc=&xsec_source=pc_search,小红书,面试什么话该说,2026-08-08,
美国面试最大忌讳：你太诚实了！,https://www.xiaohongshu.com/explore/6a0ded4f0000000006031754?xsec_token=ABxKlWq8TuFjHgpevuVmM3qqZ91Z_RodiCrBvj_SC-uIo=&xsec_source=pc_search,小红书,面试什么话不能说,2026-08-08,
真心建议大家面试不该说的话别说..,https://www.xiaohongshu.com/explore/65f067d5000000001203cb46?xsec_token=AB7iFIglRntGkeFkEcsVHPdVKEGHeifl8gmLLH3uk2xnQ=&xsec_source=pc_search,小红书,面试什么话不能说,2026-08-08,1.6万
空雨伞ppt｜高效决策框架,https://www.xiaohongshu.com/explore/694ad9dd000000001e005f2e?xsec_token=ABIjVZ_p-g9_yIERiX75cLQLuuAV0_NXN9JhgG_IWSdWg=&xsec_source=pc_search,小红书,云雨伞汇报法,2026-08-08,
管理学小工具｜空·雨·伞思考法,https://www.xiaohongshu.com/explore/681e852900000000220256f9?xsec_token=ABMUO19I4sw3Bvtik84dHvQ3DBBt9RvnDa0gG8eWwqj_Y=&xsec_source=pc_search,小红书,云雨伞汇报法,2026-08-08,
思维模型63：分析力-空雨伞思维模型,https://www.xiaohongshu.com/explore/6648b736000000000f00eee2?xsec_token=ABeKOsi-6DAmeJjfM7r8CyxfAygZWsGfvA1EyG7w9fh1o=&xsec_source=pc_search,小红书,云雨伞汇报法,2026-08-08,
3步破局思维 | 麦肯锡「空雨伞」实战法,https://www.xiaohongshu.com/explore/67c7b40d000000000b0149aa?xsec_token=ABhm0klpkklkGsa5gmnWdeCwcllVxNA_al7J3HPfABEvg=&xsec_source=pc_search,小红书,云雨伞汇报法,2026-08-08,
16个表达沟通模型，彻底告别说话没逻辑,https://www.xiaohongshu.com/explore/68fb38ac00000000050027d5?xsec_token=ABwDxlETGlVw1B9jruviiZcjHV0mMTjbtEj--dDDeCjk4=&xsec_source=pc_search,小红书,云雨伞汇报法,2026-08-08,
“云雨伞”小白要用的汇报模型,https://www.xiaohongshu.com/explore/65277bcc000000001e033fe1?xsec_token=ABUOAL0ZZFZZYQ1xiHu4UlBP-f_L5NQ-xksIm77p0Ksfs=&xsec_source=pc_search,小红书,云雨伞汇报法,2026-08-08,
“空雨伞”的问题分析决策方法,https://www.xiaohongshu.com/explore/66ffbe21000000002a03066d?xsec_token=ABzJ2zg1tH3WTRg1_oVEy8CB4p_UMpItasizBufy-ioHI=&xsec_source=pc_search,小红书,云雨伞汇报法,2026-08-08,
你的汇报里，有结论吗？,https://www.xiaohongshu.com/explore/62a051eb000000000102f954?xsec_token=AB_M3REyXNI_ZtW20CEPJ-RYj8ossNs4gN-fm-ofgGvfg=&xsec_source=pc_search,小红书,云雨伞汇报法,2026-08-08,
产品经理必学 | 空雨伞模型,https://www.xiaohongshu.com/explore/6a667a1f0000000005038915?xsec_token=ABg49ad7fnAtdHmko7OJ7B478JiA4YsIGuIoEM75KVabk=&xsec_source=pc_search,小红书,云雨伞汇报法,2026-08-08,
第三弹：差距分析+空雨伞+ABC理论,https://www.xiaohongshu.com/explore/698c3322000000001503132b?xsec_token=ABHXNlwuPu_zM5VAg3gvZVENsUuxEN-5fg7l4T98jGOs8=&xsec_source=pc_search,小红书,云雨伞汇报法,2026-08-08,
每次汇报都不知道怎么说？学会这1招就够了,https://www.xiaohongshu.com/explore/69ff50d60000000038021511?xsec_token=AByYjk_7zBFXAxEVpF9TnVUTvJi3NQS43d62cld8nYOMk=&xsec_source=pc_search,小红书,云雨伞汇报法,2026-08-08,
“电梯法则”:30s向领导汇报清楚自己的工作,https://www.xiaohongshu.com/explore/6a3c791900000000080037c8?xsec_token=ABv-3lRYhIDm7h69PJmm-psKX0nAH61WAckj2G8e-LOt0=&xsec_source=pc_search,小红书,云雨伞汇报法,2026-08-08,
麦肯锡“空雨伞”模型，清晰问题、分析问题,https://www.xiaohongshu.com/explore/6886d2a900000000150227d0?xsec_token=ABwPg_Z1jnpo-5UM3jAjup106bBH_RkHDgBcPNRIxaDzc=&xsec_source=pc_search,小红书,云雨伞汇报法,2026-08-08,
不圆滑但知事故的say no！,https://www.xiaohongshu.com/explore/66889d45000000001f00457e?xsec_token=AB3uVhuz3ZI2XjWoXtISjLWXtyO58HF72Y2RqAt8To4Ow=&xsec_source=pc_search,小红书,自杀式回答(离职原因雷区),2026-08-08,103
HR最爱听的5个离职原因,https://www.xiaohongshu.com/explore/682447fb0000000020028c52?xsec_token=ABSQuiTH16Dua4XzslIwGFBtvPm_liodsEmkwILU3km1M=&xsec_source=pc_search,小红书,自杀式回答(离职原因雷区),2026-08-08,
HR最认可的8个离职原因,https://www.xiaohongshu.com/explore/69c8d39a000000002102f03a?xsec_token=ABrrHgKkEDwSuYFgu8PgeZMSA_nGxdSjgXsjos1LzQJ1Y=&xsec_source=pc_search,小红书,自杀式回答(离职原因雷区),2026-08-08,
离职别写个人原因,https://www.xiaohongshu.com/explore/6a3cdd030000000008025daa?xsec_token=ABv-3lRYhIDm7h69PJmm-psIqkQBwTbsuUHZDp1Ydf7eE=&xsec_source=pc_search,小红书,自杀式回答(离职原因雷区),2026-08-08,
HR最喜欢听的8个离职原因，照着念就行！,https://www.xiaohongshu.com/explore/69ae2220000000001d01222a?xsec_token=ABI3GAVzmsenP1bKatYjMJFPjZY0tW_MAs6Z9gXF2PR7I=&xsec_source=pc_search,小红书,自杀式回答(离职原因雷区),2026-08-08,
HR最爱听的离职理由,https://www.xiaohongshu.com/explore/694a870f000000001f00980d?xsec_token=ABIjVZ_p-g9_yIERiX75cLQHNKLSRkYZTSY2TTcLZ0vzQ=&xsec_source=pc_search,小红书,自杀式回答(离职原因雷区),2026-08-08,856
原来这才是HR最喜欢的离职原因！,https://www.xiaohongshu.com/explore/69a2449a000000001600ae6d?xsec_token=ABuh5W_BVBEiAo9drNwer9OgWd99-cH6g7S1H0BfbLep4=&xsec_source=pc_search,小红书,自杀式回答(离职原因雷区),2026-08-08,
主动离职一定要避开这些坑,https://www.xiaohongshu.com/explore/69c9ef490000000022025e55?xsec_token=ABxO_1d-Qm_wul-vQNjaop6kfpEsdNCdpXItGBbAmoGnQ=&xsec_source=pc_search,小红书,自杀式回答(离职原因雷区),2026-08-08,
离职原因这么高情商回答，HR听完好感拉满,https://www.xiaohongshu.com/explore/69de3a5a000000001a024cc0?xsec_token=AB1jL5gdC8QKg3TTZM0kYfuEEc0n76KhwcLMQWNoekCSg=&xsec_source=pc_search,小红书,自杀式回答(离职原因雷区),2026-08-08,
原来这才是HR最喜欢听的离职原因,https://www.xiaohongshu.com/explore/68d6289e0000000012030772?xsec_token=ABdgao5zePFmTNThIIHaIT8riK6XYddheeUDlVrz01nCM=&xsec_source=pc_search,小红书,自杀式回答(离职原因雷区),2026-08-08,725
才知道离职原因，HR只信这六种情况,https://www.xiaohongshu.com/explore/69796d0d0000000021032af5?xsec_token=AB7lW8ns-cOlu7Qo6y_f6XA4Hc5NtQeUdwTUD5584F-_U=&xsec_source=pc_search,小红书,自杀式回答(离职原因雷区),2026-08-08,
离职时，这三句话千万不要说,https://www.xiaohongshu.com/explore/69421edc000000001e02b829?xsec_token=ABilTjcczIAhSdcPVuAl6EiqswuQDwtl8yzEXLCPSR_Sg=&xsec_source=pc_search,小红书,自杀式回答(离职原因雷区),2026-08-08,
面试“回去等通知”，秒懂潜台词,https://www.xiaohongshu.com/explore/67bea501000000002a00221f?xsec_token=ABouSPP8n8Zo6IceZ5iB-GAgSWwNW8fjWxtA0UBwbGF1s=&xsec_source=pc_search,小红书,hr会暗示你通过吗,2026-08-08,442
面试后不敢问结果？一次性告诉你HR面试回复,https://www.xiaohongshu.com/explore/68665dcf000000001203e15a?xsec_token=ABXdOzdyC1Xb7IzMdQ3yktQ7p0Xn9iFV_0spRDXnZIKtw=&xsec_source=pc_search,小红书,hr会暗示你通过吗,2026-08-08,774
真正想招你的人很明显 面试通过的征兆,https://www.xiaohongshu.com/explore/6a3a7910000000000702ae0a?xsec_token=ABSsTzCBpJHXUCRfgYwFFeubId_8TzC45Chf-oDnp78ZI=&xsec_source=pc_search,小红书,hr会暗示你通过吗,2026-08-08,287
面试后这5句“客气话”= 你没通过！别傻等,https://www.xiaohongshu.com/explore/69fc5a5d000000001f004fa7?xsec_token=ABkxlYB4Vgoyk5aNDdjyYp6y4f5lJ7PoNyPr9E_gFMgTs=&xsec_source=pc_search,小红书,hr会暗示你通过吗,2026-08-08,
面试博弈|面试被养鱼的9个真实信号,https://www.xiaohongshu.com/explore/6a6805ef000000000a039b8e?xsec_token=AB2kNPWqwBu-JK_IMtCdAEpEx-Ck0UOTeAcH4k94o_4x4=&xsec_source=pc_search,小红书,hr会暗示你通过吗,2026-08-08,296
hr 有这些暗示，说明面试要通过了！,https://www.xiaohongshu.com/explore/68626a87000000002300561f?xsec_token=ABAKmzpae19WDZ-vSWwxB8RoCR3lHGlA82wtdFTwzrKG0=&xsec_source=pc_search,小红书,hr会暗示你通过吗,2026-08-08,
面试能否通过，在面试时已经告诉你了,https://www.xiaohongshu.com/explore/66c408f4000000001d0189b9?xsec_token=ABQ8S1-dJN46vDBP9xT6ROVL0wXgcM2tXY_vmwXBR8msE=&xsec_source=pc_search,小红书,hr会暗示你通过吗,2026-08-08,101
500强HR：教你谈薪增加20k的秘密,https://www.xiaohongshu.com/explore/6733ef76000000003c01ca38?xsec_token=ABbwajW_4GMlPsApm-KIuC_C451usm-_qV0JSN9Cqb4Uk=&xsec_source=pc_search,小红书,应届生hr谈薪,2026-08-08,257
北美找工：如何回应期望薪资？,https://www.xiaohongshu.com/explore/66b96b2d000000001e019f24?xsec_token=AB3553wyTmCMyxoz2WDusJRnhSAgMDzgY3NP4wCEaV04I=&xsec_source=pc_search,小红书,应届生hr谈薪,2026-08-08,1590
HR扎心实话：面试谈薪，报高比报低更安全,https://www.xiaohongshu.com/explore/6a5316c6000000000702d113?xsec_token=ABbRwSYffE9jBU9DO5A3lMxXM4rrqc9jqmMBlWaaxMjew=&xsec_source=pc_search,小红书,应届生hr谈薪,2026-08-08,127
2026 年面试技巧怎么提升？这6个实战要点照着练,https://zhuanlan.zhihu.com/p/2045593194876887565,网页搜索,面试技巧,2026-08-08,
想进字节的应届生必看！2026校招面试全流程+避坑技巧,https://zhuanlan.zhihu.com/p/2024889492524254560,网页搜索,面试技巧,2026-08-08,
面试常见问题及回答思路：2026年10个高频问题的应对框架,https://prismresume.cn/blog/%E9%9D%A2%E8%AF%95%E5%B8%B8%E8%A7%81%E9%97%AE%E9%A2%98%E6%80%8E%E4%B9%88%E5%9B%9E%E7%AD%94,网页搜索,面试技巧,2026-08-08,
HR面试技巧：巧妙应对离职原因,https://blog.csdn.net/weixin_54546701/article/details/134335678,网页搜索,自杀式回答(离职原因雷区),2026-08-08,
面试中被问到为什么离职时，怎样回答才能避免踩到雷区？,https://blog.csdn.net/AI_Green/article/details/143304557,网页搜索,自杀式回答(离职原因雷区),2026-08-08,
离职原因如何回答，才能让HR满意？增加面试成功率！,https://news.qq.com/rain/a/20211220A087SE00,网页搜索,自杀式回答(离职原因雷区),2026-08-08,
HR必問「離職原因」好多人答錯！專家教2雷位要避開＋高情商應對,https://www.hk01.com/%E9%96%8B%E7%BD%90/60226063/hr%E5%BF%85%E5%95%8F-%E9%9B%A2%E8%81%B7%E5%8E%9F%E5%9B%A0-%E5%A5%BD%E5%A4%9A%E4%BA%BA%E7%AD%94%E9%8C%AF-%E5%B0%88%E5%AE%B6%E6%95%992%E9%9B%B7%E4%BD%8D%E8%A6%81%E9%81%BF%E9%96%8B-%E9%AB%98%E6%83%85%E5%95%86%E6%87%89%E5%B0%8D,网页搜索,自杀式回答(离职原因雷区),2026-08-08,
"HR问离职原因, 怎样回答最好？",https://zhuanlan.zhihu.com/p/92772169,网页搜索,自杀式回答(离职原因雷区),2026-08-08,
面试时被问「为什么离职」，这么回答让你脱颖而出,https://www.youpinjianli.com/strategy/article/69f1d705c8747b7fd996caa4,网页搜索,自杀式回答(离职原因雷区),2026-08-08,
面试不要过度准备,https://www.xiaohongshu.com/explore/69c4067600000000230130bb?xsec_token=AB_yXNVb4N58C_mUXOZ3Uf_AFB1gfY8mNlpD8nbT5YnS0=&xsec_source=pc_search,小红书,面试技巧,2026-08-08,1万
你能给公司带来什么❓面试想听到的回答💯,https://www.xiaohongshu.com/explore/660460fe000000001203e6c7?xsec_token=ABQHHWQpQ566smbIZDi-oowRhhA9VdXASN2Ji8sOdzW44=&xsec_source=pc_search,小红书,面试什么话该说,2026-08-08,326
听不懂HR的潜台词❓难怪面试不成功❗️,https://www.xiaohongshu.com/explore/6a13c9150000000007022d9c?xsec_token=ABJ5pw4WiaX76PphwdMmHbLFfA0jq2_G6FOvpmgkV8nW4=&xsec_source=pc_search,小红书,面试什么话不能说,2026-08-08,1693
面试技巧（59）面试官最后问这5句 都在埋雷,https://www.xiaohongshu.com/explore/6a4236e60000000022016319?xsec_token=ABZdg4jLfG95cv9GFWKhUycNvt2D778JZ_WsoS73hoDtg=&xsec_source=pc_search,小红书,面试什么话不能说,2026-08-08,3.3万
面试时哪些话千万不能说,https://www.xiaohongshu.com/explore/68ef925f000000000503338d?xsec_token=ABrPT3YPmPnGUtvk2WszW1guCUmkS9ZWBxMZhicc78EBI=&xsec_source=pc_search,小红书,面试什么话不能说,2026-08-08,90
多面试几次就会发现,https://www.xiaohongshu.com/explore/68b54f45000000001d0295a1?xsec_token=ABB8jmIG0OatH2C2N8bgJQHoHS8x7vfa81lRZIAgvOp-Q=&xsec_source=pc_search,小红书,面试什么话不能说,2026-08-08,45
面试时不该说的话千万别说,https://www.xiaohongshu.com/explore/68d74106000000001300de41?xsec_token=ABE0OvU-qx2dBvz3LcMGTv-JKdMKsoCZSgBTpfkyQgpMg=&xsec_source=pc_search,小红书,面试什么话不能说,2026-08-08,2768
有些离职原因，真的别说,https://www.xiaohongshu.com/explore/69f32aca000000003603320c?xsec_token=ABvjXng2EjCiS1emry2jzk84b7yYlxSdDFhzFUigqK7D0=&xsec_source=pc_search,小红书,面试什么话不能说,2026-08-08,5646
职场人狠狠码住！PREP模型让你秒抓重点,https://www.xiaohongshu.com/explore/68be9535000000001d00b998?xsec_token=ABKiRw-pcKRMpbYqa5zE9egSM__-bSqKRvSoh_i5tCBzY=&xsec_source=pc_search,小红书,PREP公式,2026-08-08,44
3分钟学会PREP，告别说话没重点,https://www.xiaohongshu.com/explore/6a168a0700000000070244a5?xsec_token=AByMxq8t6-mPiSc09PYVZrXXKN9Dxwjw8dLe20Tw0EbJ4=&xsec_source=pc_search,小红书,PREP公式,2026-08-08,17
4个表达公式，不仅实用还逻辑清晰又高效,https://www.xiaohongshu.com/explore/666267f900000000060068da?xsec_token=AB7fU89eDLeX5589Txl9UPEzD6R_MUhaYOeXBeG4LcVsQ=&xsec_source=pc_search,小红书,PREP公式,2026-08-08,146
职场高手一定要会的底层汇报模型：PREP,https://www.xiaohongshu.com/explore/66ab593a0000000027011ef6?xsec_token=AB5oI-cASBCSmixf9K2ZeCevgyGLzaj5y63oPOFq2ar8Q=&xsec_source=pc_search,小红书,PREP公式,2026-08-08,17
用 PREP 公式让你的沟通效率翻倍,https://www.xiaohongshu.com/explore/6978a76f000000000a02d8b2?xsec_token=ABcxaMN_pdcA4UCoxHwpc0SIQTKUwBOFp33dPRbdS1-cs=&xsec_source=pc_search,小红书,PREP公式,2026-08-08,31
⚡️结论先行PRER模型｜高效沟通必备技巧,https://www.xiaohongshu.com/explore/6867e3e500000000120205a7?xsec_token=ABoJfJ-OB1YLGeqpVMqDJiyczD1J7H67P0ZNtNSd8k9kc=&xsec_source=pc_search,小红书,PREP公式,2026-08-08,24
建议大家尽早用这两个模型去锻炼自己的表达,https://www.xiaohongshu.com/explore/696b9e15000000001a0323e2?xsec_token=ABz5P6dFItExUE0iq4BoYdOP8rlMgDaa98LYd0KPG7mRg=&xsec_source=pc_search,小红书,PREP公式,2026-08-08,961
职场100个技能：如何有效解决逻辑表达混乱,https://www.xiaohongshu.com/explore/6882bb0e0000000012022471?xsec_token=ABRgWCiQHTeaSzKo4BatMBszVGAytlbkPLym_qwBz3DIc=&xsec_source=pc_search,小红书,PREP公式,2026-08-08,2415
PREP黄金表达法，会说话的人一开口就赢了,https://www.xiaohongshu.com/explore/691611e1000000001b02198d?xsec_token=ABCNTz5B3P84xp1FhQ1J8oy4Z3dGp0Gfaq-StNVGCZvJc=&xsec_source=pc_search,小红书,PREP公式,2026-08-08,660
面试两套公式，搞定面试官！,https://www.xiaohongshu.com/explore/6a6aaa35000000000100d051?xsec_token=ABIq_kVIXRt3mKfSphuOZr2hz683Hh80VUFpsUf88QlyE=&xsec_source=pc_search,小红书,PREP公式,2026-08-08,6
"🔥汇报总被说""没重点""？PREP和SCQA，一篇讲清",https://www.xiaohongshu.com/explore/6a72fe18000000003203100d?xsec_token=AB-O1-1M5qRLqBsk8uRSC1F1Y87dCd1rabr0wSjRsU5Po=&xsec_source=pc_search,小红书,PREP公式,2026-08-08,3
说话没人听？因为你顺序错了｜PREP四步闭环,https://www.xiaohongshu.com/explore/6a6dfc0d000000002500c12b?xsec_token=ABk31yDVGRaeJy7muaLFSpuB_XmId_BUBkhhoUgPTPWXk=&xsec_source=pc_search,小红书,PREP公式,2026-08-08,1
面试的时候说话没有逻辑？试试PRER沟通法则,https://www.xiaohongshu.com/explore/67f09035000000001e003e49?xsec_token=ABU9ZNJl7xVclOu91F-MeSEZ3ReaYiCmhG463OHuw_zrQ=&xsec_source=pc_search,小红书,PREP公式,2026-08-08,35
面试的精髓：表演松弛和自信,https://www.xiaohongshu.com/explore/69a2ba94000000002602d53c?xsec_token=ABuh5W_BVBEiAo9drNwer9OoFOmrWqn-vRam5EUeSrX_M=&xsec_source=pc_search,小红书,面试装松弛感,2026-08-08,32
👀🔥其实就是表演松弛和自信,https://www.xiaohongshu.com/explore/68ccf2f8000000000b03ed33?xsec_token=ABQOf0jSNPwP_gw8FyzA_QZugC1E48kAiDmO6P-3X0QrM=&xsec_source=pc_search,小红书,面试装松弛感,2026-08-08,550
面试就是要表现松弛感！,https://www.xiaohongshu.com/explore/68ca32ec000000001301450e?xsec_token=ABeCOiHL4W0ooNI8CJPcZx5PLLtrbLaWwoaUtiGJRWL-I=&xsec_source=pc_search,小红书,面试装松弛感,2026-08-08,51
放轻松，面试需要松弛感,https://www.xiaohongshu.com/explore/696e0a41000000000a030b4e?xsec_token=ABsF-i7ZFlOvX-iYbCas9o8nY2gTGScYNDncMGkPrwPTs=&xsec_source=pc_search,小红书,面试装松弛感,2026-08-08,703
一张图概括英文自我介绍！,https://www.xiaohongshu.com/explore/6a1452aa0000000038020e68?xsec_token=ABOA434amB6lIGCoRmbcc6LePzaotHdd92Q7QFVieFYa0=&xsec_source=pc_search,小红书,面试时候的自我介绍,2026-08-08,247
面试做自我介绍，90%的人第一句话就错了,https://www.xiaohongshu.com/explore/6a6acafc0000000011019587?xsec_token=ABIq_kVIXRt3mKfSphuOZr2q96rHgKHczUd562riczZtM=&xsec_source=pc_search,小红书,面试时候的自我介绍,2026-08-08,78
面试自我介绍满分话术‼️2分钟速成拿offer,https://www.xiaohongshu.com/explore/67680981000000000b022615?xsec_token=ABJVDfxZHcMfJTLUho0pGIkBKlcGsiA3VqMCuIIklsAQ4=&xsec_source=pc_search,小红书,面试时候的自我介绍,2026-08-08,8696
这是我见过的最好的自我介绍,https://www.xiaohongshu.com/explore/683ea1b7000000001101d995?xsec_token=ABSRqgpmQ5U7qoFbJ15qbxZCfumNfG6wQauPwLu2SSLTk=&xsec_source=pc_search,小红书,面试时候的自我介绍,2026-08-08,7961
全英面试题：请介绍一下你自己,https://www.xiaohongshu.com/explore/6998452d0000000028022249?xsec_token=ABfB440pe0u0Hpc_ViYSZB9wJ9YP-ec4mXuOzPuv1f-p8=&xsec_source=pc_search,小红书,面试时候的自我介绍,2026-08-08,1.5万
500强面试001📕黄金3分钟自我介绍,https://www.xiaohongshu.com/explore/677771be00000000090163eb?xsec_token=ABGAg8JJvWzncX9eVZNhnfnn7MxhdBG-iyRtwvWIYdTFI=&xsec_source=pc_search,小红书,面试时候的自我介绍,2026-08-08,1179
job interview面试，骂醒一个是一个,https://www.xiaohongshu.com/explore/69f135ff0000000038020d46?xsec_token=ABs8Eu1FQdEF6kw7J1SCqvhGBf7mCVowpV5Ir86IVtmy8=&xsec_source=pc_search,小红书,面试该说点什么,2026-08-08,1068
面试自我介绍这样说？一分钟让HR记住你（内附范本教学）,https://www.zhihu.com/tardis/bd/art/625111715,网页搜索,面试时候的自我介绍,2026-08-08,
运用产品的3个层次，做好面试自我介绍,https://www.woshipm.com/zhichang/3870569.html,网页搜索,面试时候的自我介绍,2026-08-08,
面试礼仪中的那些雷区，你知道多少？,https://zhuanlan.zhihu.com/p/481738949,网页搜索,面试什么话不能说,2026-08-08,
一条咸鱼(标题未获取),https://www.xiaohongshu.com/explore/6996c04b000000000a028d74?xsec_token=ABqghDZxJMSO08T81NiIba-rO5QHaVq-npon_eb8pTB3E=&xsec_source=pc_search,小红书,面试什么话该说,2026-08-08,1024
过来人经验：其实事业编面试也就是走个过场,https://www.xiaohongshu.com/explore/698ae213000000001503972f?xsec_token=ABavPjpgDGjpb7HDAKFaC6tfBtdkM5pRI5O_bH9RVkLpw=&xsec_source=pc_search,小红书,事业单位面试不能说什么,2026-08-08,165
面试中绝对不能说的话！！！！！！！近期踩雷,https://www.xiaohongshu.com/explore/67207996000000001b02d829?xsec_token=ABps5ytUtTi8o51W5cs3qPQ1jCHvJCu8DDlTDLLDFFplc=&xsec_source=pc_search,小红书,事业单位面试不能说什么,2026-08-08,182
✨结构化面试禁忌大盘点✨,https://www.xiaohongshu.com/explore/67d99702000000000603a44b?xsec_token=AB31KlO1mKh9hn4Am4auUz_oiqfGnXely0Cc96lxkiJjs=&xsec_source=pc_search,小红书,事业单位面试不能说什么,2026-08-08,—
分享一个通透，实在的职业规划,https://www.xiaohongshu.com/explore/699528ff000000001d0267f2?xsec_token=ABjcDsJGu_jvPpTPfRINKAzBTu5j5SJ5Pfe9JGdlxrYL4=&xsec_source=pc_search,小红书,面试职业规划怎么说,2026-08-08,—
问题基础，回答就不基础,https://www.xiaohongshu.com/explore/68c2b427000000001d01fda6?xsec_token=ABd_shnGdcntKzBozskSnnXNQNHE29xzADfHpplfrxVbE=&xsec_source=pc_search,小红书,面试职业规划怎么说,2026-08-08,1.7万
北美Marketing面试建议把这50题吃透,https://www.xiaohongshu.com/explore/6a0493790000000008002cf2?xsec_token=ABl_RGf4B4Bap1PoFDb5avJilRe58NMACeoe2uqgULAzQ=&xsec_source=pc_search,小红书,面试职业规划怎么说,2026-08-08,—
你五年后想成什么样？面试这么回答超稳💯,https://www.xiaohongshu.com/explore/69811997000000001a03416d?xsec_token=ABqeBTwZHAeBAIzBldHKw07JOnr-FKklvqx310QX0zJNM=&xsec_source=pc_search,小红书,面试职业规划怎么说,2026-08-08,—
面试被问“你的职业规划是什么?”,https://www.xiaohongshu.com/explore/69bbe50a000000001f007dd0?xsec_token=ABBXvTO4K_SJeOdSOn7tMHbLiBJFhuuFFm1-qojbW3Odw=&xsec_source=pc_search,小红书,面试职业规划怎么说,2026-08-08,690
面试官问“职业规划”，这样回答真的加分,https://www.xiaohongshu.com/explore/6a142716000000000803d4da?xsec_token=ABOA434amB6lIGCoRmbcc6Lbt8YE4o9vHoJp-nwzdxStY=&xsec_source=pc_search,小红书,面试职业规划怎么说,2026-08-08,264
面试被问职业规划 这样回答HR直接给你涨薪,https://www.xiaohongshu.com/explore/688ab36f0000000005004bd6?xsec_token=AB-oTh0rDmu0W8FL-9Ex_6iRKkhYeE-3-bB_Nye8w9jWo=&xsec_source=pc_search,小红书,面试职业规划怎么说,2026-08-08,660
HR蕞爱听的职业规划！直接抄作业,https://www.xiaohongshu.com/explore/67c56019000000002902541c?xsec_token=ABF1-757qX0UptD582d3s9sZDTf5eFYIJFjgw_fEeUxYU=&xsec_source=pc_search,小红书,面试职业规划怎么说,2026-08-08,4660
面试技巧（07）面试被问职业规划？满分回答,https://www.xiaohongshu.com/explore/69325742000000001b027c0d?xsec_token=ABxmO8lVt-SeZEz1Qa6jyLU_5nm3ADqBSewPEnps2WX6Q=&xsec_source=pc_search,小红书,面试职业规划怎么说,2026-08-08,310
读懂面试官的潜台词,https://www.xiaohongshu.com/explore/6a6a74780000000004028408?xsec_token=ABIq_kVIXRt3mKfSphuOZr2uKQYPBzXpmpVWK1cQj5PBM=&xsec_source=pc_search,小红书,面试中的潜台词,2026-08-08,815
面试技巧（03）1分钟读懂，面试官潜台词,https://www.xiaohongshu.com/explore/692c465f000000000d03ef79?xsec_token=ABV8qFbDkREftH6LGwDrziFcXkJ45IHriHwc1g2px3WY4=&xsec_source=pc_search,小红书,面试中的潜台词,2026-08-08,5.9万
⚠️面试一定要听懂HR的潜台词‼️,https://www.xiaohongshu.com/explore/6656b7b0000000000f00ed58?xsec_token=AB5h9yVnm4vCqNZzfuSHAD2Kkogb8LSSzuhpAMizEg2-o=&xsec_source=pc_search,小红书,面试中的潜台词,2026-08-08,8563
大环境不好，找工作要读懂面试官的潜台词❗️,https://www.xiaohongshu.com/explore/68f629740000000003039d5a?xsec_token=ABsdUQTl4h-_5VBxN3MqBZnkBlzKhFLt0x6FazEw6iVho=&xsec_source=pc_search,小红书,面试中的潜台词,2026-08-08,3115
如果没有录取你，你觉得是什么原因？,https://www.xiaohongshu.com/explore/69bd2fe200000000210380aa?xsec_token=ABdvgwBAwPN-Lf1yaGolzDAgrOkWO5TYO0WHQV0gGYVSM=&xsec_source=pc_search,小红书,面试中的潜台词,2026-08-08,3.4万
你连hr的潜台词都听不懂 怎么拿到offer！,https://www.xiaohongshu.com/explore/670cdc06000000001402d8a6?xsec_token=ABicb6uJr-XSDJwkXePK25aUUHKxwHgpmQVQKPYy-JDrQ=&xsec_source=pc_search,小红书,面试中的潜台词,2026-08-08,—
找工作要明白的潜台词,https://www.xiaohongshu.com/explore/68cd0a10000000001301f427?xsec_token=AB2bNJGvGicZ5qEy85b9ll7GMe0jypa8FXlY6_oADf2OA=&xsec_source=pc_search,小红书,面试中的潜台词,2026-08-08,2885
上班要学会委婉说话,https://www.xiaohongshu.com/explore/6a41344a000000000f017c1f?xsec_token=ABTTfjjKAd0iHvR3WImT8-nRLWhi3uGuMtZ06gbtOG3E0=&xsec_source=pc_search,小红书,职场委婉表达技巧,2026-08-08,369
如何体面的拒绝别人可以用这6个方法,https://www.xiaohongshu.com/explore/65bb863e000000002c03cc2d?xsec_token=ABBvScFueAT9F_y3YFF0q54ZEDY4VXpXFGEAJanM5Qj18=&xsec_source=pc_search,小红书,职场委婉表达技巧,2026-08-08,4829
上班要学会委婉说话(木南版),https://www.xiaohongshu.com/explore/6a1e16aa000000003501d97f?xsec_token=AB18DYQg4YdbhoXnINBTNdG3xtSC-ph6yNCG92HW_V9m8=&xsec_source=pc_search,小红书,职场委婉表达技巧,2026-08-08,5984
高情商沟通，语言的艺术，说话的技巧,https://www.xiaohongshu.com/explore/67899efc00000000190318be?xsec_token=ABZghdKfMJKuck1Zjfr8H9iYmPisMxa7zvStL6SkbFHzI=&xsec_source=pc_search,小红书,职场委婉表达技巧,2026-08-08,176
如何把你的领导舔开心了（职场必修）,https://www.xiaohongshu.com/explore/69fb04ea0000000022027289?xsec_token=ABySzai4nLI67tf-ONK9YhY5NmH4grPfj4VtnCPJlfXgg=&xsec_source=pc_search,小红书,职场委婉表达技巧,2026-08-08,3982
面试必问！你的职业规划是什么？如何完美回复！,https://zhuanlan.zhihu.com/p/33031357,知乎,面试职业规划怎么说,2026-08-08,—
职业发展规划如何回答,https://www.nowcoder.com/creation/subject/cb259d4cbf6d43688cf3be415145dfb2,牛客网,面试职业规划怎么说,2026-08-08,—
面试时HR问你的职业规划是什么，其实是想听你这样说,https://www.36kr.com/p/1724023848961,36氪,面试职业规划怎么说,2026-08-08,—
面试官问你职业规划应该怎么回答？来看范文！,https://m.xycareer.com/knowledge/12432.html,向阳生涯,面试职业规划怎么说,2026-08-08,—
事业单位面试要注意什么？,https://www.zhihu.com/question/23366824/answer/3698385603,知乎,事业单位面试不能说什么,2026-08-08,—
如何委婉地拒绝领导给自己的额外工作?到底该不该拒绝?,https://maimai.cn/article/detail?fid=1734877269&efid=jOmSPOUIXELvZxK2h_UCiQ,脉脉,职场委婉表达技巧,2026-08-08,—
怎么和委婉拒绝领导的工作安排?,https://www.zhihu.com/question/592670126,知乎,职场委婉表达技巧,2026-08-08,—
在职场上如何委婉拒绝领导的任务？,https://www.zhihu.com/question/1905866829982864860,知乎,职场委婉表达技巧,2026-08-08,—
向上沟通，把事做完不等于把事做好,https://www.xiaohongshu.com/explore/6960eea3000000000b011ee9,小红书,职场表达,2026-08-08,1.6万
反应慢、不会聊天接话的人一定要看这期视频,https://www.xiaohongshu.com/explore/69774a08000000000a03ff8d,小红书,职场表达,2026-08-08,10.7万
职场英语💬100通关句🚀沟通0压力✨,https://www.xiaohongshu.com/explore/6844385200000000210088c4,小红书,职场表达,2026-08-08,830
如何一开口，就让人觉得你工作能力超强（实操）,https://www.xiaohongshu.com/explore/6873b691000000001203353a,小红书,职场表达,2026-08-08,8859
只需十分钟听懂商务会议英语05,https://www.xiaohongshu.com/explore/684aa427000000000c038d1b,小红书,职场表达,2026-08-08,1790
一定要建立自己的话题库,https://www.xiaohongshu.com/explore/696e4fb700000000220318a1,小红书,职场表达,2026-08-08,1001
一些很重要但没人教的社会化能力❗❗,https://www.xiaohongshu.com/explore/68739a00000000000d026398,小红书,职场表达,2026-08-08,1358
🇨🇦在加如何准备面试才能拿到Offer？,https://www.xiaohongshu.com/explore/6a726cba000000000e03b400,小红书,面试技巧,2026-08-08,—
这是我迄今看到的蕞好的Interview回答,https://www.xiaohongshu.com/explore/66e457180000000012011ecb,小红书,面试什么话该说,2026-08-08,3454
外企面试｜常见问题及英文回答模板！,https://www.xiaohongshu.com/explore/689020ab0000000025012175,小红书,面试什么话该说,2026-08-08,3739
面试大忌合集｜这些话，面试真的别说了,https://www.xiaohongshu.com/explore/6a75b915000000000503334e,小红书,面试什么话不能说,2026-08-08,—
👄❌ 面试大忌：不该说的别说！,https://www.xiaohongshu.com/explore/67c6f7d2000000000703524e,小红书,面试什么话不能说,2026-08-08,3763
DY面试｜这10句话真的不要随便说,https://www.xiaohongshu.com/explore/6a76ad5e000000002800629e,小红书,面试什么话不能说,2026-08-08,—
别太把面试当回事，那些随意的人都过了～,https://www.xiaohongshu.com/explore/6703e888000000002c02e8e0,小红书,面试什么话不能说,2026-08-08,—
一场面试，问清楚这几个问题就够了,https://www.xiaohongshu.com/explore/67e26237000000000b0149a7,小红书,去面试要问清楚哪些问题,2026-08-08,1122
60 个面试提问问题🗂️精准识别候选人,https://www.xiaohongshu.com/explore/67933eca00000000180135bb,小红书,去面试要问清楚哪些问题,2026-08-08,1199
去线下面试之前，建议先问清楚这五个问题,https://www.xiaohongshu.com/explore/6a5ddeeb000000001d00d975,小红书,去面试要问清楚哪些问题,2026-08-08,7917
谁懂啊！面试约到就去=放弃谈薪主动权🤯,https://www.xiaohongshu.com/explore/695d3cb8000000002103275f,小红书,去面试要问清楚哪些问题,2026-08-08,1.6万
面试要敢于提问！,https://www.xiaohongshu.com/explore/68c6bc57000000001d022e52,小红书,去面试要问清楚哪些问题,2026-08-08,1680
美国面试｜结束时HR问any questions该问什么,https://www.xiaohongshu.com/explore/6a5552b30000000002003c00,小红书,去面试要问清楚哪些问题,2026-08-08,—
必备🔥6道压力面试题，高管面二面常问❗,https://www.xiaohongshu.com/explore/67cfb5a40000000009039ea1,小红书,去面试要问清楚哪些问题,2026-08-08,5591
外企日常440︳外企面试高频问题tips,https://www.xiaohongshu.com/explore/69f5544e0000000020039cd3,小红书,去面试要问清楚哪些问题,2026-08-08,439
如何面试应聘者？照着表问！,https://www.xiaohongshu.com/explore/69296595000000001e0060f7,小红书,去面试要问清楚哪些问题,2026-08-08,222
HR面试100问,https://www.xiaohongshu.com/explore/69f05ee4000000001f0037a6,小红书,去面试要问清楚哪些问题,2026-08-08,—
收藏好这个技巧，考场交流感拉满,https://www.xiaohongshu.com/explore/69e372e7000000001a0216e8,小红书,面试怎么有交流感,2026-08-08,3414
面试挂了三次才明白，考官根本不是在听你答,https://www.xiaohongshu.com/explore/6a0ebcac000000003502d7fd,小红书,面试怎么有交流感,2026-08-08,2227
如果你工作也认真做了，但一面试就大脑空白,https://www.xiaohongshu.com/explore/69de2ef6000000002102c969,小红书,面试怎么有交流感,2026-08-08,1359
4个小技巧，开口说话更惊艳！人人都爱听你,https://www.xiaohongshu.com/explore/675978970000000002026dc6,小红书,面试怎么有交流感,2026-08-08,1690
外企|英文面试：第一句话，让面试官喜欢你,https://www.xiaohongshu.com/explore/6a2ff32c000000000f02acc4,小红书,面试怎么有交流感,2026-08-08,1696
考场85+大牛，演示顶级交流感,https://www.xiaohongshu.com/explore/687df901000000001202203d,小红书,面试怎么有交流感,2026-08-08,1.1万
实用职场英语系列 - 面试,https://www.xiaohongshu.com/explore/66c9b462000000001d01b898,小红书,面试怎么有交流感,2026-08-08,541
突然悟出了一个，百试百灵的面试小技巧,https://www.xiaohongshu.com/explore/687e22ce000000001202f120,小红书,面试怎么有交流感,2026-08-08,2239
一秒解决当众紧张的顶级心态。社恐请进。,https://www.xiaohongshu.com/explore/687f8e120000000013012f54,小红书,面试怎么有交流感,2026-08-08,9888
薪资谈判技巧,https://www.xiaohongshu.com/explore/6a75d9ed0000000025007b0a,小红书,薪资谈判技巧与策略,2026-08-08,6632
跳槽谈薪的8个技巧,https://www.xiaohongshu.com/explore/69cbddf4000000002301faca,小红书,薪资谈判技巧与策略,2026-08-08,2768
超实用的9大谈判技巧 #谈判 #说服 #沟通,https://www.xiaohongshu.com/explore/65eb14cb000000000b00f76e,小红书,薪资谈判技巧与策略,2026-08-08,4568
被裁后成功谈薪的复盘（附话术模版）,https://www.xiaohongshu.com/explore/6a7726ef0000000011022101,小红书,薪资谈判技巧与策略,2026-08-08,—
面试缺点回答公式,https://www.xiaohongshu.com/explore/6a33bd68000000000f01f2f6,小红书,面试被问优缺点,2026-08-08,1095
Behavioral Interview还有人不知道说什么嘛,https://www.xiaohongshu.com/explore/69f9a3b60000000038022e02,小红书,面试被问优缺点,2026-08-08,—
HR问“你的缺点”，该怎么回答？（一篇讲清楚）,https://www.xiaohongshu.com/explore/68e9070200000000070386a1,小红书,面试被问优缺点,2026-08-08,8872
面试必问|||你的优缺点是什么？,https://www.xiaohongshu.com/explore/68d35d900000000007028d3a,小红书,面试被问优缺点,2026-08-08,4867
你有什么缺点？原来这才是外企面试官想听的！,https://www.xiaohongshu.com/explore/67cd8efd000000000603cf83,小红书,面试被问优缺点,2026-08-08,—
面试优缺点：要怎么回复？10种回答范例与3大原则，精准掌握HR偏好,https://www.woshipm.com/zhichang/5929346.html,网页,面试被问优缺点,2026-08-08,—
面试入职前一定要和HR确认的7大问题,https://blog.csdn.net/weixin_43928185/article/details/140441078,网页,去面试要问清楚哪些问题,2026-08-08,—
入职前需要向hr确认的7个问题,https://zhuanlan.zhihu.com/p/7671014469,网页,去面试要问清楚哪些问题,2026-08-08,—
在小红书，离职的职场博主教你如何入职,https://www.woshipm.com/zhichang/6028786.html,web(人人都是产品经理),职场表达,2026-08-09,
初入职场与同事及领导沟通时有哪些注意事项？这些道理你要懂,https://zhuanlan.zhihu.com/p/130391994,web(知乎),职场表达,2026-08-09,
面试话术技巧,https://www.xiaohongshu.com/mobile/question/1078328,web索引(小红书问答页),面试什么话该说,2026-08-09,
面试时，这些话千万不要说！,https://zhuanlan.zhihu.com/p/370324105,web(知乎),面试什么话不能说,2026-08-09,
面试时，哪些话千万不能说？,https://zhuanlan.zhihu.com/p/378806557,web(知乎),面试什么话不能说,2026-08-09,
金字塔原理：结构化思考与表达方法论,https://xzj9458.github.io/%E5%AD%A6%E4%B9%A0%E7%AC%94%E8%AE%B0-%E9%87%91%E5%AD%97%E5%A1%94%E5%8E%9F%E7%90%86-%E7%BB%93%E6%9E%84%E5%8C%96%E6%80%9D%E8%80%83%E4%B8%8E%E8%A1%A8%E8%BE%BE-20250623/,web(个人博客),金字塔原理(麦肯锡结构化写作),2026-08-09,
读《金字塔原理》|用导图练结构思维,https://xmind.cn/blog/minto-pyramid-principle,web(xmind博客),金字塔原理(麦肯锡结构化写作),2026-08-09,
HR面试薪酬谈判有哪些实用小技巧,https://www.mokahr.com/blog/7418.html,web(Moka),薪酬谈判策略,2026-08-09,
薪资谈判技巧与忌讳有哪些？这里有最全面的攻略,https://www.do1.com.cn/2369.html,web(道一云),薪酬谈判策略,2026-08-09,
薪酬谈判有哪些技巧呢？薪酬谈判九步曲，你中了HR的套路了吗？,https://zhuanlan.zhihu.com/p/438997789,web(知乎),薪酬谈判策略,2026-08-09,
薪酬谈判要注意哪些方面？HR薪酬谈判注意事项,https://www.chinalinegz.com/newsview.asp?id=1348,web(中略咨询),薪酬谈判策略,2026-08-09,
薪酬谈判技巧-薪酬谈判的注意事项,https://www.keycourse.com/webArticle/webArticleDetail/10636,web(keycourse),薪酬谈判策略,2026-08-09,
2025-2026年沟通口才培训推荐：破解职场表达痛点，口碑评测与深度对比分析,https://www.myguanghua.com/p/54829.shtml,web(光华赋能),职场表达,2026-08-09,
面试需要注意什么？13个超实用的面试技巧和注意事项送给你！,https://www.chinaacc.com/jiuye/zcbk/li20240604114924.shtml,web(正保会计网校),面试技巧,2026-08-09,
面试应答有哪些话术和技巧？,https://www.zhihu.com/question/35953016/answer/1119674984,web(知乎),面试什么话该说,2026-08-09,
面试中常被问出现的65个问题 你是怎么回答的？你需要知道,https://zhuanlan.zhihu.com/p/31250861,web(知乎),面试什么话该说,2026-08-09,
面试常见10大问！一起来看面试有哪些技巧和话术,https://zhuanlan.zhihu.com/p/134067486,web(知乎),面试什么话该说,2026-08-09,
焦虑一触即发？4-7-8呼吸法3步放松，5个实操要点教你轻松掌握，帮你快速冷静、舒缓焦虑！,https://www.sohu.com/a/961047816_122164860,web(搜狐),4-7-8呼吸法(发言紧张应对),2026-08-09,
软考考前焦虑调整指南,https://blog.csdn.net/srlsong/article/details/148106152,web(CSDN),4-7-8呼吸法(发言紧张应对),2026-08-09,
表达能力提升训练方法,https://www.sina.cn/news/detail/5294781215280716.html,web(新浪),打草稿能力(发言前准备法),2026-08-09,
如何提升会议上五分钟发言的思路和水平？,https://www.zhihu.com/question/1940323048856191058/answer/1963735910391710698,web(知乎),打草稿能力(发言前准备法),2026-08-09,
练习表达能力10种方法,https://zhuanlan.zhihu.com/p/567443174,web(知乎),打草稿能力(发言前准备法),2026-08-09,
会议讲话技巧通用12篇,https://www.xueshu.com/haowen/67692.html,web(学术之家),打草稿能力(发言前准备法),2026-08-09,
口才与演讲的技巧大全11篇,https://www.fabiao.com.cn/haowen/47898.html,web(发表云),打草稿能力(发言前准备法),2026-08-09,
演讲的技巧讲解通用12篇,https://www.xueshu.com/haowen/172445.html,web(学术之家),打草稿能力(发言前准备法),2026-08-09,
万能谈薪话术，薪资直接涨50%,https://zhuanlan.zhihu.com/p/607403705,web(知乎),谈薪方法,2026-08-09,
面试开场白应该怎么说？,https://m.ximalaya.com/ask/q7482277,web(喜马拉雅),视频面试开场白,2026-08-09,
面试时，HR的开场白该怎么说？,https://www.sohu.com/a/527769398_121124005,web(搜狐),视频面试开场白,2026-08-09,
hr面试官面试开场白怎么说,https://www.hrloo.com/wenda/5088164.html,web(HR笔记),视频面试开场白,2026-08-09,
面试者的面试开场白说什么,https://www.jianli.com/article/grlxxg.html,web(简历网),视频面试开场白,2026-08-09,
视频面试开场白怎么说,https://www.jianli.com/article/ommbzy.html,web(简历网),视频面试开场白,2026-08-09,
面试官开场白应该怎么说？,https://youle.zhipin.com/questions/6b5443506ff749e1tnZ_2dm6GVE~.html,web(BOSS直聘有了),视频面试开场白,2026-08-09,
【HR进阶】做好面试官，先学会开场白,https://zhuanlan.zhihu.com/p/492665703,web(知乎),视频面试开场白,2026-08-09,
面试者的面试开场白说什么,https://www.yyjianli.com/article/12442.html,web(YY简历网),视频面试开场白,2026-08-09,
职场英文📚让会议发言更有条理的4种表达,https://www.xiaohongshu.com/explore/69900b8d000000002800a83e,小红书,职场表达,2026-08-11,44
面试时你要搞懂的3个信息差,https://www.xiaohongshu.com/explore/6a6bc9840000000002003c00,小红书,面试技巧,2026-08-11,292
【全英】面了50+次才发现: 自信并不能练出来,https://www.xiaohongshu.com/explore/67b8f017000000002902e698,小红书,面试技巧,2026-08-11,7424
北美公司面试！如何用数据做产品决策💡,https://www.xiaohongshu.com/explore/692022c9000000000d036fb9,小红书,面试技巧,2026-08-11,994
面试官视角：我看重的，是这3层思维,https://www.xiaohongshu.com/explore/6a7a2f40000000002402f5cd,小红书,面试技巧,2026-08-11,48
前谷歌HR爆料，年薪百万面试8大法则,https://www.xiaohongshu.com/explore/690875350000000007003ddd,小红书,面试什么话该说,2026-08-11,1502
这是我见过最用心整理的job interview,https://www.xiaohongshu.com/explore/6a59cbc5000000001002a090,小红书,面试什么话该说,2026-08-11,633
如果外企面试卡壳怎么办？,https://www.xiaohongshu.com/explore/68ebbf4c00000000050006a5,小红书,面试什么话该说,2026-08-11,346
自我介绍别再背简历了！3分钟让面试官锁定你,https://www.xiaohongshu.com/explore/69e38737000000002102f073,小红书,面试什么话该说,2026-08-11,1753
面试通关话术，狠狠背下来，你的面试次次过,https://www.xiaohongshu.com/explore/6a2ebf2b0000000035021a05,小红书,面试什么话该说,2026-08-11,1.1万
面试时，自我介绍和工作经历千万别混着说,https://www.xiaohongshu.com/explore/68e219010000000005039535,小红书,面试什么话不能说,2026-08-11,1387
HR听了最反感的5句话,https://www.xiaohongshu.com/explore/6994aa0e000000001d012e3d,小红书,面试什么话不能说,2026-08-11,805
无领导面试完回家路上就被录了,https://www.xiaohongshu.com/explore/67cda512000000000900c8f9,小红书,无领导小组群面技巧,2026-08-11,5358
群面技巧｜5分钟速通无领导小组面试🔥,https://www.xiaohongshu.com/explore/67b47d36000000002602c031,小红书,无领导小组群面技巧,2026-08-11,2449
无领导面试的自用焚决总结,https://www.xiaohongshu.com/explore/69fd7a2c0000000036019836,小红书,无领导小组群面技巧,2026-08-11,2008
不知道说的明不明白 意会吧,https://www.xiaohongshu.com/explore/6a3e8b47000000001702cf2a,小红书,无领导小组群面技巧,2026-08-11,1905
群面抢不上话、不会表达？群面话术，一次讲清,https://www.xiaohongshu.com/explore/69b29739000000001d012a4e,小红书,无领导小组群面技巧,2026-08-11,579
3步告诉你，群面是什么怎么做,https://www.xiaohongshu.com/explore/68c0d84d000000001b0213af,小红书,无领导小组群面技巧,2026-08-11,342
无领导小组讨论，选的是真正入戏的演员！,https://www.xiaohongshu.com/explore/6936ac16000000001e039a7f,小红书,无领导小组群面技巧,2026-08-11,262
系统学习无领导面试：（一）基本流程和避坑,https://www.xiaohongshu.com/explore/69f07424000000003503b980,小红书,无领导小组群面技巧,2026-08-11,151
成为面试官后才知道：群面说什么其实不重要,https://www.xiaohongshu.com/explore/6947f0b5000000001e028d8f,小红书,无领导小组群面技巧,2026-08-11,151
199管综｜无领导小组话术万能模板奉上🤲,https://www.xiaohongshu.com/explore/69840589000000000b01123b,小红书,无领导小组群面技巧,2026-08-11,143
项目管理，scqa模型是什么？,https://www.xiaohongshu.com/explore/68ce26ed000000001300510c,小红书,SCQA架构,2026-08-11,125
🔍 SCQA模型｜逻辑清晰高效表达的结构化工具,https://www.xiaohongshu.com/explore/689efa7a000000001d02fd4e,小红书,SCQA架构,2026-08-11,41
职场高手私藏：逻辑清晰的工作汇报标准SOP,https://www.xiaohongshu.com/explore/6996c4cc000000000d00a3a1,小红书,SCQA架构,2026-08-11,29
管理者一定要有的SOP思维之SCQA模型,https://www.xiaohongshu.com/explore/6909f3c40000000003020c49,小红书,SCQA架构,2026-08-11,21
SCQA模型：三分钟，让你的观点被牢牢记住,https://www.xiaohongshu.com/explore/6940cdec000000001e017681,小红书,SCQA架构,2026-08-11,13
SCQA模型：为什么你说话别人总说听不懂？,https://www.xiaohongshu.com/explore/698c1bc70000000015023d11,小红书,SCQA架构,2026-08-11,11
基础思维模型10,https://www.xiaohongshu.com/explore/69f6d48a0000000035021f6f,小红书,SCQA架构,2026-08-11,8
SCQA架构，让领导一次听懂你的汇报,https://www.xiaohongshu.com/explore/6a2a7ae90000000021016239,小红书,SCQA架构,2026-08-11,6
📌 解读《金字塔原理》，第03节，SCQA模,https://www.xiaohongshu.com/explore/6a740581000000002500190d,小红书,SCQA架构,2026-08-11,5天前新发
"汇报开口就冷场，SCQA把领导""勾""进来",https://www.xiaohongshu.com/explore/6a70a557000000003301bc76,小红书,SCQA架构,2026-08-11,2
【全英视频】3大方法 英文会议自信流利,https://www.xiaohongshu.com/explore/67697227000000000800ce28,小红书,会议发言技巧,2026-08-11,2444
我发现一个发言不紧张的秘诀（实操版）,https://www.xiaohongshu.com/explore/69c7cc30000000001d01d71e,小红书,会议发言技巧,2026-08-11,1863
外企Presentation九大环节必备口语表达📊,https://www.xiaohongshu.com/explore/67055902000000002c02d3bf,小红书,会议发言技巧,2026-08-11,1552
咨询技能之Junior如何在客户会议里讲话,https://www.xiaohongshu.com/explore/69220c8e00000000190255b0,小红书,会议发言技巧,2026-08-11,1093
第一次当领导不知道如何开会，看完就学会了,https://www.xiaohongshu.com/explore/6a46639300000000070271e6,小红书,会议发言技巧,2026-08-11,1035
向国企大佬学来的开会发言技巧（实操版）,https://www.xiaohongshu.com/explore/6a38fdee000000001003cf88,小红书,会议发言技巧,2026-08-11,626
你一说话就乱，问题其实在这里,https://www.xiaohongshu.com/explore/69c27817000000001a02bf1b,小红书,会议发言技巧,2026-08-11,78
任何场合都不慌的发言公式,https://www.xiaohongshu.com/explore/6a1d29a20000000036033c68,小红书,会议发言技巧,2026-08-11,38
会议室里，你一般是第几个发言,https://www.xiaohongshu.com/explore/6a7168250000000025001342,小红书,会议发言技巧,2026-08-11,24
会议发言怎么讲话,https://www.xiaohongshu.com/explore/6a79a46c0000000026034ea3,小红书,会议发言技巧,2026-08-11,11
5分钟12步拿下｢无领导小组讨论面试｣,https://www.mokahr.com/blog/6240.html,网页,无领导小组群面技巧,2026-08-11,—
无领导小组面试 - 话题,https://www.nowcoder.com/creation/subject/df9ab9d2ae1a4cf68f57beb8047d26e3,网页,无领导小组群面技巧,2026-08-11,—
遴选考试面试技巧：无领导小组讨论面试的五个基本步骤,https://www.eoffcn.com/kszx/detail/1260716.html,网页,无领导小组群面技巧,2026-08-11,—
无领导小组讨论面试题（18个）免费下载,https://www.rsxq.com/mianshijiqiao/1720,网页,无领导小组群面技巧,2026-08-11,—
SCQA表达模型：让你的表达更具吸引力(2),https://blog.csdn.net/qq_29986979/article/details/138772819,网页,SCQA架构,2026-08-11,—
SCQA模型使用方法、技巧和案例,https://blog.csdn.net/qq_22182989/article/details/145693228,网页,SCQA架构,2026-08-11,—
SCQA模型-结构化表达-(情景、冲突、疑问、回答),https://www.cnblogs.com/luzhanshi/articles/18598074,网页,SCQA架构,2026-08-11,—
SCQA 结构化表达案例：让开场白、讲故事精彩的结构,https://www.cnblogs.com/yangjj08/p/13822366.html,网页,SCQA架构,2026-08-11,—
SCQA模型：结构化表达,https://www.growthhk.cn/quan/67328.html,网页,SCQA架构,2026-08-11,—
会议发言要点：关键要素与技巧,https://blog.csdn.net/Niuagha/article/details/135692398,网页,会议发言技巧,2026-08-11,—
会议发言的小技巧,https://zhuanlan.zhihu.com/p/383894721,网页,会议发言技巧,2026-08-11,—
在学术会议上发表演讲的 8 个技巧,https://www.editage.cn/insights/zai-xue-shu-hui-yi-shang-fa-biao-yan-jiang-de-8-ge-ji-qiao-2717,网页,会议发言技巧,2026-08-11,—
当众讲话紧张？这7个克服紧张的方法,https://zhuanlan.zhihu.com/p/467003893,网页,会议发言技巧,2026-08-11,—
轻松搞定即兴发言，8个当众讲话的技巧,https://zhuanlan.zhihu.com/p/370584749,网页,会议发言技巧,2026-08-11,—
如何在学术会议上发表精彩的演讲：技巧和窍门,https://www.cwauthors.com.cn/article/Conference_20210112/,网页,会议发言技巧,2026-08-11,—
试过了，普通女生也能练出超强表达力！,https://www.xiaohongshu.com/explore/6a7ae9110000000035014a00,小红书,职场表达,2026-08-11,20
为啥会有这种表达习惯？,https://www.xiaohongshu.com/explore/6a7ae01b000000002701ce65,小红书,职场表达,2026-08-11,0
每日练嘴,https://www.xiaohongshu.com/explore/6a7a930b00000000250151b5,小红书,职场表达,2026-08-11,15
职场英文让会议发言更有条理的4种表达,https://www.xiaohongshu.com/explore/6a7a8e39000000003301265c,小红书,职场表达,2026-08-11,155
别让英语拖后腿！职场人看过来,https://www.xiaohongshu.com/explore/6a7a8dad000000002701f3d3,小红书,职场表达,2026-08-11,0
Day 106: 每天学点职场英语,https://www.xiaohongshu.com/explore/6a7a85340000000027020d36,小红书,职场表达,2026-08-11,4
别再乱答面试经历！HR一听就扣分,https://www.xiaohongshu.com/explore/6a79c880000000002403f6b4,小红书,面试技巧,2026-08-11,9
面试灵魂拷问照着说更容易拿offer,https://www.xiaohongshu.com/explore/6a799712000000003300db21,小红书,面试技巧,2026-08-11,8
面试翻来覆去就这13题！,https://www.xiaohongshu.com/explore/6a79916200000000060054f0,小红书,面试技巧,2026-08-11,124
面试无非就问这几个问题！看完拿offer！,https://www.xiaohongshu.com/explore/6a797625000000003302ef10,小红书,面试技巧,2026-08-11,18
某公司一面,https://www.xiaohongshu.com/explore/6a7975f90000000033036c74,小红书,面试技巧,2026-08-11,41
面试被问你的缺点是什么千万别再卡壳,https://www.xiaohongshu.com/explore/6a794d490000000028001454,小红书,面试技巧,2026-08-11,7
三天背完Java八股文面试通过率96%,https://www.xiaohongshu.com/explore/6a793edf000000000600485b,小红书,面试技巧,2026-08-11,2
书记员面试流畅稳重更拿分,https://www.xiaohongshu.com/explore/6a792c31000000002500fe14,小红书,面试技巧,2026-08-11,10
疑似铁路大佬在评论区泄露了面试规则,https://www.xiaohongshu.com/explore/6a7926e2000000002800b289,小红书,面试技巧,2026-08-11,19
HR告诉你面试通过率很高的自我介绍怎么说,https://www.xiaohongshu.com/explore/6a7923900000000021022224,小红书,面试技巧,2026-08-11,175
3个反问让面试官决定录用你,https://www.xiaohongshu.com/explore/6a7862a20000000035016683,小红书,面试技巧,2026-08-11,56
同学已经转正，你还在海投？,https://www.xiaohongshu.com/explore/6a783bb1000000002701c996,小红书,面试技巧,2026-08-11,26
银行中层岗位竞聘高频面试题63道含详细解答,https://www.xiaohongshu.com/explore/6a77eb69000000002500645b,小红书,面试技巧,2026-08-11,4
找工作前一定背熟常见面试题20问,https://www.xiaohongshu.com/explore/6a77c1ea00000000260375c5,小红书,面试技巧,2026-08-11,163
面试时自我介绍到底怎么说才对？,https://www.xiaohongshu.com/explore/6a7add6c000000002800635f,小红书,面试什么话该说,2026-08-11,1
如何解决面试无话可说？,https://www.xiaohongshu.com/explore/6a7ad54500000000320315b9,小红书,面试什么话该说,2026-08-11,0
面试时，一句话改变了结果,https://www.xiaohongshu.com/explore/6a7ad19d000000000c033c00,小红书,面试什么话该说,2026-08-11,0
如何在面试中做到有话可说,https://www.xiaohongshu.com/explore/6a7acf86000000003400f903,小红书,面试什么话该说,2026-08-11,0
面试三大高频问题这样答直接加分,https://www.xiaohongshu.com/explore/6a7ac505000000002201527b,小红书,面试什么话该说,2026-08-11,2
面试想高分，一定要记住这三个原则,https://www.xiaohongshu.com/explore/6a7ab7620000000028005a44,小红书,面试什么话该说,2026-08-11,3
HR真心话期望薪资千万别说随公司规定,https://www.xiaohongshu.com/explore/6a7ad64b000000002102186f,小红书,面试什么话不能说,2026-08-11,2
面试不要说这三句话,https://www.xiaohongshu.com/explore/6a7ab24e000000002402e32b,小红书,面试什么话不能说,2026-08-11,8
面试别裸考！这一套资料帮你把话都说清楚,https://www.xiaohongshu.com/explore/6a7ab1350000000028008d82,小红书,面试什么话不能说,2026-08-11,1
面试时，一定不要说的几句话,https://www.xiaohongshu.com/explore/6a79a5970000000032021ddd,小红书,面试什么话不能说,2026-08-11,6
面试别太老实，不该说的千万不要说（喂饭版）,https://www.xiaohongshu.com/explore/6a797a170000000032021c6a,小红书,面试什么话不能说,2026-08-11,22
保研面试PPT不用愁这份自我介绍模板直接抄,https://www.xiaohongshu.com/explore/6a7aedf200000000260344c1,小红书,简单大气的自我介绍,2026-08-11,0
入职第一天做一个没有亮点的自我介绍,https://www.xiaohongshu.com/explore/6a7ae51d0000000026035a2a,小红书,简单大气的自我介绍,2026-08-11,3
面试英语自我介绍全场景高分句式合集,https://www.xiaohongshu.com/explore/6a7ae48900000000080105c4,小红书,简单大气的自我介绍,2026-08-11,0
讲一下培训贷招转培,https://www.xiaohongshu.com/explore/6a6858af000000000f02b843,小红书,求职诈骗防范(招转培招转贷),2026-08-11,1
想要入职必须先报公司高价课程,https://www.xiaohongshu.com/explore/6a60b5e1000000000f00929b,小红书,求职诈骗防范(招转培招转贷),2026-08-11,7
福田大批招转培团伙被抓刑辩律师拆解,https://www.xiaohongshu.com/explore/6a5edd66000000000f02a521,小红书,求职诈骗防范(招转培招转贷),2026-08-11,8
招转培骗局自救指南,https://www.xiaohongshu.com/explore/6a5b5dca000000001101d080,小红书,求职诈骗防范(招转培招转贷),2026-08-11,0
高薪招聘变贷款培训2026严打招转培骗局直接退钱,https://www.xiaohongshu.com/explore/6a55e1ee000000001602716c,小红书,求职诈骗防范(招转培招转贷),2026-08-11,0
入职不成反背贷警惕招转培陷阱真实案例,https://www.xiaohongshu.com/explore/6a534a89000000001700a8a2,小红书,求职诈骗防范(招转培招转贷),2026-08-11,0
群面所有人都急着表现自己,https://www.xiaohongshu.com/explore/6a7858240000000022011e44,小红书,无领导小组抢话怎么办,2026-08-11,23
HR说无领导小组讨论角色终极抢攻略,https://www.xiaohongshu.com/explore/6a745a160000000025005930,小红书,无领导小组抢话怎么办,2026-08-11,0
群面别再抢Leader这样做稳拿高分,https://www.xiaohongshu.com/explore/6a7084d00000000008010fb5,小红书,无领导小组抢话怎么办,2026-08-11,1
群面淘汰率80%你怕了吗话术模板,https://www.xiaohongshu.com/explore/6a702f4f000000002500774d,小红书,无领导小组抢话怎么办,2026-08-11,0
群面抢不到主导权靠4个动作稳稳加分,https://www.xiaohongshu.com/explore/6a700897000000002501278c,小红书,无领导小组抢话怎么办,2026-08-11,0
群面别再当透明人无领导小组保命技巧,https://www.xiaohongshu.com/explore/6a62b764000000001303d994,小红书,无领导小组抢话怎么办,2026-08-11,0
职场沟通的加分项话术,https://www.xiaohongshu.com/explore/6a7844e30000000022032b39,小红书,职场委婉语手册,2026-08-11,32
第17课职场必学日本人商务汇报怎么说话,https://www.xiaohongshu.com/explore/6a77ef5e000000003302c6a9,小红书,职场委婉语手册,2026-08-11,2
把嗯嗯好哒换成这4句话后同事开始尊重我了,https://www.xiaohongshu.com/explore/6a71cfa2000000002c000f35,小红书,职场委婉语手册,2026-08-11,15
职场高情商沟通话术,https://www.xiaohongshu.com/explore/6a6b65a1000000003302f354,小红书,职场委婉语手册,2026-08-11,0
如何礼貌委婉地拒绝上级领导的加班要求,https://blog.csdn.net/Java_WuYY/article/details/133386037,网页,职场委婉语手册,2026-08-11,—
如何跟领导说不去有效拒绝技巧有哪些,https://blog.ihr360.com/p/61741/,网页,职场委婉语手册,2026-08-11,—
控场能力和领导能力如何培养无领导小组讨论怎么准备,https://www.zhihu.com/question/511886846,网页,无领导小组抢话怎么办,2026-08-11,—
一直在无领导小组讨论中不说话怎么办,https://www.zhihu.com/question/356751773,网页,无领导小组抢话怎么办,2026-08-11,—
无领导小组讨论的时候该怎么插话,https://www.zhihu.com/question/461720425,网页,无领导小组抢话怎么办,2026-08-11,—
关于无领导小组讨论面试的经验和见解,https://zhuanlan.zhihu.com/p/416103094,网页,无领导小组抢话怎么办,2026-08-11,—
收藏无领导小组讨论面试常用话术集锦,https://zhuanlan.zhihu.com/p/468232115,网页,无领导小组抢话怎么办,2026-08-11,—
还没入职先背贷警惕招转培骗局,https://www.chinanews.com.cn/sh/2026/03-05/10581217.shtml,网页,求职诈骗防范(招转培招转贷),2026-08-11,—
警惕招转培培训贷骗局五部门联合发布风险提示,https://view.inews.qq.com/a/20260518A09KJG00,网页,求职诈骗防范(招转培招转贷),2026-08-11,—
五部门发布风险提示警惕招转培培训贷骗局,http://www.yndaily.com/html/2026/yunxinwen_0518/142520.html,网页,求职诈骗防范(招转培招转贷),2026-08-11,—
职场该不该和同事做朋友—表达练习,https://www.xiaohongshu.com/explore/6a7b3d2c00000000220302eb,小红书,职场表达,2026-08-11,1
日常表达词汇积累,https://www.xiaohongshu.com/explore/6a7b23ae000000003300e62b,小红书,职场表达,2026-08-11,10
那些很高频但是不会说的职场口语表达,https://www.xiaohongshu.com/explore/6a7af981000000002201799e,小红书,职场表达,2026-08-11,58
HR只相信这8种离职原因！！提升职场表达力,https://www.xiaohongshu.com/explore/6a7b16e90000000032033241,小红书,职场表达,2026-08-11,15
高手谈协作，都在用这5个表达,https://www.xiaohongshu.com/explore/6a7ad86c0000000006006e4e,小红书,职场表达,2026-08-11,23
走上管理岗一定要会说场面话，职场说话之道,https://www.xiaohongshu.com/explore/6a7a831a0000000005031677,小红书,职场表达,2026-08-11,14
汇报能力才是职场顶级能力！,https://www.xiaohongshu.com/explore/6a79dbf500000000050222d8,小红书,职场表达,2026-08-11,19
建议所有职场人都去刻意练习职场表达,https://www.xiaohongshu.com/explore/6a79c0140000000032033f31,小红书,职场表达,2026-08-11,25
齐言表达力,https://www.xiaohongshu.com/explore/6a795dd900000000240277d7,小红书,职场表达,2026-08-11,1
表达能力强的人，讲话都是有公式的,https://www.xiaohongshu.com/explore/6a7939b8000000002701c014,小红书,职场表达,2026-08-11,6
面试次数多了，什么都倒背如流！,https://www.xiaohongshu.com/explore/6a7ada9f000000002701f925,小红书,面试技巧,2026-08-11,20
秋招笔试加面试我都在用这份面试小抄,https://www.xiaohongshu.com/explore/6a7ab7780000000024026c4a,小红书,面试技巧,2026-08-11,19
面试前和HR沟通一定要问这些！,https://www.xiaohongshu.com/explore/6a7937920000000008011942,小红书,面试技巧,2026-08-11,94
会说漂亮话的人真的不怕有空窗期!,https://www.xiaohongshu.com/explore/6a7b32f200000000330130a0,小红书,面试什么话该说,2026-08-11,4
面试小技巧之内推,https://www.xiaohongshu.com/explore/6a7b2a45000000002500551c,小红书,面试什么话该说,2026-08-11,11
如何解决面试无话可说？,https://www.xiaohongshu.com/explore/6a7ad52a0000000032021dd2,小红书,面试什么话该说,2026-08-11,3
面试官最讨厌留学生说的3句话,https://www.xiaohongshu.com/explore/6a7b20970000000012010a47,小红书,面试什么话不能说,2026-08-11,29
结构化六大题型回答框架,https://www.xiaohongshu.com/explore/6a7ab799000000002403f825,小红书,结构化表达,2026-08-11,8
不同面试官潜台词拆解｜读懂真实意图,https://www.xiaohongshu.com/explore/6a7b1701000000003400c7d8,小红书,面试潜台词,2026-08-11,6
今天教你听懂HR的潜台词,https://www.xiaohongshu.com/explore/6a7afc850000000005022405,小红书,面试潜台词,2026-08-11,6
带你拆解面试潜台词,https://www.xiaohongshu.com/explore/6a7af285000000003300a146,小红书,面试潜台词,2026-08-11,1
面试官的潜台词，你听懂了吗,https://www.xiaohongshu.com/explore/6a7ae43800000000280033c1,小红书,面试潜台词,2026-08-11,2
面试潜台词相关笔记(天使找工作),https://www.xiaohongshu.com/explore/6a7ad47b000000000502ae50,小红书,面试潜台词,2026-08-11,17
面试时HR说的这些话，真实意思是…,https://www.xiaohongshu.com/explore/6a7aafbd0000000005028328,小红书,面试潜台词,2026-08-11,41
职场PUA？老娘反手就是一个大比兜,https://www.xiaohongshu.com/explore/6a7b2c370000000005028fc4,小红书,职场反pua经典话术,2026-08-11,1
余欢水教我的10条反PUA法则！,https://www.xiaohongshu.com/explore/6a7a8b3500000000320203a9,小红书,职场反pua经典话术,2026-08-11,1
Ep15#反职场PUA|拒绝PUA从反击开始,https://www.xiaohongshu.com/explore/6a799afc000000003300eb9d,小红书,职场反pua经典话术,2026-08-11,2
职场所有带PUA你的话，都可以这样回复,https://www.xiaohongshu.com/explore/6a77dc07000000003300ad86,小红书,职场反pua经典话术,2026-08-11,38
职场PUA反杀话术合集，不做软柿子！,https://www.xiaohongshu.com/explore/6a77476d0000000022013dd8,小红书,职场反pua经典话术,2026-08-11,8
面对职场PUA挑刺，如何清醒回击,https://www.xiaohongshu.com/explore/6a75ac1400000000290336b3,小红书,职场反pua经典话术,2026-08-11,790
管理者反问话术，既能管住人，又不得罪人,https://www.xiaohongshu.com/explore/6a748609000000003302dd6a,小红书,职场反pua经典话术,2026-08-11,9
职场老实人必看｜5个反PUA高情商话术,https://www.xiaohongshu.com/explore/6a7473900000000025013602,小红书,职场反pua经典话术,2026-08-11,2
pua话术大全,https://www.xiaohongshu.com/explore/6a705ab60000000022031562,小红书,职场反pua经典话术,2026-08-11,74
谈加薪，别只说“我很努力”,https://www.xiaohongshu.com/explore/6a780bad000000002403cf9b,小红书,如何礼貌谈加薪,2026-08-11,8
谈涨薪那天我准备了一个月，十分钟就谈完了,https://www.xiaohongshu.com/explore/6a77228300000000250056bd,小红书,如何礼貌谈加薪,2026-08-11,5
2min学会｜1on1提加薪不尴尬的3句英文,https://www.xiaohongshu.com/explore/6a7131d8000000003301a0de,小红书,如何礼貌谈加薪,2026-08-11,5
大厂谈薪，如何多争取一点点,https://www.xiaohongshu.com/explore/6a7082f6000000002202c10f,小红书,如何礼貌谈加薪,2026-08-11,2
别不好意思谈钱！向领导提加薪的最高,https://www.xiaohongshu.com/explore/6a707733000000002500bf6d,小红书,如何礼貌谈加薪,2026-08-11,1
职场最难的一课：学会倾听，比会表达更重要,https://www.xiaohongshu.com/explore/6a7b45d100000000060040e2,小红书,职场表达,2026-08-11,2
汇报能力才是职场顶级能力！,https://www.xiaohongshu.com/explore/6a7a82500000000022012577,小红书,职场表达,2026-08-11,19
面试时被问缺点，这样回答一定被pass,https://www.xiaohongshu.com/explore/6a7b39fb0000000033037c84,小红书,面试技巧,2026-08-11,1
面试前和HR沟通一定要问这些！,https://www.xiaohongshu.com/explore/6a7938a20000000022030dfc,小红书,面试技巧,2026-08-11,94
一个把简历项目真正吃透的AI面试Prompt,https://www.xiaohongshu.com/explore/6a7869240000000022030e4a,小红书,面试技巧,2026-08-11,150
HR问空窗期时，千万别把这么说了,https://www.xiaohongshu.com/explore/6a7b315600000000280328f0,小红书,面试什么话该说,2026-08-11,—
如何解决面试无话可说？,https://www.xiaohongshu.com/explore/6a7b0b55000000003300cf8b,小红书,面试什么话该说,2026-08-11,—
面试博弈论|面试中别说这10句话,https://www.xiaohongshu.com/explore/6a78a40f0000000035017a5b,小红书,面试什么话不能说,2026-08-11,339
面试别太老实，不该说的千万不要说（喂饭版）,https://www.xiaohongshu.com/explore/6a79b87f000000002c0035f4,小红书,面试什么话不能说,2026-08-11,22
面试时不该说的话，千万别说‼️,https://www.xiaohongshu.com/explore/6a684455000000000f02a8ea,小红书,面试什么话不能说,2026-08-11,35
大胆开问！原来谈薪要这么答！,https://www.xiaohongshu.com/explore/6a71d5d80000000005032f10,小红书,薪资争取话术,2026-08-11,23
薪资不是报出来的，而是前面一点点争取来的,https://www.xiaohongshu.com/explore/6a7a8154000000002202f687,小红书,薪资争取话术,2026-08-11,4
HRBP怎么跟老板谈涨薪 成功率90%的方法,https://www.xiaohongshu.com/explore/6a7446270000000032021d56,小红书,薪资争取话术,2026-08-11,4
HR：给不到期望薪资怎样一句话翻盘？,https://www.xiaohongshu.com/explore/6a75728a0000000005032393,小红书,薪资争取话术,2026-08-11,8
如何谈薪...,https://www.xiaohongshu.com/explore/6a756df4000000002403ec08,小红书,薪资争取话术,2026-08-11,16
"谈薪环节,怎样让HR帮你争取更高薪酬",https://www.xiaohongshu.com/explore/6a74393900000000080134b7,小红书,薪资争取话术,2026-08-11,8
HRBP薪资谈判技巧 这样谈薪资多涨20%！,https://www.xiaohongshu.com/explore/6a73f5870000000026035b7f,小红书,薪资争取话术,2026-08-11,—
怎么跟领导说涨薪？直接奔着谈崩去开口,https://www.xiaohongshu.com/explore/6a733abf00000000260355d0,小红书,薪资争取话术,2026-08-11,11
成为博士的第一步，是拥有高配得感,https://www.xiaohongshu.com/explore/6a7b2c8400000000050334f3,小红书,面试配得感,2026-08-11,1
33岁失业，AI诊断我有不配得感,https://www.xiaohongshu.com/explore/6a7aef6d0000000026034ba7,小红书,面试配得感,2026-08-11,1
正装果然，穿上感觉自己容光焕发！,https://www.xiaohongshu.com/explore/6a79f113000000003400e912,小红书,面试配得感,2026-08-11,85
面试高通过率的秘诀：高配得感,https://www.xiaohongshu.com/explore/6a75c004000000002701ec94,小红书,面试配得感,2026-08-11,5
不配得感不敢谈薪的人，大多从小经常被否定,https://www.xiaohongshu.com/explore/6a745ced00000000080104f4,小红书,面试配得感,2026-08-11,9
找工作一定要提高配得感,https://www.xiaohongshu.com/explore/6a7431570000000022010f48,小红书,面试配得感,2026-08-11,—
找工作，就去冲你觉得够不上的岗位,https://www.xiaohongshu.com/explore/6a742c3c000000003400c69b,小红书,面试配得感,2026-08-11,4
面试拿offer的人，都有一种高配得感,https://www.xiaohongshu.com/explore/6a714c0b0000000005032888,小红书,面试配得感,2026-08-11,6
面试必问：你有什么缺点（保姆级教程）❗,https://www.xiaohongshu.com/explore/6a79dc0c0000000022030033,小红书,面试优缺点怎么高情商回答,2026-08-11,69
面试被问缺点怎么答？三个标准话术直接套用,https://www.xiaohongshu.com/explore/6a792707000000002403ed89,小红书,面试优缺点怎么高情商回答,2026-08-11,3
来自面试官角度的分享！缺点也是优点,https://www.xiaohongshu.com/explore/6a765fee000000000502aa76,小红书,面试优缺点怎么高情商回答,2026-08-11,14
面试缺点逆袭:3步变加分项,https://www.xiaohongshu.com/explore/6a747f0700000000220122fa,小红书,面试优缺点怎么高情商回答,2026-08-11,2
「高分模板」面试问优势怎么回答？,https://www.xiaohongshu.com/explore/6a7441a70000000005020ad6,小红书,面试优缺点怎么高情商回答,2026-08-11,—
高情商回答！面试官问：你的优缺点是什么,https://www.xiaohongshu.com/explore/6a744f4200000000210209b5,小红书,面试优缺点怎么高情商回答,2026-08-11,1
我最大的缺点是完美主义——面试官心里翻了,https://www.xiaohongshu.com/explore/6a7414e8000000002402623a,小红书,面试优缺点怎么高情商回答,2026-08-11,60
面试官问你最大缺点是什么怎么回答,https://www.xiaohongshu.com/explore/6a70647d0000000005023f1b,小红书,面试优缺点怎么高情商回答,2026-08-11,—
Video Interview别盯着稿子,https://www.xiaohongshu.com/explore/6a5d8066000000000f01dc34,小红书,线上面试可以看稿子吗,2026-08-11,11
线上英文面试，千万别念稿子！,https://www.xiaohongshu.com/explore/6a4658d5000000001102e317,小红书,线上面试可以看稿子吗,2026-08-11,12
线上面试实时提词，这些坑别踩,https://www.xiaohongshu.com/explore/6a3cbd0900000000060350bc,小红书,线上面试可以看稿子吗,2026-08-11,11
线上面试怕忘词？别再低头看稿,https://www.xiaohongshu.com/explore/6a3ca529000000001603d3e5,小红书,线上面试可以看稿子吗,2026-08-11,23
视频面试怕穿帮？提词位置很关键,https://www.xiaohongshu.com/explore/6a339e460000000011018cf7,小红书,线上面试可以看稿子吗,2026-08-11,9
线上面试是否能看稿？,https://www.xiaohongshu.com/explore/6a2ac2b6000000002103cade,小红书,线上面试可以看稿子吗,2026-08-11,6
线上面试怎么读稿自然/作弊小技巧,https://www.xiaohongshu.com/explore/6a0ece770000000008000739,小红书,线上面试可以看稿子吗,2026-08-11,269
腾讯会议面试怎么看稿子,https://www.xiaohongshu.com/explore/69e892af00000000230225c7,小红书,线上面试可以看稿子吗,2026-08-11,299
面试官问优缺点？3个满分话术，巧妙转化致命题！,https://zhuanlan.zhihu.com/p/1893242879171875943,知乎,面试优缺点怎么高情商回答,2026-08-11,—
掌握谈薪资的13大技巧，让你工资翻倍！,https://36kr.com/p/2639706420542599,36氪,薪资争取话术,2026-08-11,—
线上面试怎么选择地点？可以看稿子吗？解决你所有的线上面试问题,https://zhuanlan.zhihu.com/p/546821382,知乎,线上面试可以看稿子吗,2026-08-11,—
线上面试可以看草稿吗(附7个面试小技巧),https://m.jingliren.org/zc/msjq/250169.html,经理人,线上面试可以看稿子吗,2026-08-11,—
面试提词器还有人用吗：传统小抄到AI实时辅助，哪种方案真的管用,https://www.mianlingai.com/blog/interview-teleprompter-ai-guide-2026/,面灵AI博客,线上面试可以看稿子吗,2026-08-11,—
从面试官角度谈面试心态,https://www.1point3acres.com/bbs/thread-912940-1-1.html,一亩三分地,面试配得感,2026-08-11,—
技术面试杂谈（5）面试心理建设,https://zhuanlan.zhihu.com/p/669080853,知乎,面试配得感,2026-08-11,—
嘴笨没心眼的人一定要学会：利他性表达,https://www.xiaohongshu.com/explore/6a7be7720000000025014ada?xsec_token=ABLbyOJYUiwwEst0fazA_31ghUlFPuAa9FfrS4eCzBrzY=&xsec_source=pc_search,小红书,职场表达,2026-08-12,13
职场6句高情商回话术,https://www.xiaohongshu.com/explore/6a7bd359000000002202e61b?xsec_token=ABLbyOJYUiwwEst0fazA_31iw38GXWoBomfjUuql--L7I=&xsec_source=pc_search,小红书,职场表达,2026-08-12,5
14天建立表达系统,https://www.xiaohongshu.com/explore/6a7b4a43000000002500444e?xsec_token=ABLbyOJYUiwwEst0fazA_31izfdeyGETG9N-fJEYQdzbU=&xsec_source=pc_search,小红书,职场表达,2026-08-12,31
职场人如何提升表达逻辑性，这是我的方法,https://www.xiaohongshu.com/explore/6a7b3d0000000000250045a4?xsec_token=ABLbyOJYUiwwEst0fazA_31uf2thRHqu3fO1SU-z73opI=&xsec_source=pc_search,小红书,职场表达,2026-08-12,12
为啥会有这种表达习惯,https://www.xiaohongshu.com/explore/6a7ae01b000000002701ce65?xsec_token=AB0iIrArfsyXL3v0w2rjQYKorwz6VKqsJJ6veBAZfvr34=&xsec_source=pc_search,小红书,职场表达,2026-08-12,—
职场吃亏真相：明明会做事，却输在不会说话,https://www.xiaohongshu.com/explore/6a79d724000000002403d8eb?xsec_token=ABiy_APxfNb7nebX5V17ZNnQHJ1RzFYHxBHBUPpOj0YjI=&xsec_source=pc_search,小红书,职场表达,2026-08-12,12
换个表达，效果直接拉满！,https://www.xiaohongshu.com/explore/6a79cb09000000003202344a?xsec_token=ABiy_APxfNb7nebX5V17ZNnSarfUjoLnPCqugE8IgYdAY=&xsec_source=pc_search,小红书,职场表达,2026-08-12,23
为什么老实人在职场总是容易吃表达的亏,https://www.xiaohongshu.com/explore/6a79c7960000000022015e5a?xsec_token=ABiy_APxfNb7nebX5V17ZNnVY7ueTpbpzLOkZO50ibSqs=&xsec_source=pc_search,小红书,职场表达,2026-08-12,9
团队协作秘诀：小红书爆款团队的5个沟通心法,https://www.jia-ai.com/info/UwnCjITF.html,网页,职场表达,2026-08-12,—
面试被问到这个问题，我准备了这样的回答,https://www.xiaohongshu.com/explore/6a719fbd0000000024027b66?xsec_token=ABJ67AJwpaEbbSDyndwOBnXslM-9kGEEwy-9zmxryEBxs=&xsec_source=pc_search,小红书,面试技巧,2026-08-12,3481
面试反问环节，问这2个问题，HR当场想给你发offer,https://www.xiaohongshu.com/explore/6a7b128b0000000025011175?xsec_token=ABLbyOJYUiwwEst0fazA_31tm7gFVUfYNEfhmA5lYxxHM=&xsec_source=pc_search,小红书,面试技巧,2026-08-12,22
央国企面试3要素，你了解多少？,https://www.xiaohongshu.com/explore/6a7ada9f000000002701f925?xsec_token=AB0iIrArfsyXL3v0w2rjQYKvQr1ye-zPyjUGjauv9UAfo=&xsec_source=pc_search,小红书,面试技巧,2026-08-12,2
关于济宁国投面试~给大家一些备考建议~,https://www.xiaohongshu.com/explore/6a78a40f0000000035017a5b?xsec_token=ABgC4AG4uV8pNGdRUoacucZpKYRYYrbB74Svh3dPWsOSg=&xsec_source=pc_search,小红书,面试技巧,2026-08-12,13
应届生面试10大高频题｜直接背这套话术,https://www.xiaohongshu.com/explore/6a7996f9000000002202ebd8?xsec_token=ABiy_APxfNb7nebX5V17ZNnWNbQcP5gqd_P0tr5WnrHT8=&xsec_source=pc_search,小红书,面试技巧,2026-08-12,6
难怪她们HSBC面试都那么轻松！,https://www.xiaohongshu.com/explore/6a77df4a0000000022016f3e?xsec_token=ABoGIFhUQdLbS3raxl7kt7qzgO-aFYj02uJ-h77Obc2Rk=&xsec_source=pc_search,小红书,面试技巧,2026-08-12,3
加拿大面试4个隐形加分项,https://www.xiaohongshu.com/explore/6a76f6b10000000028005b28?xsec_token=ABC0KjOQhCTlEqm5Yv0HXR39Vv8YlpiKYJ8yClRuNW8fw=&xsec_source=pc_search,小红书,面试技巧,2026-08-12,7
面试表达自然，关键在措辞,https://www.xiaohongshu.com/explore/6a76f68e000000000502ab4e?xsec_token=ABC0KjOQhCTlEqm5Yv0HXR30WeHKgZHj6xRA2C90yH_GU=&xsec_source=pc_search,小红书,面试技巧,2026-08-12,111
HRD：面试前一小时做好这个包过清单！,https://www.xiaohongshu.com/explore/6a75c61500000000250075dc?xsec_token=ABoWX6vsisjvKH9WvXeUle-7sdIvKnYc3mUf1wsE-Vbss=&xsec_source=pc_search,小红书,面试技巧,2026-08-12,25
北美留学生面试总挂?3大法宝轻松拿Offer,https://www.xiaohongshu.com/explore/6a75ac7100000000280312f4?xsec_token=ABoWX6vsisjvKH9WvXeUle-7XY2xW7rHXEHGXO1DgaxPU=&xsec_source=pc_search,小红书,面试技巧,2026-08-12,7
这5个问题没有问清楚，面试就是去送人头,https://www.xiaohongshu.com/explore/6a75aba600000000220336a5?xsec_token=ABoWX6vsisjvKH9WvXeUle-1htPzidyNFQOfsjXCCdwrc=&xsec_source=pc_search,小红书,面试技巧,2026-08-12,142
马上面试了没时间准备-30分钟速成版,https://www.xiaohongshu.com/explore/6a749cf20000000033036f59?xsec_token=ABCvGg8BzJlYLfKwfe8nGdcBWa3C17Huo52LE_Me9fGiQ=&xsec_source=pc_search,小红书,面试技巧,2026-08-12,107
无痛）让你的面试立刻显得更自信,https://www.xiaohongshu.com/explore/6a75f625000000003301201a?xsec_token=ABoWX6vsisjvKH9WvXeUle-zRRWw-uzpHQdcolOjLqmoM=&xsec_source=pc_search,小红书,面试技巧,2026-08-12,29
1个面试不卡壳的万能话术,https://www.xiaohongshu.com/search_result/694ce910000000001f00fe7e,小红书,面试什么话该说,2026-08-12,616
面试过上千人，这是我见过最精彩的自我介绍,https://www.xiaohongshu.com/search_result/67d8318e000000001e006b40,小红书,面试什么话该说,2026-08-12,2465
超全面试问题汇总✅（附满分回答技巧）,https://www.xiaohongshu.com/search_result/69bb67420000000021038e8a,小红书,面试什么话该说,2026-08-12,4077
HR真心话：期望薪资千万别说随公司规定,https://www.xiaohongshu.com/search_result/,小红书,面试什么话不能说,2026-08-12,3
面试避雷❌面试官反感的5句踩雷话术,https://www.xiaohongshu.com/search_result/,小红书,面试什么话不能说,2026-08-12,—
面试时千万不要说这些！,https://www.xiaohongshu.com/search_result/,小红书,面试什么话不能说,2026-08-12,115
面试的时候哪些话该说,https://www.xiaohongshu.com/search_result/,小红书,面试什么话不能说,2026-08-12,3
在面试过程中千万不要说这三句话！,https://www.xiaohongshu.com/search_result/,小红书,面试什么话不能说,2026-08-12,67
这些话绝对不能乱说/面试避坑,https://www.xiaohongshu.com/search_result/,小红书,面试什么话不能说,2026-08-12,9
面试中不能说的三句话,https://www.xiaohongshu.com/explore/6a715944000000002c007c61?xsec_token=ABJ67AJwpaEbbSDyndwOBnXp08bEhHG7spyygTuSeruIM=&xsec_source=pc_search,小红书,面试什么话不能说,2026-08-12,8
无领导面试练习现场（自由讨论）,https://www.xiaohongshu.com/search_result?keyword=无领导小组讨论模拟,小红书,无领导小组讨论模拟,2026-08-12,89
对抗式辩论5.13上午 民间mock,https://www.xiaohongshu.com/search_result?keyword=无领导小组讨论模拟,小红书,无领导小组讨论模拟,2026-08-12,43
无领导小组— 答题话术,https://www.xiaohongshu.com/search_result?keyword=无领导小组讨论模拟,小红书,无领导小组讨论模拟,2026-08-12,14000
京东无领导群面︱自由讨论回放,https://www.xiaohongshu.com/search_result?keyword=无领导小组讨论模拟,小红书,无领导小组讨论模拟,2026-08-12,8139
真实的无领导小组讨论面试现场！质量高,https://www.xiaohongshu.com/search_result?keyword=无领导小组讨论模拟,小红书,无领导小组讨论模拟,2026-08-12,432
每天一个无领导面试题目丨排序题,https://www.xiaohongshu.com/search_result?keyword=无领导小组讨论模拟,小红书,无领导小组讨论模拟,2026-08-12,251
无领导小组到底在考察什么？在职HR实话实说,https://www.xiaohongshu.com/search_result?keyword=无领导小组讨论模拟,小红书,无领导小组讨论模拟,2026-08-12,124
不掀桌/打辅助/苟到最后--群面遇强心法,https://www.xiaohongshu.com/search_result?keyword=无领导小组讨论模拟,小红书,无领导小组讨论模拟,2026-08-12,60
无领导小组讨论攻略！i人再也不怕群面了！,https://www.xiaohongshu.com/search_result?keyword=无领导小组讨论模拟,小红书,无领导小组讨论模拟,2026-08-12,35
太佛系的人是不是答不了无领导,https://www.xiaohongshu.com/search_result?keyword=无领导小组讨论模拟,小红书,无领导小组讨论模拟,2026-08-12,317
无领导小组面试，大家太想进步了,https://www.xiaohongshu.com/search_result?keyword=无领导小组讨论模拟,小红书,无领导小组讨论模拟,2026-08-12,63
我勒个痘！无领导小组讨论！保姆级教程！,https://www.xiaohongshu.com/search_result?keyword=无领导小组讨论模拟,小红书,无领导小组讨论模拟,2026-08-12,105
群面无领导小组讨论——抢不上话怎么办？,https://www.xiaohongshu.com/search_result?keyword=无领导小组讨论模拟,小红书,无领导小组讨论模拟,2026-08-12,26
无领导小组讨论如何发言？,https://www.xiaohongshu.com/search_result?keyword=无领导小组讨论模拟,小红书,无领导小组讨论模拟,2026-08-12,38
无领导组队(公益),https://www.xiaohongshu.com/search_result?keyword=无领导小组讨论模拟,小红书,无领导小组讨论模拟,2026-08-12,31
真实无领导完整实录3.2银行多项选择题,https://www.xiaohongshu.com/search_result?keyword=无领导小组讨论模拟,小红书,无领导小组讨论模拟,2026-08-12,3040
无领导小组讨论技巧汇编,https://zhuanlan.zhihu.com/p/401883182,知乎,无领导小组讨论模拟,2026-08-12,—
无领导小组讨论的题目有哪些？,https://www.zhihu.com/question/282540276,知乎,无领导小组讨论模拟,2026-08-12,—
平时做些什么积累才能提升自己在无领导小组讨论中的实力？,https://www.zhihu.com/question/37097326,知乎,无领导小组讨论模拟,2026-08-12,—
来啦来啦，外企高频问题,https://www.xiaohongshu.com/search_result?keyword=面试高频题型,小红书,面试高频题型,2026-08-12,11000
揣着答案去面试BA有多爽 ，谁懂啊！,https://www.xiaohongshu.com/search_result?keyword=面试高频题型,小红书,面试高频题型,2026-08-12,32
得到CEO脱不花:面试一个人，这4个就够了,https://www.xiaohongshu.com/search_result?keyword=面试高频题型,小红书,面试高频题型,2026-08-12,918
外企面试高频英文问答，背会直接用,https://www.xiaohongshu.com/search_result?keyword=面试高频题型,小红书,面试高频题型,2026-08-12,29
外贸口语面试最全的高频问答,https://www.xiaohongshu.com/search_result?keyword=面试高频题型,小红书,面试高频题型,2026-08-12,37
职场万用术：你学会了吗？,https://www.xiaohongshu.com/search_result?keyword=职场破局话术大全,小红书,职场破局话术大全,2026-08-12,39000
真正的反击，不是掀桌子，而是不入局,https://www.xiaohongshu.com/search_result?keyword=职场破局话术大全,小红书,职场破局话术大全,2026-08-12,231
超实用的9大说服框架 #谈判 #推销 #沟通,https://www.xiaohongshu.com/search_result?keyword=职场破局话术大全,小红书,职场破局话术大全,2026-08-12,6278
最好的反击，是摧毁问题（第二期）,https://www.xiaohongshu.com/search_result?keyword=职场破局话术大全,小红书,职场破局话术大全,2026-08-12,15000
职场中，当你开始享受冲突，你才真正上牌桌,https://www.xiaohongshu.com/search_result?keyword=职场破局话术大全,小红书,职场破局话术大全,2026-08-12,292
在职：职场万用术,https://www.xiaohongshu.com/search_result?keyword=职场破局话术大全,小红书,职场破局话术大全,2026-08-12,12000
避免背锅的万能话术❗,https://www.xiaohongshu.com/search_result?keyword=职场破局话术大全,小红书,职场破局话术大全,2026-08-12,9136
一身反骨，文案这么发｜句句封神,https://www.xiaohongshu.com/search_result?keyword=职场破局话术大全,小红书,职场破局话术大全,2026-08-12,1405
《毛选》：别人甩锅，一招破局,https://www.xiaohongshu.com/search_result?keyword=职场破局话术大全,小红书,职场破局话术大全,2026-08-12,38
职场反内耗指南：学会无所谓真的能开挂,https://www.xiaohongshu.com/search_result?keyword=职场破局话术大全,小红书,职场破局话术大全,2026-08-12,11000
同事不配合工作？ 这几招直接搞定他！,https://www.xiaohongshu.com/search_result?keyword=职场破局话术大全,小红书,职场破局话术大全,2026-08-12,12000
高手解法：一个腾讯的真实案例,https://www.xiaohongshu.com/search_result?keyword=职场破局话术大全,小红书,职场破局话术大全,2026-08-12,3861
中年女性终极突围：真正的转型，是思维重生,https://www.xiaohongshu.com/search_result?keyword=职场破局话术大全,小红书,职场破局话术大全,2026-08-12,194
工作中吵架，学会优雅地撕破脸,https://www.xiaohongshu.com/search_result?keyword=职场话术反制技巧,小红书,职场话术反制技巧,2026-08-12,210
屡试不爽职场黑话应怼法则,https://www.xiaohongshu.com/search_result?keyword=职场话术反制技巧,小红书,职场话术反制技巧,2026-08-12,155
老板太笨怎么办,https://www.xiaohongshu.com/search_result?keyword=职场话术反制技巧,小红书,职场话术反制技巧,2026-08-12,1228
怎么和讨厌的人合作,https://www.xiaohongshu.com/search_result?keyword=职场话术反制技巧,小红书,职场话术反制技巧,2026-08-12,1736
如何高情商回怼他人带恶意的表达,https://www.xiaohongshu.com/search_result?keyword=职场话术反制技巧,小红书,职场话术反制技巧,2026-08-12,61000
被人当众立威？4步反杀SOP把挑衅变秀场,https://www.xiaohongshu.com/search_result?keyword=职场话术反制技巧,小红书,职场话术反制技巧,2026-08-12,327
被泼脏水时，三招让他瞬间闭嘴,https://www.xiaohongshu.com/search_result?keyword=职场话术反制技巧,小红书,职场话术反制技巧,2026-08-12,1898
被抢功被忽略？13句高情商回怼不撕破脸,https://www.xiaohongshu.com/search_result?keyword=职场话术反制技巧,小红书,职场话术反制技巧,2026-08-12,68
谁说外企没有职场pua,https://www.xiaohongshu.com/search_result?keyword=职场话术反制技巧,小红书,职场话术反制技巧,2026-08-12,31
反制推恩令|4招让你轻松破解职场架空,https://www.xiaohongshu.com/search_result?keyword=职场话术反制技巧,小红书,职场话术反制技巧,2026-08-12,41
职场如何优雅发疯回怼,https://www.xiaohongshu.com/search_result?keyword=职场话术反制技巧,小红书,职场话术反制技巧,2026-08-12,43
一个不被任何人拿捏的方法：跳针,https://www.xiaohongshu.com/search_result?keyword=职场话术反制技巧,小红书,职场话术反制技巧,2026-08-12,304
【资环职航】无领导小组讨论面试技巧,https://sres.whu.edu.cn/info/1313/22554.htm,网页,无领导小组讨论模拟,2026-08-12,—
实战提高篇--无领导小组讨论经典案例,https://zhuanlan.zhihu.com/p/603870627,网页,无领导小组讨论模拟,2026-08-12,—
身为HR的你，知道如何设计无领导小组讨论面试题吗？,https://zhuanlan.zhihu.com/p/67931461,网页,无领导小组讨论模拟,2026-08-12,—
无领导小组讨论面试 技巧&常见问题,https://zhuanlan.zhihu.com/p/431095517,网页,无领导小组讨论模拟,2026-08-12,—
面试高频问题回答技巧 思维导图模板,https://www.processon.com/view/67d28bf86e2cc47223b9867b,网页,面试高频题型,2026-08-12,—
6个高频的经典面试问题回答思路,https://www.chinaacc.com/jiuye/zcbk/zh20231219175437.shtml,网页,面试高频题型,2026-08-12,—
推荐一些职场社交的高效破冰话术,https://www.happylife-zhiyue.com/note/309398.html,网页,职场破局话术大全,2026-08-12,—
职场社交沟通指南:告别冷场尴尬的高效话术技巧,https://www.szsmile.com/article-item-836.html,网页,职场破局话术大全,2026-08-12,—
职场常见话术，你知道实际含义吗？,https://www.lzsf.com/article/content/43.html,网页,职场破局话术大全,2026-08-12,—
商务谈判中打破沉默的话术礼仪,https://www.jianli.com/article/gzqwmz.html,网页,职场破局话术大全,2026-08-12,—
职场反击秘籍：教你如何巧妙应对不当领导,https://www.sohu.com/a/879075536_121956424,网页,职场话术反制技巧,2026-08-12,—
职场中、生活中常见的PUA话术有哪些？,https://www.zhihu.com/question/564795380,网页,职场话术反制技巧,2026-08-12,—
职场人，如何提升个人的表达能力？,https://www.zhihu.com/question/1904359828702335932,知乎,职场表达,2026-08-12,—
可以提高表达能力的10种方法！,https://zhuanlan.zhihu.com/p/454556522,知乎,职场表达,2026-08-12,—
找工作时都有哪些面试技巧？,https://www.zhihu.com/question/306398832,知乎,面试技巧,2026-08-12,—
求职面试技巧及注意事项,https://zhuanlan.zhihu.com/p/110997099,知乎,面试技巧,2026-08-12,—
应届毕业生求职面试宝典,https://zhuanlan.zhihu.com/p/663022399,知乎,面试技巧,2026-08-12,—
面试网教你在面试时良好的语言表达技巧,https://www.woshipm.com/zhichang/9417.html,人人都是产品经理,面试什么话该说,2026-08-12,—
面试时最忌讳这六句话，说了你就挂了。,https://zhuanlan.zhihu.com/p/50883542,知乎,面试什么话不能说,2026-08-12,—
如何向领导汇报工作？,https://www.zhihu.com/question/38025002,知乎,向上汇报话术,2026-08-12,—
如何向领导汇报工作？有什么好的方法和技巧?,https://www.zhihu.com/question/270093641/answer/2516608551,知乎,向上汇报话术,2026-08-12,—
和领导高效沟通，懂这6点就够了！,https://zhuanlan.zhihu.com/p/27910722,知乎,向上汇报话术,2026-08-12,—
如何跟领导简单高效的汇报工作？,https://www.zhihu.com/question/531715252,知乎,向上汇报话术,2026-08-12,—
向领导汇报工作有哪些注意事项？,https://www.zhihu.com/question/461487079,知乎,向上汇报话术,2026-08-12,—
公务员考试结构化面试内容及技巧,https://zhuanlan.zhihu.com/p/113573077,知乎,结构化面试答题框架,2026-08-12,—
公务员&事业单位结构化面试经验分享（详细）,https://zhuanlan.zhihu.com/p/331820976,知乎,结构化面试答题框架,2026-08-12,—
公务员考试：结构化面试万能模板,https://zhuanlan.zhihu.com/p/562897917,知乎,结构化面试答题框架,2026-08-12,—
公务员事业编结构化面试万能模板,https://zhuanlan.zhihu.com/p/436539850,知乎,结构化面试答题框架,2026-08-12,—
高情商表达：新晋管理者的职场软实力，你也可以掌握,https://zhuanlan.zhihu.com/p/1962153455494861083,知乎,职场常用委婉表达,2026-08-12,—
高情商回复,https://zhuanlan.zhihu.com/p/692392055,知乎,职场常用委婉表达,2026-08-12,—
面试复试后HR说一周内给通知，这有戏吗？,https://www.zhihu.com/question/446963598/answer/1805849272,知乎,面试通过话术,2026-08-12,—
怎样巧妙的问HR面试结果?,https://www.zhihu.com/question/23558193,知乎,面试通过话术,2026-08-12,—
当HR说了这些话，预示你面试已经通过了,https://zhuanlan.zhihu.com/p/1914112951037723662,知乎,面试通过话术,2026-08-12,—
面试成功后，如何礼貌回复HR呢？,https://zhuanlan.zhihu.com/p/569083342,知乎,面试通过话术,2026-08-12,—
面试完之后Hr电话通知说觉得各方面不错，但会在这一周内再看看其他求职者，希望还大吗?,https://www.zhihu.com/question/507717340,知乎,面试通过话术,2026-08-12,—
工作职场中如何高效沟通？这六个诀窍适合每个人！,https://zhuanlan.zhihu.com/p/159682300,知乎,职场表达,2026-08-12,—
最打动人心的职场礼仪和说话技巧？,https://www.zhihu.com/question/35313317,知乎,职场表达,2026-08-12,—
常见的面试问题有哪些？面试技巧有哪些呢？,https://www.zhihu.com/question/474011655,知乎,面试技巧,2026-08-12,—
经典面试50问（附答案）,https://zhuanlan.zhihu.com/p/620741493,知乎,面试技巧,2026-08-12,—
面试中最后一般面试官会问「你有没有什么问题想问我的？」应该问哪些问题？比较精彩的问法有哪些？,https://www.zhihu.com/question/21559274,知乎,面试什么话该说,2026-08-12,—
面试自我介绍该怎么说？金句模板+实战技巧全解,https://zhuanlan.zhihu.com/p/1890353763983786962,知乎,面试什么话该说,2026-08-12,—
面试过程中，特别难回答的十大问题，相信你也对此为难过！,https://zhuanlan.zhihu.com/p/22200836907,知乎,面试什么话不能说,2026-08-12,—
高情商的人，说话办事有多厉害？,https://zhuanlan.zhihu.com/p/690458161,知乎,职场委婉表达,2026-08-12,—
面试问题大合集分析及回答模板——完整版！,https://zhuanlan.zhihu.com/p/92354107,知乎,面试万能话术,2026-08-12,—
军队文职面试万能模板（附急救话术+避坑清单）,https://zhuanlan.zhihu.com/p/21037502668,知乎,面试万能话术,2026-08-12,—
职场发展 | 职场上如何提高沟通效率？,https://zhuanlan.zhihu.com/p/685471026,知乎,职场沟通逻辑,2026-08-12,—
求职面试很紧张，如何缓解压力？教你3个方法减轻压力，轻松面试,https://zhuanlan.zhihu.com/p/270578370,知乎,面试松弛感秘诀,2026-08-12,—
放轻松！6招教你缓解面试的紧张感？,https://zhuanlan.zhihu.com/p/490927918,知乎,面试松弛感秘诀,2026-08-12,—
如何高情商回怼？,https://www.zhihu.com/question/311123541,知乎,职场委婉表达,2026-08-12,—
如何高情商回复领导？,https://zhuanlan.zhihu.com/p/482384350,知乎,职场委婉表达,2026-08-12,—
会来事的职场人都是这样高情商回复领导的,https://zhuanlan.zhihu.com/p/665495318,知乎,职场委婉表达,2026-08-12,—
面试指导| 第一次面试紧张？ 是你吗？,https://zhuanlan.zhihu.com/p/395325516,知乎,面试松弛感秘诀,2026-08-12,—
表达能力为何如此重要？,https://zhuanlan.zhihu.com/p/1944692057076630882,知乎,职场表达,2026-08-12,—
2025数据分析岗面试7大高频题+避坑指南,https://zhuanlan.zhihu.com/p/27798968516,知乎,面试技巧,2026-08-12,—
公务员面试过程中，哪些话不万万不能说的你们清楚吗？,https://www.zhihu.com/question/440086595,知乎,面试什么话不能说,2026-08-12,—
面试指导之——面试礼仪,https://zhuanlan.zhihu.com/p/95529461,知乎,面试礼仪,2026-08-12,—
面试礼仪，知多少？,https://zhuanlan.zhihu.com/p/146863677,知乎,面试礼仪,2026-08-12,—
{面试礼仪} 如何应对面试官的9大疑问,https://zhuanlan.zhihu.com/p/30046232,知乎,面试礼仪,2026-08-12,—
经历过那么多次面试？你有注意过这些礼仪吗？,https://zhuanlan.zhihu.com/p/575791742,知乎,面试礼仪,2026-08-12,—
面试礼仪 Dos & Don'ts,https://zhuanlan.zhihu.com/p/91363229,知乎,面试礼仪,2026-08-12,—
面试礼仪重要的四个核心原则,https://www.eoffcn.com/kszx/detail/1163634.html,中公网校,面试礼仪,2026-08-12,—
有哪些「口才式演讲」课程值得推荐？,https://www.zhihu.com/question/478883060,知乎,职场口才训练,2026-08-12,—
真正要练口才，就这三点,https://zhuanlan.zhihu.com/p/693396418,知乎,职场口才训练,2026-08-12,—
如何锻炼自己的口才及表达能力,https://zhuanlan.zhihu.com/p/301519537,知乎,职场口才训练,2026-08-12,—
教你16种口才训练方法，告别职场透明人！！,https://zhuanlan.zhihu.com/p/41286719,知乎,职场口才训练,2026-08-12,—
管理者提升口才最好的方式：练,https://zhuanlan.zhihu.com/p/4385286541,知乎,职场口才训练,2026-08-12,—
怎样锻炼口才？,https://www.zhihu.com/question/27734540,知乎,职场口才训练,2026-08-12,—
"私下见领导，对方说""刚才会上批评你语气重了""，千万别说""没事儿""，高情商这样回",https://zhuanlan.zhihu.com/p/1962486719447302650,知乎,职场高情商回怼,2026-08-12,—
你是如何应对工作中那些刁难你的人的？,https://www.zhihu.com/question/564730984/answer/3438107234,知乎,职场高情商回怼,2026-08-12,—
请写出你们见过的最经典的无领导小组讨论题目？,https://www.zhihu.com/question/60712988,知乎,无领导小组模拟题库,2026-08-12,—
有哪些比较好的无领导小组讨论试题？,https://www.zhihu.com/question/22605034,知乎,无领导小组模拟题库,2026-08-12,—
HR系列-无领导小组讨论经典题目及参考答案,https://zhuanlan.zhihu.com/p/689249680,知乎,无领导小组模拟题库,2026-08-12,—
无领导小组讨论面试题及答案整理,https://blog.csdn.net/DarkComxEating/article/details/142531901,CSDN,无领导小组模拟题库,2026-08-12,—
无领导小组讨论面试真题分类精讲+真题集答案+题目汇总(更加完整版),https://www.pretalent.com.cn/blog/pretalent-9c87e81f-964a-4ae2-8785-78c0dce50050,PreTalent璞睿求职,无领导小组模拟题库,2026-08-12,—
娓娓道来是一种顶级职场表达能力,https://www.xiaohongshu.com/search_result?keyword=%E8%81%8C%E5%9C%BA%E8%A1%A8%E8%BE%BE,XHS,职场表达,2026-08-13,13
沈阳职场人，别让不会表达拖垮你,https://www.xiaohongshu.com/search_result?keyword=%E8%81%8C%E5%9C%BA%E8%A1%A8%E8%BE%BE,XHS,职场表达,2026-08-13,—
随时随地表达顺畅是亚女在洋人职场生存基操,https://www.xiaohongshu.com/search_result?keyword=%E8%81%8C%E5%9C%BA%E8%A1%A8%E8%BE%BE,XHS,职场表达,2026-08-13,25
嘴笨的人一定要大量的练表达，哪怕自言自语,https://www.xiaohongshu.com/search_result?keyword=%E8%81%8C%E5%9C%BA%E8%A1%A8%E8%BE%BE,XHS,职场表达,2026-08-13,12
职场不撕破脸沟通公式,https://www.xiaohongshu.com/search_result?keyword=%E8%81%8C%E5%9C%BA%E8%A1%A8%E8%BE%BE,XHS,职场表达,2026-08-13,2
职场中高情商接话的重要性,https://www.xiaohongshu.com/search_result?keyword=%E8%81%8C%E5%9C%BA%E8%A1%A8%E8%BE%BE,XHS,职场表达,2026-08-13,29
面试肢体语言，他扣分的是多做的那些动作,https://www.xiaohongshu.com/search_result?keyword=%E8%81%8C%E5%9C%BA%E8%A1%A8%E8%BE%BE,XHS,职场表达,2026-08-13,—
绩效面谈被打低分怎么开口,https://www.xiaohongshu.com/search_result?keyword=%E8%81%8C%E5%9C%BA%E8%A1%A8%E8%BE%BE,XHS,职场表达,2026-08-13,—
人生建议：一定要捍卫自己的职场表达权,https://www.xiaohongshu.com/explore/6a7c2be8000000002402e305?xsec_token=ABu9w4TY3esZ6mS9kPHvnXT2o8dcaGkkvRIxlYBd6qdIU=&xsec_source=pc_search,XHS,职场表达,2026-08-13,118
我用了一个笨方法，提升了我的表达能力,https://www.xiaohongshu.com/search_result?keyword=%E8%81%8C%E5%9C%BA%E8%A1%A8%E8%BE%BE,XHS,职场表达,2026-08-13,92
工作能力强的人都有6个临场发言的本领,https://www.xiaohongshu.com/search_result?keyword=%E8%81%8C%E5%9C%BA%E8%A1%A8%E8%BE%BE,XHS,职场表达,2026-08-13,7
汇报被领导打断怎么接,https://www.xiaohongshu.com/search_result?keyword=%E8%81%8C%E5%9C%BA%E8%A1%A8%E8%BE%BE,XHS,职场表达,2026-08-13,—
Vlog行政文员面试常见问题及回答技巧,https://www.xiaohongshu.com/search_result?keyword=%E9%9D%A2%E8%AF%95%E6%8A%80%E5%B7%A7,XHS,面试技巧,2026-08-13,121
人事行政岗位面试问题及话术,https://www.xiaohongshu.com/search_result?keyword=%E9%9D%A2%E8%AF%95%E6%8A%80%E5%B7%A7,XHS,面试技巧,2026-08-13,8
面试被问：你结婚了吗？就这样回答！,https://www.xiaohongshu.com/search_result?keyword=%E9%9D%A2%E8%AF%95%E6%8A%80%E5%B7%A7,XHS,面试技巧,2026-08-13,7
面试99%会问的10道题，直接背,https://www.xiaohongshu.com/search_result?keyword=%E9%9D%A2%E8%AF%95%E6%8A%80%E5%B7%A7,XHS,面试技巧,2026-08-13,8
HRD：面试官眼里的自信你知道吗？,https://www.xiaohongshu.com/search_result?keyword=%E9%9D%A2%E8%AF%95%E6%8A%80%E5%B7%A7,XHS,面试技巧,2026-08-13,195
面试高情商离职原因✨HR听了都好感拉满,https://www.xiaohongshu.com/search_result?keyword=%E9%9D%A2%E8%AF%95%E4%BB%80%E4%B9%88%E8%AF%9D%E8%AF%A5%E8%AF%B4,XHS,面试什么话该说,2026-08-13,5
面试官最想听的反问,https://www.xiaohongshu.com/search_result?keyword=%E9%9D%A2%E8%AF%95%E4%BB%80%E4%B9%88%E8%AF%9D%E8%AF%A5%E8%AF%B4,XHS,面试什么话该说,2026-08-13,25
美业求职者必看｜面试哪些话千万不要说✨,https://www.xiaohongshu.com/search_result?keyword=%E9%9D%A2%E8%AF%95%E4%BB%80%E4%B9%88%E8%AF%9D%E8%AF%A5%E8%AF%B4,XHS,面试什么话该说/面试什么话不能说,2026-08-13,—
提醒下辅警面试磕磕巴巴没话说的，熬夜背！,https://www.xiaohongshu.com/search_result?keyword=%E9%9D%A2%E8%AF%95%E4%BB%80%E4%B9%88%E8%AF%9D%E8%AF%A5%E8%AF%B4,XHS,面试什么话该说,2026-08-13,7
当面试时只说真话,https://www.xiaohongshu.com/search_result?keyword=%E9%9D%A2%E8%AF%95%E4%BB%80%E4%B9%88%E8%AF%9D%E8%AF%A5%E8%AF%B4,XHS,面试什么话该说,2026-08-13,78
说真的，医疗面试听到这几句话基本都会被pass,https://www.xiaohongshu.com/search_result?keyword=%E9%9D%A2%E8%AF%95%E4%BB%80%E4%B9%88%E8%AF%9D%E4%B8%8D%E8%83%BD%E8%AF%B4,XHS,面试什么话不能说,2026-08-13,1
面试的时候这两句话千万不要说！,https://www.xiaohongshu.com/search_result?keyword=%E9%9D%A2%E8%AF%95%E4%BB%80%E4%B9%88%E8%AF%9D%E4%B8%8D%E8%83%BD%E8%AF%B4,XHS,面试什么话不能说,2026-08-13,8
奉劝没心眼的三支面试考生，不该说的别说,https://www.xiaohongshu.com/search_result?keyword=%E9%9D%A2%E8%AF%95%E4%BB%80%E4%B9%88%E8%AF%9D%E4%B8%8D%E8%83%BD%E8%AF%B4,XHS,面试什么话不能说,2026-08-13,4
结构化面试什么不能说,https://www.xiaohongshu.com/search_result?keyword=%E9%9D%A2%E8%AF%95%E4%BB%80%E4%B9%88%E8%AF%9D%E4%B8%8D%E8%83%BD%E8%AF%B4,XHS,面试什么话不能说,2026-08-13,2
面试时不该说的话，千万别说❗,https://www.xiaohongshu.com/search_result?keyword=%E9%9D%A2%E8%AF%95%E4%BB%80%E4%B9%88%E8%AF%9D%E4%B8%8D%E8%83%BD%E8%AF%B4,XHS,面试什么话不能说,2026-08-13,35
面试时不该说的话千万别说🔥,https://www.xiaohongshu.com/search_result?keyword=%E9%9D%A2%E8%AF%95%E4%BB%80%E4%B9%88%E8%AF%9D%E4%B8%8D%E8%83%BD%E8%AF%B4,XHS,面试什么话不能说,2026-08-13,8
花14天建立起表达系统,https://www.xiaohongshu.com/search_result?keyword=%E7%BB%93%E6%9E%84%E5%8C%96%E8%A1%A8%E8%BE%BE%E4%B8%89%E6%AD%A5%E6%B3%95,XHS,结构化表达三步法,2026-08-13,9
🔺说话没重点？金字塔原理3步让表达变清,https://www.xiaohongshu.com/search_result?keyword=%E7%BB%93%E6%9E%84%E5%8C%96%E8%A1%A8%E8%BE%BE%E4%B8%89%E6%AD%A5%E6%B3%95,XHS,结构化表达三步法,2026-08-13,2
高手即兴发言三步法！,https://www.xiaohongshu.com/search_result?keyword=%E7%BB%93%E6%9E%84%E5%8C%96%E8%A1%A8%E8%BE%BE%E4%B8%89%E6%AD%A5%E6%B3%95,XHS,结构化表达三步法,2026-08-13,20
突然被点名发言3个表达结构让你张嘴有条理,https://www.xiaohongshu.com/search_result?keyword=%E7%BB%93%E6%9E%84%E5%8C%96%E8%A1%A8%E8%BE%BE%E4%B8%89%E6%AD%A5%E6%B3%95,XHS,结构化表达三步法,2026-08-13,8
表达提升｜如何解构化表达，三步亲测有效‼️,https://www.xiaohongshu.com/search_result?keyword=%E7%BB%93%E6%9E%84%E5%8C%96%E8%A1%A8%E8%BE%BE%E4%B8%89%E6%AD%A5%E6%B3%95,XHS,结构化表达三步法,2026-08-13,15
黄金三点论：演讲、沟通、表达最完美的技巧,https://www.xiaohongshu.com/search_result?keyword=%E7%BB%93%E6%9E%84%E5%8C%96%E8%A1%A8%E8%BE%BE%E4%B8%89%E6%AD%A5%E6%B3%95,XHS,结构化表达三步法,2026-08-13,4
老夏结构化面试答题框架，3h背完不卡壳,https://www.xiaohongshu.com/search_result?keyword=%E7%BB%93%E6%9E%84%E5%8C%96%E8%A1%A8%E8%BE%BE%E4%B8%89%E6%AD%A5%E6%B3%95,XHS,结构化表达三步法,2026-08-13,4
为什么别人一眼看出你工作能力差‼️,https://www.xiaohongshu.com/search_result?keyword=%E5%8F%8D%E5%BA%94%E6%85%A2%E4%B8%8D%E4%BC%9A%E6%8E%A5%E8%AF%9D%E6%80%8E%E4%B9%88%E5%8A%9E,XHS,反应慢不会接话怎么办,2026-08-13,543
嘴笨的人醒醒，反应慢 不会说话根本不是病,https://www.xiaohongshu.com/search_result?keyword=%E5%8F%8D%E5%BA%94%E6%85%A2%E4%B8%8D%E4%BC%9A%E6%8E%A5%E8%AF%9D%E6%80%8E%E4%B9%88%E5%8A%9E,XHS,反应慢不会接话怎么办,2026-08-13,—
社恐嘴笨接不上话，请翻烂这30本书,https://www.xiaohongshu.com/search_result?keyword=%E5%8F%8D%E5%BA%94%E6%85%A2%E4%B8%8D%E4%BC%9A%E6%8E%A5%E8%AF%9D%E6%80%8E%E4%B9%88%E5%8A%9E,XHS,反应慢不会接话怎么办,2026-08-13,16
改善木讷、呆滞、嘴笨、反应慢的有效办法,https://www.xiaohongshu.com/search_result?keyword=%E5%8F%8D%E5%BA%94%E6%85%A2%E4%B8%8D%E4%BC%9A%E6%8E%A5%E8%AF%9D%E6%80%8E%E4%B9%88%E5%8A%9E,XHS,反应慢不会接话怎么办,2026-08-13,283
说话时脑子反应不过来 总是慢半拍？,https://www.xiaohongshu.com/search_result?keyword=%E5%8F%8D%E5%BA%94%E6%85%A2%E4%B8%8D%E4%BC%9A%E6%8E%A5%E8%AF%9D%E6%80%8E%E4%B9%88%E5%8A%9E,XHS,反应慢不会接话怎么办,2026-08-13,13
嘴笨、反应慢、说话没逻辑，怎么提高瞬时反应,https://www.xiaohongshu.com/search_result?keyword=%E5%8F%8D%E5%BA%94%E6%85%A2%E4%B8%8D%E4%BC%9A%E6%8E%A5%E8%AF%9D%E6%80%8E%E4%B9%88%E5%8A%9E,XHS,反应慢不会接话怎么办,2026-08-13,144
7个方法提高你说话时的临场反应能力,https://www.xiaohongshu.com/search_result?keyword=%E5%8F%8D%E5%BA%94%E6%85%A2%E4%B8%8D%E4%BC%9A%E6%8E%A5%E8%AF%9D%E6%80%8E%E4%B9%88%E5%8A%9E,XHS,反应慢不会接话怎么办,2026-08-13,113
怎么看出来一个人工作能力差的,https://www.xiaohongshu.com/explore/6a7c3be3000000002500d6a1?xsec_token=ABu9w4TY3esZ6mS9kPHvnXTxqOGsA5VHE6Ie2zpRmje7M=&xsec_source=pc_search,XHS,反应慢不会接话怎么办(评论区采样源),2026-08-13,5465
深南电路群面无领导小组面试高频考点121题,https://www.xiaohongshu.com/search_result?keyword=%E6%97%A0%E9%A2%86%E5%AF%BC%E5%B0%8F%E7%BB%84%E6%A8%A1%E6%8B%9F%E9%A2%98%E5%BA%93,XHS,无领导小组模拟题库,2026-08-13,—
2026年腾讯行政岗面试经典高频127题目,https://www.xiaohongshu.com/search_result?keyword=%E6%97%A0%E9%A2%86%E5%AF%BC%E5%B0%8F%E7%BB%84%E6%A8%A1%E6%8B%9F%E9%A2%98%E5%BA%93,XHS,无领导小组模拟题库,2026-08-13,16
社工无领导小组面试高频50题（第13期）,https://www.xiaohongshu.com/search_result?keyword=%E6%97%A0%E9%A2%86%E5%AF%BC%E5%B0%8F%E7%BB%84%E6%A8%A1%E6%8B%9F%E9%A2%98%E5%BA%93,XHS,无领导小组模拟题库,2026-08-13,—
弄懂无领导小组讨论出题思路，备考少走弯路,https://www.xiaohongshu.com/search_result?keyword=%E6%97%A0%E9%A2%86%E5%AF%BC%E5%B0%8F%E7%BB%84%E6%A8%A1%E6%8B%9F%E9%A2%98%E5%BA%93,XHS,无领导小组模拟题库,2026-08-13,—
京东无领导小组面试48道高频真题备考资料,https://www.xiaohongshu.com/search_result?keyword=%E6%97%A0%E9%A2%86%E5%AF%BC%E5%B0%8F%E7%BB%84%E6%A8%A1%E6%8B%9F%E9%A2%98%E5%BA%93,XHS,无领导小组模拟题库,2026-08-13,1
无领导小组面试常见话术（三）,https://www.xiaohongshu.com/search_result?keyword=%E6%97%A0%E9%A2%86%E5%AF%BC%E5%B0%8F%E7%BB%84%E6%A8%A1%E6%8B%9F%E9%A2%98%E5%BA%93,XHS,无领导小组模拟题库,2026-08-13,45
无领导小组面试常见问题及高情商答复分享,https://www.xiaohongshu.com/search_result?keyword=%E6%97%A0%E9%A2%86%E5%AF%BC%E5%B0%8F%E7%BB%84%E6%A8%A1%E6%8B%9F%E9%A2%98%E5%BA%93,XHS,无领导小组模拟题库,2026-08-13,8
校招群面/无领导小组讨论 每周模拟（可围观）,https://www.xiaohongshu.com/search_result?keyword=%E6%97%A0%E9%A2%86%E5%AF%BC%E5%B0%8F%E7%BB%84%E6%A8%A1%E6%8B%9F%E9%A2%98%E5%BA%93,XHS,无领导小组模拟题库,2026-08-13,7
教培老师面试前看清暗语！,https://www.xiaohongshu.com/search_result?keyword=%E9%9D%A2%E8%AF%95%E8%A1%8C%E4%B8%BA%E6%9A%97%E8%AF%AD,XHS,面试行为暗语,2026-08-13,2
面试官都是话中有话的,https://www.xiaohongshu.com/search_result?keyword=%E9%9D%A2%E8%AF%95%E8%A1%8C%E4%B8%BA%E6%9A%97%E8%AF%AD,XHS,面试行为暗语,2026-08-13,—
招聘圈16句暗语｜打工人一定要看懂,https://www.xiaohongshu.com/search_result?keyword=%E9%9D%A2%E8%AF%95%E8%A1%8C%E4%B8%BA%E6%9A%97%E8%AF%AD,XHS,面试行为暗语,2026-08-13,14
面试最后3句话都是暗号，听懂狂拿offer,https://www.xiaohongshu.com/search_result?keyword=%E9%9D%A2%E8%AF%95%E8%A1%8C%E4%B8%BA%E6%9A%97%E8%AF%AD,XHS,面试行为暗语,2026-08-13,—
面试官的8句潜台词，大真实了,https://www.xiaohongshu.com/search_result?keyword=%E9%9D%A2%E8%AF%95%E8%A1%8C%E4%B8%BA%E6%9A%97%E8%AF%AD,XHS,面试行为暗语,2026-08-13,3
职场不是学校，表达才是硬实力,https://www.xiaohongshu.com/search_result/6a7d891f0000000032033110?xsec_token=ABIhJCjjt8k0ROrGC5WciNlug6XOTq0XcGUh7zF6Agjuk=&xsec_source=,XHS,职场表达,2026-08-13,赞(未显示)
Vol. 1｜听播客学职场英语 -- 量子力学,https://www.xiaohongshu.com/search_result/6a7d6220000000002403d322?xsec_token=ABIhJCjjt8k0ROrGC5WciNlkeJ-lSIE8saDTc7_zCLHAM=&xsec_source=,XHS,职场表达,2026-08-13,16
那些很高频但是不会说的职场口语表达📝,https://www.xiaohongshu.com/search_result/6a7af981000000002201799e?xsec_token=AB0iIrArfsyXL3v0w2rjQYKs7p0TK4VXEEl24T28wkAYg=&xsec_source=,XHS,职场表达,2026-08-13,84
🍨Vlog|行政文员面试常见问题及回答技巧,https://www.xiaohongshu.com/search_result/6a7c5fae0000000033035873?xsec_token=ABu9w4TY3esZ6mS9kPHvnXT00vgxodYrmg2J7SWIFluto=&xsec_source=,XHS,面试技巧,2026-08-13,142
面试 99% 会问的 10 道题，直接背,https://www.xiaohongshu.com/search_result/6a7c17cf00000000250169fc?xsec_token=ABu9w4TY3esZ6mS9kPHvnXT40fdOEzgYymc6T20c5piLQ=&xsec_source=,XHS,面试技巧,2026-08-13,9
面试技巧分享,https://www.xiaohongshu.com/search_result/6a7b2b0d00000000270229d5?xsec_token=ABLbyOJYUiwwEst0fazA_31sR4RS9tg2Z2AXsvfiwZrm8=&xsec_source=,XHS,面试技巧,2026-08-13,35
一些近期高强度面试小 tips💡,https://www.xiaohongshu.com/search_result/6a7b12a00000000033013ec2?xsec_token=ABLbyOJYUiwwEst0fazA_31onjGpDgypT_Icza5pA_ajY=&xsec_source=,XHS,面试技巧,2026-08-13,216
0基础3天如何快速提升结构化面试水平,https://www.xiaohongshu.com/search_result/6a79c1e40000000025003cd5?xsec_token=ABiy_APxfNb7nebX5V17ZNnYkhd8-UlZ4fMuR6zupr8xY=&xsec_source=,XHS,面试技巧,2026-08-13,126
面试用这个方法HR直接给你发offer,https://www.xiaohongshu.com/search_result/6a799ff60000000005020a35?xsec_token=ABiy_APxfNb7nebX5V17ZNneGAjtv7VtWN9rGQpM3wNgc=&xsec_source=,XHS,面试技巧,2026-08-13,139
能力不差，面试却总挂？,https://www.xiaohongshu.com/search_result/6a7726140000000028030d5a?xsec_token=ABoGIFhUQdLbS3raxl7kt7qyeooFUyAUtWiFOsaZexcQo=&xsec_source=,XHS,面试技巧,2026-08-13,3
难怪她们🇭🇰HSBC面试都那么轻松！,https://www.xiaohongshu.com/search_result/6a76f183000000002501288b?xsec_token=ABC0KjOQhCTlEqm5Yv0HXR38s8czIMJR4vIbNbK2Ernc0=&xsec_source=,XHS,面试技巧,2026-08-13,4
HR人事管理面试提问技巧话术,https://www.xiaohongshu.com/search_result/6a76b272000000000502297d?xsec_token=ABC0KjOQhCTlEqm5Yv0HXR30pJEMJWc1KlxZMhdT0tXhA=&xsec_source=,XHS,面试技巧,2026-08-13,赞(未显示)
🇨🇦面试4个隐形加分项,https://www.xiaohongshu.com/search_result/6a75f625000000003301201a?xsec_token=ABoWX6vsisjvKH9WvXeUle-yhQdt11lXDxgb3cJ4dRDWQ=&xsec_source=,XHS,面试技巧,2026-08-13,7
天呐，原来高手面试思路是这样的,https://www.xiaohongshu.com/search_result/6a75c2e80000000008013663?xsec_token=ABoWX6vsisjvKH9WvXeUle-2MbfqB4OuF5QBu9IlinVu0=&xsec_source=,XHS,面试技巧,2026-08-13,26
辅导员面试磕巴没话说，你就背这些金句💥,https://www.xiaohongshu.com/search_result/6a7d839300000000280059cd?xsec_token=ABIhJCjjt8k0ROrGC5WciNlpqcOMsfFE4SS1-1LSPwF_Q=&xsec_source=,XHS,面试什么话该说,2026-08-13,赞(未显示)
职业规划师,https://www.xiaohongshu.com/search_result/6a7d5894000000002403d6a1?xsec_token=ABIhJCjjt8k0ROrGC5WciNlmkD96YRk7-u3HLzQM6LZK0=&xsec_source=,XHS,面试什么话该说,2026-08-13,2
面试这些问题闭眼答、面试官超满意,https://www.xiaohongshu.com/search_result/6a7c17f50000000026037627?xsec_token=ABu9w4TY3esZ6mS9kPHvnXTzLIEjirYZ4w5LAd3x-uZqQ=&xsec_source=,XHS,面试什么话该说,2026-08-13,8
面试见什么人说什么话，才是拿offer的关键,https://www.xiaohongshu.com/search_result/6a7bed1500000000330102c0?xsec_token=ABLbyOJYUiwwEst0fazA_31sE7T6k3nNHzffmjBZgoW1g=&xsec_source=,XHS,面试什么话该说,2026-08-13,10
"面试说""学习能力强""，HR内心直接pass",https://www.xiaohongshu.com/search_result/6a7b37570000000028006f34?xsec_token=ABLbyOJYUiwwEst0fazA_31v2Ky9ppRqG5OPvh8B0Itdg=&xsec_source=,XHS,面试什么话该说,2026-08-13,6
"社区面试结尾别再只会说""回答完毕了""",https://www.xiaohongshu.com/search_result/6a7ab7620000000028005a44?xsec_token=AB0iIrArfsyXL3v0w2rjQYKqR-6xwXJmpyf18Qyq_bZqc=&xsec_source=,XHS,面试什么话该说,2026-08-13,2
面试被问离职原因，你会说真话还是场面话？,https://www.xiaohongshu.com/search_result/6a7a85330000000025004fad?xsec_token=AB0iIrArfsyXL3v0w2rjQYKlujCx2in7GHk6qS9djnBOk=&xsec_source=,XHS,面试什么话该说,2026-08-13,2
面试技巧，话术万能模板，这些话千万别说,https://www.xiaohongshu.com/search_result/6a7a6fbf000000002c0048bf?xsec_token=AB0iIrArfsyXL3v0w2rjQYKnpOYwixQtaZiqVdynYuB1k=&xsec_source=,XHS,面试什么话该说,2026-08-13,2
找工作前一定背熟，常见面试题20问,https://www.xiaohongshu.com/search_result/6a77c1ea00000000260375c5?xsec_token=ABoGIFhUQdLbS3raxl7kt7q0czEUyrbFu6M98iw4Z5sME=&xsec_source=,XHS,面试什么话该说,2026-08-13,200
说真的医疗面试听到这几句话基本都会被pass,https://www.xiaohongshu.com/search_result/6a7d3fcd0000000033009421?xsec_token=ABIhJCjjt8k0ROrGC5WciNlpTncopU0XvzUidw5zFlk0U=&xsec_source=,XHS,面试什么话不能说,2026-08-13,3
求求了，面试时不要再说这些违禁词了,https://www.xiaohongshu.com/search_result/6a7af2a100000000050331ed?xsec_token=AB0iIrArfsyXL3v0w2rjQYKiIO_BHsKuIw-lpAJTMw1oI=&xsec_source=,XHS,面试什么话不能说,2026-08-13,5
"面试官问优势，千万别说""学习能力强""！",https://www.xiaohongshu.com/search_result/6a755c960000000006006139?xsec_token=ABoWX6vsisjvKH9WvXeUle-6V556QBMk4Nyu0iG3r5jCw&xsec_source=,XHS,面试什么话不能说,2026-08-13,赞(未显示)
腾讯营销管培生AI面试千万别大意！,https://www.xiaohongshu.com/search_result/6a7d876900000000250066e0?xsec_token=ABIhJCjjt8k0ROrGC5WciNltKCZarQzTqegjVHT-J3OIY=&xsec_source=,XHS,AI面试,2026-08-13,1
京东战略 AI 面试高频题30道＋追问29道,https://www.xiaohongshu.com/search_result/6a7d659c000000002701ce0d?xsec_token=ABIhJCjjt8k0ROrGC5WciNlj2ohBYkGrgLVFIPFbH5o1Y=&xsec_source=,XHS,AI面试,2026-08-13,2
把100道面试高频题目做成网站，ai打分,https://www.xiaohongshu.com/search_result/6a7d31a4000000002c006981?xsec_token=ABIhJCjjt8k0ROrGC5WciNlg6cVf2pwHlOoy4nTvtWZzw=&xsec_source=,XHS,AI面试,2026-08-13,47
长鑫存储AI面试情景题怎么答更清楚？,https://www.xiaohongshu.com/search_result/6a7d1df00000000025003d91?xsec_token=ABIhJCjjt8k0ROrGC5WciNlnYcM97k30YU6MNX8Bd7VGU=&xsec_source=,XHS,AI面试,2026-08-13,5
最近面试时，HR常问的两个AI相关问题,https://www.xiaohongshu.com/search_result/6a7d07fc000000002501466d?xsec_token=ABIhJCjjt8k0ROrGC5WciNlo5MJyFMxtig2rMxZ_4Ag3M=&xsec_source=,XHS,AI面试,2026-08-13,赞(未显示)
27秋招｜安踏AI面试经验分享,https://www.xiaohongshu.com/search_result/6a7c9b33000000002903060a?xsec_token=ABu9w4TY3esZ6mS9kPHvnXT3xIbpe5wzDS5dRpJwQ7-BI=&xsec_source=,XHS,AI面试,2026-08-13,73
加多宝AI面试别卡壳！40题帮你通关,https://www.xiaohongshu.com/search_result/6a7c6c5c0000000027020ea0?xsec_token=ABu9w4TY3esZ6mS9kPHvnXT4MgT1YBDfRfiH4i1AIuDQs=&xsec_source=,XHS,AI面试,2026-08-13,赞(未显示)
安踏ai面秒发,https://www.xiaohongshu.com/search_result/6a7c68f00000000025000ecf?xsec_token=ABu9w4TY3esZ6mS9kPHvnXT5PAO9kASPI9LU4CWoMiDpk=&xsec_source=,XHS,AI面试,2026-08-13,14
AI面试来了，HR准备好了吗？,https://www.xiaohongshu.com/search_result/6a7c2faf000000002500e428?xsec_token=ABu9w4TY3esZ6mS9kPHvnXT9GkdHHza_Tma4bz0wIY6gM=&xsec_source=,XHS,AI面试,2026-08-13,1
26年8月跑了几家AI测试面试，基本都过了,https://www.xiaohongshu.com/search_result/6a7c4d40000000002500bc1c?xsec_token=ABu9w4TY3esZ6mS9kPHvnXTxmxGjDSCTecekUyvm0nk-s=&xsec_source=,XHS,AI面试,2026-08-13,3
"能实时纠正你面试表达的AI工具""说一句""",https://www.xiaohongshu.com/search_result/6a6708bb000000001101f13c?xsec_token=ABUbx_azZQCG1JADDexl0O_J042jgKLBI4jTrTymiLlU8=&xsec_source=,XHS,AI面试,2026-08-13,37
8月13日 结构化面试~每日一题,https://www.xiaohongshu.com/search_result/6a7d95390000000008012b92?xsec_token=ABIhJCjjt8k0ROrGC5WciNlnUKnn1_esm2835DXT32wco=&xsec_source=,XHS,结构化面试100题,2026-08-13,赞(未显示)
辅警面试必会100题18,https://www.xiaohongshu.com/search_result/6a7d933d000000002c003543?xsec_token=ABIhJCjjt8k0ROrGC5WciNlrGiB7-SEikLZ5o2czjTm5I=&xsec_source=,XHS,结构化面试100题,2026-08-13,赞(未显示)
医院内分泌科医生高频面试题整理,https://www.xiaohongshu.com/search_result/6a7d90610000000005033d5c?xsec_token=ABIhJCjjt8k0ROrGC5WciNlmUOVE3CNQeTsRhYr8amkbE=&xsec_source=,XHS,结构化面试100题,2026-08-13,赞(未显示)
学校会计高频面试题63道汇总带答案解析,https://www.xiaohongshu.com/search_result/6a7d671c00000000330093fc?xsec_token=ABIhJCjjt8k0ROrGC5WciNlv32A-XRSOk5y-dObCGKezA=&xsec_source=,XHS,结构化面试100题,2026-08-13,赞(未显示)
腾讯商业分析岗面试经典高频116题,https://www.xiaohongshu.com/search_result/6a7d349500000000080117e9?xsec_token=ABIhJCjjt8k0ROrGC5WciNlnH_kcCxBfQ8prxmaarUuJU=&xsec_source=,XHS,结构化面试100题,2026-08-13,6
三甲🏥护士结构化面试常问到的15个问题！,https://www.xiaohongshu.com/search_result/6a7d1b11000000002402f506?xsec_token=ABIhJCjjt8k0ROrGC5WciNlgr7jTiqGLvemkoPwOuNcpE=&xsec_source=,XHS,结构化面试100题,2026-08-13,11
结构化面试·社会现象专项72计,https://www.xiaohongshu.com/search_result/6a7c08e30000000028004aa5?xsec_token=ABu9w4TY3esZ6mS9kPHvnXT1hY0zbqJ7kzkDZ2EKFtV44=&xsec_source=,XHS,结构化面试100题,2026-08-13,20
高职教师结构化面试，这几道题考的也太频繁,https://www.xiaohongshu.com/search_result/6a7c54b6000000002c001c66?xsec_token=ABu9w4TY3esZ6mS9kPHvnXT7_DanPA_AFOMTATpC5bo0w=&xsec_source=,XHS,结构化面试100题,2026-08-13,3
🔥面试高频 20 题标准答案｜背完上岸！,https://www.xiaohongshu.com/search_result/6a7c4580000000002202c12a?xsec_token=ABu9w4TY3esZ6mS9kPHvnXT8Rw0GJWuYI-vMt1rCGICS4=&xsec_source=,XHS,结构化面试100题,2026-08-13,7
终于发现了结构化面试的速成大法了,https://www.xiaohongshu.com/search_result/6a7c16580000000005031778?xsec_token=ABu9w4TY3esZ6mS9kPHvnXT7aDdOzDH_WX8m1N4a_vyGk=&xsec_source=,XHS,结构化面试100题,2026-08-13,3
河北工程大学教师岗结构化高频面试80题,https://www.xiaohongshu.com/search_result/6a7bf4d20000000025017834?xsec_token=ABLbyOJYUiwwEst0fazA_31jzt71kXZyoHZUDCLzUMtSU=&xsec_source=,XHS,结构化面试100题,2026-08-13,1
2026年6月6日安徽淮南医疗面试题,https://www.xiaohongshu.com/search_result/6a7be9320000000022014955?xsec_token=ABLbyOJYUiwwEst0fazA_31qKJmNHZlp03qr8TLQRozQo=&xsec_source=,XHS,结构化面试100题,2026-08-13,2
幼儿园保育员高频面试题63道汇总带答案解析,https://www.xiaohongshu.com/search_result/6a7be33100000000350143bd?xsec_token=ABLbyOJYUiwwEst0fazA_31oLeRwwiOHH_d8ugNgIM1kA=&xsec_source=,XHS,结构化面试100题,2026-08-13,赞(未显示)
26下结构化面试热点，背完上岸稳了！,https://www.xiaohongshu.com/search_result/6a75b68e000000002c003cf8?xsec_token=ABoWX6vsisjvKH9WvXeUle-81rG6ZMtFbQhAONm3GcfWg=&xsec_source=,XHS,结构化面试100题,2026-08-13,2
教师面试结构化每日1️⃣练（184）,https://www.xiaohongshu.com/search_result/6a745ed30000000005031665?xsec_token=ABCvGg8BzJlYLfKwfe8nGdcPwj3T3aTXe8ZWeYR8uHxRE=&xsec_source=,XHS,结构化面试100题,2026-08-13,82
12种低情商，你占了几种？,https://www.xiaohongshu.com/search_result/69609e2b0000000022038610?xsec_token=ABAh9_Jfg1dZVxlT9UQbVfdAnb6Xa3lF7zFtLH0ilK0SQ=&xsec_source=,XHS,职场沟通踩雷点,2026-08-13,2220
永远不要向下属过度解释❗（三）,https://www.xiaohongshu.com/search_result/69e7623d000000001b000d76?xsec_token=ABnzAj24hjdG0uGpKfz6mbOQ5Af6-at1knOGZbGQYHyKk=&xsec_source=,XHS,职场沟通踩雷点,2026-08-13,1106
和领导再熟，也千万别做这12件事🔥,https://www.xiaohongshu.com/search_result/6a307e2e000000000f03a400?xsec_token=ABrqYiKgf03b4htquOv2Ul5QZ4Qd-2mw8MYXHsuTk408A=&xsec_source=,XHS,职场沟通踩雷点,2026-08-13,7409
跟同事相处，请带点脑子,https://www.xiaohongshu.com/search_result/696478c8000000001a029555?xsec_token=AB7lzd9d_ljh3ar71bz7SZhcL4dy7L5Kzhw5KwXAVfjVo=&xsec_source=,XHS,职场沟通踩雷点,2026-08-13,1969
职场沟通的4个致命陷阱,https://www.xiaohongshu.com/search_result/6a58ed91000000000402beaa?xsec_token=ABROtlIw0VXmV1j_yfPQG-HWi0jfJ-wXNg2-iyMEK-Pj4=&xsec_source=,XHS,职场沟通踩雷点,2026-08-13,16
7 大职场误区及核心应对策略,https://www.xiaohongshu.com/search_result/685ba8600000000010013a30?xsec_token=ABN1PhuQSKicqz9iVy7EZyHWwZ1RUtYB3MqSgfjIBDuO0=&xsec_source=,XHS,职场沟通踩雷点,2026-08-13,857
"你的""合作空间""，决定了你的职场天花板",https://www.xiaohongshu.com/search_result/697354e0000000002202274d?xsec_token=AB9MGmeLRHmTHL5UNEZ0twtdo56bogmeh7jOC0OatrnoE=&xsec_source=,XHS,职场沟通踩雷点,2026-08-13,8748
职场中的一些隐形霸凌,https://www.xiaohongshu.com/search_result/6930d779000000001e008e4f?xsec_token=AB9fPTcqRTGXc9RiIqbDTuPi92bfjFxaSfGamM0jSLTBg=&xsec_source=,XHS,职场沟通踩雷点,2026-08-13,2604
揭秘PUA现象，教你应对职场领导心理操控,https://www.xiaohongshu.com/search_result/6624daca0000000001031a09?xsec_token=ABrRGGqHGaeEtMaPoehIrSO-ceq1w0uHAmQOsI1dyYo6c=&xsec_source=,XHS,职场沟通踩雷点,2026-08-13,660
沟通能力强的人，说话都是这样的,https://www.xiaohongshu.com/search_result/69a99348000000001a029e95?xsec_token=AB-Kg-t7cq87K0gdzr2XU3wDgvh34ZMcBrYJsP5cs-oaU=&xsec_source=,XHS,职场沟通踩雷点,2026-08-13,5662
普通人最容易踩的 10 个职场沟通误区,https://www.xiaohongshu.com/search_result/6a583b56000000000401f92c?xsec_token=ABROtlIw0VXmV1j_yfPQG-HezmAHHsUPIhaEIL-sjvnkI=&xsec_source=,XHS,职场沟通踩雷点,2026-08-13,赞(未显示)
我在加拿大职场斗印度人的那些事,https://www.xiaohongshu.com/search_result/6951c39c000000001e004d6b?xsec_token=ABiYNwBkme1kC4OQVPJ9NDBof-A2jvT0xbWbR4sEksVwY=&xsec_source=,XHS,职场沟通踩雷点,2026-08-13,174
渴望被看见的人，应该很爱面试才对,https://www.xiaohongshu.com/search_result/6a7bdb4800000000250116db?xsec_token=ABLbyOJYUiwwEst0fazA_31sCQRguM1hj3aFZ5V3d0vyY=&xsec_source=,XHS,面试紧张怎么快速缓解,2026-08-13,2275
🇨🇦面试锦囊｜高手在调状态，小白在背答案,https://www.xiaohongshu.com/search_result/6a281f9f00000000060307bf?xsec_token=ABDJvr87mYGC8-VCLIgTrwrhZIeffkMHiJcBixlu3e8bs=&xsec_source=,XHS,面试紧张怎么快速缓解,2026-08-13,19
面试一紧张就空白，不是你脑子不行,https://www.xiaohongshu.com/search_result/6a4915dd0000000022015cc4?xsec_token=AB_UUah_mQBRRSPBQwd4xB77uFeTb4IDV8cNE5OsZR4Fg=&xsec_source=,XHS,面试紧张怎么快速缓解,2026-08-13,10
😧一紧张就浑身发抖声音发颤，不是你胆小,https://www.xiaohongshu.com/search_result/6a09c0b10000000006037c2d?xsec_token=ABm9TeirOI0swHM7r_ieMORD2j7BNRNsvQA7-ZbQH0VI4=&xsec_source=,XHS,面试紧张怎么快速缓解,2026-08-13,924
我发现一个面试无敌的顶级心态,https://www.xiaohongshu.com/search_result/6871e73c0000000012016fbb?xsec_token=ABFXF-lJiG1tWYgqTz3sxI7fijT8pFJJznzKGg3jD7nCM=&xsec_source=,XHS,面试紧张怎么快速缓解,2026-08-13,5142
有个很牛的缓解紧张方法哦,https://www.xiaohongshu.com/search_result/6971ae83000000001a02d9ce?xsec_token=ABUaMUudhNNg_fdzM-kryJQYBLrRFX_obtJcfbeVd15eo=&xsec_source=,XHS,面试紧张怎么快速缓解,2026-08-13,20
✨上台发言声音不抖的秘诀大公开✨,https://www.xiaohongshu.com/search_result/6905cd9f0000000004028152?xsec_token=AB84sasz062iliiZsocpecpJVRlU_4O9K5WHfXEFV1UKk=&xsec_source=,XHS,面试紧张怎么快速缓解,2026-08-13,477
英文面试如何不紧张,https://www.xiaohongshu.com/search_result/6a58bf11000000000c033c01?xsec_token=ABROtlIw0VXmV1j_yfPQG-HSR9NNS9e1rcSQuewieImSg=&xsec_source=,XHS,面试紧张怎么快速缓解,2026-08-13,23
上台紧张声音发抖？亲测有效的应对方法,https://www.xiaohongshu.com/search_result/6968cbf7000000000c03761c?xsec_token=ABUIReMPbyASNhXaxup9BTOj1ac03PRH1sHssjy7VUCdc=&xsec_source=,XHS,面试紧张怎么快速缓解,2026-08-13,170
面试太紧张，大脑一片空白？HR 见过最离谱,https://www.xiaohongshu.com/search_result/6a3a4ce8000000000f0071a4?xsec_token=ABSsTzCBpJHXUCRfgYwFFeuXltOO3gKJPNPctPFud-lh4=&xsec_source=,XHS,面试紧张怎么快速缓解,2026-08-13,4
deepseek：上台不紧张的办法,https://www.xiaohongshu.com/search_result/68034b2b000000001d00170c?xsec_token=ABr7RylNHhJ_CT98FZR2JmwCPLZMt5gOr1clcVDe6YkS0=&xsec_source=,XHS,面试紧张怎么快速缓解,2026-08-13,614
"🎙️｜""大心脏""邓亚萍的顶级抗压法",https://www.xiaohongshu.com/search_result/699868f5000000001b01589a?xsec_token=ABfB440pe0u0Hpc_ViYSZB931bPfdZtRQvAbMwlwkhJEE=&xsec_source=,XHS,面试紧张怎么快速缓解,2026-08-13,2504
对付面试紧张的神奇方法,https://www.xiaohongshu.com/search_result/69e98931000000002102c00b?xsec_token=ABBvyt4ySNsyYliBnBtvjqAWjxcXgKgc5ytBLzyl3pllo=&xsec_source=,XHS,面试紧张怎么快速缓解,2026-08-13,254
撒贝宁的紧张自救法,https://www.xiaohongshu.com/search_result/67a7004c00000000170381f5?xsec_token=AB56KsdP0DlzcKx7tDB65PamE9Hb1q5Zkz3ndCV64tQNk=&xsec_source=,XHS,面试紧张怎么快速缓解,2026-08-13,5162
应届生群面(无领导小组面试)技巧,https://zhuanlan.zhihu.com/p/75588301,web,无领导小组模拟题库,2026-08-13,—(web无点赞数据)
群面、无领导小组讨论的面试怎么办？,https://zhuanlan.zhihu.com/p/387615508,web,无领导小组模拟题库,2026-08-13,—(web无点赞数据)
群面中的无领导小组讨论，具体流程是什么？如何表现才能脱颖而出？,https://www.zhihu.com/question/668869060,web,无领导小组模拟题库,2026-08-13,—(web无点赞数据)
"干货 | ""无领导小组讨论环节可真是一场好戏啊"" (搞定群面 )",https://zhuanlan.zhihu.com/p/87946122,web,无领导小组模拟题库,2026-08-13,—(web无点赞数据)
群面技巧&注意事项,https://zhuanlan.zhihu.com/p/904954512,web,无领导小组模拟题库,2026-08-13,—(web无点赞数据)
十大AI面试助手推荐：2025年最实用面试辅助工具大盘点与对比,https://zhuanlan.zhihu.com/p/1925954588638427122,web,AI面试,2026-08-13,—(web无点赞数据)
压力面试，是你甩开对手的好机会（第三期）,https://www.xiaohongshu.com/search_result/69a11684000000001a026624?xsec_token=ABZ-ut7Qx7gEc2431nczyoanX_l0BWznSZdUP5dzRT0RI=&xsec_source=,XHS,面试反杀面试官,2026-08-13,4.4万
用 AI 面试作弊，还拿到了亚马逊的offer,https://www.xiaohongshu.com/search_result/67c81863000000002a00fe39?xsec_token=ABVRlWIBdBAO3f4eV6TNqA65as5H8iY3nP1b2kbzR3CX8=&xsec_source=,XHS,面试反杀面试官,2026-08-13,8307
怎么让面试官对你增加好感,https://www.xiaohongshu.com/search_result/69af6c3d000000001503b0dc?xsec_token=AB_Ikwr_oU4Dcge5T9H1i0wSbaycebsNTwTcEHRDeJhXQ=&xsec_source=,XHS,面试反杀面试官,2026-08-13,7215
一个小技巧 面试官也想帮你拿offer,https://www.xiaohongshu.com/search_result/6a46e2b4000000000e021800?xsec_token=ABpOtIMLDH4jJTZZrsOXw4pSxtNZjHgsPQD6_NLOi8Wi0=&xsec_source=,XHS,面试反杀面试官,2026-08-13,533
假如面试官说真话,https://www.xiaohongshu.com/search_result/69ab5d38000000001d013859?xsec_token=ABnKti2O_OHU3FClrBkxVLeyE1h7t1y_bprhK7d7uPPUU=&xsec_source=,XHS,面试反杀面试官,2026-08-13,5893
拒绝题海战术 把面试官框在你的思路里,https://www.xiaohongshu.com/search_result/695346160000000021028055?xsec_token=ABNrycHnQDFJUd8jY2-YmsIk0Gwh5a3pZVwUGKhQwirjQ=&xsec_source=,XHS,面试反杀面试官,2026-08-13,2741
把面试官绕在你的思路里,https://www.xiaohongshu.com/search_result/69b20c06000000001503b876?xsec_token=ABdb0EnkF1RuquHphATtQx0wQUWvh7i0SIbt4OD8VJ8T8=&xsec_source=,XHS,面试反杀面试官,2026-08-13,3702
让面试官知道咱们中国人软硬实力兼备,https://www.xiaohongshu.com/search_result/6967e0c400000000220388d8?xsec_token=ABbDLQPS_2V4r_lvZ5myGTyr7ImdlUIHY50M_0J6RsP8k=&xsec_source=,XHS,面试反杀面试官,2026-08-13,2617
把压力给到面试官！,https://www.xiaohongshu.com/search_result/6909ed5c0000000003038a80?xsec_token=ABHD4wwLZpEZgDk0Wt_qHNu6VOItXnMY3rfF807ZkulKY=&xsec_source=,XHS,面试反杀面试官,2026-08-13,2365
高压面试如何用“停顿‘反杀面试官？,https://www.xiaohongshu.com/search_result/69fb95ff000000000f03ac00?xsec_token=ABySzai4nLI67tf-ONK9YhYwvxmTDBNbwLzuZpwtLzUDc=&xsec_source=,XHS,面试反杀面试官,2026-08-13,23
做了个训练讲话的网页-2.0版本-第2期,https://www.xiaohongshu.com/search_result/6a6ddae6000000002c005de5?xsec_token=ABk31yDVGRaeJy7muaLFSpuKHReolTCeosjRf0BZbWHTA=&xsec_source=,XHS,职场表达,2026-08-13,2690
麦肯锡顾问：废话太多怎么办？（连载01）,https://www.xiaohongshu.com/search_result/69b7e24200000000230203fd?xsec_token=AB-_QWW-qMGrRIhO5HhjzFqYwl0oXkMGUbOA2qRb2NXHg=&xsec_source=,XHS,职场表达,2026-08-13,689
精选外刊丨人一定要大量频繁的说话,https://www.xiaohongshu.com/search_result/6a4bb169000000001603c6ad?xsec_token=AB78zpW53s2LixtvzaoSp1XjMYU_ml5MB80jklPiPD4sQ=&xsec_source=,XHS,职场表达,2026-08-13,2290
那些外国同事每天都用的地道表达（十八）,https://www.xiaohongshu.com/search_result/6a460e3d00000000170080f5?xsec_token=ABpOtIMLDH4jJTZZrsOXw4pd9rk9jmtwZgZy_JtsMy19c=&xsec_source=,XHS,职场表达,2026-08-13,919
白女同事亲授如何在会议里“自然抢到话语权”,https://www.xiaohongshu.com/search_result/694938ee000000001e02f9a8?xsec_token=ABBGSvQuwpmbnGZmzU7E7tX77QnTFkDt9fqnk-1YZ1T4I=&xsec_source=,XHS,职场表达,2026-08-13,381
表达能力，决定了你的职场上限,https://www.xiaohongshu.com/search_result/69db808200000000230202d1?xsec_token=ABU_FwWTZVdUj5at-q8TnB81_C1sWF7DlMBFywCwD9IZM=&xsec_source=,XHS,职场表达,2026-08-13,7.1万
1个面试不卡壳的万能话术,https://www.xiaohongshu.com/search_result/6a6bc91a0000000008009c00?xsec_token=ABd2kIn4bXJvoibTlK7X9tR06ZjVOZsnndGVnyPAdLeHA=&xsec_source=,XHS,面试技巧,2026-08-13,659
面试时千万不要说这句话,https://www.xiaohongshu.com/search_result/69ab30d80000000026033031?xsec_token=ABnKti2O_OHU3FClrBkxVLe2Pb7IO-GmXnOmdaBMcrh24=&xsec_source=,XHS,面试什么话不能说,2026-08-13,193
面试时最让HR讨厌的3种自我介绍,https://www.xiaohongshu.com/search_result/6a031219000000003701faf1?xsec_token=ABZeUe5sJ0ci7e_0MDNUPghWNFXp2uIY2_7opemJhVQMQ=&xsec_source=,XHS,面试什么话不能说,2026-08-13,133
面试像聊天 反而拿offer,https://www.xiaohongshu.com/search_result/67188ff80000000021002cbf?xsec_token=ABxshC36zcitx4_nQnge_7lAXovNcidBmox--OuA-16j4=&xsec_source=,XHS,面试什么话不能说,2026-08-13,1.2万
面试感到不被尊重，那是贵人面试官叫你快跑,https://www.xiaohongshu.com/search_result/680a0d14000000000b01cb71?xsec_token=ABOarNiFIToxm-YZiHQ7vT5tQyADid8hBONduqOyXhoBQ=&xsec_source=,XHS,面试被hr阴阳怪气,2026-08-13,811
我开始在面试中怼面试官了,https://www.xiaohongshu.com/search_result/69d5521c0000000022003438?xsec_token=ABV2YhTVTfSTK65SR4NFFjKI4e1eZoUlefh_J_wwe3wV4=&xsec_source=,XHS,面试被hr阴阳怪气,2026-08-13,255
面试被问不稳定，怎么回答,https://www.xiaohongshu.com/search_result/69368a43000000000d00c8d2?xsec_token=ABKj4CHkEKquroeemQLuoiAwcfwIvPSwiCFiIgdpSIsM4=&xsec_source=,XHS,面试被hr阴阳怪气,2026-08-13,—
遇到无礼的面试官请果断礼貌的回怼过去！,https://www.xiaohongshu.com/search_result/69dcd3f40000000023015ca6?xsec_token=ABlXCt1FSztGRKYJ7UtCpnYBxUr_PxaTkaTT_AUjQsYo4=&xsec_source=,XHS,面试被hr阴阳怪气,2026-08-13,—
为什么有些HR面试喜欢习惯性打压？请看vcr：,https://www.xiaohongshu.com/search_result/6a1a90ef000000003503aa04?xsec_token=ABNYw0WGPP7PwQbkwmzu0-MvsQHw3mfCuSAMXsSZIqZf0=&xsec_source=,XHS,面试被hr阴阳怪气,2026-08-13,—
如何礼貌阴阳男hr，留子和国内hr沟通被创飞,https://www.xiaohongshu.com/search_result/68006d90000000001e0060e4?xsec_token=AB52wtiI_BSQNzpsbLbNL-qw0A80yz9m55XGQi3tgCmdo=&xsec_source=,XHS,面试被hr阴阳怪气,2026-08-13,—
救命！面试总踩坑，原来是没懂 HR 这些话背,https://www.xiaohongshu.com/search_result/68518792000000000c03aa2c?xsec_token=ABhkGh6wXMM_UuUN3Nd5e0F8mFEeH2DPhtMC6Kn_Qao4Q=&xsec_source=,XHS,面试被hr阴阳怪气,2026-08-13,1.5万
投简历时被HR阴阳到笑不出来,https://www.xiaohongshu.com/search_result/680df4560000000022027fe8?xsec_token=ABIfg8SJxleEDJq-5xulGz_ONDWlefpJVWLo434BetnpQ=&xsec_source=,XHS,面试被hr阴阳怪气,2026-08-13,—
🆘面试之中，遇到这些一定要主动叫停！,https://www.xiaohongshu.com/search_result/69fa0fd2000000003601d892?xsec_token=AB1NLaeWrchVTAuM6tVPcgxVPQLaPwaYwVJe96lMrHtrE=&xsec_source=,XHS,面试被hr阴阳怪气,2026-08-13,1977
5句话，反杀阴阳你的人,https://www.xiaohongshu.com/search_result/6a0d85b20000000006020180?xsec_token=ABPcuE_PJ-3g8HlVeSNJWQrDmHRrjw3gTT3DOfumhcyP8=&xsec_source=,XHS,面试被hr阴阳怪气,2026-08-13,165
🇨🇦刚刚结束了一场让我无地自容的面试,https://www.xiaohongshu.com/search_result/697a5f1d000000000e00f841?xsec_token=ABlzAmUXndJafN8esrtyIiU3CouR57-45uPklIwnVxffM=&xsec_source=,XHS,面试被hr阴阳怪气,2026-08-13,152
有些女面试官的微妙恶意,https://www.xiaohongshu.com/search_result/69ce0c450000000022028ce5?xsec_token=ABWirANUTJFhvHvOjSkh3Rgf274XYflldE4h9vvj0dn4k=&xsec_source=,XHS,面试被hr阴阳怪气,2026-08-13,178
FP&A面试高频题｜面试前一定要过一遍,https://www.xiaohongshu.com/search_result/6a78b194000000002500e03b?xsec_token=ABgC4AG4uV8pNGdRUoacucZqIzY30nvrjWRzB0nYndBVc=&xsec_source=,XHS,求职面试高频题库,2026-08-13,—
AI Engineer面试建议这样准备,https://www.xiaohongshu.com/search_result/6a27d8df000000002202f518?xsec_token=ABjDJDJ1zmeZe6buX2OaYyTgwjCbL23gewBXpibZN3Fg4=&xsec_source=,XHS,求职面试高频题库,2026-08-13,—
面试不要太老实，10道高频题这样答更加分,https://www.xiaohongshu.com/search_result/6a3c8b2e000000001702bcf7?xsec_token=ABv-3lRYhIDm7h69PJmm-psBbHBsJLjTZ_lVB3o6WYhUo=&xsec_source=,XHS,求职面试高频题库,2026-08-13,205
Google高频leetcode题目(近三个月),https://www.xiaohongshu.com/search_result/6a02dc6e00000000070224a5?xsec_token=ABkXFKZTxfjr6_TrB3sY0sOA-K5taMsyVE9QSW6hablDg=&xsec_source=,XHS,求职面试高频题库,2026-08-13,166
dataanalyst面试不背题真的寸步难行,https://www.xiaohongshu.com/search_result/6779c9d10000000014023238?xsec_token=AB9cpYF-ZWzIveHeA2AtzN98WAacJRjF2RJ5lQSJcV-zk=&xsec_source=,XHS,求职面试高频题库,2026-08-13,727
一图看懂job interview面试题+答案,https://www.xiaohongshu.com/search_result/68278c9200000000230022b9?xsec_token=AB0MxZw7BZ5AiI4sn2LwckawnhJqiF68WolzJjglY3_P4=&xsec_source=,XHS,求职面试高频题库,2026-08-13,126
一个能过🇺🇸四大药厂面试的方法（附题）,https://www.xiaohongshu.com/search_result/6a3e428400000000220085b5?xsec_token=ABxm3-cF08tTEhqkuZg6DPPCynxW8zp6fJYlA2-wa2jWE=&xsec_source=,XHS,求职面试高频题库,2026-08-13,184
老祖宗专门留下来对付小人的心理博弈术,https://www.xiaohongshu.com/search_result/6a2cde2d000000000e021800?xsec_token=ABvv6wVJ00WKzUkhM1Ny1eSJU-L4-dEA-j3QPwVRqCVbs=&xsec_source=,XHS,高情商破局,2026-08-13,731
对付小人的唯一心法：不斗人，只破局,https://www.xiaohongshu.com/search_result/6a0dee580000000036000610?xsec_token=ABPcuE_PJ-3g8HlVeSNJWQrFDmzR8fUJjD8TgxvWbzbrk=&xsec_source=,XHS,高情商破局,2026-08-13,—
最好的反击，是摧毁问题（第二期）,https://www.xiaohongshu.com/search_result/6a166f250000000037036204?xsec_token=AByMxq8t6-mPiSc09PYVZrXaIAhlijVratlwnInYkeDzY=&xsec_source=,XHS,高情商破局,2026-08-13,1.5万
草台班子里最聪明的不是往上爬,https://www.xiaohongshu.com/search_result/6a2b4f83000000001700adfe?xsec_token=ABrNMG-fFQfpTgVuJ6fpDpdl4MbUMmN6_9ii6VSD2z0NY=&xsec_source=,XHS,高情商破局,2026-08-13,524
《毛选》：别人甩锅，一招破局,https://www.xiaohongshu.com/search_result/6a252f680000000022019ae9?xsec_token=ABoGqkTEi5uSr-Aru_6YamWuXI6vzDf-i8ShZItg_xaWI=&xsec_source=,XHS,高情商破局,2026-08-13,—
让你level飙升的8个“破局”思维,https://www.xiaohongshu.com/search_result/68bc37ca000000001d038d1a?xsec_token=ABPf5z01JGrD5vbLCjbpnpB0QivUgGIYZmj5LjFcRxpI4=&xsec_source=,XHS,高情商破局,2026-08-13,195
每日练嘴,https://www.xiaohongshu.com/search_result/6a7df1220000000028005edd?xsec_token=&xsec_source=,XHS,职场表达,2026-08-13,16
想拉近职场关系？收好这80句万能表达,https://www.xiaohongshu.com/search_result/6a7dd4390000000008011a75?xsec_token=&xsec_source=,XHS,职场表达,2026-08-13,10
职场必备｜突然被叫上台说两句，你该怎么说,https://www.xiaohongshu.com/search_result/6a7dba660000000027022fd9?xsec_token=&xsec_source=,XHS,职场表达,2026-08-13,63
外企高频双语短句｜职场沟通干货,https://www.xiaohongshu.com/search_result/6a7dac89000000003302c745?xsec_token=&xsec_source=,XHS,职场表达,2026-08-13,11
职场：上班要学会委婉说话,https://www.xiaohongshu.com/search_result/6a7d8cba000000003301d2e6?xsec_token=&xsec_source=,XHS,职场表达,2026-08-13,9
看完这篇再去面试，瞬间提升好感度,https://www.xiaohongshu.com/search_result/692e6443000000001b032902?xsec_token=&xsec_source=,XHS,面试技巧,2026-08-13,1.3万
难怪他们job interview都这么轻松,https://www.xiaohongshu.com/search_result/67f63a7a000000001d025357?xsec_token=&xsec_source=,XHS,面试技巧,2026-08-13,1.8万
面试时不要太老实,https://www.xiaohongshu.com/search_result/6905e8d6000000000503832e?xsec_token=&xsec_source=,XHS,面试技巧,2026-08-13,1.2万
失业求职必看：越想证明自己，面试越被动,https://www.xiaohongshu.com/search_result/69d2ee60000000001b00288b?xsec_token=&xsec_source=,XHS,面试技巧,2026-08-13,2871
这道面试必问题 需要一点心眼子来回答,https://www.xiaohongshu.com/search_result/695ed1f0000000002103f47a?xsec_token=&xsec_source=,XHS,面试技巧,2026-08-13,1.8万
面试拿offer的人，身上都有一种高配得感,https://www.xiaohongshu.com/search_result/69cab28700000000230201f0?xsec_token=&xsec_source=,XHS,面试技巧,2026-08-13,2190
强烈建议大家一定要有一个属于自己的面试体,https://www.xiaohongshu.com/search_result/6a4235c100000000080302b6?xsec_token=&xsec_source=,XHS,面试技巧,2026-08-13,797
面试官是怎么判断你沟通能力好不好的,https://www.xiaohongshu.com/search_result/6a5698fa000000001c0245af?xsec_token=&xsec_source=,XHS,面试技巧,2026-08-13,1.8万
面试技巧☆刁钻问答,https://www.xiaohongshu.com/search_result/686a7eba0000000010013166?xsec_token=&xsec_source=,XHS,面试技巧,2026-08-13,522
手把手教学面试准备｜这才是面试官想听的,https://www.xiaohongshu.com/search_result/6964f93e000000002103e9b7?xsec_token=&xsec_source=,XHS,面试技巧,2026-08-13,4万
面试真的是双向选择的过程？（第四期）,https://www.xiaohongshu.com/search_result/69aa51fb000000001503a234?xsec_token=&xsec_source=,XHS,面试技巧,2026-08-13,1.8万
只问两个问题，就能看出你的能力和水平,https://www.xiaohongshu.com/search_result/6960d4bf000000002203326f?xsec_token=&xsec_source=,XHS,面试技巧,2026-08-13,248
华人面试张口就来的3句话,https://www.xiaohongshu.com/search_result/69d7063600000000210122ce?xsec_token=&xsec_source=,XHS,面试技巧,2026-08-13,7488
通过率100%✅的面试技巧，都在这里啦！,https://www.xiaohongshu.com/search_result/693fd48d000000001e02390b?xsec_token=&xsec_source=,XHS,面试技巧,2026-08-13,5.9万
挂了5家，才明白的北美Phone interview大忌,https://www.xiaohongshu.com/search_result/689dafac000000001c0350ff?xsec_token=&xsec_source=,XHS,面试技巧,2026-08-13,688
面试一定要会反问！会反问！会反问！,https://www.xiaohongshu.com/search_result/6a32967b0000000007027216?xsec_token=&xsec_source=,XHS,面试技巧,2026-08-13,8.4万
第一轮面试 速成指南,https://www.xiaohongshu.com/search_result/6925159c000000001b0229ed?xsec_token=&xsec_source=,XHS,面试技巧,2026-08-13,1724
不会storytelling 太费offer了,https://www.xiaohongshu.com/search_result/69f135ff0000000038020d46?xsec_token=&xsec_source=,XHS,面试什么话该说,2026-08-13,1024
这是我听过最好的面试回答，看完再去面试,https://www.xiaohongshu.com/search_result/686b9e6a0000000022031c53?xsec_token=&xsec_source=,XHS,面试什么话该说,2026-08-13,2281
🔥🔥🔥面试官内心狂赞的7句满分回答,https://www.xiaohongshu.com/search_result/6991d044000000000a029506?xsec_token=&xsec_source=,XHS,面试什么话该说,2026-08-13,84
😱面试不管问你啥，记住一个话术原则,https://www.xiaohongshu.com/search_result/6987d6aa000000001502048a?xsec_token=&xsec_source=,XHS,面试什么话该说,2026-08-13,163
🔥 弱爆vs自信，面试话术差太多了,https://www.xiaohongshu.com/search_result/69d7669c000000001b00240e?xsec_token=&xsec_source=,XHS,面试什么话该说,2026-08-13,96
30句面试英语表达,https://www.xiaohongshu.com/search_result/6a21881a0000000007023a6c?xsec_token=&xsec_source=,XHS,面试什么话该说,2026-08-13,59
你能给公司带来什么❓面试想听到的回答💯,https://www.xiaohongshu.com/search_result/660460fe000000001203e6c7?xsec_token=&xsec_source=,XHS,面试什么话该说,2026-08-13,325
6个万能表述公式，告别逻辑混乱,https://www.xiaohongshu.com/search_result/68c56210000000001d019860?xsec_token=&xsec_source=,XHS,面试什么话该说,2026-08-13,4699
其实95%的job interview，确实靠背出来的,https://www.xiaohongshu.com/search_result/67176563000000001600caa5?xsec_token=&xsec_source=,XHS,面试什么话该说,2026-08-13,2067
面试被问到核心竞争力，脑子一片空白怎么办,https://www.xiaohongshu.com/search_result/69b0d1c5000000000600dffc?xsec_token=&xsec_source=,XHS,面试什么话该说,2026-08-13,495
面试反反复复就是问这16个问题,https://www.xiaohongshu.com/search_result/693149e3000000000d03433f?xsec_token=&xsec_source=,XHS,面试什么话不能说,2026-08-13,6749
不该去的不去，不该说的不要说（第五期）,https://www.xiaohongshu.com/search_result/69c6842f000000001a032b0d?xsec_token=&xsec_source=,XHS,面试什么话不能说,2026-08-13,2.7万
面试时 你不得不说的4个谎言,https://www.xiaohongshu.com/search_result/69ded44b000000001a026a00?xsec_token=&xsec_source=,XHS,面试什么话不能说,2026-08-13,8785
强烈建议大家面试时不该说的话别说,https://www.xiaohongshu.com/search_result/695f8f1d000000000b00ad93?xsec_token=&xsec_source=,XHS,面试什么话不能说,2026-08-13,4957
Hiring manager心声：千万别在面试中说这些,https://www.xiaohongshu.com/search_result/68faac580000000004005ba2?xsec_token=&xsec_source=,XHS,面试什么话不能说,2026-08-13,270
job interview面试，骂醒一个是一个,https://www.xiaohongshu.com/search_result/6777bf44000000001300a3ed?xsec_token=&xsec_source=,XHS,面试什么话不能说,2026-08-13,1069
面试别太老实！不该说的千万别说,https://www.xiaohongshu.com/search_result/68f77c0200000000030197ad?xsec_token=&xsec_source=,XHS,面试什么话不能说,2026-08-13,1.1万
真心建议大家面试不该说的话别说..,https://www.xiaohongshu.com/search_result/65f067d5000000001203cb46?xsec_token=&xsec_source=,XHS,面试什么话不能说,2026-08-13,1.6万
面试禁忌,https://www.xiaohongshu.com/search_result/6a68c00e0000000011015f2b?xsec_token=&xsec_source=,XHS,面试什么话不能说,2026-08-13,3610
考官想听的万能开头模板，破！,https://www.xiaohongshu.com/search_result/697b0d9c000000002200bd98?xsec_token=&xsec_source=,XHS,结构化面试三步破题法,2026-08-13,7916
MECE重建你的语言逻辑,https://www.xiaohongshu.com/search_result/687f2707000000002201cf8f?xsec_token=&xsec_source=,XHS,结构化面试三步破题法,2026-08-13,1.9万
全体起立，面试天神下凡,https://www.xiaohongshu.com/search_result/69cfdefe000000001a0302aa?xsec_token=&xsec_source=,XHS,结构化面试三步破题法,2026-08-13,1.5万
结构化面试5类题型答题模板,https://www.xiaohongshu.com/search_result/69aa7bc000000000150229a5?xsec_token=&xsec_source=,XHS,结构化面试三步破题法,2026-08-13,1.5万
教招结构化面试九大万能模板,https://www.xiaohongshu.com/search_result/6a62e890000000001101da7a?xsec_token=&xsec_source=,XHS,结构化面试三步破题法,2026-08-13,610
考官说面试(账号)三步破题笔记,https://www.xiaohongshu.com/search_result/6a42fec4000000002201b81c?xsec_token=&xsec_source=,XHS,结构化面试三步破题法,2026-08-13,19
我的结构化面试技巧,https://www.xiaohongshu.com/search_result/669265200000000025002d67?xsec_token=&xsec_source=,XHS,结构化面试三步破题法,2026-08-13,8056
结构化面试:每日一练（一）,https://www.xiaohongshu.com/search_result/696a3cdc000000001a02c753?xsec_token=&xsec_source=,XHS,结构化面试三步破题法,2026-08-13,574
真正厉害的面试官，只需要问这几个问题,https://www.xiaohongshu.com/search_result/6821e45b000000002202b51d?xsec_token=&xsec_source=,XHS,结构化面试三步破题法,2026-08-13,166
结构化面试漫画题 三步解码法,https://www.xiaohongshu.com/search_result/6a4677790000000011018495?xsec_token=&xsec_source=,XHS,结构化面试三步破题法,2026-08-13,7
结构化面试从无话可说到考场第一笨办法,https://www.xiaohongshu.com/search_result/6948d8d1000000001e02804a?xsec_token=&xsec_source=,XHS,结构化面试三步破题法,2026-08-13,1261
结构化面试万能答题思路,https://www.xiaohongshu.com/search_result/697a0315000000002202e1c3?xsec_token=&xsec_source=,XHS,结构化面试三步破题法,2026-08-13,623
能力强的人，都有结构化思维,https://www.xiaohongshu.com/search_result/6a3a5c440000000016025749?xsec_token=&xsec_source=,XHS,结构化面试三步破题法,2026-08-13,61
结构化问答遇到不会的怎么办？,https://www.xiaohongshu.com/search_result/691593e60000000005012195?xsec_token=&xsec_source=,XHS,结构化面试三步破题法,2026-08-13,330
结构化面试反超5分经验帖,https://www.xiaohongshu.com/search_result/69dc467a0000000023012ffd?xsec_token=&xsec_source=,XHS,结构化面试三步破题法,2026-08-13,52
结构化面试从60到85，我只改了这几点！,https://www.xiaohongshu.com/search_result/69c61d6e000000002103900d?xsec_token=&xsec_source=,XHS,结构化面试三步破题法,2026-08-13,161
张大碗子相关笔记,https://www.xiaohongshu.com/search_result/6a27e8d2000000001603d292?xsec_token=&xsec_source=,XHS,结构化面试三步破题法,2026-08-13,11.7万
三步掌握结构化思维,https://www.xiaohongshu.com/search_result/6831b910000000000303c54e?xsec_token=&xsec_source=,XHS,结构化面试三步破题法,2026-08-13,41
考官想听的应急应变（一）模板，破！,https://www.xiaohongshu.com/search_result/6971872900000000220215d3?xsec_token=&xsec_source=,XHS,结构化面试三步破题法,2026-08-13,5546
HR坦白局,https://www.xiaohongshu.com/search_result/678758de0000000016033f06?xsec_token=&xsec_source=,XHS,hr问题,2026-08-13,308
HR面试100问,https://www.xiaohongshu.com/search_result/69f05ee4000000001f0037a6?xsec_token=&xsec_source=,XHS,hr问题,2026-08-13,259
一面时HR最关注的5件事,https://www.xiaohongshu.com/search_result/6a4d2fb9000000001603e316?xsec_token=&xsec_source=,XHS,hr问题,2026-08-13,1.3万
秋招特辑|面试时，我希望你问的4个问题,https://www.xiaohongshu.com/search_result/68edccba000000000301d863?xsec_token=&xsec_source=,XHS,hr问题,2026-08-13,2050
HR面试提问清单，别再不知所云,https://www.xiaohongshu.com/search_result/66ebdc460000000025030d16?xsec_token=&xsec_source=,XHS,hr问题,2026-08-13,1283
速码！！面试入职前一定要和HR确认的7大问题,https://www.xiaohongshu.com/search_result/6a7c424d0000000025002f7a?xsec_token=&xsec_source=,XHS,hr问题,2026-08-13,47
HR结构化面试提纲大全,https://www.xiaohongshu.com/search_result/68cfca640000000012033c47?xsec_token=&xsec_source=,XHS,hr问题,2026-08-13,1345
HR只相信这八种离职原因,https://www.xiaohongshu.com/search_result/6a681ff2000000001303ec32?xsec_token=&xsec_source=,XHS,hr问题,2026-08-13,1251
超全面试问题汇总（附满分回答技巧）,https://www.xiaohongshu.com/search_result/6756701d0000000007008d6d?xsec_token=&xsec_source=,XHS,hr问题,2026-08-13,4078
HR坦白局续,https://www.xiaohongshu.com/search_result/6789def80000000016035e59?xsec_token=&xsec_source=,XHS,hr问题,2026-08-13,77
HR面试100问面试汇总,https://www.xiaohongshu.com/search_result/67a82db1000000002902ec77?xsec_token=&xsec_source=,XHS,hr问题,2026-08-13,4898
得到CEO脱不花:面试一个人，这4个就够了,https://www.xiaohongshu.com/search_result/67ff4963000000001d001ef8?xsec_token=&xsec_source=,XHS,hr问题,2026-08-13,919
候选人面试提问表，新人HR再也不怕冷场了,https://www.xiaohongshu.com/search_result/6a0179190000000006023b03?xsec_token=&xsec_source=,XHS,hr问题,2026-08-13,130
作为HR，其实我希望你问这三个问题,https://www.xiaohongshu.com/search_result/67e12f630000000003029dd0?xsec_token=&xsec_source=,XHS,hr问题,2026-08-13,5190
🇨🇦拿到offer后，必问HR/manager七个问题,https://www.xiaohongshu.com/search_result/66184abd000000001a0111b0?xsec_token=&xsec_source=,XHS,hr问题,2026-08-13,51
强推无数次✨！Job interview这么回答就对了,https://www.xiaohongshu.com/search_result/69f43ed80000000038036d55?xsec_token=&xsec_source=,XHS,hr问题,2026-08-13,395
成为面试官后才知道：群面说什么其实不重要,https://www.xiaohongshu.com/search_result/6947f0b5000000001e028d8f?xsec_token=&xsec_source=,XHS,群面没编号怎么发言,2026-08-13,152
i人参加群面必死？3个反常实的真相,https://www.xiaohongshu.com/search_result/6a75410d000000002202c126?xsec_token=&xsec_source=,XHS,群面没编号怎么发言,2026-08-13,3
留学生小组讨论不敢说话？5句话救场,https://www.xiaohongshu.com/search_result/698f157a000000002800a766?xsec_token=&xsec_source=,XHS,群面没编号怎么发言,2026-08-13,11
群面感觉是这样的,https://www.xiaohongshu.com/search_result/694a900e000000000d038ef3?xsec_token=&xsec_source=,XHS,群面没编号怎么发言,2026-08-13,9.3万
群面也是面试，插不上话先别抢C位,https://www.xiaohongshu.com/search_result/6a4d1e42000000001503edb6?xsec_token=&xsec_source=,XHS,群面没编号怎么发言,2026-08-13,3
给大家更新了一组无领导面试的话术,https://www.xiaohongshu.com/search_result/677e1025000000001800e835?xsec_token=&xsec_source=,XHS,群面没编号怎么发言,2026-08-13,1.6万
实战没挂过的群面技巧分享,https://www.xiaohongshu.com/search_result/69c1ba2d000000001a028175?xsec_token=&xsec_source=,XHS,群面没编号怎么发言,2026-08-13,742
群面只准备这13个高频问题就好（附应对思路）,https://www.xiaohongshu.com/search_result/6736cba4000000001b029a34?xsec_token=&xsec_source=,XHS,群面没编号怎么发言,2026-08-13,1127
HR非常反感的5句话,https://www.xiaohongshu.com/search_result/669106fc00000000030271a7?xsec_token=&xsec_source=,XHS,hr聊天沟通时的话术,2026-08-13,8995
HR听了最反感的5句话,https://www.xiaohongshu.com/search_result/69806603000000000e00c8d4?xsec_token=&xsec_source=,XHS,hr聊天沟通时的话术,2026-08-13,823
BOSS直聘从已读不回到约面不断，只改一句话,https://www.xiaohongshu.com/search_result/6a2804b5000000002103d00b?xsec_token=&xsec_source=,XHS,hr聊天沟通时的话术,2026-08-13,2390
救命！突然被HR约谈怎么办？千万别踩坑！,https://www.xiaohongshu.com/search_result/691ab46c000000000503bb7b?xsec_token=&xsec_source=,XHS,hr聊天沟通时的话术,2026-08-13,46
求职干货｜招聘平台万能话术，社恐直接复制,https://www.xiaohongshu.com/search_result/6a16b55d000000003701c3b1?xsec_token=&xsec_source=,XHS,hr聊天沟通时的话术,2026-08-13,1509
💡老外挂在嘴边的职场简洁表达,https://www.xiaohongshu.com/search_result/6a0d6dc30000000036033794?xsec_token=ABPcuE_PJ-3g8HlVeSNJWQrJcnA-LkI1xZ6oMtbRvepsI=&xsec_source=,XHS,职场表达,2026-08-14,559
那些很高频但是不会说的职场口语表达✅,https://www.xiaohongshu.com/search_result/6a7ef1750000000028006567?xsec_token=ABWXjWzJC3bjbXxZoz5E1-xa-dbZSpEug5NbZzCgKMrUw=&xsec_source=,XHS,职场表达,2026-08-14,8
职场英文实战！如何官方优雅地表达不同意见,https://www.xiaohongshu.com/search_result/6a396cbf000000001702be55?xsec_token=ABGJQoG_J1qfnB5P7lHxLqcJ_AFk4-yqy0zN63U9zxEMw=&xsec_source=,XHS,职场表达,2026-08-14,741
高薪的本质是影响力变现 如何提高表达能力？,https://www.xiaohongshu.com/search_result/69db2b99000000001a027632?xsec_token=ABU_FwWTZVdUj5at-q8TnB88DQOx62jdXTeCGMK9CzXrw=&xsec_source=,XHS,职场表达,2026-08-14,1245
伦敦工作 职场表达力：如何在会议中自信发言,https://www.xiaohongshu.com/search_result/68192ce9000000000303fe35?xsec_token=AB5Gdi_TJdW3rVl5Ees-D5hJ1JC7AVkPSDQUDeUveOLfQ=&xsec_source=,XHS,职场表达,2026-08-14,496
真心建议😢面试时不该说的话千万别说,https://www.xiaohongshu.com/search_result/6970a8c9000000001a0275f7?xsec_token=ABJo84t0eg-WzCcilaYYJVAtW_qf2WfpGiwsZ8A_vAs24=&xsec_source=,XHS,面试什么话不能说,2026-08-14,1564
咨询小白必看：24min带你通关Market Entry,https://www.xiaohongshu.com/search_result/69e4c5e3000000001d018709?xsec_token=ABC4DSa-OjjOdSsq0bq2UOfmPrp_KUxuqE0Ui6RAG5VpA=&xsec_source=,XHS,面试必问问题,2026-08-14,393
今天面试的这个女孩很哇塞！,https://www.xiaohongshu.com/search_result/6837d596000000000f032119?xsec_token=AB28YDng9XhmzhAJPrMQGIEh4wh-QrrpIO3x_0wQua5Gg=&xsec_source=,XHS,面试必问问题,2026-08-14,1280
如果你的表达能力差，就去练习这四个动作,https://www.xiaohongshu.com/search_result/68a874be000000001c0132ab?xsec_token=AB8QiBTl5VierUHw5jSzkSTvlEZr4GSWYP9RTh8lpAyPA=&xsec_source=,XHS,如何自信表达,2026-08-14,2.6万
实用表达力提升干货，专治社恐嘴笨,https://www.xiaohongshu.com/search_result/66e18d4f000000000c01808d?xsec_token=ABzJ2zg1tH3WTRg1_oVEy8CGSNPr0fmYbbxZFvhhcgeZk=&xsec_source=,XHS,如何自信表达,2026-08-14,1743
4个动作让你说话演讲时看起来更自信。,https://www.xiaohongshu.com/search_result/65b715ce000000002c03e90f?xsec_token=ABkH44Xactgq95qnJ9hzEsuF7X_SJ6qLeltxgQjQ5fn5o=&xsec_source=,XHS,如何自信表达,2026-08-14,122
来自艾美奖记者的7条表达原则，告别嘴笨！,https://www.xiaohongshu.com/search_result/6780d67f000000000203f679?xsec_token=ABAQnvsp9Rn2RC1a-7TzpMHXRjJe6UuoTTlzq730N2rjk=&xsec_source=,XHS,如何自信表达,2026-08-14,2907
面试88经验，这样答好综合题,https://www.xiaohongshu.com/search_result/69d2157e000000001a020e7a?xsec_token=ABYG8q3akxAgq2miqf3YCxIdJfhX845pN3g2WgRgG9IOk=&xsec_source=,XHS,综合分析题如何破题,2026-08-14,2978
综合分析题分享破题思路,https://www.xiaohongshu.com/search_result/698d30af000000001a02a8af?xsec_token=AB_4lHTjaU_1ZDzxkRl8RoUuK6RKgjIK-GxxB89-sfVzw=&xsec_source=,XHS,综合分析题如何破题,2026-08-14,41
综合分析题不管问什么，你就记住底层逻辑…,https://www.xiaohongshu.com/search_result/68bac55c000000001b030c5d?xsec_token=ABHBG0pKq1FaPv1blyxAk6JJGPZIPPAujob3vF3nOtZKU=&xsec_source=,XHS,综合分析题如何破题,2026-08-14,37
面试88分的“极简爆分框架法”-综合分析,https://www.xiaohongshu.com/search_result/690ddef300000000050013bb?xsec_token=ABKDoAwPPqDbocu1SlBb9Tt6cql832mxWBoCwHlbr5EaI=&xsec_source=,XHS,综合分析题如何破题,2026-08-14,375
商業分析乾貨 | 結構化的邏輯思考框架💡,https://www.xiaohongshu.com/search_result/67b37d52000000001801165d?xsec_token=ABoVcjpo7YCcX6uekCrLhhC1mYJ1ppF2toPMb3qdmCESM=&xsec_source=,XHS,综合分析题如何破题,2026-08-14,5378
求职面试英语,https://www.xiaohongshu.com/search_result/697c7f98000000000d00b583?xsec_token=AB__q7gqZfCMe6yC-lE3sLhDQDJdqrQT4-obGjCvT-i1E=&xsec_source=,XHS,面试什么话该说,2026-08-14,1026
00后的反向面试,https://www.xiaohongshu.com/search_result/69b0d43f000000002603c182?xsec_token=ABdJ8ERFk8VX5vPkCNG0Pn0m9vos-zTnMreNwwTaJHm2E=&xsec_source=,XHS,反套路面试,2026-08-14,3027
加拿大政府求职，最大的套路是真诚,https://www.xiaohongshu.com/search_result/68d7554a00000000130052bd?xsec_token=ABE0OvU-qx2dBvz3LcMGTv-GgnlRjgRNb3NINnnW45g6w=&xsec_source=,XHS,反套路面试,2026-08-14,25
我的95分结构化面试模版+攻略,https://www.xiaohongshu.com/search_result/68521b9500000000220047e0?xsec_token=ABHYD6VxeIJY1HpeWnGP9ICHq1T_6L9XsXZUqNp8ZlOhQ=&xsec_source=,XHS,结构化面试万能分析公式,2026-08-14,402
必看干货！结构化面试万能对策66条,https://www.xiaohongshu.com/search_result/695cbc4b000000001a027218?xsec_token=ABci7aDSUlhYjnPoF4U0WYUtrClS5osv09-Oqy45W-Xj0=&xsec_source=,XHS,结构化面试万能分析公式,2026-08-14,1309
结构化面试别在死记硬背‼️面试小白框架速记,https://www.xiaohongshu.com/search_result/6614d25d000000001a0173b2?xsec_token=ABLsvAs0n8ClO6DydnZHCIO-3Maduzwb6HeiGbiSCCRY8=&xsec_source=,XHS,结构化面试万能分析公式,2026-08-14,3625
拿走不谢！大厂晋升答辩万能公式PAC+STAR,https://www.xiaohongshu.com/search_result/69119d650000000005031264?xsec_token=AB46nY-lz7OAbGhFnhWc4ziSGsX-TiCT0-xejeunW2qyo=&xsec_source=,XHS,结构化面试万能分析公式,2026-08-14,147
教资面试结构化面试万能公式！高分通过,https://www.xiaohongshu.com/search_result/69203b42000000001e028e35?xsec_token=ABfgiOSHNvnn5-_Tw6qAzdK88euNPyeJ6fMpeo78lPYsQ=&xsec_source=,XHS,结构化面试万能分析公式,2026-08-14,1351
综合分析万能模板（社会现象+态度观点全覆,https://www.xiaohongshu.com/search_result/6a0d74f80000000035026950?xsec_token=ABPcuE_PJ-3g8HlVeSNJWQrPJnibCFUXE6Bw3m_kozODs=&xsec_source=,XHS,结构化面试万能分析公式,2026-08-14,441
省考面试高分答题逻辑，原来真的可以套公式,https://www.xiaohongshu.com/search_result/6a7eb50c000000000f03a400?xsec_token=ABWXjWzJC3bjbXxZoz5E1-xWRUtK_rrLKR_UhfrPm0xiU=&xsec_source=,XHS,结构化面试万能分析公式,2026-08-14,12
6大即兴结构化表达公式，你会几个？,https://www.xiaohongshu.com/search_result/67d197f1000000000900f053?xsec_token=ABD1HwagCEsGxFkbMetyarpsEgpCbNvCTTvR1cDw3zpyk=&xsec_source=,XHS,结构化面试万能分析公式,2026-08-14,118
面试官突然冷脸打压？恭喜进入高阶局,https://www.xiaohongshu.com/search_result/6a066d440000000010001c00?xsec_token=ABr2xQN8XcmQtHKxY19CLFOMwIYqBjUzv92aiCRpIsFrY=&xsec_source=,XHS,面试被面试官嘲讽了,2026-08-14,197
选手登台面试，却被评委各种阴阳嘲讽。,https://www.xiaohongshu.com/search_result/6a4257960000000008025aef?xsec_token=ABZdg4jLfG95cv9GFWKhUycJ5htdiLRAp3No8ilaUM8J0=&xsec_source=,XHS,面试被面试官嘲讽了,2026-08-14,3063
遇到这种面试官，直接走人！,https://www.xiaohongshu.com/search_result/69a3ad120000000015031f66?xsec_token=ABIDlkISNIKNhiOo6y06UBr_nJ5fylkVIIcZ6uYLiXu5k=&xsec_source=,XHS,面试被面试官嘲讽了,2026-08-14,22
面试惨遭羞辱，看我如何用高情商回复,https://www.xiaohongshu.com/search_result/69ba9e48000000002003b885?xsec_token=AB8dWNCrTq1VcFb0j3C43TkMS5KMnRT1B-cXGIppuIDVc=&xsec_source=,XHS,面试被面试官嘲讽了,2026-08-14,19
家人们，别再被面试PUA了，教你一招反击吧,https://www.xiaohongshu.com/search_result/687c6c470000000012032562?xsec_token=AB6zxtrI5aNiKErFIwvHxa3fSq7LimyMoPxeBoCZq_ONc=&xsec_source=,XHS,面试被面试官嘲讽了,2026-08-14,483
我朋友去面试跟面试官吵了起来,https://www.xiaohongshu.com/search_result/69f2918d0000000038021769?xsec_token=ABYCW5LTBTOJfpORep873gxo7Q2fpV2BGyWFVk3Nboi2A=&xsec_source=,XHS,面试被面试官嘲讽了,2026-08-14,133
面试官怼你逻辑差？？别急着自证。,https://www.xiaohongshu.com/search_result/6982d9ab000000000a03d82d?xsec_token=ABRFBb_2iuyZdk5yJBtcvJ4re4zKVZtT8Hu4Bl7hV8_EY=&xsec_source=,XHS,面试被面试官嘲讽了,2026-08-14,20
"面试被说""语气太强势""之后，我复盘了一整周",https://www.xiaohongshu.com/search_result/6a41ca850000000008001ac3?xsec_token=ABTTfjjKAd0iHvR3WImT8-nR3QyV39_dXem0CHlxKAxZ4=&xsec_source=,XHS,面试被面试官嘲讽了,2026-08-14,4
面试被不尊重甚至羞辱到底该怎么办,https://www.xiaohongshu.com/search_result/6a028bc00000000035028e7a?xsec_token=ABkXFKZTxfjr6_TrB3sY0sONpKZlh2sZFfipAHfESNDAQ=&xsec_source=,XHS,面试被面试官嘲讽了,2026-08-14,63
面试被嫌年龄大，3句话扭转局面,https://www.xiaohongshu.com/search_result/6909468400000000050001ba?xsec_token=ABHD4wwLZpEZgDk0Wt_qHNu7Zl-Hin6cUKwL5v4uVv76w=&xsec_source=,XHS,面试被面试官嘲讽了,2026-08-14,3056
美国同事天天说，但没人教你的职场英语表达,https://www.xiaohongshu.com/search_result/6a7f00120000000027020737?xsec_token=ABau850YVdkTKVx8IncMm5GQrHfl-yzzLC4kErIxlolLQ=&xsec_source=,XHS,职场表达,2026-08-14,2
谈薪时，HR最希望你上的3个套路😏,https://www.xiaohongshu.com/search_result/69f35de700000000350295c8?xsec_token=ABvjXng2EjCiS1emry2jzk854Feru9JS5SrOymyT7jjvo=&xsec_source=,XHS,谈薪禁忌千万别犯,2026-08-14,423
🔥 谈薪时千万别说的14句话，多拿二十万,https://www.xiaohongshu.com/search_result/69c9135100000000210075df?xsec_token=ABxO_1d-Qm_wul-vQNjaop6kexkzgbTBAEkwp7hhZIqIE=&xsec_source=,XHS,谈薪禁忌千万别犯,2026-08-14,18
🔥谈薪资说错一句话，offer 直接少了 2万,https://www.xiaohongshu.com/search_result/6a56fe5a00000000110188a4?xsec_token=ABLPmFpG8VSjK5SLoDR-pNJO9mdNzXK8I_3bzr5ORKQxk=&xsec_source=,XHS,谈薪禁忌千万别犯,2026-08-14,8
闺蜜军师｜升职加薪轮不到你？揭秘谈薪大忌,https://www.xiaohongshu.com/search_result/69a9a746000000001b015f2f?xsec_token=AB-Kg-t7cq87K0gdzr2XU3wLYRiJZDpZ420cd1bdn0O_k=&xsec_source=,XHS,谈薪禁忌千万别犯,2026-08-14,1.5万
外企|北美职场 谈薪时说对话，多拿10%,https://www.xiaohongshu.com/search_result/6a427978000000002103dc39?xsec_token=ABZdg4jLfG95cv9GFWKhUycLLD76HwVaP7oceMd4fSNkg=&xsec_source=,XHS,谈薪禁忌千万别犯,2026-08-14,345
读完《金字塔原理》我浓缩成18句精华,https://www.xiaohongshu.com/search_result/6905795000000000050020a4?xsec_token=AB84sasz062iliiZsocpecpARuu0AV6RFWbvofS9GJ3VE=&xsec_source=,XHS,金字塔原理表达,2026-08-14,201
金字塔原理：想清楚，才能说明白,https://www.xiaohongshu.com/search_result/6a2260c80000000008033edf?xsec_token=AB2-zK3TMjQ9weQqJFH3vJ88BXFxB6FpNbXH7d_e_Bwsw=&xsec_source=,XHS,金字塔原理表达,2026-08-14,136
金字塔原理 | 让你的思维更有逻辑性,https://www.xiaohongshu.com/search_result/67d5724b000000001d026066?xsec_token=ABYqlpz_bMqXULdbcODJdv4lSToce22OgxP15kOXL9zHM=&xsec_source=,XHS,金字塔原理表达,2026-08-14,4150
Dankoe：如何清晰、有智慧地表达自己？,https://www.xiaohongshu.com/search_result/6a183d560000000035029591?xsec_token=AB3lX8rIqeEwfhJ9R9D84ATT2qzIedekavPIcZ4tjG2cs=&xsec_source=,XHS,金字塔原理表达,2026-08-14,13
麦肯锡9个高频思维工具【必藏】,https://www.xiaohongshu.com/search_result/6a7470120000000006004558?xsec_token=ABCvGg8BzJlYLfKwfe8nGdcKe0iMpUOHe-T3FbduYHhMg=&xsec_source=,XHS,金字塔原理表达,2026-08-14,122
金字塔原理，其实一句话就能说清楚,https://www.xiaohongshu.com/search_result/6a4bf0a8000000000f01c7b1?xsec_token=AB78zpW53s2LixtvzaoSp1Xp2djW4vFNVGjFPf8BLylVw=&xsec_source=,XHS,金字塔原理表达,2026-08-14,21
金字塔原理｜先说结论再说理由,https://www.xiaohongshu.com/search_result/69a691ff000000000d00ae27?xsec_token=ABCpguclt_Dz_w21uDLe6NS5YZMAjI-8yCcrhNYdNwVrs=&xsec_source=,XHS,金字塔原理表达,2026-08-14,34
为什么别人一开口就有逻辑？,https://www.xiaohongshu.com/search_result/6a4a08b3000000001101297d?xsec_token=AB9TCjBXp93ozIuj7MmRadqDMTXLMkhTkDIet7IdOr75k=&xsec_source=,XHS,金字塔原理表达,2026-08-14,55
当我把金字塔原理这本书搓成skill....,https://www.xiaohongshu.com/search_result/6a745c380000000027022959?xsec_token=ABCvGg8BzJlYLfKwfe8nGdcJfbEJNZwH-uSauiGmN_bmk=&xsec_source=,XHS,金字塔原理表达,2026-08-14,5
如果把《金字塔原理》浓缩成10句话,https://www.xiaohongshu.com/search_result/6993fb66000000001b01e4d3?xsec_token=ABuHx3cTLpzVPo7zC50kIU1FD49fDyCyoIuEeGHqdY6qM=&xsec_source=,XHS,金字塔原理表达,2026-08-14,64
金字塔原理，让你的表达更有逻辑！,https://www.xiaohongshu.com/search_result/663dd7b5000000001e03b500?xsec_token=AB9fjTWwGgJXC_oz0eMHb0cClWgWRKxEug7ZbDhblUVEQ=&xsec_source=,XHS,金字塔原理表达,2026-08-14,1997
3小时刷完，我终于懂了《金字塔原理》在讲什么,https://www.xiaohongshu.com/search_result/699c5bd8000000001b01c177?xsec_token=ABpfL_izJslGpo-S1bn8iup0ZrBt6NbzcqjQ5Rr2C7Gmk=&xsec_source=,XHS,金字塔原理表达,2026-08-14,42
比能力重要的是逻辑清晰,https://www.xiaohongshu.com/search_result/68cd2b73000000001300a7f3?xsec_token=AB2bNJGvGicZ5qEy85b9ll7NtC38rGcUuiOFFUrCSE39k=&xsec_source=,XHS,金字塔原理表达,2026-08-14,6338
5招提升逻辑思维｜从根本上解决不会说话,https://www.xiaohongshu.com/search_result/66eac3660000000012011461?xsec_token=ABiPOiDE4uGMJy-AqRFFdg_HPOXZ3FHpITybio-nD66Jg=&xsec_source=,XHS,金字塔原理表达,2026-08-14,1660
十分钟读懂《金字塔原理》,https://www.xiaohongshu.com/search_result/695a695e000000002203880a?xsec_token=AB5XPtdmbync3QbjZkwj-4DqImZ1CPVaUkMFPIXYtnjis=&xsec_source=,XHS,金字塔原理表达,2026-08-14,225
沉浸式体验面试考场上的压迫感,https://www.xiaohongshu.com/search_result/694bb840000000001b03004b?xsec_token=ABe8MEio87HZrcFm1gXR2mzfOWtDQDM7ewSkO1uFeqeiA=&xsec_source=,XHS,情景模拟面试,2026-08-14,828
公考面试模拟,https://www.xiaohongshu.com/search_result/6a56f56e000000001101194c?xsec_token=ABLPmFpG8VSjK5SLoDR-pNJH2iTGlzZW5n_2fCpfk4SU4=&xsec_source=,XHS,情景模拟面试,2026-08-14,2308
考公面试教学：人情世故这块儿直接拿捏,https://www.xiaohongshu.com/search_result/6a5de999000000000301d5e3?xsec_token=ABaAOT7Im7LPZ4FgQjlH1QlkIaXoWozszF75ZOrPqvTpI=&xsec_source=,XHS,情景模拟面试,2026-08-14,8.4万
面试必考｜现场模拟题必杀技👆🏻建立现场感,https://www.xiaohongshu.com/search_result/698dee67000000001a02287d?xsec_token=AB_4lHTjaU_1ZDzxkRl8RoUvPHoLaWL0CnhFpcLa4XO20=&xsec_source=,XHS,情景模拟面试,2026-08-14,2054
场景英语：真实面试场景,https://www.xiaohongshu.com/search_result/690744b80000000005000962?xsec_token=ABiwih4xpq1SfjGe8DK2Z83vnq99yjG-qMqTkUX6dRxUI=&xsec_source=,XHS,情景模拟面试,2026-08-14,88
考官想听的“情景模拟”——模板，破!,https://www.xiaohongshu.com/search_result/696d9aa6000000001a0215b7?xsec_token=ABVTKqU0Z8XMAQGpQjqXdfvo6Au5UHLU2jQDKVA7rPGs8=&xsec_source=,XHS,情景模拟面试,2026-08-14,264
看JD准备面试故事 - STAR法则如何解决冲突,https://www.xiaohongshu.com/search_result/69dd2410000000002103839e?xsec_token=ABs1CsL82m-akfUnpRwmJ0zvldYjZ99b5eGIjUW-kgo20=&xsec_source=,XHS,情景模拟面试,2026-08-14,5993
100个场景爆改英语口语｜97集：面试问答,https://www.xiaohongshu.com/search_result/6a1262ec00000000350283e2?xsec_token=ABPlEU-x7P_1F9YUWGVxQcmr_Q2AslXxOP4BBQs3rtWHU=&xsec_source=,XHS,情景模拟面试,2026-08-14,2
34岁当副厅长，面试全程高能！,https://www.xiaohongshu.com/search_result/67b2af95000000001800cfad?xsec_token=AB7YZqGkQLcbwbhkEXCZwjYzM6_UNdMlKLM0Oz7nlnMRc=&xsec_source=,XHS,情景模拟面试,2026-08-14,2499
找工作没啥好怕的！面试紧张就多去练！,https://www.xiaohongshu.com/search_result/68341483000000002300dd6b?xsec_token=AB29sgOQwCCSyUZgdDMPlUI6SJJILNsvUEzhwyKuNbugQ=&xsec_source=,XHS,情景模拟面试,2026-08-14,1347
50岁+女老板面试店长会有怎样的奇遇,https://www.xiaohongshu.com/search_result/684014030000000023001fae?xsec_token=AB8gyJRZg2QSVeM_Ce60sRb6gt1zhGj3_grxSBVxLxSh4=&xsec_source=,XHS,情景模拟面试,2026-08-14,3.8万
AI面试官上线啦！求职的宝子看过来,https://www.xiaohongshu.com/search_result/67c3ebc4000000000901735f?xsec_token=AB3eRkPiDwAjoYVmfm_3EfIR-eii-2KqLiub0Ii1GbFZg=&xsec_source=,XHS,情景模拟面试,2026-08-14,37
后续来了：加拿大it面试第二轮之技术面,https://www.xiaohongshu.com/search_result/68e59441000000000503a8dd?xsec_token=ABQypHtwpPYY3XGm45xY2x1u9NjdPpJXKTxfNgtodj6iE=&xsec_source=,XHS,如何进行技术面试,2026-08-14,28
System Design面试这101页帮你搞定,https://www.xiaohongshu.com/search_result/698e68d700000000150393d6?xsec_token=ABD2DnJzr1SHXNp4iGFxBjVBn-VZIlKG_8CMuZVx5Y_pc=&xsec_source=,XHS,如何进行技术面试,2026-08-14,36
🇨🇦上岸sde技术轮2轮面经分享,https://www.xiaohongshu.com/search_result/6909b01c00000000050135a1?xsec_token=ABHD4wwLZpEZgDk0Wt_qHNu1ipHTeN3MFLK4NvxBKsEqI=&xsec_source=,XHS,如何进行技术面试,2026-08-14,40
💡3个黑科技，面试开挂！Offer拿到手软！,https://www.xiaohongshu.com/search_result/67e3d01b000000000603998b?xsec_token=ABsPRDbnyIBme6XqUMO4TNIrnezM5essfRu81LaLB1wxg=&xsec_source=,XHS,如何进行技术面试,2026-08-14,3475
面试时他一开口，我就知道他很懂AI Agent,https://www.xiaohongshu.com/search_result/69c4de7c000000001d019ac9?xsec_token=AB_yXNVb4N58C_mUXOZ3Uf_GhRAJrItgXhdX2miQiRLoc=&xsec_source=,XHS,如何进行技术面试,2026-08-14,1953
还是低估了Software Testing面试的难度,https://www.xiaohongshu.com/search_result/66f4259f000000001902dbf4?xsec_token=AB554CazX2xEH5vOnK0HmRVTmS82rAj7CDrHMk4nveXbg=&xsec_source=,XHS,如何进行技术面试,2026-08-14,258
7️⃣🇸🇬DA技术面都考什么？ 高频考点整理,https://www.xiaohongshu.com/search_result/6a71d96d000000002c00414c?xsec_token=ABJ67AJwpaEbbSDyndwOBnXgu9QbtHK8hPWTH3tcyCBDE=&xsec_source=,XHS,如何进行技术面试,2026-08-14,67
挂了Qwen的RL候选人，多刷题吧,https://www.xiaohongshu.com/search_result/69cd00200000000023014c0b?xsec_token=ABtqb1YrI9JAGHXmJk9ZU1nwFQ1R4C5sYkDDjQ_6U5_gg=&xsec_source=,XHS,如何进行技术面试,2026-08-14,765
邪修法面试：清晰梳理项目经历,https://www.xiaohongshu.com/search_result/68ade20a000000001b021126?xsec_token=ABT3bEFzZf3aL0c4V1XUKD4346kTr_DZ3ZTXdGcb4zzFs=&xsec_source=,XHS,如何进行技术面试,2026-08-14,8.2万
劝大家面试技术岗一定要带脑子！,https://www.xiaohongshu.com/search_result/68e783c50000000003036347?xsec_token=ABRqKinkn_xmPI_r-2fH3vb_sjOawn2r2FN_d868b2mMs=&xsec_source=,XHS,如何进行技术面试,2026-08-14,954
🇺🇸一学就会拿捏技术面,https://www.xiaohongshu.com/search_result/68a517e7000000001b03269c?xsec_token=ABE_Y5KbewGU7fwCfehavj99VX-nNiThS6DZFpWr3JlOg=&xsec_source=,XHS,如何进行技术面试,2026-08-14,51
HR说大实话之35岁+找工作,https://www.xiaohongshu.com/search_result/695f2f110000000022009239?xsec_token=ABj343CwTqawbvcrAxEkpKdFli8pl3qVVsvFwyYc0AMPg=&xsec_source=,XHS,面试什么话该说,2026-08-14,1470
面试禁忌！面试中有些话说了基本就凉了,https://www.xiaohongshu.com/search_result/6a7d1dca00000000260343a4?xsec_token=ABIhJCjjt8k0ROrGC5WciNlkrDyCTz1-aImB8uC92FEik=&xsec_source=,XHS,面试什么话不能说,2026-08-14,57
这是让人永远记住「你」的1分钟自我介绍...,https://www.xiaohongshu.com/search_result/69aff491000000000800f589?xsec_token=AB_Ikwr_oU4Dcge5T9H1i0wWGBe_QrR_pKkwYkrPvTZbI=&xsec_source=,XHS,高情商自我介绍,2026-08-14,3277
🇺🇸教授亲授丨英文自我介绍如何脱颖而出？,https://www.xiaohongshu.com/search_result/6a3c9f7b000000000d00bc00?xsec_token=ABv-3lRYhIDm7h69PJmm-psIu-S682EpbTR6JcDnQDL9c=&xsec_source=,XHS,高情商自我介绍,2026-08-14,319
硅谷PM｜mentor点醒我一直不会自我介绍🙊,https://www.xiaohongshu.com/search_result/69e987f5000000002102f902?xsec_token=ABBvyt4ySNsyYliBnBtvjqAe394ZdJZn5wyKkNvdx7YpE=&xsec_source=,XHS,高情商自我介绍,2026-08-14,198
通过简短的自我介绍，你也能让大佬,https://www.xiaohongshu.com/search_result/67f50a4e000000001c02b03b?xsec_token=AB2Zj3WkJUmYxOsVB0vRK9mr4b5thfPF3-g0FSQiqSxik=&xsec_source=,XHS,高情商自我介绍,2026-08-14,1118
如何自我介绍--以及如何获得面试录用,https://www.xiaohongshu.com/search_result/6a6b02fb000000000401ee54?xsec_token=ABd2kIn4bXJvoibTlK7X9tR56ZxTUDtjQL6qAB7efXjv4=&xsec_source=,XHS,高情商自我介绍,2026-08-14,103
北美面试通过的8个征兆 ✅,https://www.xiaohongshu.com/search_result/68c2f918000000001c00c4b2?xsec_token=ABd_shnGdcntKzBozskSnnXAaVEgeDHDS8nZqwCRzbjkQ=&xsec_source=,XHS,面试成功的信号,2026-08-14,19
北美offer神图好灵！收到offer还愿！🎉🎉,https://www.xiaohongshu.com/search_result/67e777b2000000001a00411e?xsec_token=ABiHQS6zUNdv836cYxjBXABGCPTcYjCVSXeZUfNufRtkY=&xsec_source=,XHS,面试成功的信号,2026-08-14,953
面试官想录用你，这10个信号藏不住,https://www.xiaohongshu.com/search_result/69e2eab5000000002301e6e7?xsec_token=ABl8J5BOXTqEffNiE-vyOPW6o-L1d2z6cIwO7K6lbxUvQ=&xsec_source=,XHS,面试成功的信号,2026-08-14,59
面试结束之后，我通过了吗？,https://www.xiaohongshu.com/search_result/6862053d0000000013011c48?xsec_token=ABAKmzpae19WDZ-vSWwxB8Rv60taspo85kg8Pxo54PjK4=&xsec_source=,XHS,面试成功的信号,2026-08-14,126
面试结束，这3个信号说明稳了,https://www.xiaohongshu.com/search_result/6a3e382f000000000f01d658?xsec_token=ABxm3-cF08tTEhqkuZg6DPPGQrHiSEP0oPslbPuAQ4NZc=&xsec_source=,XHS,面试成功的信号,2026-08-14,31
对你满意的面试官，想招你的表现会非常明显,https://www.xiaohongshu.com/search_result/69f0a0ec000000001f001f8c?xsec_token=ABByeADew0HY-Ef36c5sxkJXEMO4Lqxc8TT0ibXW2lA0c=&xsec_source=,XHS,面试成功的信号,2026-08-14,132
HR实话｜面试出现这8个信号，基本稳了✅,https://www.xiaohongshu.com/search_result/6a26e4c10000000035023f00?xsec_token=ABnOBZTmShuVWtbZEHe07yam9iMCEJP9sl9OJKPiMrf9A=&xsec_source=,XHS,面试成功的信号,2026-08-14,10
面试官最后一句话，定了面试结果！,https://www.xiaohongshu.com/search_result/69146036000000000d03c395?xsec_token=ABr23ZGF5HRbciHKZbEQ5Bipf52Bn82o_zUXzigHhV6fs=&xsec_source=,XHS,面试成功的信号,2026-08-14,42
面试学会听暗示，预判入职概率！,https://www.xiaohongshu.com/search_result/69b15cfb000000000c017698?xsec_token=ABqX8bHRNz8RHtvQoxdRtq7_QEDfV3iMB6N0pGdXFViOs=&xsec_source=,XHS,面试成功的信号,2026-08-14,3585
🔥 外企生存必备：10句优雅回怼不伤和气,https://www.xiaohongshu.com/search_result/69a4482d000000002202d08b?xsec_token=ABnMGz-e-dXyfisJInAyqyW8WceiYrNEueRFKh2vU7ZOY=&xsec_source=,XHS,职场情商文案,2026-08-14,94
职场不累人：只做事，不共情 🌙,https://www.xiaohongshu.com/search_result/69da3746000000001b000b7b?xsec_token=AB6KuEIaRccIyL2wX2LmB-_lMSE-c3DQmz5Xcf82FkT14=&xsec_source=,XHS,职场情商文案,2026-08-14,146
😎职场你要明白的道理～,https://www.xiaohongshu.com/search_result/6a3dda660000000022014534?xsec_token=ABgsQbNxNl3Uj8MN2Kh7Yzpy6sKRiok8dMebLN18VyfmU=&xsec_source=,XHS,职场情商文案,2026-08-14,48
工作中最重要的不是工作能力。,https://www.xiaohongshu.com/search_result/67fa494a000000001c012aa3?xsec_token=ABWPX9vBm267FAIEjJ0kuaUsk7lVlb7U8jO__IKpUaz8w=&xsec_source=,XHS,职场情商文案,2026-08-14,6.6万
《谈薪别再被压价！10个问题照抄，每月多拿2K》,https://www.xiaohongshu.com/search_result/6a37b115000000001c02580f?xsec_token=AB5UdeoKacsoFjOxAOJBMBoOrdKTolbqpCT5X4hDklzYg=&xsec_source=,XHS,大厂hrbp谈薪,2026-08-14,188
涨薪 30%-50% 的谈薪方法（抄）,https://www.xiaohongshu.com/search_result/65f937af000000000d00d1e7?xsec_token=ABGjh2DXulkFwpH4G9k74yXaxgFxv5nld6XFLLYVwWPMA=&xsec_source=,XHS,大厂hrbp谈薪,2026-08-14,1857
HRBP谈薪话术大全💬 照着说，薪资多涨20%,https://www.xiaohongshu.com/search_result/6a7445ab0000000033019115?xsec_token=ABCvGg8BzJlYLfKwfe8nGdcJb5kXZukgR7omdfIhpiyLw=&xsec_source=,XHS,大厂hrbp谈薪,2026-08-14,12
薪资怎么谈？HR不会告诉你的几个压价套路,https://www.xiaohongshu.com/search_result/6a3ca4b40000000017008ba3?xsec_token=ABv-3lRYhIDm7h69PJmm-psA6wsOUsYSU6IWyr9PICdTU=&xsec_source=,XHS,大厂hrbp谈薪,2026-08-14,48
“期望薪资多少？” 这样回答，HR没法压你价,https://www.xiaohongshu.com/search_result/6a7daf3f000000002403c0f1?xsec_token=ABIhJCjjt8k0ROrGC5WciNlqXFhHXSvza1jlLatIkdUuo=&xsec_source=,XHS,大厂hrbp谈薪,2026-08-14,10
滴滴Leader揭秘局！ 面试谈薪的那些潜规则,https://www.xiaohongshu.com/search_result/6a45ffd5000000001700aad3?xsec_token=ABrfVOT7DnvIAjPturvLFTjhIbGhFRPF0kgMFbYAzE1cc=&xsec_source=,XHS,大厂hrbp谈薪,2026-08-14,43
某大厂HR揭秘：90%的人输在不会问！,https://www.xiaohongshu.com/search_result/684ad7ef00000000210030c3?xsec_token=ABGqL_0f2RXmYxuXJzwrfSWdYNY3IQz357-8mYq_8wBsc=&xsec_source=,XHS,大厂hrbp谈薪,2026-08-14,312
字节面经——终面hrbp面有哪些问题,https://www.xiaohongshu.com/search_result/65a12d5a0000000012003bb3?xsec_token=ABppWfLqpr0rzUE9GbF5x4RcIFaexTwJkipScDnzRYgrA=&xsec_source=,XHS,大厂hrbp谈薪,2026-08-14,557
如何在工作让沟通跟清晰：3步搞定高效表达,https://www.xiaohongshu.com/search_result/67de4f07000000000903a0bf?xsec_token=ABIqjvD0H1SKhT9bSWaU2_U0xiFT-DEs-wckvtFLLnxY4=&xsec_source=,XHS,职场表达,2026-08-14,40
像领导一样表达｜职场表达力,https://www.xiaohongshu.com/search_result/69f05cc40000000035032218?xsec_token=ABByeADew0HY-Ef36c5sxkJTfhxqogUsvCR45SPwYAsH4=&xsec_source=,XHS,职场表达,2026-08-14,2886
面试官最反感的，3种学生腔开场白,https://www.xiaohongshu.com/search_result/69b228900000000004003547?xsec_token=ABdb0EnkF1RuquHphATtQx0_nRtvml67gwMezcZ7cFoCc=&xsec_source=,XHS,面试什么话该说,2026-08-14,2021
王艺妍妤教科书级别的面试 看一次惊叹一次,https://www.xiaohongshu.com/search_result/69d08f40000000001a027a8e?xsec_token=ABI2crQSF-bGQS_G8cThd_8xjiolmLy9i2psSjXbN0s50=&xsec_source=,XHS,面试什么话该说,2026-08-14,3289
面试不要太老实，这些话不能说,https://www.xiaohongshu.com/search_result/6a7e884b00000000330331f3?xsec_token=ABWXjWzJC3bjbXxZoz5E1-xYvs1Wpvkba9-EH5Yc6qj9s=&xsec_source=,XHS,面试什么话不能说,2026-08-14,18
遭遇倒打一耙，如何一句话把锅甩回对方身上,https://www.xiaohongshu.com/search_result/6a5389f0000000002103c292?xsec_token=ABbRwSYffE9jBU9DO5A3lMxZ3kgj-g-eACZrUDW6OhbdY=&xsec_source=,XHS,甩锅话术,2026-08-14,5178
被同事甩锅时，先补一条记录,https://www.xiaohongshu.com/search_result/6a7ed3f5000000002403e9ba?xsec_token=ABWXjWzJC3bjbXxZoz5E1-xbHqchm5fA6W947kKMnuRVI=&xsec_source=,XHS,甩锅话术,2026-08-14,4
不想背锅，先明白怎么甩锅,https://www.xiaohongshu.com/search_result/69fc66560000000023014f2f?xsec_token=ABkxlYB4Vgoyk5aNDdjyYp61uCvvexyja6xHXYN8QD4lM=&xsec_source=,XHS,甩锅话术,2026-08-14,63
遭遇倒打一耙，如何一句话把锅甩回对方身,https://www.xiaohongshu.com/search_result/6a7de9ac000000002903333d?xsec_token=ABIhJCjjt8k0ROrGC5WciNlupdAXThIHj-8YWAelyh21E=&xsec_source=,XHS,甩锅话术,2026-08-14,5
NPD甩锅常用语,https://www.xiaohongshu.com/search_result/6806f149000000001c01f56a?xsec_token=ABIVpk4yBjV8VxXNHZNAkVj2nvdsR0Al-9COZXtUUKqDw=&xsec_source=,XHS,甩锅话术,2026-08-14,508
学会高阶甩锅术，让小人替你背黑锅,https://www.xiaohongshu.com/search_result/68f4c5c00000000003037727?xsec_token=ABaEYQSt0W6O19TGLMdZ0H-DcjR24vGrdKxTL1AElbTcs=&xsec_source=,XHS,甩锅话术,2026-08-14,65
被人甩锅别只会说“不是我”：一套公式怼回,https://www.xiaohongshu.com/search_result/6a712b6c0000000035017920?xsec_token=ABJ67AJwpaEbbSDyndwOBnXkQNYx7wrdeQNtOt05aB_r4=&xsec_source=,XHS,甩锅话术,2026-08-14,11
职场“甩锅达人”第二弹来咯,https://www.xiaohongshu.com/search_result/684c13f20000000023000f6c?xsec_token=ABX9WDnFJor8-Qmku6G4PvO6x7_7ReRZ-5iwx33FDy7_I=&xsec_source=,XHS,甩锅话术,2026-08-14,20
广告投手最强甩锅话术❗❗,https://www.xiaohongshu.com/search_result/69242614000000001e026232?xsec_token=ABmY_TLO8WahJ1rws3fUj37wY9ie-uGJ9TGS8w6ZRZnr8=&xsec_source=,XHS,甩锅话术,2026-08-14,15
Top20程序员甩锅话术排行榜,https://www.xiaohongshu.com/search_result/6926ae22000000001b030c2c?xsec_token=ABjSLVnKYrLV-jc5CnPtM9cgltFom3QgvXAGdPEzycBtA=&xsec_source=,XHS,甩锅话术,2026-08-14,1352
程序员甩锅话术记得收藏 下次甩锅的时候用,https://www.xiaohongshu.com/search_result/694b5d7f000000001e03202e?xsec_token=ABe8MEio87HZrcFm1gXR2mzbzeAfjIkOxOE2cLwW6kv_4=&xsec_source=,XHS,甩锅话术,2026-08-14,495
同事甩活不好意思？3套话术直接用,https://www.xiaohongshu.com/search_result/6a7ebeaf0000000033032ee4?xsec_token=ABWXjWzJC3bjbXxZoz5E1-xT_9KPT6QFvln_XF8eZ_Kn8=&xsec_source=,XHS,甩锅话术,2026-08-14,1
如何跳出自证陷阱？3步完美反击！,https://www.xiaohongshu.com/search_result/662277b7000000000401ad72?xsec_token=AB275-ZBrduxVFJRMoSp7CM23Jrz6Sjsr_4l82ivS1Qrc=&xsec_source=,XHS,甩锅话术,2026-08-14,23.4万
哥大教授分享的顶级表达技巧：一页ppt原则,https://www.xiaohongshu.com/search_result/69e9ab1200000000210398bf?xsec_token=ABBvyt4ySNsyYliBnBtvjqAegjM59mMJLTdlHUZvnmg9A=&xsec_source=,XHS,演讲答辩技巧,2026-08-14,3220
晋升答辩怎么讲，才能体现出高度？,https://www.xiaohongshu.com/search_result/6a6990f3000000000f005f59?xsec_token=ABuGDWg6Bh3Nvv0-hy3i4VAt7vgLKFkrtOiLGGY_2s9-U=&xsec_source=,XHS,演讲答辩技巧,2026-08-14,141
字节晋升答辩的15分钟顶级阐述能力,https://www.xiaohongshu.com/search_result/698163e4000000000c034927?xsec_token=ABqeBTwZHAeBAIzBldHKw07BxIuctIPFn6iqkO4rxc2UE=&xsec_source=,XHS,演讲答辩技巧,2026-08-14,517
当众演讲汇报技巧。,https://www.xiaohongshu.com/search_result/6a6f34240000000021023d04?xsec_token=ABm3GkBVyqKC5r5Zn83HChcEDoReD8APTCgq7zIniceN8=&xsec_source=,XHS,演讲答辩技巧,2026-08-14,696
👉职场高情商接话术！,https://www.xiaohongshu.com/search_result/6a7e6b31000000003400c618?xsec_token=ABWXjWzJC3bjbXxZoz5E1-xYgjeNEB7AZOX40i9g3EhzU=&xsec_source=,XHS,高情商接话万能话术,2026-08-14,7
别什么也不问就去面试😂,https://www.xiaohongshu.com/search_result/6a724b68000000000e03f000?xsec_token=AB-O1-1M5qRLqBsk8uRSC1F3mtN4PIzRXa2JX_kjuBI78=&xsec_source=,XHS,面试技巧,2026-08-14,467
高管面试，2分钟自我介绍,https://www.xiaohongshu.com/search_result/6a24019f000000001700bf25?xsec_token=ABdR0oELhEMD_KWLYFMqlaAH4LR5H4NVPy9E-AJR_avlw=&xsec_source=,XHS,面试什么话该说,2026-08-15,474
面试官最不想听到的几句话，你有说过吗？,https://zhuanlan.zhihu.com/p/445077647,web,面试什么话不能说,2026-08-15,
面试中哪些话千万不能说？,https://www.jianli.com/article/oblnly.html,web,面试什么话不能说,2026-08-15,
应届生面试万能救场话术,https://blog.csdn.net/HHX_01/article/details/160158404,web,秋招面试技巧,2026-08-15,
收获17个offer！我的105场秋招面试经验,https://www.cvmart.net/community/detail/6253,web,秋招面试技巧,2026-08-15,
2026届秋招经验分享——2025届应届求职人的心得体会,https://blog.csdn.net/qq_70054718/article/details/145791429,web,秋招面试技巧,2026-08-15,
【群面】无领导小组讨论最全攻略！（含答题模板和话术套路）,https://www.nowcoder.com/discuss/353158674514386944,web,秋招面试技巧,2026-08-15,
群面技巧|无领导小组讨论发言技巧|角色|提问|秋招,https://blog.csdn.net/qq_43777616/article/details/142666039,web,秋招面试技巧,2026-08-15,
无领导小组面试自由讨论阶段的常见话术,https://www.eoffcn.com/kszx/detail/1009329.html,web,秋招面试技巧,2026-08-15,
【秋招纪实录】一篇特别正经的【无领导小组讨论】经验分享,https://cloud.tencent.com/developer/article/1752337,web,秋招面试技巧,2026-08-15,
面试中 HR 反问「你还有什么问题吗？」怎么样回答最好？,https://www.zhihu.com/question/563467233,web,面试反杀hr,2026-08-15,
当面试官问“你有什么想问的问题吗”，该怎么应对？,https://zhuanlan.zhihu.com/p/131524076,web,面试反杀hr,2026-08-15,
如何设计“稳准狠”的面试问题,https://zhuanlan.zhihu.com/p/485755490,web,面试反杀hr,2026-08-15,
面试官：你有什么要问我的吗？| Uni答疑,https://zhuanlan.zhihu.com/p/30676660,web,面试反杀hr,2026-08-15,
自我评价优缺点,https://cv.qiaobutang.com/knowledge/articles/546c64cb0cf2dff2c95875e1,web,面试自我评价怎么说得体,2026-08-15,
面试自我介绍怎样表述自己的优缺点,https://slave1.500d.me/article/60600.html,web,面试自我评价怎么说得体,2026-08-15,
面试过了，如何谈薪资？拿高薪Offer有哪些技巧？,https://www.cnblogs.com/hogwarts/p/15812581.html,web,接到offer谈薪,2026-08-15,
如何跟hr聊薪资，argue薪资的技巧全在这里,https://www.nowcoder.com/discuss/353157137239056384,web,接到offer谈薪,2026-08-15,
如何应对面试中的65个常见问题,https://zhuanlan.zhihu.com/p/47578073,web,面试技巧,2026-08-15,
95%的面试者都必须准备的13道题：13条面试话术宝典,https://zhuanlan.zhihu.com/p/35219601,web,面试技巧,2026-08-15,
现代商务礼仪与沟通技巧（企业内训课）,https://www.mingketang.com/gkk5/039103.html,网页-名课堂,职场表达,2026-08-15,—
面试技巧 - 知乎话题热榜,https://www.zhihu.com/topic/19591490/hot,网页-知乎话题,面试技巧,2026-08-15,—
如何向面试官提出优质问题？,https://www.zhihu.com/question/384755748,网页-知乎问题,面试技巧,2026-08-15,—
面试技巧指南,https://www.saidarenli.com/xeda/job/mianshizhinan.do,网页-赛达人力,面试技巧,2026-08-15,—
当面试被问到你的优缺点时，如何漂亮回答？,https://zhuanlan.zhihu.com/p/441878028,网页-知乎,面试什么话该说,2026-08-15,—
面试官问：你的优缺点是什么？？怎么回答？,https://zhuanlan.zhihu.com/p/518675282,网页-知乎,面试什么话该说,2026-08-15,—
当面试官问你有什么缺点，怎么回答？,https://youle.zhipin.com/questions/7f7a182fb760169ftnV909-0FlM~.html,网页-BOSS直聘有了,面试什么话该说,2026-08-15,—
面试的时候哪些话不能说，哪些问题不能问,https://www.1point3acres.com/bbs/thread-467032-3-1.html,网页-一亩三分地,面试什么话不能说,2026-08-15,—
求职面试过程中，都有哪些话千万不能说？,https://www.zhihu.com/question/450620734,网页-知乎问题,面试什么话不能说,2026-08-15,—
高情商公式运用与学习,https://zhuanlan.zhihu.com/p/1961452476143214662,网页-知乎,沟通话术,2026-08-15,—
办公室主任60问破局话术,https://www.cnblogs.com/wuhuixuri/articles/19029395,网页-博客园,办公室例会话术,2026-08-15,—
跟领导讲话的三个超实用话术公式,https://igwzx.sougongwen.com/index.php/index/index/detail/id/336834,网页-秘书公文写作素材库,办公室例会话术,2026-08-15,—
2026秋招时间线全拆解：提前批录取率高2-3倍，现在动手还来得及,https://blog.csdn.net/Hogwartstester/article/details/162640621,网页-CSDN,秋招面试技巧,2026-08-15,—
2026秋招时间线全拆解：提前批录取率高2-3倍（博客园版）,https://www.cnblogs.com/hogwarts/p/21084005,网页-博客园,秋招面试技巧,2026-08-15,—
2026秋招时间线提前批优势全梳理,https://www.nowcoder.com/feed/main/detail/8aaf0b4508464f269345c8545d61bc8d,网页-牛客,秋招面试技巧,2026-08-15,—
2026秋招｜提前批｜暑期实习汇总,https://www.nowcoder.com/feed/main/detail/f20a4bbd7727419d9fd73607eb3a1b18,网页-牛客,秋招面试技巧,2026-08-15,—
26届 秋招提前批/正式批/补录 汇总,https://www.nowcoder.com/feed/main/detail/948c71310ada4d518fe4a02879991b84,网页-牛客,秋招面试技巧,2026-08-15,—
2027届秋招提前批全面启动，抓住时机备战秋招！,https://zhuanlan.zhihu.com/p/2052393921393825069,网页-知乎,秋招面试技巧,2026-08-15,—
产品面试题27：面试反问环节，你要知道这几个提问思路,https://zhuanlan.zhihu.com/p/602817770,网页-知乎,反向面试问题,2026-08-15,—
面试反问——问面试官问题,https://zhuanlan.zhihu.com/p/400627615,网页-知乎,反向面试问题,2026-08-15,—
面试反问环节怎么问？,https://zhuanlan.zhihu.com/p/1892696513358054438,网页-知乎,反向面试问题,2026-08-15,—
2023最新最用心面经：4家后端中大厂面经&如何反问面试管？,https://zhuanlan.zhihu.com/p/611665239,网页-知乎,反向面试问题,2026-08-15,—
BBC 职场英语 这么发言有底气多了…,https://www.xiaohongshu.com/search_result/6a177bbe00000000350328c7?xsec_token=AB9QBGKRELhKC061FAA00EbxH21O6EHFvp3icHHe5Outg=&xsec_source=,XHS,职场表达,2026-08-15,452
复试&面试技巧分享｜如果你也不擅长表现自己,https://www.xiaohongshu.com/search_result/6a804ad200000000280064fc?xsec_token=ABM7w1xTkzsNPq_bFV6G1b3RImz5q_Rm1pOn8nhi-nW8A=&xsec_source=,XHS,面试技巧,2026-08-15,13
面试讲故事像流水账？,https://www.xiaohongshu.com/search_result/688c0c9f0000000022023154?xsec_token=ABF5NBSGZW80q9sHpQa95HhkGbePeacvTw38ZQnhB9mo0=&xsec_source=,XHS,面试技巧,2026-08-15,562
求职skill👉从0-1手把手，帮你稳拿offer!,https://www.xiaohongshu.com/search_result/6a471d720000000020038a52?xsec_token=AB-VAyEGR82Rbd21_2b88GgrZE8o2PvMQTQxGvYvvmAC4=&xsec_source=,XHS,面试技巧,2026-08-15,5122
面试靠谱回答💯如果没被录用怎么办？,https://www.xiaohongshu.com/search_result/684fb0d4000000002202810d?xsec_token=ABFsmDlWxDSCePV3wIW5XShM7b4Y23ksEoHG3gsTdKuzc=&xsec_source=,XHS,面试技巧,2026-08-15,11.6万
"""你的缺点是什么？"" 面试别再说完美主义了",https://www.xiaohongshu.com/search_result/6a7dc7ea0000000006007907?xsec_token=ABIhJCjjt8k0ROrGC5WciNliKvdJBLTY9TZ5snpSjBhnQ=&xsec_source=,XHS,面试什么话该说,2026-08-15,723
考前急救！面试万能金句速记！！！,https://www.xiaohongshu.com/search_result/69ccf4bf000000001a02e6e8?xsec_token=ABK4IeZZZDs7kaLgAcs18pnmrDAfQ5KMGmzYmnHdiuga8=&xsec_source=,XHS,结构化面试万能金句,2026-08-15,285
结构化面试人际关系题30种万能回答！,https://www.xiaohongshu.com/search_result/69db0aa3000000001d01e808?xsec_token=ABU_FwWTZVdUj5at-q8TnB88jLhNdbBKdH2QpBvSC6z94=&xsec_source=,XHS,结构化面试万能金句,2026-08-15,653
结构化高分金句｜小众奋斗类万能素材,https://www.xiaohongshu.com/search_result/6a7fb741000000002701eb01?xsec_token=ABau850YVdkTKVx8IncMm5GeGyccDOCXdotbPoj9X1VPo=&xsec_source=,XHS,结构化面试万能金句,2026-08-15,6
面试热点·万能金句（2026年甄选版）,https://www.xiaohongshu.com/search_result/69a54152000000002303a172?xsec_token=ABj1L1VNZj4BW_lhdVBXA1EaYKe3J2AoxdD_RGum9Tabs=&xsec_source=,XHS,结构化面试万能金句,2026-08-15,204
结构化｜让考官眼前一亮的万能金句‼️,https://www.xiaohongshu.com/search_result/6825d5ec000000000f0383fe?xsec_token=ABo979dg0d_JakTxtVtlUQKjzaq_kf8K6LjUZMqRVjHeU=&xsec_source=,XHS,结构化面试万能金句,2026-08-15,1.2万
公开发言时卡壳、忘词的自救tips,https://www.xiaohongshu.com/search_result/68cfd1790000000013012b76?xsec_token=ABdyMahy2jX7Dur_s8cR4isYm5vU6XZoL2OrSIegjvp-c=&xsec_source=,XHS,面试说错话补救技巧,2026-08-15,9137
面试被拒，三个月后面试官直接给offer了❗️,https://www.xiaohongshu.com/search_result/66a2d529000000000a005bc8?xsec_token=ABwTpSMFypwguB6kROzTDCX4DCBIR7TC_IJXCltdOPA6U=&xsec_source=,XHS,面试说错话补救技巧,2026-08-15,343
开会说错话？4句高级感救场词！🤫,https://www.xiaohongshu.com/search_result/6a3bc7c6000000000d00bc00?xsec_token=ABpEawNYaVi9TG4Kvzy0HHuASWKovcKjgZOGeQDIafJBM=&xsec_source=,XHS,面试说错话补救技巧,2026-08-15,36
怎么样把失败的interview变成networking,https://www.xiaohongshu.com/search_result/67f329ef000000001c033da6?xsec_token=ABwdc0Bc8zSoY0yGC_7vMqonEk6eNUZcelHvOSIKrJvvQ=&xsec_source=,XHS,面试说错话补救技巧,2026-08-15,253
面试中的失误，怎样当场补救,https://www.xiaohongshu.com/search_result/67924f2e000000001800bb09?xsec_token=ABos-OUEBij41heyushWP5Vv_2aEXMBgfaaLyHd46SNZ4=&xsec_source=,XHS,面试说错话补救技巧,2026-08-15,14
让90%的人卡壳去吧，你悄悄学就行了😇,https://www.xiaohongshu.com/search_result/66ee7c42000000002700576d?xsec_token=ABTXLwdpZTRks1ThBWcOwy0AUoeHDedmljpKx9t6N2UkE=&xsec_source=,XHS,面试说错话补救技巧,2026-08-15,1.6万
不信我模拟给你看👀你在哪个场景卡壳过？,https://www.xiaohongshu.com/search_result/69287bff000000001e003fb0?xsec_token=AB8dWYzhDIwomhU_4Nc3J1FJzPfVM3w_OwFNgod1uIkP0=&xsec_source=,XHS,面试说错话补救技巧,2026-08-15,508
瞬时反应开挂！嘴笨也能出口成章的5个诀窍！,https://www.xiaohongshu.com/search_result/672cc5ee000000001b010294?xsec_token=AB0i3vj8-3140KFDupL14gMzFSzNfhJMew0i4ibb_d1h4=&xsec_source=,XHS,面试说错话补救技巧,2026-08-15,2.4万
💡 面试题回答不上来，说这句就对了！,https://www.xiaohongshu.com/search_result/67a54b59000000002a00f522?xsec_token=AB1gjG87gnIZaAv-L9_mVMmfm10Zaz25CkjpwS7M_E19E=&xsec_source=,XHS,面试说错话补救技巧,2026-08-15,666
学会这个英文自我介绍，惊艳所有人！,https://www.xiaohongshu.com/search_result/659fdbd40000000013034d04?xsec_token=ABWo9Tsul-JF8oA6TB5EymoDHd4Z4PUrKjFzL6i_90oME=&xsec_source=,XHS,面试部长的自我介绍,2026-08-15,1.7万
惊艳全场的中层竞聘发言稿,https://www.xiaohongshu.com/search_result/69d8fc23000000001a0360ac?xsec_token=ABoNJW06fJXLh8FoeCRfXXtleydDY8d1qJ_7d8jQqK-w4=&xsec_source=,XHS,面试部长的自我介绍,2026-08-15,350
💯满分的自我介绍该怎么做？讲一些real talk,https://www.xiaohongshu.com/search_result/67481d69000000000202c700?xsec_token=ABiImfQbIcSbJOcBbH6CLAXFd3GAfQ0znlLcG08lY1t9E=&xsec_source=,XHS,面试部长的自我介绍,2026-08-15,2502
面试了上千人，这是我见过最好的自我介绍,https://www.xiaohongshu.com/search_result/68cd2028000000001101fa1c?xsec_token=AB2bNJGvGicZ5qEy85b9ll7ARqqBvdV9Qr98trzLRnu_o=&xsec_source=,XHS,面试部长的自我介绍,2026-08-15,1279
面试｜教科书级别的自我介绍,https://www.xiaohongshu.com/search_result/6929a35d000000001e033db5?xsec_token=ABpSYT1AdDyEVJgRIormW6vGZQ88bj83xIVSo0RVoMnTQ=&xsec_source=,XHS,面试部长的自我介绍,2026-08-15,1754
社招面试顶级自我介绍,https://www.xiaohongshu.com/search_result/69abd7ec000000002303a726?xsec_token=ABnKti2O_OHU3FClrBkxVLe2YVh9QqHfenolDzHr1A-2A=&xsec_source=,XHS,面试部长的自我介绍,2026-08-15,18
一个很牛的2分钟自我介绍大法（速成版）,https://www.xiaohongshu.com/search_result/688b246d000000000403d4ee?xsec_token=ABZg1qd-yfW5cIkpmoYRGnK2FD7HOZoInDPiWnAQv4D_8=&xsec_source=,XHS,面试部长的自我介绍,2026-08-15,219
互联网大厂绩效谈话 be like,https://www.xiaohongshu.com/search_result/6a63611e0000000011012795?xsec_token=AB_MsjAiG14F0YHCBsOOPpW5Qkyf0RohYuDHq1q-oNiIA=&xsec_source=,XHS,绩效访谈问题及回答,2026-08-15,3518
HRBP如果你不知道该如何访谈员工，请看这里,https://www.xiaohongshu.com/search_result/69cdc4fd000000002200ca0e?xsec_token=ABtqb1YrI9JAGHXmJk9ZU1nxRrDgDvzUJnKGW7Zi5uYbY=&xsec_source=,XHS,绩效访谈问题及回答,2026-08-15,181
绩效谈话：小白被动接受，高手拿回主动权,https://www.xiaohongshu.com/search_result/6987ebcd000000000c035f29?xsec_token=ABzGsUQvqnN_rc5gXF6cdzQx6Axr1vyDrc6VHKt-RmlKw=&xsec_source=,XHS,绩效访谈问题及回答,2026-08-15,115
超实用的绩效访谈提纲模板,https://www.xiaohongshu.com/search_result/67ecdc95000000001c01496f?xsec_token=ABLwMslUUndPEVxuOfynLcxv6KT1yhbW_MFl_sU-DZZEE=&xsec_source=,XHS,绩效访谈问题及回答,2026-08-15,27
谈绩效，如何把一年的工作利益最大化,https://www.xiaohongshu.com/search_result/695794b0000000001e03854e?xsec_token=ABgEaHPz8tAiODPC4no_OsD4gR1pzU3RiOQxk88c-L9LQ=&xsec_source=,XHS,绩效访谈问题及回答,2026-08-15,105
绩效面谈，不是汇报，而是一场设计好的对话,https://www.xiaohongshu.com/search_result/6943d544000000001e006e32?xsec_token=ABKpuEOma-nj7naBiaRe37PGXsXCh5sySVE9OKh771L8k=&xsec_source=,XHS,绩效访谈问题及回答,2026-08-15,1925
直击痛点！原来绩效面谈要这样谈！,https://www.xiaohongshu.com/search_result/6896104b0000000025018b2b?xsec_token=ABS6YdwBxrhKcdoaxlfDpY2sRA5LFab9WsecUvEJtEgeM=&xsec_source=,XHS,绩效访谈问题及回答,2026-08-15,53
90%的人都踩坑，北美总监拆解大厂绩效考核,https://www.xiaohongshu.com/search_result/69bca5d2000000001b001d20?xsec_token=ABGc6s9hoZ_Jl_3-7aUB_fylP52BoXHuXYQg9SpNcm5g0=&xsec_source=,XHS,绩效访谈问题及回答,2026-08-15,1254
HRBP访谈 30个问题挖出员工真实想法,https://www.xiaohongshu.com/search_result/6a17bbc6000000000702aafa?xsec_token=AB9QBGKRELhKC061FAA00EbygHSYaTfJkObBGdBgoDp-E=&xsec_source=,XHS,绩效访谈问题及回答,2026-08-15,362
外企职场人必看｜和老板1:1别再尬聊！,https://www.xiaohongshu.com/search_result/69152cf800000000070337bb?xsec_token=ABI6CzYzOiHYMQR5ZX0_hZPZb1k_ZOCE6YZ2P3KdM3fuk=&xsec_source=,XHS,绩效访谈问题及回答,2026-08-15,219
年中绩效面谈，3个反问让领导不敢轻易,https://www.xiaohongshu.com/search_result/6a256844000000003501ecc5?xsec_token=ABoGqkTEi5uSr-Aru_6YamWmsqZiV_CPXCqqWstWicYtk=&xsec_source=,XHS,绩效访谈问题及回答,2026-08-15,7
💬和老板谈绩效，这20句英语太实用了,https://www.xiaohongshu.com/search_result/6a7295f20000000024027ee0?xsec_token=AB-O1-1M5qRLqBsk8uRSC1F9JyFzyn9vTk4OAQkvl2Vk8=&xsec_source=,XHS,绩效访谈问题及回答,2026-08-15,12
👩‍💼 写给Manager：聊绩效，别把信任聊没了！,https://www.xiaohongshu.com/search_result/68539628000000001c0314e6?xsec_token=AB4ZHRJJj29oCneW6zVym3brIGYjMLLHQXg2wUsaESzdU=&xsec_source=,XHS,绩效访谈问题及回答,2026-08-15,59
在大厂：绩效沟通学会反向pua你的leader,https://www.xiaohongshu.com/search_result/6a71b462000000002701c7ce?xsec_token=ABJ67AJwpaEbbSDyndwOBnXop1wL2dynL_bryv3mV4ZGk=&xsec_source=,XHS,绩效访谈问题及回答,2026-08-15,512
我加薪了！和上級談薪的3個績效祕訣㊙️,https://www.xiaohongshu.com/search_result/67be82e2000000002900af11?xsec_token=ABNV5VBomNdqMsqMB9wIiCUyVD7KMLVgyZQt--2xm6D40=&xsec_source=,XHS,绩效访谈问题及回答,2026-08-15,2041
绩效评估 怎么有效应付老板,https://www.xiaohongshu.com/search_result/691bd988000000000d035a06?xsec_token=ABaS8I7qbHrgzalSASBKIhKFMcu6IWWbsFkvTYx1M8fLM=&xsec_source=,XHS,绩效访谈问题及回答,2026-08-15,1077
管理者千万不要过度输出,https://www.xiaohongshu.com/explore/68db8639000000000302269d,小红书,职场表达,2026-08-15,3604
句句不提拒绝，句句皆是拒绝,https://www.xiaohongshu.com/explore/6a322692000000001c025bd0,小红书,职场拒绝话术,2026-08-15,219
体面拒绝别人的万能方法！！,https://www.xiaohongshu.com/explore/68c54587000000001d007db5,小红书,职场拒绝话术,2026-08-15,779
职场和同事相处高情商话术｜别再老实吃亏了,https://www.xiaohongshu.com/explore/6a4f6bfb000000001603c4c1,小红书,职场拒绝话术,2026-08-15,49
60条反PUA话术,https://www.xiaohongshu.com/explore/69cf2cec000000002103bfe8,小红书,职场拒绝话术,2026-08-15,1555
在职场如何高情商拒绝,https://www.xiaohongshu.com/explore/69d88a8100000000230223aa,小红书,职场拒绝话术,2026-08-15,4880
三明治拒绝法，拒绝也能把话说的好听！,https://www.xiaohongshu.com/explore/69d701b2000000002200e2f3,小红书,职场拒绝话术,2026-08-15,64
"职场高情商说""不""",https://www.xiaohongshu.com/explore/6a08242a000000000702534a,小红书,职场拒绝话术,2026-08-15,1180
"外企拒绝话术｜体面说""不""不生硬",https://www.xiaohongshu.com/explore/69e9e036000000001b023a6a,小红书,职场拒绝话术,2026-08-15,30
"同事总把活甩给你？学会这套""拒绝术""",https://www.xiaohongshu.com/explore/6a3091a40000000016024596,小红书,职场拒绝话术,2026-08-15,64
100个拒绝话术,https://www.xiaohongshu.com/explore/6971c0f70000000022039a22,小红书,职场拒绝话术,2026-08-15,762
职场优雅拒绝白嫖,https://www.xiaohongshu.com/explore/69cf138800000000230204f4,小红书,职场拒绝话术,2026-08-15,4118
如何拒绝不属于你的活,https://www.xiaohongshu.com/explore/6982cc11000000002800b457,小红书,职场拒绝话术,2026-08-15,1.1万
"草台班子待久了，学会了""体面地拒绝""人",https://www.xiaohongshu.com/explore/6a693e4d0000000010028c7d,小红书,职场拒绝话术,2026-08-15,40
Local同事满分拒绝模版,https://www.xiaohongshu.com/explore/66868af9000000001f007951,小红书,职场拒绝话术,2026-08-15,319
"""拒绝别人""，你真会！",https://www.xiaohongshu.com/explore/6a15a2ca000000003700c353,小红书,职场拒绝话术,2026-08-15,551
如何学会拒绝别人？,https://www.xiaohongshu.com/explore/6a60908500000000130244ab,小红书,职场拒绝话术,2026-08-15,163
西方职场让leader觉得你很会接话的表现,https://www.xiaohongshu.com/explore/696200b5000000000e00eed0,小红书,职场会接话,2026-08-15,917
会闲聊是一种稀缺能力，嘴笨的万能接话公式,https://www.xiaohongshu.com/explore/69a29d1a00000000150384aa,小红书,职场会接话,2026-08-15,3208
如何让任何人都爱上和你聊天？人缘爆棚！,https://www.xiaohongshu.com/explore/694e8d34000000001e0107e2,小红书,职场会接话,2026-08-15,2.1万
在职：职场万用术,https://www.xiaohongshu.com/explore/69e815b7000000002003acfa,小红书,职场会接话,2026-08-15,1.2万
不会接话的人，建议疯狂做这几件事,https://www.xiaohongshu.com/explore/69271189000000001b0338c2,小红书,职场会接话,2026-08-15,2084
不会接话等于白说,https://www.xiaohongshu.com/explore/69d62378000000001a036004,小红书,职场会接话,2026-08-15,727
职场会接话的重要性,https://www.xiaohongshu.com/explore/6a0597430000000006031d3e,小红书,职场会接话,2026-08-15,8125
职场会接话的重要性～,https://www.xiaohongshu.com/explore/6a10bf0300000000060208b0,小红书,职场会接话,2026-08-15,5513
接对话是种高级的能力！,https://www.xiaohongshu.com/explore/69560f54000000001f00de23,小红书,职场会接话,2026-08-15,8.1万
接话的三维技巧,https://www.xiaohongshu.com/explore/67b43ec400000000090150a3,小红书,职场会接话,2026-08-15,980
职场万用术：你学会了吗？,https://www.xiaohongshu.com/explore/6a001da70000000007012273,小红书,职场会接话,2026-08-15,3.9万
(无标题),https://www.xiaohongshu.com/explore/6a40c949000000001603c081,小红书,职场会接话,2026-08-15,1.7万
职场中会接话的重要性,https://www.xiaohongshu.com/explore/6a802dc90000000028030465,小红书,职场会接话,2026-08-15,14
拼多多市场管培 全部轮次面经 攒人品拿oc,https://www.xiaohongshu.com/explore/6a7daf90000000003501413c,小红书,秋招提前批,2026-08-15,135
近期练手面,https://www.xiaohongshu.com/explore/6a7fccc0000000002202c88e,小红书,秋招提前批,2026-08-15,43
"面试反问 | 别再说""我没什么问题""！！！",https://www.xiaohongshu.com/explore/667e1926000000001d01b5e8,小红书,反问环节问题清单,2026-08-15,1410
面了300+校招同学，总结出来的反问模板,https://www.xiaohongshu.com/explore/66795812000000001f006311,小红书,反问环节问题清单,2026-08-15,6551
"AI 反问：先算""价值—成本账""",https://www.xiaohongshu.com/explore/6a6c0aa6000000002403fbd1,小红书,反问环节问题清单,2026-08-15,0
管理者要学会的绝招：反问！,https://www.xiaohongshu.com/explore/69a2b80100000000150303c0,小红书,反问环节问题清单,2026-08-15,250
加拿大求职：你还有什么问题要问我们吗,https://www.xiaohongshu.com/explore/67d1020a000000000b0172aa,小红书,反问环节问题清单,2026-08-15,5895
设计面试官最想听的3个反问-内附好问题清单,https://www.xiaohongshu.com/explore/6a64863a000000000f01d5bc,小红书,反问环节问题清单,2026-08-15,263
管理者最厉害的绝招：反问,https://www.xiaohongshu.com/explore/6a172b2e000000000702dd5d,小红书,反问环节问题清单,2026-08-15,1155
秋招提前批与秋招有什么区别吗？,https://www.nowcoder.com/discuss/636189787644280832,牛客网,秋招提前批,2026-08-15,—
2027届秋招全景指南：从提前批到正式批的黄金时间轴与备战策略,https://www.gankinterview.cn/blog/class-of-2027-fall-recruiting-comprehensive-guide-the-golden-timeline-from-early,GankInterview,秋招提前批,2026-08-15,—
三明治式拒绝法 怎么翻 都有面,https://www.xiaohongshu.com/explore/685e8fdd000000001202c71a,小红书,三明治拒绝法,2026-08-15,7692
心理学“三明治拒绝法”，超实用❗️,https://www.xiaohongshu.com/explore/6a7e72740000000005033a4c,小红书,三明治拒绝法,2026-08-15,142
🥪三明治法则：让你不再因拒绝别人而内耗,https://www.xiaohongshu.com/explore/68024fca000000000b0149da,小红书,三明治拒绝法,2026-08-15,1万
人际关系超实用的「三明治拒绝法」,https://www.xiaohongshu.com/explore/6a4f71b60000000007029d96,小红书,三明治拒绝法,2026-08-15,180
三明治拒绝法 差点把自己给拒了,https://www.xiaohongshu.com/explore/69d310ab0000000021012d7a,小红书,三明治拒绝法,2026-08-15,520
百试百灵拒绝法 从此不受窝囊气！,https://www.xiaohongshu.com/explore/69fc43f5000000003700c9f9,小红书,三明治拒绝法,2026-08-15,1062
情商思维,https://www.xiaohongshu.com/explore/68c9fcc8000000001203f12b,小红书,三明治拒绝法,2026-08-15,2306
三明治拒绝法真的常用常新啊！！,https://www.xiaohongshu.com/explore/6a5f13150000000001030d96,小红书,三明治拒绝法,2026-08-15,564
麦肯锡：Storytelling才是PPT真正的高级感,https://www.xiaohongshu.com/explore/665c280b000000001401b97a,小红书,麦肯锡表达,2026-08-15,3992
麦肯锡 PPT 内容表达心法：一页一观点,https://www.xiaohongshu.com/explore/6a805d760000000005022b7d,小红书,麦肯锡表达,2026-08-15,19
麦肯锡顾问：不同意，怎么表达？（连载03）,https://www.xiaohongshu.com/explore/69bd399c000000001b002ced,小红书,麦肯锡表达,2026-08-15,78
外刊精读 | 如何体面地不给脸,https://www.xiaohongshu.com/explore/6a637495000000001d02368b,小红书,体面拒绝话术,2026-08-15,1342
礼貌退场，句句杀疯,https://www.xiaohongshu.com/explore/6a14546e000000003700ffad,小红书,体面拒绝话术,2026-08-15,1453
英语里的20种“体面说不”,https://www.xiaohongshu.com/explore/6a04626d0000000035039cd7,小红书,体面拒绝话术,2026-08-15,368
两个必学的拒绝话术,https://www.xiaohongshu.com/explore/68ec765f000000000702313a,小红书,体面拒绝话术,2026-08-15,3094
高情商接话话术,https://www.xiaohongshu.com/explore/69afa84c000000001d024785,小红书,高情商接话公式,2026-08-15,2074
会让人觉得你情商很高的沟通技巧，一学就会,https://www.xiaohongshu.com/explore/68d2266c000000000702a719,小红书,高情商接话公式,2026-08-15,9536
直接抄！50句万能场面话｜社交场合零翻车,https://www.xiaohongshu.com/explore/6a2ab90700000000360000c7,小红书,高情商接话公式,2026-08-15,1.4万
你：要知道的万能接话方式,https://www.xiaohongshu.com/explore/6982004f000000002103c195,小红书,高情商接话公式,2026-08-15,3262
会让人觉得你情商很高的沟通技巧，一学就会(2),https://www.xiaohongshu.com/explore/68d758b3000000000702bd11,小红书,高情商接话公式,2026-08-15,1027
我靠这80句话 人缘突然变好了,https://www.xiaohongshu.com/explore/69758946000000001a02ee4a,小红书,高情商接话公式,2026-08-15,4023
被问了不会答的technical questions怎么办,https://www.xiaohongshu.com/explore/6785b40e000000000900fa81,小红书,面试被问到细节答不上来怎么办,2026-08-15,2189
面试被问“最具挑战项目”就懵？这套讲法妙,https://www.xiaohongshu.com/explore/6a8082db000000002500ed9a,小红书,面试大脑空白怎么办,2026-08-15,8
面试一听题就懵？别慌！脑子空白是能治的！,https://www.xiaohongshu.com/explore/69e70e2c000000002102e402,小红书,面试大脑空白怎么办,2026-08-15,49
面试时不要太老实！这样回答才加分,https://www.xiaohongshu.com/explore/6a71293f000000002402ce75,小红书,面试大脑空白怎么办,2026-08-15,2399
面试时脑袋一片空白如何“编”,https://www.xiaohongshu.com/explore/6a17b894000000003503b1d9,小红书,面试大脑空白怎么办,2026-08-15,684
如何应对面试紧张、大脑空白,https://www.xiaohongshu.com/explore/6816c4db000000002202dd88,小红书,面试大脑空白怎么办,2026-08-15,100
面试时被问到不会的问题，该如何应对呢？,https://www.zhihu.com/question/457311994,知乎,面试被问到细节答不上来怎么办,2026-08-15,—
面试的时候，有些问题回答不上来该怎么办呢？,https://www.zhihu.com/question/587255556,知乎,面试被问到细节答不上来怎么办,2026-08-15,—
面试遇到不会的问题如何巧妙回答？,https://www.zhihu.com/question/35846278,知乎,面试被问到细节答不上来怎么办,2026-08-15,—
面试遇到答不出来的题如何化解尴尬局面？,https://www.zhihu.com/question/553881672,知乎,面试被问到细节答不上来怎么办,2026-08-15,—
面试碰到不懂的问题怎么办？,https://www.zhihu.com/question/322762114,知乎,面试被问到细节答不上来怎么办,2026-08-15,—
面试的时候遇到不会回答的问题，应该怎么办？,https://zhuanlan.zhihu.com/p/32939938,知乎专栏,面试被问到细节答不上来怎么办,2026-08-15,—
面试遇到答不出来的题怎么办？,https://zhuanlan.zhihu.com/p/31765789,知乎专栏,面试被问到细节答不上来怎么办,2026-08-15,—
面试中遇到回答不上来的问题可以这样做,https://blog.csdn.net/liudada8265/article/details/111878455,CSDN,面试被问到细节答不上来怎么办,2026-08-15,—
面试常见问题及话术：12个面试必问的问题,https://zhuanlan.zhihu.com/p/718854778,知乎专栏,面试被问到细节答不上来怎么办,2026-08-15,—
面试70问 经典回答,https://zhuanlan.zhihu.com/p/48312070,知乎专栏,面试被问到细节答不上来怎么办,2026-08-15,—
这10类问题，才是真正决定你能不能进高管池,https://www.xiaohongshu.com/search_result/695c3d96000000002102ab5c?xsec_token=ABci7aDSUlhYjnPoF4U0WYUrkvUJIKSvKWOzXzExKJMjk=&xsec_source=,XHS,面试什么话不能说,2026-08-15,3806
4类故事应对所有面试Behaviour Question,https://www.xiaohongshu.com/search_result/69b9642200000000230277f4?xsec_token=ABxCakbYhyYN5sw_5NAzXFJOurJ6Q-8ykZK_OqR7YmXYA=&xsec_source=,XHS,面试必问问题清单,2026-08-15,306
北美面试❗️为什么离开上一份工作？🔥,https://www.xiaohongshu.com/search_result/675508940000000004029db3?xsec_token=ABj6wHEjwjVZXCHsAblJUfbiYvx42LVtybP4mz273ZRCE=&xsec_source=,XHS,hr问上一份工作离职原因,2026-08-15,17
离职原因这样说❗️HR听了直点头✨,https://www.xiaohongshu.com/search_result/6965d43b000000001a01eeb4?xsec_token=ABQDxf86kVRYhjkgiPgca2a8Wn_CsTuFJEBdjtxaEBGjQ=&xsec_source=,XHS,hr问上一份工作离职原因,2026-08-15,65
面试被问到：你为什么选择离开你当前的工作,https://www.xiaohongshu.com/search_result/66d5154c000000001f017699?xsec_token=ABzPONdxxVhR4gJVwK9e4jNAhxAXXeE6yfVW_kSOlYGcQ=&xsec_source=,XHS,hr问上一份工作离职原因,2026-08-15,466
外企面试别太老实！,https://www.xiaohongshu.com/search_result/6995c9f3000000000c034de5?xsec_token=ABjcDsJGu_jvPpTPfRINKAzHvSSg2kA6VmZHxGTisI1i8=&xsec_source=,XHS,hr问上一份工作离职原因,2026-08-15,560
离职原因这样说，面试官秒给offer！,https://www.xiaohongshu.com/search_result/68a69c00000000001d011a50?xsec_token=ABzMt8MyHEI6SrozO9xhZuqY7zAFY46BAzo56qvzQQCaw=&xsec_source=,XHS,hr问上一份工作离职原因,2026-08-15,73
"""为什么离职？""我见过最聪明的回答，就一句话",https://www.xiaohongshu.com/search_result/6a464185000000002103da80?xsec_token=ABpOtIMLDH4jJTZZrsOXw4pb4K0OLE5HspUdTsXmZrRHQ=&xsec_source=,XHS,hr问上一份工作离职原因,2026-08-15,115
面试被问离职原因:3个扣分回答,https://www.xiaohongshu.com/search_result/6a28f8b2000000001700b82d?xsec_token=ABDJvr87mYGC8-VCLIgTrwro2APLLqsL3-rX3hHUNriZE=&xsec_source=,XHS,hr问上一份工作离职原因,2026-08-15,77
在加拿大如果暂时找不到工作 可以这样做,https://www.xiaohongshu.com/search_result/66c0477200000000050333ad?xsec_token=AB9Xx39kHW_zKMswewvjam392Wn53F0wN486v_JkUVGR8=&xsec_source=,XHS,求职规划,2026-08-15,252
如何选择一个真正适合自己的职业？,https://www.xiaohongshu.com/search_result/689f3c86000000001b035d66?xsec_token=AB9R6lQ0maEiBg5MU7axL0-W9uBALpH9gCCArCMYc72h0=&xsec_source=,XHS,求职规划,2026-08-15,2430
你还不知道这几个北美招工渠道？,https://www.xiaohongshu.com/search_result/69e3be800000000023020f94?xsec_token=ABh3qgHxAi1UbiKdt7RGo76BRBjvHUCMekYKd4WciO70k=&xsec_source=,XHS,求职规划,2026-08-15,841
如果你暂时找不到工作，可以先这样准备,https://www.xiaohongshu.com/search_result/698ade51000000001a01d263?xsec_token=ABavPjpgDGjpb7HDAKFaC6tXc4KPjioQMLZwWhUBHjzz0=&xsec_source=,XHS,求职规划,2026-08-15,111
2027高端量化求职计划 | 限量席位,https://www.xiaohongshu.com/search_result/6a8058b3000000003400dc51?xsec_token=ABM7w1xTkzsNPq_bFV6G1b3Vl8YN4XpY8zpZiNR3A0ypY=&xsec_source=,XHS,求职规划,2026-08-15,5
🇨🇦通过walk-in找到全职工作了,https://www.xiaohongshu.com/search_result/6a658b0b000000001d023352?xsec_token=ABeXOg5ozT0X96QJHm-4XwntSgAFhBgaEWNdxSv6B8LNc=&xsec_source=,XHS,求职规划,2026-08-15,292
规划力：韦恩职业规划,https://www.xiaohongshu.com/search_result/6a0fe79d0000000007022f6b?xsec_token=AB-km8CBANgSe4UZcx0levA-WL1y5oVJwlHfIotKp20hQ=&xsec_source=,XHS,求职规划,2026-08-15,33
多伦多也有机会拿美国工资,https://www.xiaohongshu.com/search_result/69ab3c19000000001a03472c?xsec_token=ABnKti2O_OHU3FClrBkxVLezhpEARiI_AOkRSvMqFlBf0=&xsec_source=,XHS,求职规划,2026-08-15,99
🇨🇦毕业两个月找工作上岸心得,https://www.xiaohongshu.com/search_result/69f51a9d000000001a02d444?xsec_token=ABEtNg8ddvOR9RIt0g4fFxiknvcEBHZAmoQ_fI0ygexWQ=&xsec_source=,XHS,求职规划,2026-08-15,249
有没有职业规划师拯救一下迷茫摆烂的孩子？,https://www.xiaohongshu.com/search_result/6a1906130000000006030e20?xsec_token=ABX-9Qgb376dWhQUrxAxF4tZxkSZiubfoNj9ONgwfCx1c=&xsec_source=,XHS,求职规划,2026-08-15,35
🇨🇦全职妈妈重返职场！政府买单,https://www.xiaohongshu.com/search_result/680789ab000000000b02ec02?xsec_token=ABOVXCDXpN_HMXnM9aBu3R0ySwG_JuMVQinygWlYb-JYo=&xsec_source=,XHS,求职规划,2026-08-15,82
有没有靠谱的求职规划啊,https://www.xiaohongshu.com/search_result/6a50c0ee0000000022019f94?xsec_token=ABsAPq7YILMOP9kH17qAMj86zIPoIPuTS-1tQYUIktMyc=&xsec_source=,XHS,求职规划,2026-08-15,32
加拿大拿offer野路子！别让信息闭塞毁了你,https://www.xiaohongshu.com/search_result/678268a3000000001a01d79a?xsec_token=AB0got5uXNU6-bTl1n3vstV91_BUYRyKL9DlH0QBo2ekw=&xsec_source=,XHS,求职规划,2026-08-15,1029
中年打工人求职上岸记（干货篇）💼🇨🇦,https://www.xiaohongshu.com/search_result/6a386d27000000002200b6a4?xsec_token=ABCSp4_-WMXUNibH6s3OPe7ZFJa2FmrNDYwlSHEm9Pt40=&xsec_source=,XHS,求职规划,2026-08-15,338
如何找到自己喜欢的工作？托举自己（实操成功,https://www.xiaohongshu.com/search_result/6a16eb8a0000000008025bec?xsec_token=AByMxq8t6-mPiSc09PYVZrXQS16V9B1VYVwLH9o9nUcw8=&xsec_source=,XHS,求职规划,2026-08-15,8864
领英求职野路子第一集：如何找到高质量人脉,https://www.xiaohongshu.com/search_result/6a58a71f00000000010314f0?xsec_token=ABROtlIw0VXmV1j_yfPQG-HUfBd0AJ5vPWrb2V6J1EKFc=&xsec_source=,XHS,求职规划,2026-08-15,8437
🇨🇦这份portfolio成功帮我拿下第一份工作,https://www.xiaohongshu.com/search_result/68674610000000001c032e20?xsec_token=ABoJfJ-OB1YLGeqpVMqDJiydtm372TD9Tx1ecY-C6O1nM=&xsec_source=,XHS,求职规划,2026-08-15,165
这道面试题帮我筛掉了80%候选人,https://www.xiaohongshu.com/search_result/690278a0000000000302e712?xsec_token=AB-8UgIHqF9VqjdRJli6-4ZxaDdRGm31zRCSrZ6CqCiRk=&xsec_source=,XHS,招聘漏斗面试问题,2026-08-15,49
招不到人自查这4个招聘漏斗，把SOP搭起来,https://www.xiaohongshu.com/search_result/6a6dfe400000000035014251?xsec_token=ABk31yDVGRaeJy7muaLFSpuFnsxxMwg_v9ES70r827ioI=&xsec_source=,XHS,招聘漏斗面试问题,2026-08-15,52
面试时被问“实习的招聘漏斗数据”怎么回答,https://www.xiaohongshu.com/search_result/6a7db4bf0000000033012f3f?xsec_token=ABIhJCjjt8k0ROrGC5WciNlos0YxYk8rZJFl7Wc7bnaUA=&xsec_source=,XHS,招聘漏斗面试问题,2026-08-15,51
hr实习week6｜读懂招聘漏斗 告别无效招聘,https://www.xiaohongshu.com/search_result/6a49db95000000001101ef9f?xsec_token=AB_UUah_mQBRRSPBQwd4xB73xt3j25bJtbzOuPf-If1_M=&xsec_source=,XHS,招聘漏斗面试问题,2026-08-15,88
得物-电商-得物运营 | 面试题目解析,https://www.xiaohongshu.com/search_result/6a68a9f7000000000f00887c?xsec_token=AB2kNPWqwBu-JK_IMtCdAEpKB6dM1Ht5K5tszkPiAbv_o=&xsec_source=,XHS,招聘漏斗面试问题,2026-08-15,62
求职日记D10：没有白走的路,https://www.xiaohongshu.com/search_result/6a8087c300000000250057cc?xsec_token=ABM7w1xTkzsNPq_bFV6G1b3fGG6LXP9rme1rn-VV-tzeI=&xsec_source=,XHS,招聘漏斗面试问题,2026-08-15,赞
作为草台班子，说点你不知道的招聘流程内幕,https://www.xiaohongshu.com/search_result/6a22c8aa000000002201b9ed?xsec_token=AB2-zK3TMjQ9weQqJFH3vJ80VKtvkQ9tU6zcdObuEFAFY=&xsec_source=,XHS,招聘漏斗面试问题,2026-08-15,1328
🇨🇦分享十五分钟的面试经验,https://www.xiaohongshu.com/search_result/69c2a49a000000001f00557e?xsec_token=ABWzMQbcE_dAp5ClGqDSWu5-0oQV-zy7U7u41O8UTygwk=&xsec_source=,XHS,招聘漏斗面试问题,2026-08-15,72
安永审计面试速通技巧,https://www.xiaohongshu.com/explore/6a8018b8000000003301bd00,小红书,面试技巧,2026-08-16,18
找工作，如何把平平无奇的经历说的更高级？,https://www.xiaohongshu.com/explore/69a9706e000000001a0373a7,小红书,面试技巧,2026-08-16,1814
自我介绍的结构,https://www.xiaohongshu.com/explore/6958db2b000000001e00bf12,小红书,面试技巧,2026-08-16,43000
面试官的陷阱 你就傻傻的跳进去了？,https://www.xiaohongshu.com/explore/69d5656b000000002102d3f9,小红书,面试技巧,2026-08-16,2562
面试技巧☆自我介绍,https://www.xiaohongshu.com/explore/686b0082000000000b02c880,小红书,面试技巧,2026-08-16,36
(无标题·话术图文),https://www.xiaohongshu.com/explore/6a37ffd70000000011017ada,小红书,面试什么话该说,2026-08-16,152
面试时不要太老实！这样回答才加分,https://www.xiaohongshu.com/explore/6a5e2dc40000000014004207,小红书,面试什么话该说,2026-08-16,14000
面试不管问你啥 就记住一个话术原则,https://www.xiaohongshu.com/explore/69f0892d000000003503be84,小红书,面试什么话该说,2026-08-16,2218
一些给人印象很差的面试行为,https://www.xiaohongshu.com/explore/6a213d46000000000702100d,小红书,面试什么话不能说,2026-08-16,2512
不想白跑一趟，面试时这4句话一定不要说！,https://www.xiaohongshu.com/explore/6731ef07000000003c01404f,小红书,面试什么话不能说,2026-08-16,14000
面试像聊天 反而拿offer,https://www.xiaohongshu.com/explore/67188ff80000000021002cbf,小红书,面试什么话不能说,2026-08-16,12000
(无标题·接话图文),https://www.xiaohongshu.com/explore/69b1702c0000000016008fdc,小红书,职场高情商接话模板,2026-08-16,1371
职场中的高情商接话,https://www.xiaohongshu.com/explore/6a65e126000000001002bd9b,小红书,职场高情商接话模板,2026-08-16,14000
职场中的高情商接话技巧,https://www.xiaohongshu.com/explore/6a6940b3000000000101c03f,小红书,职场高情商接话模板,2026-08-16,4236
当你学会高情商接话,https://www.xiaohongshu.com/explore/6a60dde0000000000f0139f2,小红书,职场高情商接话模板,2026-08-16,1525
(无标题·接话图文),https://www.xiaohongshu.com/explore/6a39d2720000000011005237,小红书,职场高情商接话模板,2026-08-16,54
面试被拒，三个月后面试官直接给offer了,https://www.xiaohongshu.com/explore/66a2d529000000000a005bc8,小红书,面试没离职该不该说真话,2026-08-16,343
面试被问离职原因，能说真话吗？,https://www.xiaohongshu.com/explore/6a7e91cf0000000029033f37,小红书,面试没离职该不该说真话,2026-08-16,2
离职时，到底该不该透露真实原因？,https://www.xiaohongshu.com/explore/6a0171e6000000000702842f,小红书,面试没离职该不该说真话,2026-08-16,19
面试官问你离职原因，千万别说真话,https://www.xiaohongshu.com/explore/6a64ac490000000011019e03,小红书,面试没离职该不该说真话,2026-08-16,3
离职谈判别怂！公司最怕你说的5句反杀话！,https://www.xiaohongshu.com/explore/67da660d000000000903a84b,小红书,面试没离职该不该说真话,2026-08-16,326
奉劝大家，面试不该说的别乱说,https://www.xiaohongshu.com/explore/6a0962950000000007013f46,小红书,面试没离职该不该说真话,2026-08-16,21000
面试是否应该提及被裁员,https://www.xiaohongshu.com/explore/672e9813000000001b0285b4,小红书,面试没离职该不该说真话,2026-08-16,19
面试时被问到空窗期要不要说实话？,https://www.xiaohongshu.com/explore/69fd91e9000000003802034f,小红书,面试没离职该不该说真话,2026-08-16,323
说真的，面试要撒谎，可别太老实了,https://www.xiaohongshu.com/explore/6712924e0000000024017b97,小红书,面试没离职该不该说真话,2026-08-16,660
被问空窗期，你可以这样解释（不撒谎稳过版）,https://www.xiaohongshu.com/explore/6a3bd34e000000000f03280b,小红书,面试没离职该不该说真话,2026-08-16,9047
HR最想听的8个离职原因（一篇讲清楚）,https://www.xiaohongshu.com/explore/693bdd80000000001e02e022,小红书,面试没离职该不该说真话,2026-08-16,50000
一次性把教练对话中的有效话术说清楚,https://www.xiaohongshu.com/explore/666c4591000000000d00cdbe,小红书,反问话术模板,2026-08-16,1142
外企高频沟通｜30句向老板请教的话术,https://www.xiaohongshu.com/explore/6a5d5bbd0000000011018c29,小红书,反问话术模板,2026-08-16,38
1个让你不再被任何人压着走的方法∶反问,https://www.xiaohongshu.com/explore/692f2750000000001902544e,小红书,反问话术模板,2026-08-16,309
张口就赢，拿回话语权！,https://www.xiaohongshu.com/explore/68a72a0d000000001d01a19a,小红书,反问话术模板,2026-08-16,3108
压力面试，是你甩开对手的好机会（第三期）,https://www.xiaohongshu.com/explore/69a11684000000001a026624,小红书,面试临场发挥,2026-08-16,44000
说到底：害怕面试是因为思考能力差,https://www.xiaohongshu.com/explore/69d0dc3c0000000023027ad8,小红书,面试临场发挥,2026-08-16,785
精准拿捏面试开场，自我介绍标准答案,https://www.xiaohongshu.com/explore/6751860000000000070326ea,小红书,面试临场发挥,2026-08-16,13000
临时抱佛脚看这篇就够！,https://www.xiaohongshu.com/explore/693e8958000000001f00c959,小红书,面试临场发挥,2026-08-16,1678
让90%的人卡壳去吧，你悄悄学就行了,https://www.xiaohongshu.com/explore/66ee7c42000000002700576d,小红书,面试临场发挥,2026-08-16,16000
马上要面试了，没有时间准备、听这个！绝对够,https://www.xiaohongshu.com/explore/689518190000000004005156,小红书,面试临场发挥,2026-08-16,34000
我就说吧 行为面试大佬在人间,https://www.xiaohongshu.com/explore/670a78fd00000000240192eb,小红书,面试临场发挥,2026-08-16,10000
还没准备好就要去面试了，答得不好会脏面评,https://www.nowcoder.com/feed/main/detail/c84dde5d36784edebc9f34bc6fbc527b,牛客网,面试临场发挥,2026-08-16,—
为什么面试完之后，过很久面试官也不给个反馈,https://www.zhihu.com/question/418650749,知乎,面试临场发挥,2026-08-16,—
怎么判断自己面试是不是凉了？,https://www.zhihu.com/question/267849861,知乎,面试临场发挥,2026-08-16,—
面试终面被刷怎么办？,https://zhuanlan.zhihu.com/p/608882972,知乎专栏,面试临场发挥,2026-08-16,—
秋招找工作被各种面试打击，情绪特别低落,https://www.zhihu.com/question/433310405,知乎,面试临场发挥,2026-08-16,—
面试后被告知等消息，是没戏了吗？,https://zhuanlan.zhihu.com/p/1896182669227820422,知乎专栏,面试临场发挥,2026-08-16,—
面试聊得挺好的，可最终还是不通过，这两方面原因需要你去反思,https://zhuanlan.zhihu.com/p/131551565,知乎专栏,面试临场发挥,2026-08-16,—
全英会议不再是我们职场最大的绊脚石！码住,https://www.xiaohongshu.com/explore/67d8f08e000000001201c472,小红书,职场表达,2026-08-16,3377
面试反应力不足，冰哥讲透了说话的艺术,https://www.xiaohongshu.com/explore/6a7366a4000000002500289c,小红书,面试什么话不能说,2026-08-16,5911
面试时，自我介绍和工作经历千万别混着讲,https://www.xiaohongshu.com/explore/6a81803a000000002201528e,小红书,面试什么话不能说,2026-08-16,15
HR不会告诉你｜为什么很多话不能直接讲？,https://www.xiaohongshu.com/explore/69e703110000000023005aa6,小红书,面试什么话不能说,2026-08-16,3
毕业后再也不想做实验了｜面试不能说,https://www.xiaohongshu.com/explore/6a81098f00000000250030f2,小红书,面试什么话不能说,2026-08-16,29
面试中绝对不能说的三句话,https://www.xiaohongshu.com/explore/69d286f90000000022025ce2,小红书,面试什么话不能说,2026-08-16,5496
职场最难学会的，不是能力，而是分寸,https://www.xiaohongshu.com/explore/6a4dd7600000000020038bb5,小红书,职场分寸感,2026-08-16,1.3万
男女同事保持边界感的几个点,https://www.xiaohongshu.com/explore/69d9c974000000002102f926,小红书,职场分寸感,2026-08-16,782
多伦多 vs 纽约 职场边界感去哪了？,https://www.xiaohongshu.com/explore/6a7e3faa0000000025007715,小红书,职场分寸感,2026-08-16,10
没边界感 vs 有边界感，一眼看懂你为什么累,https://www.xiaohongshu.com/explore/6a45e3070000000007024de5,小红书,职场分寸感,2026-08-16,359
职场相处之道～,https://www.xiaohongshu.com/explore/6a2f125d0000000008001117,小红书,职场分寸感,2026-08-16,3.1万
大冰谈职场，后悔没早点刷到的清醒发言,https://www.xiaohongshu.com/explore/69a5a421000000002603f1d2,小红书,职场分寸感,2026-08-16,2739
已婚人士职场与异性相处的原则，早懂早避雷,https://www.xiaohongshu.com/explore/69a8cc04000000000e00da8d,小红书,职场分寸感,2026-08-16,54
分寸感，是最好的修养,https://www.xiaohongshu.com/explore/6a659baf000000000f005503,小红书,职场分寸感,2026-08-16,201
普通人的职场生存指南~,https://www.xiaohongshu.com/explore/6a338a53000000001702f6db,小红书,职场分寸感,2026-08-16,7439
不撕破脸，也能立住边界,https://www.xiaohongshu.com/explore/69f295eb000000002202727f,小红书,职场分寸感,2026-08-16,114
永远不要跟下属走太近,https://www.xiaohongshu.com/explore/69eb6df4000000003502d8e8,小红书,职场分寸感,2026-08-16,309
职场上不得不有的心眼,https://www.xiaohongshu.com/explore/6a2f815c000000001c026771,小红书,职场分寸感,2026-08-16,58
什么叫有温度的分寸感,https://www.xiaohongshu.com/explore/69c2488700000000220284a3,小红书,职场分寸感,2026-08-16,88
边界感，是成年人最高级的体面,https://www.xiaohongshu.com/explore/6a45fe84000000001503f03c,小红书,职场分寸感,2026-08-16,136
（无标题）,https://www.xiaohongshu.com/explore/6a09dabd0000000007010434,小红书,职场分寸感,2026-08-16,378
边界感是女人最贵的教养,https://www.xiaohongshu.com/explore/6a571ed2000000002101988a,小红书,职场分寸感,2026-08-16,100
工作中，有边界感和冷漠真的有用！,https://www.xiaohongshu.com/explore/6a165f39000000003700cc96,小红书,职场分寸感,2026-08-16,12
职场守好边界感，上下级切勿混成朋友。,https://www.xiaohongshu.com/explore/6a3bb5f5000000002103d6b7,小红书,职场分寸感,2026-08-16,11
"HR压价时，千万别说""差不多就行""",https://www.xiaohongshu.com/explore/6a72b36d000000000600561b,小红书,hr只说了薪资范围怎么回,2026-08-16,12
HR说给不到你理想薪资，怎么回,https://www.xiaohongshu.com/explore/6a68630a0000000001031c81,小红书,hr只说了薪资范围怎么回,2026-08-16,757
"HR说""给不到你期望薪资""，三句话谈回来",https://www.xiaohongshu.com/explore/6a5d5bcf000000002201a4b5,小红书,hr只说了薪资范围怎么回,2026-08-16,234
回答面试中的薪资问题-你答对了吗,https://www.xiaohongshu.com/explore/667b896a000000001e013816,小红书,hr只说了薪资范围怎么回,2026-08-16,1.9万
被问：你的期望薪资是多少？,https://www.xiaohongshu.com/explore/697212710000000022031b8b,小红书,hr只说了薪资范围怎么回,2026-08-16,7919
外企 HR 最爱听的 3 句话,https://www.xiaohongshu.com/explore/69400010000000000d00f51c,小红书,hr只说了薪资范围怎么回,2026-08-16,203
面试被压薪酬？这样做让你更有底气,https://www.xiaohongshu.com/explore/66697a85000000000e030e1f,小红书,hr只说了薪资范围怎么回,2026-08-16,317
面试经｜你的期待薪资是多少？,https://www.xiaohongshu.com/explore/682162d6000000002202a115,小红书,hr只说了薪资范围怎么回,2026-08-16,2821
如何判断过没过？小心中了圈套,https://www.xiaohongshu.com/explore/68455af1000000000f03acae,小红书,面试凉了的信号,2026-08-16,194
别等HR回复了这三大表现凉透了,https://www.xiaohongshu.com/explore/666c13d2000000001d016b8b,小红书,面试凉了的信号,2026-08-16,329
真实经验｜从面试甄别公司，满足这几条果断拒,https://www.xiaohongshu.com/explore/67e64528000000001d0046e1,小红书,面试凉了的信号,2026-08-16,372
面试记录10：果然不想录用你其实早有预兆,https://www.xiaohongshu.com/explore/6909f3520000000005013056,小红书,面试凉了的信号,2026-08-16,120
这5个信号说明你被默拒了,https://www.xiaohongshu.com/explore/686d785c00000000120206c4,小红书,面试凉了的信号,2026-08-16,50
HR悄悄说：面试低于这个时间，基本就是凉了,https://www.xiaohongshu.com/explore/6a23d826000000001702b278,小红书,面试凉了的信号,2026-08-16,59
面试这 5 个信号对方可能在考虑淘汰你,https://www.xiaohongshu.com/explore/6a12a222000000003601843c,小红书,面试凉了的信号,2026-08-16,412
面试出现这六个信号基本没戏了,https://www.xiaohongshu.com/explore/6847d11a000000000c0383b5,小红书,面试凉了的信号,2026-08-16,506
懂了原来HR这些暗示是不想录取你,https://www.xiaohongshu.com/explore/68973a2300000000230184a1,小红书,面试凉了的信号,2026-08-16,546
为什么你面试聊得挺好，最后还是没下文？,https://www.xiaohongshu.com/explore/6a1fdd420000000035022b5d,小红书,面试凉了的信号,2026-08-16,20
面试时出现这类信号基本是没戏了,https://www.xiaohongshu.com/explore/684e8cb10000000003039763,小红书,面试凉了的信号,2026-08-16,103
（无标题）,https://www.xiaohongshu.com/explore/6a44338c00000000150250c6,小红书,面试凉了的信号,2026-08-16,28
大厂面试官：科普一下大厂面试和面评系统,https://www.xiaohongshu.com/explore/69aeafa6000000002602f23b,小红书,面试脏面评,2026-08-16,804
血与泪的教训，尤其是大厂面试,https://www.xiaohongshu.com/explore/69e6428c00000000230221eb,小红书,面试脏面评,2026-08-16,214
大厂面评一旦脏了，连简历投递都没资格了,https://www.xiaohongshu.com/explore/68370377000000000303847b,小红书,面试脏面评,2026-08-16,59
关于大厂面试到底会不会脏面评&是否有kpi面,https://www.xiaohongshu.com/explore/69dccaae000000001a020042,小红书,面试脏面评,2026-08-16,132
脏面试千万别接 3个反问破局,https://www.xiaohongshu.com/explore/6a054e250000000008003db6,小红书,面试脏面评,2026-08-16,71
"2分钟讲清楚""面评""（防拉黑版",https://www.xiaohongshu.com/explore/680f74be000000002100b9c5,小红书,面试脏面评,2026-08-16,55
hhhhhh,https://www.xiaohongshu.com/explore/67d9a6da0000000006038ec0,小红书,面试脏面评,2026-08-16,10
字节面评脏了怎么办？,https://www.xiaohongshu.com/explore/6a06d47b000000003600211a,小红书,面试脏面评,2026-08-16,1795
真别太害怕脏面评了…,https://www.xiaohongshu.com/explore/69a7d0ce000000001d027d94,小红书,面试脏面评,2026-08-16,35
（无标题）,https://www.xiaohongshu.com/explore/67cfc059000000000b0171ca,小红书,面试脏面评,2026-08-16,169
你的套路回答，HR 听一次烦一次…,https://www.xiaohongshu.com/explore/67b39487000000001902f854,小红书,面试脏面评,2026-08-16,840
（无标题）,https://www.xiaohongshu.com/explore/67c13083000000000903a8d8,小红书,面试脏面评,2026-08-16,1.7万
如何避免乱用AI准备Behavior面试踩雷,https://www.xiaohongshu.com/explore/66f73e60000000001902d9b7,小红书,面试脏面评,2026-08-16,422
"AI 创业者""吃亏""的 6 种回答方式",https://www.xiaohongshu.com/explore/69634b65000000000d009b82,小红书,面试脏面评,2026-08-16,62
怎么判断自己面试是不是G了？,https://www.xiaohongshu.com/explore/68786503000000001d00d142,小红书,面试凉了的信号,2026-08-16,75
面试完说等通知，到底在等什么通知,https://www.xiaohongshu.com/explore/69afbf57000000001d027f5a,小红书,面试凉了的信号,2026-08-16,2491
"面试官说""回去等通知""，3种情况已经没戏了",https://www.xiaohongshu.com/explore/6a72913700000000330350f3,小红书,面试凉了的信号,2026-08-16,10
面试后傻等的人，活该被放鸽子,https://www.xiaohongshu.com/explore/6a2b77f40000000021017fb7,小红书,面试凉了的信号,2026-08-16,490
"面试完说""等通知""，要不要主动问结果？",https://www.xiaohongshu.com/explore/69eb802400000000360338af,小红书,面试凉了的信号,2026-08-16,1130
面试完傻等通知？90%的offer都死在这步,https://www.xiaohongshu.com/explore/69b7f173000000002103b8b6,小红书,面试凉了的信号,2026-08-16,27
面试官说回去等通知你的面试结果其实就出来,https://www.xiaohongshu.com/explore/6a295b68000000002103f2f5,小红书,面试凉了的信号,2026-08-16,12
"HR说""等通知""？4种潜台词让你心里有数",https://www.xiaohongshu.com/explore/69c7942900000000210391ba,小红书,面试凉了的信号,2026-08-16,3
"全英｜当面试官说""等通知""你应该怎么追后续？",https://www.xiaohongshu.com/explore/6a487c3e000000002003b913,小红书,面试凉了的信号,2026-08-16,139
为何面试后HR不立刻给结果？,https://www.xiaohongshu.com/explore/69f9a00e000000003502fd05,小红书,面试凉了的信号,2026-08-16,133
（全英）被拒绝就是福气！坏事变好事！,https://www.xiaohongshu.com/explore/69bcb68b000000001a027e56,小红书,面试脏面评,2026-08-16,1万
ghost面试结果的HR都有那个大病吧,https://www.xiaohongshu.com/explore/66196c43000000001a0134b9,小红书,面试脏面评,2026-08-16,97
面试被拒？发这一封邮件 还有可能挽回,https://www.xiaohongshu.com/explore/692e6269000000000d00da6e,小红书,面试脏面评,2026-08-16,1278
被面试官放鸽子这是正常的吗,https://www.xiaohongshu.com/explore/65f461ab000000001202376e,小红书,面试脏面评,2026-08-16,14
面试到底凉没凉，面试官已经告诉你了,https://zhuanlan.zhihu.com/p/688294451,网页搜索-知乎专栏,面试凉了的信号,2026-08-16,
"哪些""暗示""决定面试成败，你读懂了么？",https://www.zhihu.com/question/446330920,网页搜索-知乎,面试凉了的信号,2026-08-16,
面试中出现这些信号，表明你面试没戏了,https://zhuanlan.zhihu.com/p/94147043,网页搜索-知乎专栏,面试凉了的信号,2026-08-16,
怎么判断自己面试是不是凉了？,https://www.zhihu.com/question/267849861/answer/526827502,网页搜索-知乎,面试凉了的信号,2026-08-16,
资深HR爆料！遇到这几个面试信号，你多半已经凉凉了,https://zhuanlan.zhihu.com/p/347691321,网页搜索-知乎专栏,面试凉了的信号,2026-08-16,
面试了70家公司，我才放下大厂人的面子,https://m.huxiu.com/article/2568125.html,网页搜索-虎嗅网,面试脏面评,2026-08-16,
大佬们 想请教一下大厂面评是个什么情况,https://www.nowcoder.com/feed/main/detail/3ee06d8fb119480f9886e7fe80253a7e,网页搜索-牛客网,面试脏面评,2026-08-16,
约到字节面试了 但是有面评 不敢去,https://www.nowcoder.com/feed/main/detail/5c58173ead374483b70d29a6095d7f7d,网页搜索-牛客网,面试脏面评,2026-08-16,
字节面评维持多久啊，影响大吗,https://www.nowcoder.com/feed/main/detail/be73fe4b0d87400f8c31662d9d20d296,网页搜索-牛客网,面试脏面评,2026-08-16,
面试常见词汇扫盲+大厂面试特点分享,https://javabetter.cn/nice-article/weixin/miansmtgl.html,网页搜索-二哥的Java进阶之路,面试脏面评,2026-08-16,
面试结束后要不要主动问结果？怎么问？,https://www.sohu.com/a/1026356249_122603125,网页搜索-搜狐,面试凉了的信号,2026-08-16,
HR面试完怎么说？面试结束后该如何礼貌回应？,https://blog.ihr360.com/p/306096/,网页搜索-i人事,面试凉了的信号,2026-08-16,
面试后一直没消息该不该主动跟进：时机判断和话术模板完整指南,https://www.mianlingai.com/blog/interview-follow-up-after-no-reply-guide/,网页搜索-面灵AI博客,面试凉了的信号,2026-08-16,
投递简历没回音怎么问，如何询问HR投递进度？,https://www.qituowang.com/portal/130550.html,网页搜索-企拓网,面试凉了的信号,2026-08-16,
面试后怎么礼貌地询问面试结果？话术模板分享,https://www.resumemakeroffer.com/blog/post/105468,网页搜索-AI简历姬,面试凉了的信号,2026-08-16,
同事关系最好的状态就是懂得边界感,https://zhuanlan.zhihu.com/p/523843502,网页搜索-知乎专栏,职场分寸感,2026-08-16,
与同事高情商相处｜简单好用、落地实操,https://zhuanlan.zhihu.com/p/2035303926556251756,网页搜索-知乎专栏,职场分寸感,2026-08-16,
怎样守好职场边界感,https://zhuanlan.zhihu.com/p/1898832348981756909,网页搜索-知乎专栏,职场分寸感,2026-08-16,
职场中的边界管理,https://news.mbalib.com/story/245329,网页搜索-MBA智库资讯,职场分寸感,2026-08-16,
在职场如何把握边界感？,https://zhuanlan.zhihu.com/p/574196505,网页搜索-知乎专栏,职场分寸感,2026-08-16,
职场边界感的重要性,https://www.jianli.com/article/gkyevw.html,网页搜索-简历网,职场分寸感,2026-08-16,
职场中如何建立边界感，需要掌握这6点！,https://zhuanlan.zhihu.com/p/607999072,网页搜索-知乎专栏,职场分寸感,2026-08-16,
公司要你的薪资流水，你就傻傻给了？,https://www.xiaohongshu.com/search_result/699bf9a1000000001b01d4b7?xsec_token=ABa6c3o7M7fAVG1T35OnMBemH4dOBFSMjgWcSY8CiTpKg=&xsec_source=,XHS,hr问你上一份工作的薪资怎么回答,2026-08-16,20.6万
面试被问：你之前的薪资是多少？,https://www.xiaohongshu.com/search_result/67865dfb000000000b03b48f?xsec_token=ABUH6veVrU8JIOJGUfMbBkxen27s8dzw5u2_ZCpl8EJv8=&xsec_source=,XHS,hr问你上一份工作的薪资怎么回答,2026-08-16,1.2万
HR问“上家薪资多少”，一定要说实话吗？,https://www.xiaohongshu.com/search_result/69f01a56000000003700dfe8?xsec_token=ABByeADew0HY-Ef36c5sxkJfyvmmVqo15TQ05bLmHfgHc=&xsec_source=,XHS,hr问你上一份工作的薪资怎么回答,2026-08-16,62
「HR问我上家薪资多少，这样回答最聪明」,https://www.xiaohongshu.com/search_result/6a113d4a0000000008031bec?xsec_token=ABNcvuOXSLw39itUYPBOyFEHSiBQ3ewR0QwtkwP31peQ4=&xsec_source=,XHS,hr问你上一份工作的薪资怎么回答,2026-08-16,48
面试谈薪资，HR教你3句话，多拿2000块,https://www.xiaohongshu.com/search_result/6a006fc000000000370363a0?xsec_token=ABUYlOWQvG2fKaA_rc3RirF9aDJf2wGwGNSfZJz2uGjSw=&xsec_source=,XHS,hr问你上一份工作的薪资怎么回答,2026-08-16,217
面试谈薪这么说，让你多拿一个W💰,https://www.xiaohongshu.com/search_result/6708f301000000002c02df35?xsec_token=ABmdEXih9VijhUyHIo7rr418bGESnVG1PXP8G4d2X-CaY=&xsec_source=,XHS,hr问你上一份工作的薪资怎么回答,2026-08-16,6864
HR问:上家公司工资，这样答多拿3K,https://www.xiaohongshu.com/search_result/6a3748fb0000000022018808?xsec_token=AB5UdeoKacsoFjOxAOJBMBoGHjglJUHk3W7QJHUox6_fo=&xsec_source=,XHS,hr问你上一份工作的薪资怎么回答,2026-08-16,6
面试时HR问上家薪资，要不要如实说？,https://www.xiaohongshu.com/search_result/69c8fdc9000000002800943e?xsec_token=ABrrHgKkEDwSuYFgu8PgeZMTTClRShucnj7IpUWwvOq7c=&xsec_source=,XHS,hr问你上一份工作的薪资怎么回答,2026-08-16,57
面试时被问到目前/期待薪资怎么回答,https://www.xiaohongshu.com/search_result/684193370000000021004309?xsec_token=ABBVpWOD7BfPYgImvzX2TDC13EsRZL8QAV0rpffzWV-_c=&xsec_source=,XHS,hr问你上一份工作的薪资怎么回答,2026-08-16,3290
面试被问上一份薪资多少，别说真话,https://www.xiaohongshu.com/search_result/6a561f4e0000000006020dce?xsec_token=ABLPmFpG8VSjK5SLoDR-pNJNOcw67B7ZirYzqtPVIRJQM=&xsec_source=,XHS,hr问你上一份工作的薪资怎么回答,2026-08-16,24
外企面试，如何谈薪？💰,https://www.xiaohongshu.com/search_result/67b86411000000002503f16f?xsec_token=ABASyKKKoeYh7e61jbpgUzT_vcFSr_47T9DoBL7Gfn-Vw=&xsec_source=,XHS,hr问你上一份工作的薪资怎么回答,2026-08-16,808
经典面试问题：你的薪资期望是多少,https://www.xiaohongshu.com/search_result/68aacad9000000001c0074b1?xsec_token=ABwws7KL-NFryldlXg2u1yEbp6L2gY36RNRj8EqT6IaYs=&xsec_source=,XHS,hr问你上一份工作的薪资怎么回答,2026-08-16,404
面试被问过往薪资，要直接报数字吗？,https://www.xiaohongshu.com/search_result/69d470d100000000230147bf?xsec_token=AB8j9nvNulnnI7XnQSKYX2QJeSRQ6QNQy7NIsiRULGYr4=&xsec_source=,XHS,hr问你上一份工作的薪资怎么回答,2026-08-16,136
HR问目前薪资多少，千万别报死数字！,https://www.xiaohongshu.com/search_result/698efce5000000000a03d1b5?xsec_token=ABD2DnJzr1SHXNp4iGFxBjVPngnjabMeVdKYfgZwFCDIM=&xsec_source=,XHS,hr问你上一份工作的薪资怎么回答,2026-08-16,401
当HR问你Expected Salary请不要这样回答🙏,https://www.xiaohongshu.com/search_result/66017f9f000000001203533e?xsec_token=ABgPNmgHz7UoWWiQ0Gfxedf47ZUNPEYN8K4M-IMc_JKUg=&xsec_source=,XHS,hr问你上一份工作的薪资怎么回答,2026-08-16,977
求职｜如何回答你的薪资期待是多少？,https://www.xiaohongshu.com/search_result/670756e5000000002c017df9?xsec_token=ABMUD32Vva2_sT8haZhF86n073g_PlYoJiDU2_TQQIojA=&xsec_source=,XHS,hr问你上一份工作的薪资怎么回答,2026-08-16,181
🇨🇦牛马日记｜谢谢老己！一年涨了35%！,https://www.xiaohongshu.com/search_result/6943806c000000001b020b21?xsec_token=ABKpuEOma-nj7naBiaRe37PIPpuFkVltyxTO9KGERC5-s=&xsec_source=,XHS,涨薪历程,2026-08-16,475
🇨🇦转行数据分析五年💰3w→9w→13w→18w,https://www.xiaohongshu.com/search_result/695c79bc0000000021030e83?xsec_token=ABci7aDSUlhYjnPoF4U0WYUioc7Te6SeaIyw9RZjMdTOY=&xsec_source=,XHS,涨薪历程,2026-08-16,1058
从月薪7k到25k，我涨薪不是熬出来的…,https://www.xiaohongshu.com/search_result/6a463296000000002101a3ae?xsec_token=ABpOtIMLDH4jJTZZrsOXw4pcRyG8WfauX3oXL98RBIUnQ=&xsec_source=,XHS,涨薪历程,2026-08-16,2131
🇨🇦涨工资了！1年实现时薪翻倍，不容易啊,https://www.xiaohongshu.com/search_result/6a5c17d9000000000f01f2bf?xsec_token=AB5Sx3z4B70zoA5Cj58-eSgaDtFGq1OX1qzPUcWfBsEOU=&xsec_source=,XHS,涨薪历程,2026-08-16,178
两年涨薪50%，Salary negotiation技巧💰📈,https://www.xiaohongshu.com/search_result/6293d15d00000000210349b5?xsec_token=ABVICPXbDdah9SjGjHByTaT0xA7440IEvgUyCRkpxg3UU=&xsec_source=,XHS,涨薪历程,2026-08-16,232
🇨🇦请停下来恭喜我！！！！涨薪啦！！,https://www.xiaohongshu.com/search_result/698cbf48000000001b01d6a0?xsec_token=ABHXNlwuPu_zM5VAg3gvZVEDQZpnmnpAxzYOF7FcGFEok=&xsec_source=,XHS,涨薪历程,2026-08-16,268
升了个职加薪9%，如升，税后多两把韭菜,https://www.xiaohongshu.com/search_result/6986188f000000000e00f0b0?xsec_token=ABG7nlCP3pKgOAat4jjAk6hxsUqfjVhqOyYY3sTLVuNjY=&xsec_source=,XHS,涨薪历程,2026-08-16,125
🇨🇦请大家停下来恭喜我！涨薪啦！！,https://www.xiaohongshu.com/search_result/6a0ca73d0000000037037873?xsec_token=ABWJDd_4jGj5nVdhrGghVBn5cLJBFrLGWWJ3zt6ono8wI=&xsec_source=,XHS,涨薪历程,2026-08-16,418
社会化第二课：升职/加薪/向上沟通指南,https://www.xiaohongshu.com/search_result/6a4f6bea0000000020038878?xsec_token=AB1c9wMKbKKUMGfGaZWflhzVsZX7kTGxCrojsq8BbRUoQ=&xsec_source=,XHS,涨薪历程,2026-08-16,2.1万
加拿大🇨🇦这三个职业的涨幅天花板,https://www.xiaohongshu.com/search_result/695d3cfb000000000d00b359?xsec_token=AB2AoXYVkzseq7bpoyXbvz6PrwwYV6gSkUcFeSRpzktXc=&xsec_source=,XHS,涨薪历程,2026-08-16,6
重要一课：在加拿大工作，升职加薪等不来,https://www.xiaohongshu.com/search_result/6986ab2a000000001d0260ca?xsec_token=ABG7nlCP3pKgOAat4jjAk6h6_HIpfAzqGsJGmgKJG6m6w=&xsec_source=,XHS,涨薪历程,2026-08-16,7
裁员几个月之后 我升职了🥹🥹🥹,https://www.xiaohongshu.com/search_result/68f9a5220000000003022109?xsec_token=ABY3cMtwqJkKxJpodKmDkPJ04xBIGqcwOIiLsyhjr8ZXk=&xsec_source=,XHS,涨薪历程,2026-08-16,46
加拿大码农薪资怎么样？！,https://www.xiaohongshu.com/search_result/69fe9b98000000003700d314?xsec_token=ABInrhxx7iMd-o9vmHlsvIicp9R4dAiQbdCD0cqIqyA6c=&xsec_source=,XHS,涨薪历程,2026-08-16,67
好奇加区🇨🇦大家升职的涨薪幅度,https://www.xiaohongshu.com/search_result/69cdb7c0000000002003b65d?xsec_token=ABtqb1YrI9JAGHXmJk9ZU1nyCfqWUn5Zq-Z27a7FrZWko=&xsec_source=,XHS,涨薪历程,2026-08-16,49
加拿大IT岗位能拿多少薪水？统计数据曝光,https://www.xiaohongshu.com/search_result/681bf64e0000000012007842?xsec_token=ABCzVnkE6WPqtKcPia68H3FYkySPTnqMl_RiqDZVHmEoc=&xsec_source=,XHS,涨薪历程,2026-08-16,54
🇨🇦真实工资分享-Associate Director,https://www.xiaohongshu.com/search_result/690ffd7c0000000007008f23?xsec_token=ABPPv8TgLBLbTEr7sj54Ggw8U0M7QXDE06o07K-TG9QZk=&xsec_source=,XHS,涨薪历程,2026-08-16,50
🇨🇦加拿大，大家都多久涨一次工资？,https://www.xiaohongshu.com/search_result/6763b560000000001300e9ef?xsec_token=ABIHgnmaz_piRITqENYMxO_q5rn5CkYw53pcm2Rqd62Fo=&xsec_source=,XHS,涨薪历程,2026-08-16,36
20句会议英语话术｜让你开会瞬间有存在感🔥,https://www.xiaohongshu.com/search_result/6a58bf630000000011013eb9?xsec_token=ABROtlIw0VXmV1j_yfPQG-HZAykM6V6mgwlH5AOs9FwJk=&xsec_source=,XHS,职场语句,2026-08-16,27
上班而已，别搭上自己的命。,https://www.xiaohongshu.com/search_result/6a7945b7000000003300c0d2?xsec_token=ABiy_APxfNb7nebX5V17ZNnWtbzhzJ-M2UhQn1ln-xAGM=&xsec_source=,XHS,职场语句,2026-08-16,16
SG银行业10个经典句型，你最常用哪一个？,https://www.xiaohongshu.com/search_result/6a72ddc70000000010036ed5?xsec_token=AB-O1-1M5qRLqBsk8uRSC1F2yAVLnmZPlfC0tXH903vP0=&xsec_source=,XHS,职场语句,2026-08-16,1
悟出来的 职场道理,https://www.xiaohongshu.com/search_result/6a6a8f4f000000000401c0ac?xsec_token=ABIq_kVIXRt3mKfSphuOZr2h-uueFgiRv2j5NuJuABiDk=&xsec_source=,XHS,职场语句,2026-08-16,9
打工人清醒💬和领导沟通，这3句最掉价,https://www.xiaohongshu.com/search_result/6a7b02aa00000000050320c1?xsec_token=ABLbyOJYUiwwEst0fazA_31mOLL9Dv9YOaQJl6tFV_GjI=&xsec_source=,XHS,职场语句,2026-08-16,2
精选外刊：正真厉害的人从不对工作充满热情,https://www.xiaohongshu.com/search_result/6a1d24f90000000038035ab6?xsec_token=ABq53yRVJOn4APx3Lrz4TM-XPztT0OETKb9tHC3WjWtek=&xsec_source=,XHS,职场语句,2026-08-16,620
想被领导重用，先学会这几件事。,https://www.xiaohongshu.com/search_result/6a563ebd000000002103ca02?xsec_token=ABLPmFpG8VSjK5SLoDR-pNJMHPkXp64bupmyCDD5TKyhg=&xsec_source=,XHS,职场语句,2026-08-16,16
职场随手礼,https://www.xiaohongshu.com/search_result/6a59b1d5000000001002898c?xsec_token=AB2PZK3kNcb4ooJJrNVBuhuS1nLNppRKOyl0hh6Elz7f8=&xsec_source=,XHS,职场语句,2026-08-16,5
跟同事相处，不要轻易被拿捏,https://www.xiaohongshu.com/search_result/6a6172190000000011015c76?xsec_token=ABh3PsbV5gl1LGa_98UL0VcS8GKj_jVO7QhjK249R6KdU=&xsec_source=,XHS,职场语句,2026-08-16,42
🇲🇾面试题技巧(话术版)用对就有Offer,https://www.xiaohongshu.com/search_result/696c3f58000000000903af94?xsec_token=ABY3aZ6QPVbxQA5nNrBjy0PL0s-KrWCwLjA7sNYfFKYeY=&xsec_source=,XHS,面试技巧,2026-08-16,2717
面试别太老实！AI面试辅助工具用起来！,https://www.xiaohongshu.com/search_result/6a2271a60000000006022080?xsec_token=AB2-zK3TMjQ9weQqJFH3vJ86RrRmPCUkQTkWc-k2WLbJg=&xsec_source=,XHS,线上面试话术,2026-08-16,3205
面试博弈论⑥转行不是从零开始 是价值重组,https://www.xiaohongshu.com/search_result/6a0d14ae000000003603031e?xsec_token=ABPcuE_PJ-3g8HlVeSNJWQrB5F2nVIsc5TwrPHgdn0dds=&xsec_source=,XHS,线上面试话术,2026-08-16,535
高手离职，都是很体面的‼️,https://www.xiaohongshu.com/search_result/6a75a3f2000000003501586c?xsec_token=ABoWX6vsisjvKH9WvXeUle-1nok0cDlwNOzIrc1dq_OlU=&xsec_source=,XHS,离职原因怎么说,2026-08-16,72
这11点辞职理由，总有一款适合你,https://www.xiaohongshu.com/search_result/6a0e7a1c0000000038020012?xsec_token=ABw7lwOf9xKE6vaVuqlABKcdtyOm0UjyXhOTF0HyjNPCU=&xsec_source=,XHS,离职原因怎么说,2026-08-16,2235
离职的时候怎么说、不得罪人,https://www.xiaohongshu.com/search_result/6a673149000000000f017b10?xsec_token=ABUbx_azZQCG1JADDexl0O_BgoDTv8fA-y-q2B4i6ji7g=&xsec_source=,XHS,离职原因怎么说,2026-08-16,15
离职最能看出一个人的认知水平❗️,https://www.xiaohongshu.com/search_result/68c809a8000000001b031e6f?xsec_token=ABuKDp1YuVry4DOqa5MuUz1WBomYBHgPje2yBaNmQJy14=&xsec_source=,XHS,离职原因怎么说,2026-08-16,567
如何提高说话表达能力，锻炼说话表达能力的方法,https://k.sina.com.cn/article_7857201856_1d45362c001904lycu.html,web,职场表达,2026-08-16,
【校招全攻略】26届应届生如何秋招一次上岸？,https://zhuanlan.zhihu.com/p/1910647038825197660,web,面试技巧,2026-08-16,
【面试招聘】聊聊秋招中的面试技巧,https://blog.csdn.net/fengdu78/article/details/108414128,web,面试技巧,2026-08-16,
2026版前端面试八股文总结（春招+秋招+社招）,https://zhuanlan.zhihu.com/p/2042655965330281433,web,面试技巧,2026-08-16,
怎么准备面试？面试官一般会问些什么问题？,https://www.zhihu.com/question/20798879,web,面试什么话该说,2026-08-16,
超经典面试问题50问（附答案）,https://zhuanlan.zhihu.com/p/524572557,web,面试什么话该说,2026-08-16,
千万别在面试时说这九句傻话,https://zhuanlan.zhihu.com/p/101101544,web,面试什么话不能说,2026-08-16,
[2026秋招必看] 应届生全行业通用谈薪与反压价指南,https://www.cnblogs.com/nut-king/p/20271660,web,谈薪技巧,2026-08-16,
面试被问期望薪资怎么回答：不同场景下的报价策略与话术（2026）,https://www.mianlingai.com/blog/expected-salary-interview-answer-guide-2026,web,谈薪技巧,2026-08-16,
HR问：你期望的薪资是多少？如何回答,https://www.nowcoder.com/creation/subject/74575a04cfc6422584be98b59835ebdf,web,谈薪技巧,2026-08-16,
面试时，对方问你期望薪资多少 应该怎么回答？,https://www.nowcoder.com/discuss/353153856592879616,web,谈薪技巧,2026-08-16,
面试时如何说自己的优缺点,https://www.sanmao.com/wenda/5088186.html,web,面试优缺点怎么说,2026-08-16,
面试时HR问你的性格优势和缺点是什么，怎么回答？,https://www.100chui.com/article/464562.html,web,面试优缺点怎么说,2026-08-16,
校招面试中问到自己的优缺点怎么回答,https://www.highmarkcareer.com/InterviewSkill/3751.html,web,面试优缺点怎么说,2026-08-16,
面试等不到回复，如何高情商询问hr结果？,https://www.chinaacc.com/jiuye/zcbk/zh20230814121442.shtml,web,面试完等通知,2026-08-16,
面试完是等结果好还是直接问结果好？,https://youle.zhipin.com/questions/727133d2fac898f9tnZ-3d6_FFc~.html,web,面试完等通知,2026-08-16,
面试完以后，HR多久给回复是比较合理的？,https://zhuanlan.zhihu.com/p/541196958,web,面试完等通知,2026-08-16,
大家面试后一般多少长时间会有结果？,https://www.zhihu.com/question/65344674,web,面试完等通知,2026-08-16,
面试后一般要几天才能收到通知？,https://www.zhihu.com/question/316154733,web,面试完等通知,2026-08-16,
面试后，说3天内给通知 是否就没戏了啊？,https://www.zhihu.com/question/408086552,web,面试完等通知,2026-08-16,
面试过了，HR说要等内部审批才给发正式offer，请问这种情况要等多久呢？,https://zhuanlan.zhihu.com/p/599360694,web,面试完等通知,2026-08-16,
面试完多久没通知就是没戏了？,https://wenku.51job.com/article453452/,web,面试完等通知,2026-08-16,
面试后没回音，要主动联系HR吗？,https://www.sohu.com/a/246173163_99900102,web,面试完等通知,2026-08-16,
面试后两天还没消息，要不要打电话问问？,https://www.zhihu.com/question/23754449/answer/3038894586,web,面试完等通知,2026-08-16,
"面试后HR说""回去等通知""，是不是就凉了？",https://zhuanlan.zhihu.com/p/83132189,web,面试完等通知,2026-08-16,
面试后没音讯可以主动联系HR吗？,https://zhuanlan.zhihu.com/p/42680872,web,面试完等通知,2026-08-16,
面试后没音讯可以主动联系HR吗（面试宝典）,https://h.clouderwork.com/zhaopin/details_941.html,web,面试完等通知,2026-08-16,
面試後不該就此沉寂：最實用的Follow-Up Email模板與寫法全解析（中英文範例）,https://jason-career.com/follow-up-email-template/,web,面试完等通知,2026-08-16,
面试后感谢信怎么写-面试官喜欢的感谢信范文,https://www.roberthalf.cn/zh/career-advice/interview/thank-you,web,面试完等通知,2026-08-16,
面试后跟进邮件完整指南：三种英文模板助你告别等待焦虑,https://www.aceround.app/zh-cn/blog/post-interview-followup-email-zh-cn/,web,面试完等通知,2026-08-16,
面试后感谢信模板(10篇),https://www.haofabiao.com/haowen/18848.html,web,面试完等通知,2026-08-16,
Follow-up邮件！保持你的专业和好形象！,https://raenoconsulting.com/2020/10/29/follow-up%E9%82%AE%E4%BB%B6%EF%BC%81%E4%BF%9D%E6%8C%81%E4%BD%A0%E7%9A%84%E4%B8%93%E4%B8%9A%E5%92%8C%E5%A5%BD%E5%BD%A2%E8%B1%A1%EF%BC%81/,web,面试完等通知,2026-08-16,
見工後的follow-up/thank you email作用大不大？抄範本或弄巧反拙,https://hk.jobsdb.com/career-advice/article/見工後的follow-up-thank-you-email作用大不大-抄範本或弄巧反拙,web,面试完等通知,2026-08-16,
面试时遇到不会的问题怎样回答比较得体?,https://www.zhihu.com/question/11156472752,web,面试官敷衍话术,2026-08-16,
面试时被面试官问到哑口无言？这个方法或许可以帮助你,https://zhuanlan.zhihu.com/p/428824246,web,面试官敷衍话术,2026-08-16,
面试官说你回答的不够深入，怎么办？,https://zhuanlan.zhihu.com/p/583497800,web,面试官敷衍话术,2026-08-16,
面试官故意刁难我怎么办？压力面试应对攻略,https://zhuanlan.zhihu.com/p/150263662,web,面试官敷衍话术,2026-08-16,
干货 | 压力面：面试官嫌我已经25岁了，我能怼他吗？,https://zhuanlan.zhihu.com/p/56712352,web,面试官敷衍话术,2026-08-16,
技术面试中，遇到不会回答的问题怎么破？,https://zhuanlan.zhihu.com/p/171950203,web,面试官敷衍话术,2026-08-16,
求职面试时最常见的问题都有哪些？怎么应对？,https://www.zhihu.com/question/22853371,web,面试官敷衍话术,2026-08-16,
说说我最近筛简历和面试的感受,https://www.nowcoder.com/discuss/526444192977997824,web,面试官敷衍话术,2026-08-16,
只有在海外职场才懂，原来外国人这样写邮件,https://www.xiaohongshu.com/explore/688b5a5800000000050073fd,xhs,职场表达,2026-08-17,6851
“你的缺点是什么？” 面试别再说完美主义了,"ID后8位:06007907(本轮风控未能取得完整noteId,待下轮补全)",xhs,面试什么话该说,2026-08-17,897
分享一个好用的答题思路,"ID后8位:1b01feb3(本轮风控未能取得完整noteId,待下轮补全)",xhs,面试什么话该说,2026-08-17,3834
面试不能说名字，面试官等的是你怎么拒绝,"ID后8位:33035e05(本轮风控未能取得完整noteId,待下轮补全)",xhs,面试什么话不能说,2026-08-17,赞
外企|汇报/年终总结/述职万能SOP话术模版,"ID后8位:22008bbc(本轮风控未能取得完整noteId,待下轮补全)",xhs,个人工作汇报话术,2026-08-17,784
优秀员工述职:半句不讲奉献 全是工作亮点❗,"ID后8位:1a032c33(本轮风控未能取得完整noteId,待下轮补全)",xhs,个人工作汇报话术,2026-08-17,382
超实用！外企向老板汇报工作必备60句💡,"ID后8位:27003847(本轮风控未能取得完整noteId,待下轮补全)",xhs,个人工作汇报话术,2026-08-17,773
不会汇报都去学习影视飓风。。,"ID后8位:0d034fc5(本轮风控未能取得完整noteId,待下轮补全)",xhs,个人工作汇报话术,2026-08-17,11.2万
第13集 | 向上汇报老板最想听啥？,"ID后8位:21000d05(本轮风控未能取得完整noteId,待下轮补全)",xhs,个人工作汇报话术,2026-08-17,5177
如何像资深人士一样汇报工作,"ID后8位:0c0187c5(本轮风控未能取得完整noteId,待下轮补全)",xhs,个人工作汇报话术,2026-08-17,1342
向上管理英语怎么说？职场汇报必备表达整理,"ID后8位:36003159(本轮风控未能取得完整noteId,待下轮补全)",xhs,个人工作汇报话术,2026-08-17,103
进职场先学会汇报！年终述职复盘,"ID后8位:16020b3a(本轮风控未能取得完整noteId,待下轮补全)",xhs,个人工作汇报话术,2026-08-17,6068
如何改变肢体动作让你看起来更自信,"ID后8位:1e026a42(本轮风控未能取得完整noteId,待下轮补全)",xhs,面试肢体语言,2026-08-17,9026
Networking 为什么有些人不说很多,"ID后8位:06036f14(本轮风控未能取得完整noteId,待下轮补全)",xhs,面试肢体语言,2026-08-17,8
自信的身体语言,"ID后8位:1e031db8(本轮风控未能取得完整noteId,待下轮补全)",xhs,面试肢体语言,2026-08-17,1.7万
Interview｜坐姿影响面试形象,"ID后8位:04003a02(本轮风控未能取得完整noteId,待下轮补全)",xhs,面试肢体语言,2026-08-17,85
🥇冠军的演讲手势101：起始手势,"ID后8位:0b012b03(本轮风控未能取得完整noteId,待下轮补全)",xhs,面试肢体语言,2026-08-17,453
主持人揭秘|一分钟get3️⃣万能手势✔️,"ID后8位:2903ff2a(本轮风控未能取得完整noteId,待下轮补全)",xhs,面试肢体语言,2026-08-17,490
🇬🇧哈？这么简单就能让面试官也喜欢上你？？,"ID后8位:1d00ff30(本轮风控未能取得完整noteId,待下轮补全)",xhs,面试肢体语言,2026-08-17,366
面试听到这些基本就过了,https://www.nowcoder.com/feed/main/detail/cb5f2a65450143f0a4700a3768030c49,web,面试有戏的信号,2026-08-17,
面试有戏的5大信号，你看懂了吗？,https://zhuanlan.zhihu.com/p/591285001,web,面试有戏的信号,2026-08-17,
面试中老师出现这些行为，证明offer稳了？！,https://zhuanlan.zhihu.com/p/627335627,web,面试有戏的信号,2026-08-17,
面试官发出这6大信号，意味着你面试有戏！,https://wenku.51job.com/article448514/,web,面试有戏的信号,2026-08-17,
面试结果有没有戏的6大信号,https://www.100chui.com/article/146693.html,web,面试有戏的信号,2026-08-17,
7个简单技巧，让你从容应对压力面试！,https://blog.csdn.net/m0_60166861/article/details/134782120,web,压力面试应对,2026-08-17,
7个简单技巧，让你从容应对压力面试！(技术版),https://blog.csdn.net/IT_LanTian/article/details/134737188,web,压力面试应对,2026-08-17,
面试中如何应对压力面?,https://www.zhihu.com/question/29631480,web,压力面试应对,2026-08-17,
面对压力面试的套路，有哪些应对技巧？,https://wenku.51job.com/article441381/,web,压力面试应对,2026-08-17,
面试官故意刁难，我该怎么办？,https://36kr.com/p/1260370037687168,web,压力面试应对,2026-08-17,
困在“压力面试”中的HR，如何走出误区,https://m.huxiu.com/article/641772.html,web,压力面试应对,2026-08-17,
语言表达能力很差怎么办？有办法提升吗？,https://zhuanlan.zhihu.com/p/621381783,web,职场表达,2026-08-17,
表达能力差的原因，是因为你肚子里“没货”！,https://zhuanlan.zhihu.com/p/24280279,web,职场表达,2026-08-17,
如何克服讲话时思维混乱、没条理、没重点？,https://zhuanlan.zhihu.com/p/578526200,web,职场表达,2026-08-17,
一个人表达能力欠缺，会造成什么问题？,https://zhuanlan.zhihu.com/p/341526112,web,职场表达,2026-08-17,
表达能力差，说话没有逻辑：掌握三个步骤,https://k.sina.cn/article_6642576083_18bedaad300100pxa0.html,web,职场表达,2026-08-17,
面试禁忌,https://blog.csdn.net/hongyu6/article/details/1396802,web,面试什么话不能说,2026-08-17,
面试时管好你的手和脚，这些技能pick一下！,https://m.51job.com/news/detail.php?newsid=05_425526,web,面试肢体语言,2026-08-17,
面试中你需要注意的9个肢体语言,https://www.hrloo.com/news/48242.html,web,面试肢体语言,2026-08-17,
面试中如何保持良好的姿势和肢体语言？,https://www.mbalib.com/ask/question-8c2ac9d7e9fa3677d9c23203e6bec5ff.html,web,面试肢体语言,2026-08-17,
面试及与人交谈时，要注意你的肢体语言向对方表达了什么？,https://blog.csdn.net/yanghangjun/article/details/5980538,web,面试肢体语言,2026-08-17,
职场｜面试前要学会的9个肢体语言技巧,https://syok.my/cn/trending/interview-body-language-9,web,面试肢体语言,2026-08-17,
在职场中向上司汇报工作时，如何做到「有效沟通」？,https://www.zhihu.com/question/650519424,web,个人工作汇报话术,2026-08-17,
跟领导汇报工作，多说四句话,http://chnihc.com/research-center/research-library/library-joblist/38711.html,web,个人工作汇报话术,2026-08-17,
面试完也谈薪了，后来发微信问HR进展没回复,https://www.zhihu.com/question/434797795,web,词库佐证_等通知与面评,2026-08-17,
面试后没回复，怎么礼貌询问HR结果？,https://zhuanlan.zhihu.com/p/668354454,web,词库佐证_等通知与面评,2026-08-17,
应届生必看——面试等不到回复，如何高情商询问hr结果,https://gjb.ztbu.edu.cn/2023_03/20_08/content-42158.html,web,词库佐证_等通知与面评,2026-08-17,
面试结束后要问面试官评价吗？,https://www.nowcoder.com/feed/main/detail/9da401531d694f6cb76aa72fb7de4884,web,词库佐证_等通知与面评,2026-08-17,
面试官说我之前也面过其他人但对你意向很高，如何回答？,https://www.nowcoder.com/feed/main/detail/3a80ba4b57334684b929345f0b85ad6c,web,词库佐证_等通知与面评,2026-08-17,
面试后要不要主动询问结果？,https://blog.csdn.net/liudada8265/article/details/109590294,web,词库佐证_等通知与面评,2026-08-17,
如何回答“你没有经验，我们为什么录用你”,https://blog.csdn.net/itguangzhi/article/details/78416376,web,词库佐证_等通知与面评,2026-08-17,
如何巧妙地询问面试结果？,https://zhuanlan.zhihu.com/p/544444997,web,词库佐证_等通知与面评,2026-08-17,
求问：面试官说“后续hr会联系你”是不是就凉了？,https://www.nowcoder.com/feed/main/detail/95dab7d3b42e4de09b19f66e1e5ffb23,web,词库佐证_等通知与面评,2026-08-17,
职场怪谈:技术面试过了一般HR多久联系？,https://www.cnblogs.com/qa-freeroad/p/14193945.html,web,词库佐证_等通知与面评,2026-08-17,
面试官说“后面hr应该会联系你”是指的能进入hr面试了吗？,https://www.zhihu.com/question/321672949/answer/683011643,web,词库佐证_等通知与面评,2026-08-17,
面试时对方说“回去等通知吧”，什么意思,https://zhuanlan.zhihu.com/p/98685469,web,词库佐证_等通知与面评,2026-08-17,
面试后让你等通知的意思｜“等通知吧”背后的真实逻辑,https://wiki.jianlipai.com/wait-for-notification-meaning.html,web,词库佐证_等通知与面评,2026-08-17,
技术面试反问环节,https://www.nowcoder.com/feed/main/detail/a4f0b1b3196744d0a7d7d0d66f5b2439,web,词库佐证_等通知与面评,2026-08-17,
面试反问环节该怎么应对,https://www.nowcoder.com/discuss/469307088594796544,web,词库佐证_等通知与面评,2026-08-17,
面试反问环节，问什么会不踩雷？,https://www.nowcoder.com/discuss/745365248202326016,web,词库佐证_等通知与面评,2026-08-17,
面试官最后说:感谢你的时间 必挂,https://www.nowcoder.com/discuss/412995828212682752,web,词库佐证_等通知与面评,2026-08-17,
（无标题·图文）,https://www.xiaohongshu.com/explore/69a6292e000000002603f897,小红书,万能救场话术,2026-08-17,2411
🔥“董卿式”主持救场话术万能模板来啦！,https://www.xiaohongshu.com/explore/698561a90000000022020e34,小红书,万能救场话术,2026-08-17,649
3个场面话套路,https://www.xiaohongshu.com/explore/69d9ae6e000000001a0251ee,小红书,万能救场话术,2026-08-17,2.2万
被临时点名发言，6个万能公式，让你出口成章,https://www.xiaohongshu.com/explore/68a4092c000000001c012ce8,小红书,万能救场话术,2026-08-17,1302
突然被cue却不会回答？用这个框架稳住全场,https://www.xiaohongshu.com/explore/67e1f288000000001c00c8e5,小红书,万能救场话术,2026-08-17,408
可以提供情绪价值的万能话术,https://www.xiaohongshu.com/explore/698b25b3000000001a033fef,小红书,万能救场话术,2026-08-17,875
🔥混社会必背的100句万能场面话,https://www.xiaohongshu.com/explore/69f21d270000000038035188,小红书,万能救场话术,2026-08-17,883
第一次见面没话说？这5句救场,https://www.xiaohongshu.com/explore/6a82ca7e000000000f03a400,小红书,万能救场话术,2026-08-17,0
央媒主持救场话术｜我说了啥才把场救回来？,https://www.xiaohongshu.com/explore/671a100a0000000026034277,小红书,万能救场话术,2026-08-17,1521
混社会必背的30句万能场面话,https://www.xiaohongshu.com/explore/69fb1327000000003502b131,小红书,万能救场话术,2026-08-17,3638
如何锻炼你的临场应变能力❓,https://www.xiaohongshu.com/explore/69cfae33000000001d01d368,小红书,万能救场话术,2026-08-17,460
30句万能场面话,https://www.xiaohongshu.com/explore/6a4bc469000000000f01f5ad,小红书,万能救场话术,2026-08-17,124
央视级主持救场话术｜拆解4种突发状况㊙️,https://www.xiaohongshu.com/explore/698c6271000000001a034743,小红书,万能救场话术,2026-08-17,358
雅思口语救场万能句式，能救命🆘,https://www.xiaohongshu.com/explore/6763b0b6000000000b021717,小红书,万能救场话术,2026-08-17,3083
背下来，你的周例会发言就厉害了,https://www.xiaohongshu.com/explore/6a661b1b00000000100282ec,小红书,例会发言技巧,2026-08-17,1623
（无标题·图文）,https://www.xiaohongshu.com/explore/69aa5f1d000000002603f2ab,小红书,例会发言技巧,2026-08-17,1228
开会发言能力提升sop，开口就赢（开会3）,https://www.xiaohongshu.com/explore/69d4dba00000000023007cea,小红书,例会发言技巧,2026-08-17,3091
领导让你做会议总结，应该怎么说？🧐,https://www.xiaohongshu.com/explore/690af1440000000007036770,小红书,例会发言技巧,2026-08-17,2.5万
在工作中如何主持会议,https://www.xiaohongshu.com/explore/663423d4000000001e018436,小红书,例会发言技巧,2026-08-17,1456
讲过几百场演讲之后，我的6条小秘诀,https://www.xiaohongshu.com/explore/65abb3ab000000002e0050ba,小红书,例会发言技巧,2026-08-17,3601
周例会发言没逻辑？四套模板直接套用！,https://www.xiaohongshu.com/explore/6a7bce9c0000000005021099,小红书,例会发言技巧,2026-08-17,35
让领导学习如何开会,https://www.xiaohongshu.com/explore/677bb26a000000000100b8d2,小红书,例会发言技巧,2026-08-17,2728
沟通能力强的人，说话顺序都是这样,https://www.xiaohongshu.com/explore/68ce85d30000000013005a38,小红书,职场表达,2026-08-17,-
HR说会通知你，被拒的从来不是这句,https://www.xiaohongshu.com/explore/6a81e41e000000003302e4e8,小红书,面试技巧,2026-08-17,0
已力竭...面试问缺点到底该怎么答,https://www.xiaohongshu.com/explore/69df675b000000001a02e2ac,小红书,面试什么话该说,2026-08-17,1519
千万不要在求职面试时说这句话。,https://www.xiaohongshu.com/explore/689f3000000000001d00df42,小红书,面试什么话不能说,2026-08-17,497
面试的时候这几句话千万别说,https://www.xiaohongshu.com/explore/6a052780000000003502c23d,小红书,面试什么话不能说,2026-08-17,13
去面试，不该说的不要说,https://www.xiaohongshu.com/explore/6a0ae5bf0000000037036cff,小红书,面试什么话不能说,2026-08-17,82
面试：为啥越怕越要面？,https://www.xiaohongshu.com/explore/68b38944000000001d01ab1d,小红书,克服面试恐惧,2026-08-17,384
活人感～最高级的表达，最清醒的发言,https://www.xiaohongshu.com/explore/69bf54010000000022001d25,小红书,演讲开场白,2026-08-17,1.2万
乔布斯这场演讲，创业人都该收藏反复看,https://www.xiaohongshu.com/explore/696633fa0000000009038c99,小红书,演讲开场白,2026-08-17,1500
面试紧张如何缓解：找工作害怕面试怎么办？,https://www.sohu.com/a/559860741_121087545,网页搜索,克服面试恐惧,2026-08-17,—
面试紧张怎么办,https://www.niaogebiji.com/article-111997-1.html,网页搜索,克服面试恐惧,2026-08-17,—
面试紧张怎么办？2026 年克服面试紧张的实用方法,https://prismresume.cn/blog/,网页搜索,克服面试恐惧,2026-08-17,—
很吸引人的10句开场白:非常经典的开场白适合公众演讲,https://zhuanlan.zhihu.com/p/367570999,网页搜索,演讲开场白,2026-08-17,—
演讲6种开场方法！开场白和结束语,https://zhuanlan.zhihu.com/p/324511305,网页搜索,演讲开场白,2026-08-17,—
高效进行周例会的5个原则，效率分分钟翻倍！,https://boardmix.cn/article/weeklymeetings/,网页搜索,例会发言技巧,2026-08-17,—
如何开好例会,https://m.cnitpm.com/pm/6545.html,网页搜索,例会发言技巧,2026-08-17,—
会有结果 | 大多数人开「周例会」就是浪费时间,https://zhuanlan.zhihu.com/p/60711113,网页搜索,例会发言技巧,2026-08-17,—
公司周例会怎么开？（上）,https://zhuanlan.zhihu.com/p/90300518,网页搜索,例会发言技巧,2026-08-17,—
职场技能：如何做好会议发言,https://zhuanlan.zhihu.com/p/58159014,网页搜索,例会发言技巧,2026-08-17,—
临场不乱，秒变演说家！7大绝招让你临时讲话也能大放异彩,https://www.163.com/dy/article/J28RHANE0544N6L9.html,网页搜索,万能救场话术,2026-08-17,—
被临时点名发言，6个万能公式让你出口成章！（超实用）,https://m.sohu.com/a/921653038_121123872/,网页搜索,万能救场话术,2026-08-17,—
开会时，领导突然点名让你讲几句，但你却没有提前做好准备的时候，该怎么办？,https://www.zhihu.com/question/454031031,网页搜索,万能救场话术,2026-08-17,—
临时发言万能三句话,https://zhidao.baidu.com/question/275037318971930325.html,网页搜索,万能救场话术,2026-08-17,—
领导突然点名让你讲两句，如何应对？分享4个即兴发言公式,https://zhuanlan.zhihu.com/p/679736995,网页搜索,万能救场话术,2026-08-17,—
万能场面话分享,https://www.sina.cn/news/detail/5300056988847237.html,网页搜索,万能救场话术,2026-08-17,—
主持人该如何救场?,https://www.zhihu.com/question/554237058,网页搜索,万能救场话术,2026-08-17,—
提高表达能力,https://www.cnblogs.com/gxunique/p/11605861.html,网页搜索,职场表达,2026-08-17,—
提升「逻辑」思维能力的13本书,https://zhuanlan.zhihu.com/p/285203534,网页搜索,职场表达,2026-08-17,—
