日期,来源链接,用户原话,暴露的处境,候选词
2026-08-01,https://www.xiaohongshu.com/explore/69e8a09800000000220263de,小人会把你身边的人都拉过去，不知道说了什么，然后那些人都来说些莫名其妙的话，然后你就是一个人了！,同事被人挑拨孤立、职场社交被架空,职场被孤立怎么办
2026-08-01,https://www.xiaohongshu.com/explore/68a81fcd000000001b03d1c8,我覺得這個方法對我們長得幼嫩的人不可行，不出聲他們下次會繼續作他們的死，而我的經驗是只要我發火讓他們難堪他們就不會再咁對我不尊重，哪怕他怕的不是我的火氣，而是我想他知道他每次對我的不尊重我也會讓他難堪的，請他們打算不尊重我的時候考慮一下後果,因外貌显嫩/资历浅被同事轻视和不尊重,职场被轻视怎么办
2026-08-18,https://www.xiaohongshu.com/explore/6a051e9e00000000080026df?xsec_token=ABX98OOVjvrVL3rZGpK4x_qCApO410ncr28KJYMInB1HI=&xsec_source=pc_search,啊！同事姐姐经常说：你心细，学东西快了，我不行。我每次都不知道怎么回击🫠,被同事夸奖后不知道如何高情商接话回应,同事夸你不知道怎么回/被夸怎么高情商回复
2026-08-18,https://www.xiaohongshu.com/explore/69ff2c2e000000001b023cd5?xsec_token=AByYjk_7zBFXAxEVpF9TnVUShiIMiN7QUhc-kV4LR1kUY=&xsec_source=pc_search,(作者对用户处境的回复原话)看HR回复有点悬了…前两轮面试都通过了…现在就是看前面两轮面试官和HR能不能劝说三面面试官,三面前两轮已通过但等结果心里没底、HR回复口气让人不安,面试三面前通过但没消息还有希望吗
2026-08-01,https://www.xiaohongshu.com/explore/6a6dabeb0000000028006e67?xsec_token=ABk31yDVGRaeJy7muaLFSpuDnD43szJsYzgEl4E0Pk4EU=&xsec_source=pc_feed,好的，那我先干一年看看有没有学术天赋，研二上就及时调整，您看这样可以吗,研0学生对是否继续读研深耕学术还是及时转行心里没底、用商量语气自我说服,研究生要不要读博还是工作纠结怎么办
2026-08-01,https://www.xiaohongshu.com/explore/6980a238000000000a0284b5?xsec_token=ABkwVhSwSuEceyASCD9S0NgCEtBMc-QwbtjCD4zCKddMg=&xsec_source=pc_feed,说得真对，我就是担起了一个烂摊子，连续几年老板都主动给我常规幅度双倍的涨薪,主动接手无人愿管的烂摊子/难项目换来了连续多年翻倍涨薪的真实经历,主动接烂摊子能换来涨薪吗
2026-08-02,https://www.xiaohongshu.com/explore/6a6dae0500000000220318f3,调薪43元，挑战全网最低,本轮调薪金额低到几乎可忽略不计，员工自嘲吐槽涨薪形同虚设,调薪只涨了几十块怎么吐槽
2026-08-02,https://www.xiaohongshu.com/explore/6a6dae0500000000220318f3,降薪也是调薪🐵你这起码是正的,同事间互相安慰对比，暗示自己实际经历过降薪却被包装成调薪,降薪算不算调薪
2026-08-02,https://www.xiaohongshu.com/explore/69bcd42e0000000023025c63,说了。有些下属该想着欺负你的还是照常欺负,照着破冰话术做完，下属依然不服管、继续冒犯,空降后下属不服管怎么办
2026-08-02,https://www.xiaohongshu.com/explore/69bcd42e0000000023025c63,谢谢，明天要空降入职了，我修改一下 用的上,明天就要空降入职，临到头才在找开场话术,
2026-08-02,https://www.xiaohongshu.com/explore/69bcd42e0000000023025c63,得了，19号就用，正好还要培训,已定入职日期，需要在带团队培训场合直接套用的话,
2026-08-02,https://www.xiaohongshu.com/explore/682f7e0d000000002102a3d3,约谈的时候不通知对方前提下打开录音有效吗,担心裁员面谈里的口头承诺事后不认，想录音又不确定合不合法,裁员面谈录音有效吗
2026-08-02,https://www.xiaohongshu.com/explore/682f7e0d000000002102a3d3,不想干了还要编一堆理由说我为啥不想干了,抗拒为离职编造体面理由，但又知道直说会吃亏,离职原因不想编怎么说
2026-08-02,https://www.xiaohongshu.com/explore/682f7e0d000000002102a3d3,我直接说了 underpaid,直接把「钱少」当离职原因说出口，事后不确定这样对不对,
2026-08-02,https://www.xiaohongshu.com/explore/68350b2c00000000120047a3?xsec_token=ABnItfnlKtrdmsZAyljOayrnmgXR3wUPAmEAcuOaTZ26I=,确实总结到位。不过作为金融IT狗，感觉互联网的汇报风格和我们差别还挺大，我们更看重合规、风险和数据口径的严谨性。有同感的朋友可以点个赞，我看看要不要专门写一篇金融IT版本的,金融IT从业者反映通用汇报方法论与本行业合规/风险/数据口径严谨性的实际需求存在差异，希望有针对性版本,金融IT行业汇报怎么讲重合规风险
2026-08-02,https://www.xiaohongshu.com/explore/6a5e2dc40000000014004207?xsec_token=ABoihdyoCA0DQjoIvzznrui1OaVBQc-r02jBNHIGckk-0=,我两年没工作昨说,长期职业空窗期（两年未工作）不知道面试时该如何主动说明,两年没工作面试怎么说
2026-08-02,https://www.xiaohongshu.com/explore/69744bc6000000000e00edb0?xsec_token=ABcaxvaqfW3yiOURBJLTlwIFWrXpvF97uv7xcDfDda5PI=&xsec_source=pc_search,考公考编空窗期怎么说,备考公务员/事业编导致简历出现职业空窗期，面试时不知如何主动向HR解释这段经历,考公考编空窗期怎么说
2026-08-02,https://www.xiaohongshu.com/explore/6a02f0f5000000000803e177?xsec_token=ABkXFKZTxfjr6_TrB3sY0sOPrH8d7gwTXXjlInKK7RSqQ=&xsec_source=pc_search,世另我🐒当时以为默认谈的是税后，结果……,入职谈薪时未主动确认税前税后口径，默认理解错误导致到手工资远低于预期,谈薪没问清楚税前税后怎么办
2026-08-02,https://www.xiaohongshu.com/explore/6a02f0f5000000000803e177?xsec_token=ABkXFKZTxfjr6_TrB3sY0sOPrH8d7gwTXXjlInKK7RSqQ=&xsec_source=pc_search,老师，收到offer那么多都是一条条问的吗😭感觉问太多了会不会让人觉得不稳定啊,拿到口头offer后想按清单逐项确认细则，又担心问题问多了显得不够干脆、给HR留下不稳定印象,谈薪问题问多了会不会显得不稳重
2026-08-02,https://www.xiaohongshu.com/explore/6a02f0f5000000000803e177?xsec_token=ABkXFKZTxfjr6_TrB3sY0sOPrH8d7gwTXXjlInKK7RSqQ=&xsec_source=pc_search,入职前跟我说了年终奖是13薪，但忘记问中途入职怎么算🥲，现在转正一直没给我发，说需要通过+2跟我谈话根据情况发这对吗,入职时未问清年终奖对非全年在职员工的折算规则，转正后年终奖发放被和绩效谈话结果绑定，处于被动等待状态,年终奖中途入职怎么算
2026-08-02,（记忆库·采集标题）,自我介绍,面试｜出自热度 48000 的笔记：原来大家面试时「自我介绍」都是这么回答,
2026-08-02,（记忆库·采集标题）,你的缺点,"面试｜出自热度 15000 的笔记：HR问""你的缺点""该怎么回答（一篇讲清楚）文字版",
2026-08-02,（记忆库·采集标题）,还有其他offer吗,"谈薪｜出自热度 9872 的笔记：面试被问""还有其他offer吗""，超绝答案‼",
2026-08-02,（记忆库·采集标题）,你的缺点是什么,待归类｜出自热度 6639 的笔记：“你的缺点是什么” 我听过最真诚的回答,
2026-08-02,（记忆库·采集标题）,"这几个词一出现,就暴露你在用 AI","待归类｜出自热度 2261 的笔记：「这几个词一出现,就暴露你在用 AI」",
2026-08-02,（记忆库·采集标题）,你永远不会知道说中文的我有多聪明,"待归类｜出自热度 989 的笔记：""你永远不会知道说中文的我有多聪明""",
2026-08-02,（记忆库·采集标题）,有别的offer吗,"谈薪｜出自热度 753 的笔记：HR问""有别的offer吗""，到底怎么答",
2026-08-02,https://www.xiaohongshu.com/explore/698884ca000000000e03d655?xsec_token=AByV1XBqZUbbWNeo_IKurk7gLzHtXZ7fmKNPcU2TQ_dlk=&xsec_source=pc_search,@问一问 把图片内容整理成文字稿,探测词：总经理终面一般会问什么,
2026-08-02,https://www.xiaohongshu.com/explore/6a5e2dc40000000014004207?xsec_token=ABoihdyoCA0DQjoIvzznrui1OaVBQc-r02jBNHIGckk-0=&xsec_source=pc_search,我现在的工作也很轻松 每天工作6-8小时 工资8000没压力,探测词：总经理终面一般会问什么,
2026-08-02,https://www.xiaohongshu.com/explore/6a5e2dc40000000014004207?xsec_token=ABoihdyoCA0DQjoIvzznrui1OaVBQc-r02jBNHIGckk-0=&xsec_source=pc_search,对面问薪资该如何回答 ，我是这样回答 期望薪资在你们的写的范围内,探测词：总经理终面一般会问什么,
2026-08-02,https://www.xiaohongshu.com/explore/6a5e2dc40000000014004207?xsec_token=ABoihdyoCA0DQjoIvzznrui1OaVBQc-r02jBNHIGckk-0=&xsec_source=pc_search,我就学了这个，被人家说是AI,探测词：总经理终面一般会问什么,
2026-08-02,https://www.xiaohongshu.com/explore/6a5e2dc40000000014004207?xsec_token=ABoihdyoCA0DQjoIvzznrui1OaVBQc-r02jBNHIGckk-0=&xsec_source=pc_search,之前自学上岸都是一边背资料一边模拟练习,探测词：总经理终面一般会问什么,
2026-08-02,https://www.xiaohongshu.com/explore/6a5e2dc40000000014004207?xsec_token=ABoihdyoCA0DQjoIvzznrui1OaVBQc-r02jBNHIGckk-0=&xsec_source=pc_search,来到公司就像回到家，我对下班没概念。单身，没有结婚打算，缺钱。ok拿捏死[棒R]成功一半,探测词：总经理终面一般会问什么,
2026-08-02,https://www.xiaohongshu.com/explore/6a5e2dc40000000014004207?xsec_token=ABoihdyoCA0DQjoIvzznrui1OaVBQc-r02jBNHIGckk-0=&xsec_source=pc_search,都是虚的 有的能力强的就是懒得说客套话。会说客套话的不一定做的好。作为老板认不清这一点趁早关了公司找个班儿上，一天天的净整这些虚的,探测词：总经理终面一般会问什么,
2026-08-02,https://www.xiaohongshu.com/explore/6a5e2dc40000000014004207?xsec_token=ABoihdyoCA0DQjoIvzznrui1OaVBQc-r02jBNHIGckk-0=&xsec_source=pc_search,礼貌借楼！楼主发财！ 🎈乌鲁木齐想做短视频的姐妹快看！这家公司真的不内卷 同事相处都很舒服，不用天天内耗加班 出境主播和幕后人员全都在招人，零基础也能带，待遇很实在（化妆师 主持 经纪人 主播） 想找稳定工作的可以私信问问～,探测词：总经理终面一般会问什么,
2026-08-02,https://www.xiaohongshu.com/explore/69d7063600000000210122ce?xsec_token=ABSNoVHsMcXM505990WyHIcXXY6x96oGo4-nUTX-vdKa0=&xsec_source=pc_search,谢谢你的分享，但我不觉得第一个说辞有问题。反观重点是面试时的语气，这个才更重要。面试者要很有自信的说出这句话，只有唯唯诺诺才会显得你低人一等。,探测词：总经理终面一般会问什么,
2026-08-02,https://www.xiaohongshu.com/explore/69d7063600000000210122ce?xsec_token=ABSNoVHsMcXM505990WyHIcXXY6x96oGo4-nUTX-vdKa0=&xsec_source=pc_search,"maybe it is the difference between interview and real work. at work, a company doesn't value equality at all.",探测词：总经理终面一般会问什么,
2026-08-02,https://www.xiaohongshu.com/explore/69d7063600000000210122ce?xsec_token=ABSNoVHsMcXM505990WyHIcXXY6x96oGo4-nUTX-vdKa0=&xsec_source=pc_search,可是面试官也说了，感谢我花时间来参加这个面试啊他能说，我不能说,探测词：总经理终面一般会问什么,
2026-08-02,https://www.xiaohongshu.com/explore/69b660b30000000021006586?xsec_token=ABEwDNZTz6J8Nuo1MCcNWuwwvgiXDYNnhR9v1mC4LF3Ss=&xsec_source=pc_search,有无笔版的吗，字好看想做壁纸,探测词：晋升答辩 数据来源被追问 怎么答,
2026-08-02,https://www.xiaohongshu.com/explore/69b660b30000000021006586?xsec_token=ABEwDNZTz6J8Nuo1MCcNWuwwvgiXDYNnhR9v1mC4LF3Ss=&xsec_source=pc_search,字好看的想报警，练的什么字体啊？,探测词：晋升答辩 数据来源被追问 怎么答,
2026-08-02,https://www.xiaohongshu.com/explore/69b660b30000000021006586?xsec_token=ABEwDNZTz6J8Nuo1MCcNWuwwvgiXDYNnhR9v1mC4LF3Ss=&xsec_source=pc_search,如此简介的表达，却又如此有效👍,探测词：晋升答辩 数据来源被追问 怎么答,
2026-08-02,https://www.xiaohongshu.com/explore/69b660b30000000021006586?xsec_token=ABEwDNZTz6J8Nuo1MCcNWuwwvgiXDYNnhR9v1mC4LF3Ss=&xsec_source=pc_search,您好，请问5why是什么,探测词：晋升答辩 数据来源被追问 怎么答,
2026-08-02,https://www.xiaohongshu.com/explore/69b660b30000000021006586?xsec_token=ABEwDNZTz6J8Nuo1MCcNWuwwvgiXDYNnhR9v1mC4LF3Ss=&xsec_source=pc_search,第一性原理，批判性和系統性思維可以深入解釋一下嗎？謝謝,探测词：晋升答辩 数据来源被追问 怎么答,
2026-08-02,https://www.xiaohongshu.com/explore/68493b3e0000000022028147?xsec_token=ABYS5TJnLkgLgFe2n4gBO0Dbd8iyrG6Rkpq8wihKkh1fU=&xsec_source=pc_search,@问一问 把视频内容以文字形式输出,探测词：晋升答辩 数据来源被追问 怎么答,
2026-08-02,https://www.xiaohongshu.com/explore/68493b3e0000000022028147?xsec_token=ABYS5TJnLkgLgFe2n4gBO0Dbd8iyrG6Rkpq8wihKkh1fU=&xsec_source=pc_search,我们七月要述职了这个思路真的很棒，我差点又要罗列我的工作了,探测词：晋升答辩 数据来源被追问 怎么答,
2026-08-02,https://www.xiaohongshu.com/explore/68493b3e0000000022028147?xsec_token=ABYS5TJnLkgLgFe2n4gBO0Dbd8iyrG6Rkpq8wihKkh1fU=&xsec_source=pc_search,@问一问 帮我详细的总结视频中的内容,探测词：晋升答辩 数据来源被追问 怎么答,
2026-08-02,https://www.xiaohongshu.com/explore/68493b3e0000000022028147?xsec_token=ABYS5TJnLkgLgFe2n4gBO0Dbd8iyrG6Rkpq8wihKkh1fU=&xsec_source=pc_search,大家嘴里说的价值，高价值，具体用文字怎么说呢,探测词：晋升答辩 数据来源被追问 怎么答,
2026-08-02,https://www.xiaohongshu.com/explore/68493b3e0000000022028147?xsec_token=ABYS5TJnLkgLgFe2n4gBO0Dbd8iyrG6Rkpq8wihKkh1fU=&xsec_source=pc_search,请问一下业务理解板块需要呈现的数据是自己已经做到的数据对于公司或者部门业务方向的帮助吗,探测词：晋升答辩 数据来源被追问 怎么答,
2026-08-02,https://www.xiaohongshu.com/explore/68493b3e0000000022028147?xsec_token=ABYS5TJnLkgLgFe2n4gBO0Dbd8iyrG6Rkpq8wihKkh1fU=&xsec_source=pc_search,角色认知是写当下的角色还是要晋升的那个角色？,探测词：晋升答辩 数据来源被追问 怎么答,
2026-08-02,https://www.xiaohongshu.com/explore/68493b3e0000000022028147?xsec_token=ABYS5TJnLkgLgFe2n4gBO0Dbd8iyrG6Rkpq8wihKkh1fU=&xsec_source=pc_search,讲的真棒，但是jue角色，不是jiao色,探测词：晋升答辩 数据来源被追问 怎么答,
2026-08-02,https://www.xiaohongshu.com/explore/68078bfa000000001202c272?xsec_token=ABOVXCDXpN_HMXnM9aBu3R08Uwq7ugzX1gPRGHrhM67uI=&xsec_source=pc_search,二面的时候那群人跟流水线一样，30分钟一个，感觉还没交流就结束了他们要喊下一个了,探测词：晋升答辩 数据来源被追问 怎么答,
2026-08-02,https://www.xiaohongshu.com/explore/68078bfa000000001202c272?xsec_token=ABOVXCDXpN_HMXnM9aBu3R08Uwq7ugzX1gPRGHrhM67uI=&xsec_source=pc_search,昨天看到了这位的评论 我也点赞了你的帖子[嘻嘻R]加油,探测词：晋升答辩 数据来源被追问 怎么答,
2026-08-02,https://www.xiaohongshu.com/explore/68078bfa000000001202c272?xsec_token=ABOVXCDXpN_HMXnM9aBu3R08Uwq7ugzX1gPRGHrhM67uI=&xsec_source=pc_search,确实，自信平等的面试表现更容易拿到offer ，好几次经历都是越不重视（不是说不认真对待，只是不把对方姿态放在高位），越觉得这家公司我不会去的，结果面试结果都很好，我后来复盘是因为我越是这种状态下，越自信，可以侃侃而谈,探测词：晋升答辩 数据来源被追问 怎么答,
2026-08-02,https://www.xiaohongshu.com/explore/68078bfa000000001202c272?xsec_token=ABOVXCDXpN_HMXnM9aBu3R08Uwq7ugzX1gPRGHrhM67uI=&xsec_source=pc_search,那权贵去哪里看病啊医院都敢安排不怕反噬,探测词：晋升答辩 数据来源被追问 怎么答,
2026-08-02,https://www.xiaohongshu.com/explore/68078bfa000000001202c272?xsec_token=ABOVXCDXpN_HMXnM9aBu3R08Uwq7ugzX1gPRGHrhM67uI=&xsec_source=pc_search,老师能不能再让我进一次复活赛。。,探测词：晋升答辩 数据来源被追问 怎么答,
2026-08-02,https://www.xiaohongshu.com/explore/68078bfa000000001202c272?xsec_token=ABOVXCDXpN_HMXnM9aBu3R08Uwq7ugzX1gPRGHrhM67uI=&xsec_source=pc_search,面试过了，心理测评给我挂了,探测词：晋升答辩 数据来源被追问 怎么答,
2026-08-02,https://www.xiaohongshu.com/explore/68078bfa000000001202c272?xsec_token=ABOVXCDXpN_HMXnM9aBu3R08Uwq7ugzX1gPRGHrhM67uI=&xsec_source=pc_search,人生中的课题会在职场反复出现，确实如此。,探测词：晋升答辩 数据来源被追问 怎么答,
2026-08-02,https://www.xiaohongshu.com/explore/69e7067f0000000021039f48?xsec_token=ABnzAj24hjdG0uGpKfz6mbOQPU80DGjNR3qXVmsDv1wgo=&xsec_source=pc_search,可是第一个不是技术那边说数据不太行还没出来吗？那怎么会有新报表？不是应该怎么回复数据更新没出来的原因吗？,探测词：汇报被领导打断怎么接,
2026-08-02,https://www.xiaohongshu.com/explore/69e7067f0000000021039f48?xsec_token=ABnzAj24hjdG0uGpKfz6mbOQPU80DGjNR3qXVmsDv1wgo=&xsec_source=pc_search,都顺着“领导”方便顺手就好。这没点时间，是不一定能顺明白的,探测词：汇报被领导打断怎么接,
2026-08-02,https://www.xiaohongshu.com/explore/6a32b981000000001c0245f9?xsec_token=ABWceEXMDSPnNzKm9DzMPEj9aWumfzkmrQhoXK0Ji9JzM=&xsec_source=pc_search,真正体会过的人才知道连续好长一段时间经历这样的事情有多崩溃,探测词：汇报被领导打断怎么接,
2026-08-02,https://www.xiaohongshu.com/explore/6a0d875a000000003700ea0d?xsec_token=ABPcuE_PJ-3g8HlVeSNJWQrF5v80CP4vJguXKIx1xy1Ho=&xsec_source=pc_search,每次汇报都能完成这三点的人真的存在吗？,探测词：汇报被领导打断怎么接,
2026-08-02,https://www.xiaohongshu.com/explore/679c48680000000018019792?xsec_token=ABy1JbSsotTzdLZ1pLgNaX7kvWvK2lBEq6PEfx2oXrmIs=&xsec_source=pc_search,1.明确角色 很高兴加入这个团队，经常听领导夸奖咱们团队2.说明工作计划:我刚来不久还不太了解大家的情况，大家的工作一切照旧，接下来我会逐步约大家的时间，跟大家交流的3.设定你的基调，了解到我们团队在过去的工作上可能存在一些卡点，大家可能在一些事情上缺乏一些管理上的支持，有问题欢迎来一起探讨，我非常希望能够跟大家一起并肩作战，让我们这个团队绩效越来越好,探测词：空降新老板前30天怎么站稳,
2026-08-02,https://www.xiaohongshu.com/explore/679c48680000000018019792?xsec_token=ABy1JbSsotTzdLZ1pLgNaX7kvWvK2lBEq6PEfx2oXrmIs=&xsec_source=pc_search,看了这么多，还是你这个最有用,探测词：空降新老板前30天怎么站稳,
2026-08-02,https://www.xiaohongshu.com/explore/695ed1f0000000002103f47a?xsec_token=ABFfV6A0As8ZPK4LAEpUvQGJVCeFoHVrSAFxOIlg7QLsY=&xsec_source=pc_search,她其实答非所问。你问他问什么来你们公司，她回答她为什么是你们公司需要的。但是她一点都没提到她为啥要去。,探测词：第三轮hr面试一般会问什么,
2026-08-02,https://www.xiaohongshu.com/explore/695ed1f0000000002103f47a?xsec_token=ABFfV6A0As8ZPK4LAEpUvQGJVCeFoHVrSAFxOIlg7QLsY=&xsec_source=pc_search,"Cut the shit, I have the skill you want and I want the money you have",探测词：第三轮hr面试一般会问什么,
2026-08-02,https://www.xiaohongshu.com/explore/695ed1f0000000002103f47a?xsec_token=ABFfV6A0As8ZPK4LAEpUvQGJVCeFoHVrSAFxOIlg7QLsY=&xsec_source=pc_search,我当时就说公司离我家太近了,探测词：第三轮hr面试一般会问什么,
2026-08-02,https://www.xiaohongshu.com/explore/695ed1f0000000002103f47a?xsec_token=ABFfV6A0As8ZPK4LAEpUvQGJVCeFoHVrSAFxOIlg7QLsY=&xsec_source=pc_search,Haha I've heard people answer: I want to work here cause I need money 😭 🤣,探测词：第三轮hr面试一般会问什么,
2026-08-02,https://www.xiaohongshu.com/explore/695ed1f0000000002103f47a?xsec_token=ABFfV6A0As8ZPK4LAEpUvQGJVCeFoHVrSAFxOIlg7QLsY=&xsec_source=pc_search,每个面试的都肯定说的很好听很富丽堂皇的 真的进岗位会不会做又是另外一回事,探测词：第三轮hr面试一般会问什么,
2026-08-02,https://www.xiaohongshu.com/explore/695ed1f0000000002103f47a?xsec_token=ABFfV6A0As8ZPK4LAEpUvQGJVCeFoHVrSAFxOIlg7QLsY=&xsec_source=pc_search,我经理： 为什么要做这个工作？ 我：我想要个简单工作，没有兴趣升职或跳槽。第二天：我被录取了（其他几个都被拒了）,探测词：第三轮hr面试一般会问什么,
2026-08-02,https://www.xiaohongshu.com/explore/695ed1f0000000002103f47a?xsec_token=ABFfV6A0As8ZPK4LAEpUvQGJVCeFoHVrSAFxOIlg7QLsY=&xsec_source=pc_search,new grad该怎么回答呢,探测词：第三轮hr面试一般会问什么,
2026-08-02,https://www.xiaohongshu.com/explore/695ed1f0000000002103f47a?xsec_token=ABFfV6A0As8ZPK4LAEpUvQGJVCeFoHVrSAFxOIlg7QLsY=&xsec_source=pc_search,"Actually capitalism is a cult.. companies are like narcissists, you just need to repeat the narrative that benefits them.",探测词：第三轮hr面试一般会问什么,
2026-08-02,https://www.xiaohongshu.com/explore/695ed1f0000000002103f47a?xsec_token=ABFfV6A0As8ZPK4LAEpUvQGJVCeFoHVrSAFxOIlg7QLsY=&xsec_source=pc_search,两个候选人，没有选大厂那个的最直接原因应该是太贵了，跟回答并没有任何直接关系,探测词：第三轮hr面试一般会问什么,
2026-08-02,https://www.xiaohongshu.com/explore/69789188000000000d00a7a3?xsec_token=ABcxaMN_pdcA4UCoxHwpc0SMKiloCdQ-JjJkae59tTAtk=&xsec_source=pc_search,面试前问那么多，hr会不耐烦吧。正常这些都是和业务面完，和hr沟通吧,探测词：第三轮hr面试一般会问什么,
2026-08-02,https://www.xiaohongshu.com/explore/69789188000000000d00a7a3?xsec_token=ABcxaMN_pdcA4UCoxHwpc0SMKiloCdQ-JjJkae59tTAtk=&xsec_source=pc_search,一次性问这么多问题对面态度就会很不好了其实不耐烦 觉得怎么这么多问题要问 还会pua你,探测词：第三轮hr面试一般会问什么,
2026-08-02,https://www.xiaohongshu.com/explore/69789188000000000d00a7a3?xsec_token=ABcxaMN_pdcA4UCoxHwpc0SMKiloCdQ-JjJkae59tTAtk=&xsec_source=pc_search,请问这样的还需要问什么吗,探测词：第三轮hr面试一般会问什么,
2026-08-02,https://www.xiaohongshu.com/explore/69789188000000000d00a7a3?xsec_token=ABcxaMN_pdcA4UCoxHwpc0SMKiloCdQ-JjJkae59tTAtk=&xsec_source=pc_search,济南这里全是带有试岗期的公司，问了一个1000人的一个企业，有没有试岗期，人家居然回你有没有工作过？哪有公司没有试岗期的？,探测词：第三轮hr面试一般会问什么,
2026-08-02,https://www.xiaohongshu.com/explore/69789188000000000d00a7a3?xsec_token=ABcxaMN_pdcA4UCoxHwpc0SMKiloCdQ-JjJkae59tTAtk=&xsec_source=pc_search,年假是在一个公司满10年？还是累计工龄10年即可？,探测词：第三轮hr面试一般会问什么,
2026-08-02,https://www.xiaohongshu.com/explore/69789188000000000d00a7a3?xsec_token=ABcxaMN_pdcA4UCoxHwpc0SMKiloCdQ-JjJkae59tTAtk=&xsec_source=pc_search,这个作为护理应届生转没经验口腔护士的第一份工作怎么样,探测词：第三轮hr面试一般会问什么,
2026-08-02,https://www.xiaohongshu.com/explore/69789188000000000d00a7a3?xsec_token=ABcxaMN_pdcA4UCoxHwpc0SMKiloCdQ-JjJkae59tTAtk=&xsec_source=pc_search,可以问，但仅限于国企外企和个别良心企私企，多数私企根本不会回答你这么多,探测词：第三轮hr面试一般会问什么,
2026-08-02,https://www.xiaohongshu.com/explore/69789188000000000d00a7a3?xsec_token=ABcxaMN_pdcA4UCoxHwpc0SMKiloCdQ-JjJkae59tTAtk=&xsec_source=pc_search,我想问哪个单位招人不用试用期的，你招人也要先试用期吧,探测词：第三轮hr面试一般会问什么,
2026-08-02,https://www.xiaohongshu.com/explore/68edccba000000000301d863?xsec_token=ABkFXDDqjZ4BCVOAHxHL0XU-9r5-DNJC9xMQZ3PLY1HVk=&xsec_source=pc_search,大众职位这样可以，非常senior 的岗位一般不会这样问。,探测词：第三面hr面试问什么,
2026-08-02,https://www.xiaohongshu.com/explore/68edccba000000000301d863?xsec_token=ABkFXDDqjZ4BCVOAHxHL0XU-9r5-DNJC9xMQZ3PLY1HVk=&xsec_source=pc_search,我一般只问面试人他们真正能了解组内实际工作方面的问题： 1. 你们为什么招人/上一个离职的人是什么原因 2. 你们解决的最困难的问题是什么？怎么解决的 3. 组内的短期和长期计划,探测词：第三面hr面试问什么,
2026-08-02,https://www.xiaohongshu.com/explore/68edccba000000000301d863?xsec_token=ABkFXDDqjZ4BCVOAHxHL0XU-9r5-DNJC9xMQZ3PLY1HVk=&xsec_source=pc_search,这不是面试问候选人的问题吗,探测词：第三面hr面试问什么,
2026-08-02,https://www.xiaohongshu.com/explore/68edccba000000000301d863?xsec_token=ABkFXDDqjZ4BCVOAHxHL0XU-9r5-DNJC9xMQZ3PLY1HVk=&xsec_source=pc_search,您好，想请问一下如果有两个候选人，其中一个是大公司的不太相关岗位，另一个是小公司的直接相关岗位，您会更倾向于哪个呢？,探测词：第三面hr面试问什么,
2026-08-02,https://www.xiaohongshu.com/explore/68edccba000000000301d863?xsec_token=ABkFXDDqjZ4BCVOAHxHL0XU-9r5-DNJC9xMQZ3PLY1HVk=&xsec_source=pc_search,我自己很喜欢问1 是个很好判断这人是不是我喜欢的领导的问题 我觉得一起工作总有价值观看不上看得上 与其委曲求全 不如大家都找自己看得上的人工作 反正天下单位有的是,探测词：第三面hr面试问什么,
2026-08-02,https://www.xiaohongshu.com/explore/68edccba000000000301d863?xsec_token=ABkFXDDqjZ4BCVOAHxHL0XU-9r5-DNJC9xMQZ3PLY1HVk=&xsec_source=pc_search,前两天看到一个视频号发了基本一模一样的内容，是不是被抄袭了呀？,探测词：第三面hr面试问什么,
2026-08-02,https://www.xiaohongshu.com/explore/68edccba000000000301d863?xsec_token=ABkFXDDqjZ4BCVOAHxHL0XU-9r5-DNJC9xMQZ3PLY1HVk=&xsec_source=pc_search,作为面试和被面试的，我喜欢问“如果我被select，你希望我在三个，或者六个月解决的top 3个project/issue/痛点是什么” 这个可以知道他们为什么要找这个role，或者他知道我们迫切需要解决的问题，可惜的是，相同的问题我面试一个澳洲独角兽head IT的role，我提问面试我的是该公司CTO的时候，他既然只能说一个painpoint，另外一个是自己根本都说不清，也没有第三个，或许他觉得这个问题我让他难堪了，后面的问题也聊不好，我就gg了，但想想也不是坏事,探测词：第三面hr面试问什么,
2026-08-02,https://www.xiaohongshu.com/explore/66f17118000000002a0370f7?xsec_token=AB7lQ4fGatvgvI_C--14Q90_B-HdnGMVI6rrUcMhK23UA=&xsec_source=pc_search,真的不能辩，我辩了两句话直接二辩了,探测词：答辩PPT讲到一半被打断怎么办,
2026-08-02,https://www.xiaohongshu.com/explore/66f17118000000002a0370f7?xsec_token=AB7lQ4fGatvgvI_C--14Q90_B-HdnGMVI6rrUcMhK23UA=&xsec_source=pc_search,我现在崩溃了，说话的声音都在发抖，结结巴巴的，评委老师的问题一个都答不上来，大脑一片空白。,探测词：答辩PPT讲到一半被打断怎么办,
2026-08-02,https://www.xiaohongshu.com/explore/66f17118000000002a0370f7?xsec_token=AB7lQ4fGatvgvI_C--14Q90_B-HdnGMVI6rrUcMhK23UA=&xsec_source=pc_search,本科阶段就是发现问题，解决问题，自我探索，自我完善的过程。,探测词：答辩PPT讲到一半被打断怎么办,
2026-08-02,https://www.xiaohongshu.com/explore/66f17118000000002a0370f7?xsec_token=AB7lQ4fGatvgvI_C--14Q90_B-HdnGMVI6rrUcMhK23UA=&xsec_source=pc_search,经常看到只答不辩，但是问啥我都道歉的话，老师会不会认为我啥也不会直接让我二辩啊，我好怕这个啊,探测词：答辩PPT讲到一半被打断怎么办,
2026-08-02,https://www.xiaohongshu.com/explore/66f17118000000002a0370f7?xsec_token=AB7lQ4fGatvgvI_C--14Q90_B-HdnGMVI6rrUcMhK23UA=&xsec_source=pc_search,感谢老师的指正，做的错漏百出真是深感抱歉，我会改进的,探测词：答辩PPT讲到一半被打断怎么办,
2026-08-02,https://www.xiaohongshu.com/explore/66f17118000000002a0370f7?xsec_token=AB7lQ4fGatvgvI_C--14Q90_B-HdnGMVI6rrUcMhK23UA=&xsec_source=pc_search,虽然但是，为什么选择这个课题，这答案真的是硬着头皮乱说话大学四年一直专注这个课题，很感兴趣sos要撒这么假的谎，i人表示太为难了一定要这么答吗,探测词：答辩PPT讲到一半被打断怎么办,
2026-08-02,https://www.xiaohongshu.com/explore/66f17118000000002a0370f7?xsec_token=AB7lQ4fGatvgvI_C--14Q90_B-HdnGMVI6rrUcMhK23UA=&xsec_source=pc_search,你好，请问一下这个是过了初赛才有答辩环节吗？,探测词：答辩PPT讲到一半被打断怎么办,
2026-08-02,https://www.xiaohongshu.com/explore/69bbc73e0000000023013694?xsec_token=ABBXvTO4K_SJeOdSOn7tMHbBZWuFIF7h6-20JFfC3Ka1M=&xsec_source=pc_search,可惜千问不能用自己的模板,探测词：答辩PPT讲到一半被打断怎么办,
2026-08-02,https://www.xiaohongshu.com/explore/69bbc73e0000000023013694?xsec_token=ABBXvTO4K_SJeOdSOn7tMHbBZWuFIF7h6-20JFfC3Ka1M=&xsec_source=pc_search,@问一问 总结一下这位老师的中心思想,探测词：答辩PPT讲到一半被打断怎么办,
2026-08-02,https://www.xiaohongshu.com/explore/69bbc73e0000000023013694?xsec_token=ABBXvTO4K_SJeOdSOn7tMHbBZWuFIF7h6-20JFfC3Ka1M=&xsec_source=pc_search,紧张，根本原因还是准备不充分、或者是对汇报内容了解不充分,探测词：答辩PPT讲到一半被打断怎么办,
2026-08-02,https://www.xiaohongshu.com/explore/69bbc73e0000000023013694?xsec_token=ABBXvTO4K_SJeOdSOn7tMHbBZWuFIF7h6-20JFfC3Ka1M=&xsec_source=pc_search,哈哈别的博主说不要准备逐字稿,探测词：答辩PPT讲到一半被打断怎么办,
2026-08-02,https://www.xiaohongshu.com/explore/68cfd1790000000013012b76?xsec_token=ABdyMahy2jX7Dur_s8cR4isR7kupF4hWu-Z8JD8HRLm98=&xsec_source=pc_search,唐国强: 何灵，何灵他以前。。然后何老师马上补了一句，我们都知道，唐老师以前一直叫我何灵，这是我的昵称，你们别误会，唐老师当然知道我叫何炅 简直堪称神级救场,探测词：答辩PPT讲到一半被打断怎么办,
2026-08-02,https://www.xiaohongshu.com/explore/68cfd1790000000013012b76?xsec_token=ABdyMahy2jX7Dur_s8cR4isR7kupF4hWu-Z8JD8HRLm98=&xsec_source=pc_search,如果连我们都知道要说什么也忘了呢,探测词：答辩PPT讲到一半被打断怎么办,
2026-08-02,https://www.xiaohongshu.com/explore/68cfd1790000000013012b76?xsec_token=ABdyMahy2jX7Dur_s8cR4isR7kupF4hWu-Z8JD8HRLm98=&xsec_source=pc_search,我就是这样，讲课卡壳忘词我都是临场发挥，只要知识点还在，其他我都能串起来，唱歌忘词我也能现编,探测词：答辩PPT讲到一半被打断怎么办,
2026-08-02,https://www.xiaohongshu.com/explore/68cfd1790000000013012b76?xsec_token=ABdyMahy2jX7Dur_s8cR4isR7kupF4hWu-Z8JD8HRLm98=&xsec_source=pc_search,有时候是断片……我是唱歌考试，老师说不记得歌词了也不要停，继续往下唱，可是我是忘记刚刚唱的是什么了,探测词：答辩PPT讲到一半被打断怎么办,
2026-08-02,https://www.xiaohongshu.com/explore/68cfd1790000000013012b76?xsec_token=ABdyMahy2jX7Dur_s8cR4isR7kupF4hWu-Z8JD8HRLm98=&xsec_source=pc_search,@问一问 分点总结视频内容，尽量还原台词文案，不要过度修饰,探测词：答辩PPT讲到一半被打断怎么办,
2026-08-02,https://www.xiaohongshu.com/explore/68cfd1790000000013012b76?xsec_token=ABdyMahy2jX7Dur_s8cR4isR7kupF4hWu-Z8JD8HRLm98=&xsec_source=pc_search,As we all know”原来这么用的啊～,探测词：答辩PPT讲到一半被打断怎么办,
2026-08-02,https://www.xiaohongshu.com/explore/68cfd1790000000013012b76?xsec_token=ABdyMahy2jX7Dur_s8cR4isR7kupF4hWu-Z8JD8HRLm98=&xsec_source=pc_search,哈哈哈哈我们回头再来聊一聊,探测词：答辩PPT讲到一半被打断怎么办,
2026-08-02,https://www.xiaohongshu.com/explore/67d56938000000001d027b44?xsec_token=ABYqlpz_bMqXULdbcODJdv4or8Rs8YAXQM3jQ2fpS3nhQ=&xsec_source=pc_search,我的建议是，换一家认同感高的公司,探测词：绩效面谈被打低分怎么开口,
2026-08-02,https://www.xiaohongshu.com/explore/67d56938000000001d027b44?xsec_token=ABYqlpz_bMqXULdbcODJdv4or8Rs8YAXQM3jQ2fpS3nhQ=&xsec_source=pc_search,换个合得来的领导或者公司就好了，给你打低绩效说白了就是领导觉得你影响不到他，有时就是整人。,探测词：绩效面谈被打低分怎么开口,
2026-08-02,https://www.xiaohongshu.com/explore/67d56938000000001d027b44?xsec_token=ABYqlpz_bMqXULdbcODJdv4or8Rs8YAXQM3jQ2fpS3nhQ=&xsec_source=pc_search,这个还是别背了吧，我听朋友说她公司的领导真的有故意给别人低绩效，哪有什么有的没的，不满意就开除or 直接说哪个地方改进，干了活还被打低绩效就是领导纯坏而已,探测词：绩效面谈被打低分怎么开口,
2026-08-02,https://www.xiaohongshu.com/explore/67d56938000000001d027b44?xsec_token=ABYqlpz_bMqXULdbcODJdv4or8Rs8YAXQM3jQ2fpS3nhQ=&xsec_source=pc_search,我是hr，我看过无数个人被打低绩效，能接受认同这个结果的少之又少，就算有明确具体的考核依据，就算有详细的数据统计，就算做了排序公示呈现…… 因为没有任何一件事情是绝对公平的，对大多数人公平也会对局部人不公平 但是这个并非是不对的，人的本性是趋利避害，人的本性是不会去做自认为错误的事情的，ta需要对自己的行为自圆其说 否则他在错误的过程里就知道自己错了就会改变了，或者在无法改变的时候就离开了 所以他们面对坏的结果的时候，都需要理解/消化/甚至对抗的时间 所以就像杨天真说的：能快速从这里面摘取到对自己有利的信息，去做转变的，非常非常稀有 虽然我没拿过低绩效，但是我也做不到负向事件的快速转化,探测词：绩效面谈被打低分怎么开口,
2026-08-02,https://www.xiaohongshu.com/explore/67d56938000000001d027b44?xsec_token=ABYqlpz_bMqXULdbcODJdv4or8Rs8YAXQM3jQ2fpS3nhQ=&xsec_source=pc_search,完了本来只是被打低绩效，现在发现自己还没有反脆弱的能力,探测词：绩效面谈被打低分怎么开口,
2026-08-02,https://www.xiaohongshu.com/explore/67d56938000000001d027b44?xsec_token=ABYqlpz_bMqXULdbcODJdv4or8Rs8YAXQM3jQ2fpS3nhQ=&xsec_source=pc_search,太多的道理都在教会我们忍受，各种教会你怎么“提升自己”，“缓解焦虑”等等，但出问题的不是我们。我们可以选择换一个环境,探测词：绩效面谈被打低分怎么开口,
2026-08-02,https://www.xiaohongshu.com/explore/67d56938000000001d027b44?xsec_token=ABYqlpz_bMqXULdbcODJdv4or8Rs8YAXQM3jQ2fpS3nhQ=&xsec_source=pc_search,你问了问题 人家就会说吗？自己发现了问题真的想解决问题，就会真的顺利解决吗？我们不是上位者，所以，还是更好的享受当下不要被这些业绩 绩效别人几句话而影响到，也不要为了工作拼命那自己的健康换，应该好好活着，为今天的太阳开心，为路边的野花开心，只安安安静活在此刻，活自己，不受力的活下去。,探测词：绩效面谈被打低分怎么开口,
2026-08-02,https://www.xiaohongshu.com/explore/67d56938000000001d027b44?xsec_token=ABYqlpz_bMqXULdbcODJdv4or8Rs8YAXQM3jQ2fpS3nhQ=&xsec_source=pc_search,认同杨天真奋斗到今天的所有努力成果，但极其不喜欢杨天自媒体发布的内容。,探测词：绩效面谈被打低分怎么开口,
2026-08-02,https://www.xiaohongshu.com/explore/67d56938000000001d027b44?xsec_token=ABYqlpz_bMqXULdbcODJdv4or8Rs8YAXQM3jQ2fpS3nhQ=&xsec_source=pc_search,我拿过超级高的绩效也被打过低绩效。我找过高维的老板帮助分析，事实上也有很多时候是你的岗位价值就很低，天花板在这里。就像你在大厂做边缘业务线，老板OKR没有你的位置。那如果有个人背锅一定会是你,探测词：绩效面谈被打低分怎么开口,
2026-08-02,https://www.xiaohongshu.com/explore/67d56938000000001d027b44?xsec_token=ABYqlpz_bMqXULdbcODJdv4or8Rs8YAXQM3jQ2fpS3nhQ=&xsec_source=pc_search,事实是很多绩效是根本无法完成的任务，说这一堆大道理不适用于大部分公司,探测词：绩效面谈被打低分怎么开口,
2026-08-02,https://www.xiaohongshu.com/explore/6978c4c0000000000b011e92?xsec_token=ABcxaMN_pdcA4UCoxHwpc0SI6fBT3_HGpm-0rCPfD4Egk=&xsec_source=pc_search,她想让我走，所以我走了。但我走也要她把欠我的，乱扣我的给我吐回出来？,探测词：绩效面谈被打低分怎么开口,
2026-08-02,https://www.xiaohongshu.com/explore/6978c4c0000000000b011e92?xsec_token=ABcxaMN_pdcA4UCoxHwpc0SI6fBT3_HGpm-0rCPfD4Egk=&xsec_source=pc_search,我就是第三种，产假回来想让我自己走，不想给赔偿,探测词：绩效面谈被打低分怎么开口,
2026-08-02,https://www.xiaohongshu.com/explore/6978c4c0000000000b011e92?xsec_token=ABcxaMN_pdcA4UCoxHwpc0SI6fBT3_HGpm-0rCPfD4Egk=&xsec_source=pc_search,2和3好像同时有 但感觉你无法叫醒一个装睡的人 ie老板没能力给团队涨资源 所以除了离职没其他解,探测词：绩效面谈被打低分怎么开口,
2026-08-02,https://www.xiaohongshu.com/explore/6978c4c0000000000b011e92?xsec_token=ABcxaMN_pdcA4UCoxHwpc0SI6fBT3_HGpm-0rCPfD4Egk=&xsec_source=pc_search,但我都不是啊，听别人说我人员关系不好！我觉得没啥问题啊，我只是不喜欢排队聊天，我只想做自己,探测词：绩效面谈被打低分怎么开口,
2026-08-02,https://www.xiaohongshu.com/explore/6978c4c0000000000b011e92?xsec_token=ABcxaMN_pdcA4UCoxHwpc0SI6fBT3_HGpm-0rCPfD4Egk=&xsec_source=pc_search,新领导与旧领导不合，之前新领导负责其他地区，现在统管了。我被打上旧领导的标签。新领导直接说之前我的ppcd打的太高了，以后要给其他人轮流来，干的再好也没用。,探测词：绩效面谈被打低分怎么开口,
2026-08-02,https://www.xiaohongshu.com/explore/6978c4c0000000000b011e92?xsec_token=ABcxaMN_pdcA4UCoxHwpc0SI6fBT3_HGpm-0rCPfD4Egk=&xsec_source=pc_search,2，我去谈了，我同事都很震惊,探测词：绩效面谈被打低分怎么开口,
2026-08-02,https://www.xiaohongshu.com/explore/6978c4c0000000000b011e92?xsec_token=ABcxaMN_pdcA4UCoxHwpc0SI6fBT3_HGpm-0rCPfD4Egk=&xsec_source=pc_search,那如果属于3，但是想搞你走又不想给钱呢,探测词：绩效面谈被打低分怎么开口,
2026-08-02,https://www.xiaohongshu.com/explore/6978c4c0000000000b011e92?xsec_token=ABcxaMN_pdcA4UCoxHwpc0SI6fBT3_HGpm-0rCPfD4Egk=&xsec_source=pc_search,你真的太优秀了，一定要持续更新，我的职场锦囊👏👏👏,探测词：绩效面谈被打低分怎么开口,
2026-08-02,https://www.xiaohongshu.com/explore/6978c4c0000000000b011e92?xsec_token=ABcxaMN_pdcA4UCoxHwpc0SI6fBT3_HGpm-0rCPfD4Egk=&xsec_source=pc_search,24年兢兢业业那了c 沟通过25年好好干 25年中是 b然后到8月怀孕了25年年底又是c我感觉没啥希望改成b了,探测词：绩效面谈被打低分怎么开口,
2026-08-02,https://www.xiaohongshu.com/explore/69a81eba000000001a01f2da?xsec_token=ABvItXVLv3bzcv1iY8yZJ_JFaL8VsgvOR8V30bHL36BRM=&xsec_source=pc_search,哈哈哈 我每次都说成绩和计划 额外备一些他不知道的小道信息,探测词：绩效面谈被打低分怎么开口,
2026-08-02,https://www.xiaohongshu.com/explore/69a81eba000000001a01f2da?xsec_token=ABvItXVLv3bzcv1iY8yZJ_JFaL8VsgvOR8V30bHL36BRM=&xsec_source=pc_search,我老板除了项目来了找我 平时都说不上话,探测词：绩效面谈被打低分怎么开口,
2026-08-02,https://www.xiaohongshu.com/explore/69a81eba000000001a01f2da?xsec_token=ABvItXVLv3bzcv1iY8yZJ_JFaL8VsgvOR8V30bHL36BRM=&xsec_source=pc_search,领导骂你，你抛之脑后，等于领导白忙活了。谢邀,探测词：绩效面谈被打低分怎么开口,
2026-08-02,https://www.xiaohongshu.com/explore/69a81eba000000001a01f2da?xsec_token=ABvItXVLv3bzcv1iY8yZJ_JFaL8VsgvOR8V30bHL36BRM=&xsec_source=pc_search,我取到真金了，可以学习一下,探测词：绩效面谈被打低分怎么开口,
2026-08-02,https://www.xiaohongshu.com/explore/69a81eba000000001a01f2da?xsec_token=ABvItXVLv3bzcv1iY8yZJ_JFaL8VsgvOR8V30bHL36BRM=&xsec_source=pc_search,用准备换机会，用价值换信任！,探测词：绩效面谈被打低分怎么开口,
2026-08-02,https://www.xiaohongshu.com/explore/69a81eba000000001a01f2da?xsec_token=ABvItXVLv3bzcv1iY8yZJ_JFaL8VsgvOR8V30bHL36BRM=&xsec_source=pc_search,还有这种掐时间的操作吗？这得是多i的人,探测词：绩效面谈被打低分怎么开口,
2026-08-02,https://www.xiaohongshu.com/explore/6a3538cc00000000060206f6?xsec_token=AB8ExxAlRaSUujw_MzX6z1__R3IlNoGUSxYTHpFR_jT78=&xsec_source=pc_search,有没有课代表说下应该怎么办，目前正在经历,探测词：职场被孤立怎么办,
2026-08-02,https://www.xiaohongshu.com/explore/6a3538cc00000000060206f6?xsec_token=AB8ExxAlRaSUujw_MzX6z1__R3IlNoGUSxYTHpFR_jT78=&xsec_source=pc_search,我从小就不合群，从上学到参军再到工作，从不参加集体活动。,探测词：职场被孤立怎么办,
2026-08-02,https://www.xiaohongshu.com/explore/6a3538cc00000000060206f6?xsec_token=AB8ExxAlRaSUujw_MzX6z1__R3IlNoGUSxYTHpFR_jT78=&xsec_source=pc_search,有能力当然不怕孤立，但是自身能力不太足又该怎么办呢,探测词：职场被孤立怎么办,
2026-08-02,https://www.xiaohongshu.com/explore/6a3538cc00000000060206f6?xsec_token=AB8ExxAlRaSUujw_MzX6z1__R3IlNoGUSxYTHpFR_jT78=&xsec_source=pc_search,一个工作室除了老板俩口子有十个人左右，不管是日常吃饭还是团建我感觉我是被孤立的那一个，不过我很强大再加上一个人独来独往习惯了也不愿和不同频的人一起做什么，后来人越来越少，算起来跟我要好的女人说她们之所以孤立是因为我自带气场，再加上平时的穿着打扮有点时尚，她们都是偏休闲,探测词：职场被孤立怎么办,
2026-08-02,https://www.xiaohongshu.com/explore/6a3538cc00000000060206f6?xsec_token=AB8ExxAlRaSUujw_MzX6z1__R3IlNoGUSxYTHpFR_jT78=&xsec_source=pc_search,经历过～～～我走了……很后悔没有早点走。原来走了以后我才发现，外面世界是晴天。很好。,探测词：职场被孤立怎么办,
2026-08-02,https://www.xiaohongshu.com/explore/6a3538cc00000000060206f6?xsec_token=AB8ExxAlRaSUujw_MzX6z1__R3IlNoGUSxYTHpFR_jT78=&xsec_source=pc_search,我也不合群，办公室很少说话，因为感觉和他们说话很累，每天除了比就是比，倒不如自己安静干点自己的事,探测词：职场被孤立怎么办,
2026-08-02,https://www.xiaohongshu.com/explore/6a3538cc00000000060206f6?xsec_token=AB8ExxAlRaSUujw_MzX6z1__R3IlNoGUSxYTHpFR_jT78=&xsec_source=pc_search,我观察力很差 被孤立也不知道 都是人家跟我说因为我很还比较怕对我热情的人 不用孤立我 我自己先躲,探测词：职场被孤立怎么办,
2026-08-02,https://www.xiaohongshu.com/explore/69970d20000000001a02fa94?xsec_token=ABfRCPq9rJHXALRI_kHTSIxD6XspNBDH0UE7IVZ49-ISo=&xsec_source=pc_search,但人家总在领导面前捏造是非，久而久之领导就会信,探测词：职场被孤立怎么办,
2026-08-02,https://www.xiaohongshu.com/explore/69970d20000000001a02fa94?xsec_token=ABfRCPq9rJHXALRI_kHTSIxD6XspNBDH0UE7IVZ49-ISo=&xsec_source=pc_search,说得很好，不理会她，不接受她的任何情绪，当做一摊烂泥就好,探测词：职场被孤立怎么办,
2026-08-02,https://www.xiaohongshu.com/explore/69970d20000000001a02fa94?xsec_token=ABfRCPq9rJHXALRI_kHTSIxD6XspNBDH0UE7IVZ49-ISo=&xsec_source=pc_search,我请人下 咒 上个月做的 这个月对方就倒霉不断 出了意外,探测词：职场被孤立怎么办,
2026-08-02,https://www.xiaohongshu.com/explore/69970d20000000001a02fa94?xsec_token=ABfRCPq9rJHXALRI_kHTSIxD6XspNBDH0UE7IVZ49-ISo=&xsec_source=pc_search,做过诅咒惩罚，没想到效果这么神奇，才做完几天，对方就进去医院了，心里是真顺畅,探测词：职场被孤立怎么办,
2026-08-02,https://www.xiaohongshu.com/explore/69970d20000000001a02fa94?xsec_token=ABfRCPq9rJHXALRI_kHTSIxD6XspNBDH0UE7IVZ49-ISo=&xsec_source=pc_search,我之前一个姐妹给我偶然介绍了一个先生，然后给他做了一个仪式，没多久他真的变得很霉,探测词：职场被孤立怎么办,
2026-08-02,https://www.xiaohongshu.com/explore/69970d20000000001a02fa94?xsec_token=ABfRCPq9rJHXALRI_kHTSIxD6XspNBDH0UE7IVZ49-ISo=&xsec_source=pc_search,每条都踩中了 来磨砺我了 一对多也是姐的战绩了,探测词：职场被孤立怎么办,
2026-08-02,https://www.xiaohongshu.com/explore/69970d20000000001a02fa94?xsec_token=ABfRCPq9rJHXALRI_kHTSIxD6XspNBDH0UE7IVZ49-ISo=&xsec_source=pc_search,编了一堆乱七八糟的东西耍了小人几个月 之后再把真相爆出来哈哈哈挺好玩的,探测词：职场被孤立怎么办,
2026-08-02,https://www.xiaohongshu.com/explore/69970d20000000001a02fa94?xsec_token=ABfRCPq9rJHXALRI_kHTSIxD6XspNBDH0UE7IVZ49-ISo=&xsec_source=pc_search,我公公故意半夜制造噪音，把我吵醒，让他半夜动静轻点他不承认自己制造噪音，我昨天直接一个摄像头摆在他经常进出的位置，昨晚终于没有声音了，再看看今晚怎么样,探测词：职场被孤立怎么办,
2026-08-02,https://www.xiaohongshu.com/explore/69970d20000000001a02fa94?xsec_token=ABfRCPq9rJHXALRI_kHTSIxD6XspNBDH0UE7IVZ49-ISo=&xsec_source=pc_search,不理会她天天换着花样且乐此不疲，都一年多了,探测词：职场被孤立怎么办,
2026-08-02,https://www.xiaohongshu.com/explore/6994e270000000001b01fd08?xsec_token=ABqghDZxJMSO08T81NiIba-ixqGpmHj37fqtRy0NV6AJM=&xsec_source=pc_search,前不久我也对这样一个人忍无可忍了，我说如果他再这样跟我交流，我就去找HR，那以后，他说他收回他的话，他再也不敢over the line了,探测词：职场被孤立怎么办,
2026-08-02,https://www.xiaohongshu.com/explore/6994e270000000001b01fd08?xsec_token=ABqghDZxJMSO08T81NiIba-ixqGpmHj37fqtRy0NV6AJM=&xsec_source=pc_search,I chose option B - quit. 不要等到心理病才后悔。 我的杯太小我是瘋狂沒腦上司+CEO 的好友的光环， 必輸！ 何必難為自己,探测词：职场被孤立怎么办,
2026-08-02,https://www.xiaohongshu.com/explore/6994e270000000001b01fd08?xsec_token=ABqghDZxJMSO08T81NiIba-ixqGpmHj37fqtRy0NV6AJM=&xsec_source=pc_search,有多少escalate是有用的，离开就是最佳解决方式,探测词：职场被孤立怎么办,
2026-08-02,https://www.xiaohongshu.com/explore/6994e270000000001b01fd08?xsec_token=ABqghDZxJMSO08T81NiIba-ixqGpmHj37fqtRy0NV6AJM=&xsec_source=pc_search,这也取决于对面的Karen到底有多离谱，人无法也不应该无限grow collaboration capacity，我的一个direct report正在going thru same living hell，对面的Karen是个在hr那边有记录的人，这种情况我不会让我的dr无限忍耐或者阿q安慰自己过去，because you will not likely run into someone as extreme as this in future,探测词：职场被孤立怎么办,
2026-08-02,https://www.xiaohongshu.com/explore/6994e270000000001b01fd08?xsec_token=ABqghDZxJMSO08T81NiIba-ixqGpmHj37fqtRy0NV6AJM=&xsec_source=pc_search,I was doing like that and quited my first job I ever think I didn't make a wrong decision! Best decision so I could move on and learned from that,探测词：职场被孤立怎么办,
2026-08-02,https://www.xiaohongshu.com/explore/6994e270000000001b01fd08?xsec_token=ABqghDZxJMSO08T81NiIba-ixqGpmHj37fqtRy0NV6AJM=&xsec_source=pc_search,人生苦短 见到Karen必定狠怼,探测词：职场被孤立怎么办,
2026-08-02,https://www.xiaohongshu.com/explore/6994e270000000001b01fd08?xsec_token=ABqghDZxJMSO08T81NiIba-ixqGpmHj37fqtRy0NV6AJM=&xsec_source=pc_search,It really depends on how you value your mental health,探测词：职场被孤立怎么办,
2026-08-02,https://www.xiaohongshu.com/explore/6994e270000000001b01fd08?xsec_token=ABqghDZxJMSO08T81NiIba-ixqGpmHj37fqtRy0NV6AJM=&xsec_source=pc_search,"Or option D, upgrade & arm yourself to be the tough one that people cannot easily mess with. Make ""Karens "" SCARED.",探测词：职场被孤立怎么办,
2026-08-02,https://www.xiaohongshu.com/explore/6994e270000000001b01fd08?xsec_token=ABqghDZxJMSO08T81NiIba-ixqGpmHj37fqtRy0NV6AJM=&xsec_source=pc_search,其实挺对的 在香蕉厂的三次转组基本都是因为受不了同事现在回头看 还是自己年轻气盛了 但也都是人生经历,探测词：职场被孤立怎么办,
2026-08-02,https://www.xiaohongshu.com/explore/6869141a000000001d00e57f?xsec_token=AB_K1X1AUFFMc1akVvGz1CelrGRxgsKekM2eCvRFbZsvc=&xsec_source=pc_search,不行，我憋一肚子气更内耗，需要当场回怼然后转身离开才对我身体好,探测词：职场被轻视怎么办,
2026-08-02,https://www.xiaohongshu.com/explore/6869141a000000001d00e57f?xsec_token=AB_K1X1AUFFMc1akVvGz1CelrGRxgsKekM2eCvRFbZsvc=&xsec_source=pc_search,陪他演戏到高潮然后突然抽离。,探测词：职场被轻视怎么办,
2026-08-02,https://www.xiaohongshu.com/explore/6869141a000000001d00e57f?xsec_token=AB_K1X1AUFFMc1akVvGz1CelrGRxgsKekM2eCvRFbZsvc=&xsec_source=pc_search,素质差的不会反思自己的，只会觉得你好欺负，被气的不出声了,探测词：职场被轻视怎么办,
2026-08-02,https://www.xiaohongshu.com/explore/6869141a000000001d00e57f?xsec_token=AB_K1X1AUFFMc1akVvGz1CelrGRxgsKekM2eCvRFbZsvc=&xsec_source=pc_search,不回应，漠视才是给对方最大的回击,探测词：职场被轻视怎么办,
2026-08-02,https://www.xiaohongshu.com/explore/6869141a000000001d00e57f?xsec_token=AB_K1X1AUFFMc1akVvGz1CelrGRxgsKekM2eCvRFbZsvc=&xsec_source=pc_search,经常回过头才反应过来自己没发挥好,探测词：职场被轻视怎么办,
2026-08-02,https://www.xiaohongshu.com/explore/6869141a000000001d00e57f?xsec_token=AB_K1X1AUFFMc1akVvGz1CelrGRxgsKekM2eCvRFbZsvc=&xsec_source=pc_search,但是怼得它一次就长记性也很不错。因为被欺负而不生气能平静转身，那都是大人物，普通人很难做到，容易平静不了，憋坏自己,探测词：职场被轻视怎么办,
2026-08-02,https://www.xiaohongshu.com/explore/6869141a000000001d00e57f?xsec_token=AB_K1X1AUFFMc1akVvGz1CelrGRxgsKekM2eCvRFbZsvc=&xsec_source=pc_search,对一些人来说，不回应非常有力量，不回应能保护好他们自己，不至于陷入内耗焦虑生气等负面情绪。但对另一些人来说，反击是最好的回应，他们能处理好并利用好反击和矛盾激化带来的后果，以牙还牙地把痛苦还给对方。重要的是分清自己是哪种人。,探测词：职场被轻视怎么办,
2026-08-02,https://www.xiaohongshu.com/explore/6869141a000000001d00e57f?xsec_token=AB_K1X1AUFFMc1akVvGz1CelrGRxgsKekM2eCvRFbZsvc=&xsec_source=pc_search,你扫干净脱干净的地，回来看见这种，会选择分手吗,探测词：职场被轻视怎么办,
2026-08-02,https://www.xiaohongshu.com/explore/6869141a000000001d00e57f?xsec_token=AB_K1X1AUFFMc1akVvGz1CelrGRxgsKekM2eCvRFbZsvc=&xsec_source=pc_search,为啥他说完之后我怼了，但是他还继续说呀，求解决办法,探测词：职场被轻视怎么办,
2026-08-02,https://www.xiaohongshu.com/explore/6869141a000000001d00e57f?xsec_token=AB_K1X1AUFFMc1akVvGz1CelrGRxgsKekM2eCvRFbZsvc=&xsec_source=pc_search,如果不回应他 保持平静的话 会不会被对方认知为你是个儒弱好欺负的人,探测词：职场被轻视怎么办,
2026-08-02,https://www.xiaohongshu.com/explore/683ebf2c0000000012006d4e?xsec_token=ABSRqgpmQ5U7qoFbJ15qbxZL3N_WbKil8nJu4xOe4yAWw=&xsec_source=pc_search,我看到鲜花接机的时候已经有心理准备 但是看到my asian parents的时候还是张大嘴五秒钟[完啦R]自己啥时候也能变成这么会社交的人,探测词：职场被轻视怎么办,
2026-08-02,https://www.xiaohongshu.com/explore/683ebf2c0000000012006d4e?xsec_token=ABSRqgpmQ5U7qoFbJ15qbxZL3N_WbKil8nJu4xOe4yAWw=&xsec_source=pc_search,就算和，上面老板通过气 也不能destroy 别人的ego；好狐狸不漏尾巴,探测词：职场被轻视怎么办,
2026-08-02,https://www.xiaohongshu.com/explore/683ebf2c0000000012006d4e?xsec_token=ABSRqgpmQ5U7qoFbJ15qbxZL3N_WbKil8nJu4xOe4yAWw=&xsec_source=pc_search,destroy ego这个真的做不到,探测词：职场被轻视怎么办,
2026-08-02,https://www.xiaohongshu.com/explore/683ebf2c0000000012006d4e?xsec_token=ABSRqgpmQ5U7qoFbJ15qbxZL3N_WbKil8nJu4xOe4yAWw=&xsec_source=pc_search,我的混的好不内耗的白男同事全是典型ENTP…用一种及其理性且情绪平稳的方式摸鱼。,探测词：职场被轻视怎么办,
2026-08-02,https://www.xiaohongshu.com/explore/683ebf2c0000000012006d4e?xsec_token=ABSRqgpmQ5U7qoFbJ15qbxZL3N_WbKil8nJu4xOe4yAWw=&xsec_source=pc_search,还有很重要的一点，他是 白男,探测词：职场被轻视怎么办,
2026-08-02,https://www.xiaohongshu.com/explore/683ebf2c0000000012006d4e?xsec_token=ABSRqgpmQ5U7qoFbJ15qbxZL3N_WbKil8nJu4xOe4yAWw=&xsec_source=pc_search,这三条经验很好，第一点向上管理确实提供情绪价值很重要，我以前真诚的夸leader的建议很好，他高兴的不要不要的，可能他太久没被认可了。第二点如果影响到自己利益肯定要表态，不然坑的是自己，如何表态可以参照小胖子的话，不过我们一般不会这么说，一般会反问领导，如果这样那造成什么后果了怎么办？领导意识到问题就撤回决定了！第三点领导总被下属蛐蛐丧失领导的尊严肯定得反击，反击的方法也不限于上面那条，譬如给他分配有挑战的任务，干砸了就老实了，或者工作中出错拿出来给整个团队lessen learn,探测词：职场被轻视怎么办,
2026-08-02,https://www.xiaohongshu.com/explore/6a39d4cb000000001702a944?xsec_token=ABGJQoG_J1qfnB5P7lHxLqcEDZIcQQMz3JinxOqZPXroE=&xsec_source=pc_search,作為求職者，你可以反問面試官，既然對方明知你有這些問題，為何還要約見你。看他如何回答。,探测词：职场被轻视怎么办,
2026-08-02,https://www.xiaohongshu.com/explore/6a39d4cb000000001702a944?xsec_token=ABGJQoG_J1qfnB5P7lHxLqcEDZIcQQMz3JinxOqZPXroE=&xsec_source=pc_search,"""I'm a magical hoe"" professional af",探测词：职场被轻视怎么办,
2026-08-02,https://www.xiaohongshu.com/explore/6a39d4cb000000001702a944?xsec_token=ABGJQoG_J1qfnB5P7lHxLqcEDZIcQQMz3JinxOqZPXroE=&xsec_source=pc_search,思路很对 哈哈 公司觉得需要五年工作经验才能get的能力，如果3年就达到了，这不是反而证明自身的优秀吗,探测词：职场被轻视怎么办,
2026-08-02,https://www.xiaohongshu.com/explore/6a39d4cb000000001702a944?xsec_token=ABGJQoG_J1qfnB5P7lHxLqcEDZIcQQMz3JinxOqZPXroE=&xsec_source=pc_search,。。。很多时候其实是被HR抓来凑KPI的,探测词：职场被轻视怎么办,
2026-08-02,https://www.xiaohongshu.com/explore/6a39d4cb000000001702a944?xsec_token=ABGJQoG_J1qfnB5P7lHxLqcEDZIcQQMz3JinxOqZPXroE=&xsec_source=pc_search,可能他没看过简历只是hr随便推的。这种情况就别浪费时间了hhhh,探测词：职场被轻视怎么办,
2026-08-02,https://www.xiaohongshu.com/explore/6a39d4cb000000001702a944?xsec_token=ABGJQoG_J1qfnB5P7lHxLqcEDZIcQQMz3JinxOqZPXroE=&xsec_source=pc_search,I don't play these games,探测词：职场被轻视怎么办,
2026-08-02,https://www.xiaohongshu.com/explore/6a39d4cb000000001702a944?xsec_token=ABGJQoG_J1qfnB5P7lHxLqcEDZIcQQMz3JinxOqZPXroE=&xsec_source=pc_search,谢谢带来面试官的角度 并且有实际的例子助以理解 非常有用,探测词：职场被轻视怎么办,
2026-08-02,https://www.xiaohongshu.com/explore/6a39d4cb000000001702a944?xsec_token=ABGJQoG_J1qfnB5P7lHxLqcEDZIcQQMz3JinxOqZPXroE=&xsec_source=pc_search,@什么时候能睡饱 我英语口语啥时候到这程度,探测词：职场被轻视怎么办,
2026-08-02,https://www.xiaohongshu.com/explore/69c1dcb8000000001a0220e4?xsec_token=ABY7PvnNqXvubEIgzwReBlmuUrxcbOs-sHAtko5rJPb7U=&xsec_source=pc_search,"I resigned because I couldn't work in the USA defense war machine. I loved my boss, coworkers, my day to day job, but building and supporting things meant to unalive people. How do I word that?",探测词：被裁员面谈时该说什么,
2026-08-02,https://www.xiaohongshu.com/explore/69c1dcb8000000001a0220e4?xsec_token=ABY7PvnNqXvubEIgzwReBlmuUrxcbOs-sHAtko5rJPb7U=&xsec_source=pc_search,看你的视频看多了，就感觉面试是一个展示“沟通、协作、工作等综合能力，以及自己是否了解应聘公司需求”的一场考核，同时也是一个互相筛选的过程。 招聘方和应聘方在面试过程中快速寻找各自的匹配对象。 不过随着“人才”越来越多，竞争越来激烈，招聘方的要求也就水涨船高，对一个人的综合能力要求越来越高。 唉，需要努力拼搏啊，不过真的感觉很麻烦、很累,探测词：被裁员面谈时该说什么,
2026-08-02,https://www.xiaohongshu.com/explore/69c1dcb8000000001a0220e4?xsec_token=ABY7PvnNqXvubEIgzwReBlmuUrxcbOs-sHAtko5rJPb7U=&xsec_source=pc_search,why high performers is layed off?,探测词：被裁员面谈时该说什么,
2026-08-02,https://www.xiaohongshu.com/explore/69c1dcb8000000001a0220e4?xsec_token=ABY7PvnNqXvubEIgzwReBlmuUrxcbOs-sHAtko5rJPb7U=&xsec_source=pc_search,toolkit please,探测词：被裁员面谈时该说什么,
2026-08-02,https://www.xiaohongshu.com/explore/69c1dcb8000000001a0220e4?xsec_token=ABY7PvnNqXvubEIgzwReBlmuUrxcbOs-sHAtko5rJPb7U=&xsec_source=pc_search,能请你们出一个视频，讲讲如果对方HR询问你期待薪酬，在面试不同阶段，该不该回答？该怎么回答？,探测词：被裁员面谈时该说什么,
2026-08-02,https://www.xiaohongshu.com/explore/6a17d9c30000000006034671?xsec_token=AB9QBGKRELhKC061FAA00Eb2yOof-gPAEcX8xW4XxNT_U=&xsec_source=pc_search,被裁当天必做的3件事，少做一...,探测词：被裁员面谈时该说什么,
2026-08-02,https://www.xiaohongshu.com/explore/69c27440000000002301c9ad?xsec_token=ABWzMQbcE_dAp5ClGqDSWu5yH2uEuFsjgr8ELgNJBuc8c=&xsec_source=pc_search,事情闹大了，领导把我又甩出去了，然后她找大领导告黑状，大领导都知道但是不听你的，怎么办？有权利的甩锅,探测词：说完方案领导没反应怎么办,
2026-08-02,https://www.xiaohongshu.com/explore/69c27440000000002301c9ad?xsec_token=ABWzMQbcE_dAp5ClGqDSWu5yH2uEuFsjgr8ELgNJBuc8c=&xsec_source=pc_search,去找了领导报风险，领导把我干掉了怎么办,探测词：说完方案领导没反应怎么办,
2026-08-02,https://www.xiaohongshu.com/explore/69c27440000000002301c9ad?xsec_token=ABWzMQbcE_dAp5ClGqDSWu5yH2uEuFsjgr8ELgNJBuc8c=&xsec_source=pc_search,然后领导会觉得你有问题并且把你辞了（并不是说因此要为领导承担，只是还想看到更好的办法）,探测词：说完方案领导没反应怎么办,
2026-08-02,https://www.xiaohongshu.com/explore/69c27440000000002301c9ad?xsec_token=ABWzMQbcE_dAp5ClGqDSWu5yH2uEuFsjgr8ELgNJBuc8c=&xsec_source=pc_search,领导安排我做搞不定的事，我会去按部就班做，最后告诉领导搞不定。其实领导也知道这事搞不定，但我不去执行，就是我的问题了。,探测词：说完方案领导没反应怎么办,
2026-08-02,https://www.xiaohongshu.com/explore/69c27440000000002301c9ad?xsec_token=ABWzMQbcE_dAp5ClGqDSWu5yH2uEuFsjgr8ELgNJBuc8c=&xsec_source=pc_search,那也得先留下已汇报的痕迹,探测词：说完方案领导没反应怎么办,
2026-08-02,https://www.xiaohongshu.com/explore/69c27440000000002301c9ad?xsec_token=ABWzMQbcE_dAp5ClGqDSWu5yH2uEuFsjgr8ELgNJBuc8c=&xsec_source=pc_search,下级也装死最后也还是被骂没有责任心，还说我把任务交给你了你不要老来问我，我要的是成品,探测词：说完方案领导没反应怎么办,
2026-08-02,https://www.xiaohongshu.com/explore/69c27440000000002301c9ad?xsec_token=ABWzMQbcE_dAp5ClGqDSWu5yH2uEuFsjgr8ELgNJBuc8c=&xsec_source=pc_search,对 我就是 汇报完之后就装死,探测词：说完方案领导没反应怎么办,
2026-08-02,https://www.xiaohongshu.com/explore/69c27440000000002301c9ad?xsec_token=ABWzMQbcE_dAp5ClGqDSWu5yH2uEuFsjgr8ELgNJBuc8c=&xsec_source=pc_search,现在最后把办事的开掉就完事了,探测词：说完方案领导没反应怎么办,
2026-08-02,https://www.xiaohongshu.com/explore/69c27440000000002301c9ad?xsec_token=ABWzMQbcE_dAp5ClGqDSWu5yH2uEuFsjgr8ELgNJBuc8c=&xsec_source=pc_search,然后领导一直骂你或者直接辞退你或者让你坐冷板凳逼迫你自己离职,探测词：说完方案领导没反应怎么办,
2026-08-02,https://www.xiaohongshu.com/explore/674d8f82000000000202e9a1?xsec_token=ABI4VoPqAJ6u7xSUOW_FlKQkZYFXkxD8SbD6DnE7_F6Io=&xsec_source=pc_search,我们领导会当场拆穿，无论你说的多漂亮,探测词：说完方案领导没反应怎么办,
2026-08-02,https://www.xiaohongshu.com/explore/674d8f82000000000202e9a1?xsec_token=ABI4VoPqAJ6u7xSUOW_FlKQkZYFXkxD8SbD6DnE7_F6Io=&xsec_source=pc_search,觉得这故事里的领导很傻的，这里集合,探测词：说完方案领导没反应怎么办,
2026-08-02,https://www.xiaohongshu.com/explore/674d8f82000000000202e9a1?xsec_token=ABI4VoPqAJ6u7xSUOW_FlKQkZYFXkxD8SbD6DnE7_F6Io=&xsec_source=pc_search,领导只看结果，不问过程！,探测词：说完方案领导没反应怎么办,
2026-08-02,https://www.xiaohongshu.com/explore/674d8f82000000000202e9a1?xsec_token=ABI4VoPqAJ6u7xSUOW_FlKQkZYFXkxD8SbD6DnE7_F6Io=&xsec_source=pc_search,一天天全搞汇报了 还有时间干活儿么,探测词：说完方案领导没反应怎么办,
2026-08-02,https://www.xiaohongshu.com/explore/674d8f82000000000202e9a1?xsec_token=ABI4VoPqAJ6u7xSUOW_FlKQkZYFXkxD8SbD6DnE7_F6Io=&xsec_source=pc_search,我事超额了，然后没汇报好,探测词：说完方案领导没反应怎么办,
2026-08-02,https://www.xiaohongshu.com/explore/674d8f82000000000202e9a1?xsec_token=ABI4VoPqAJ6u7xSUOW_FlKQkZYFXkxD8SbD6DnE7_F6Io=&xsec_source=pc_search,我们领导会说 我就看结果,探测词：说完方案领导没反应怎么办,
2026-08-02,https://www.xiaohongshu.com/explore/692c0f04000000001e016263?xsec_token=ABV8qFbDkREftH6LGwDrziFch9P8d464t07XBRavstjvo=&xsec_source=pc_search,1.倾听:全力以赴的听，专注、鼓励、托举· 2.读取:情绪、事实、期待· 3.回应:肯定反射，是个思路· 4.共识:向下兼容、向上突破,探测词：说完方案领导没反应怎么办,
2026-08-02,https://www.xiaohongshu.com/explore/692c0f04000000001e016263?xsec_token=ABV8qFbDkREftH6LGwDrziFch9P8d464t07XBRavstjvo=&xsec_source=pc_search,两个积极回应的人，好像话就会说不完，说到后面很累,探测词：说完方案领导没反应怎么办,
2026-08-02,https://www.xiaohongshu.com/explore/692c0f04000000001e016263?xsec_token=ABV8qFbDkREftH6LGwDrziFch9P8d464t07XBRavstjvo=&xsec_source=pc_search,学会了，以后开会也这么做笔记。,探测词：说完方案领导没反应怎么办,
2026-08-02,https://www.xiaohongshu.com/explore/692c0f04000000001e016263?xsec_token=ABV8qFbDkREftH6LGwDrziFch9P8d464t07XBRavstjvo=&xsec_source=pc_search,1、所有沟通都指向行动 2、倾听要全身心，让对方感受到被看见被重视，先梳理关系再沟通事情 3、响应情绪、确认事实、回应期待 4、我们和目标 5、提供选择、降低门槛 6、换时间、换场合、换口径、换角色 7、自我介绍：我是谁、相互联系、价值贡献,探测词：说完方案领导没反应怎么办,
2026-08-02,https://www.xiaohongshu.com/explore/692c0f04000000001e016263?xsec_token=ABV8qFbDkREftH6LGwDrziFch9P8d464t07XBRavstjvo=&xsec_source=pc_search,你永远叫不醒一个装睡的人,探测词：说完方案领导没反应怎么办,
2026-08-02,https://www.xiaohongshu.com/explore/692c0f04000000001e016263?xsec_token=ABV8qFbDkREftH6LGwDrziFch9P8d464t07XBRavstjvo=&xsec_source=pc_search,是这样的，我以前有一个年轻的同事，你跟她聊天的时候，她总会说“是的呢”，大家跟他聊天就特别有认同感,探测词：说完方案领导没反应怎么办,
2026-08-02,https://www.xiaohongshu.com/explore/692c0f04000000001e016263?xsec_token=ABV8qFbDkREftH6LGwDrziFch9P8d464t07XBRavstjvo=&xsec_source=pc_search,讲得真好👍 不论在和哪个国家的人沟通，这些方法都很适用,探测词：说完方案领导没反应怎么办,
2026-08-02,https://www.xiaohongshu.com/explore/680f4df3000000002301ef20?xsec_token=ABpWAQdsCRv3-CvI44eUwtyzMChIDx5vDVuKG5EFYLGNc=&xsec_source=pc_search,她不回信息 就是代表短时间内 你没有利用价值~等到哪天她想用到你了 就会主动给你发信息了,探测词：领导不回消息该不该追问,
2026-08-02,https://www.xiaohongshu.com/explore/680f4df3000000002301ef20?xsec_token=ABpWAQdsCRv3-CvI44eUwtyzMChIDx5vDVuKG5EFYLGNc=&xsec_source=pc_search,不回复就是不尊重，各位不用自我和解，这是个人素养的问题。我之前认识的一个朋友就是，有事情求我才秒回，等我帮他处理完，无事求人就直接已读不回，功利的人留着干嘛？,探测词：领导不回消息该不该追问,
2026-08-02,https://www.xiaohongshu.com/explore/680f4df3000000002301ef20?xsec_token=ABpWAQdsCRv3-CvI44eUwtyzMChIDx5vDVuKG5EFYLGNc=&xsec_source=pc_search,有权势的人从来遇不到别人不回微信的情况，所以不回微信就是不尊重,探测词：领导不回消息该不该追问,
2026-08-02,https://www.xiaohongshu.com/explore/680f4df3000000002301ef20?xsec_token=ABpWAQdsCRv3-CvI44eUwtyzMChIDx5vDVuKG5EFYLGNc=&xsec_source=pc_search,不用想那么多，不回信息就是不尊重，没把你当一回事，哪怕是回复一个表情也行~连表情都没回一个~这种人删了吧,探测词：领导不回消息该不该追问,
2026-08-02,https://www.xiaohongshu.com/explore/680f4df3000000002301ef20?xsec_token=ABpWAQdsCRv3-CvI44eUwtyzMChIDx5vDVuKG5EFYLGNc=&xsec_source=pc_search,我不管他们什么原因，反正48小时不回我消息的，没资格存在我的世界。我说你不尊重我，就是不尊重。我有的标准。,探测词：领导不回消息该不该追问,
2026-08-02,https://www.xiaohongshu.com/explore/680f4df3000000002301ef20?xsec_token=ABpWAQdsCRv3-CvI44eUwtyzMChIDx5vDVuKG5EFYLGNc=&xsec_source=pc_search,别自己骗自己了，不回就是不尊重。哪怕就三五个字就行。,探测词：领导不回消息该不该追问,
2026-08-02,https://www.xiaohongshu.com/explore/680f4df3000000002301ef20?xsec_token=ABpWAQdsCRv3-CvI44eUwtyzMChIDx5vDVuKG5EFYLGNc=&xsec_source=pc_search,我以后定就是，六个小时不回我信息，马上删除,探测词：领导不回消息该不该追问,
2026-08-02,https://www.xiaohongshu.com/explore/680f4df3000000002301ef20?xsec_token=ABpWAQdsCRv3-CvI44eUwtyzMChIDx5vDVuKG5EFYLGNc=&xsec_source=pc_search,不要自欺欺人了，不回你就是懒得搭理你……极少数是确实没看到，那也可能被设了免打扰了……所以……,探测词：领导不回消息该不该追问,
2026-08-02,https://www.xiaohongshu.com/explore/680f4df3000000002301ef20?xsec_token=ABpWAQdsCRv3-CvI44eUwtyzMChIDx5vDVuKG5EFYLGNc=&xsec_source=pc_search,其实，有些人啥也不说就打电话过来，更加冒昧,探测词：领导不回消息该不该追问,
2026-08-02,https://www.xiaohongshu.com/explore/6a1040600000000008003174?xsec_token=ABmF47MS_SOxITI-y5lzUvfjjQtT6gWLCMz-hr5J4K2XA=&xsec_source=pc_search,请爱给别人发消息的人思考下是不是已经打扰到别人了，别光以为对方不礼貌,探测词：领导不回消息该不该追问,
2026-08-02,https://www.xiaohongshu.com/explore/6a1040600000000008003174?xsec_token=ABmF47MS_SOxITI-y5lzUvfjjQtT6gWLCMz-hr5J4K2XA=&xsec_source=pc_search,“下位者”期待“上位者”回复的时候，确实是“下位者”。但如果“下位者”只是单方面传递信息，不需要得到肯定或否定回复，那么这时候就变成了“上位者”,探测词：领导不回消息该不该追问,
2026-08-02,https://www.xiaohongshu.com/explore/6a1040600000000008003174?xsec_token=ABmF47MS_SOxITI-y5lzUvfjjQtT6gWLCMz-hr5J4K2XA=&xsec_source=pc_search,对方催 我就问，它不回，也不明确不合作，也不吱声，问了几次,探测词：领导不回消息该不该追问,
2026-08-02,https://www.xiaohongshu.com/explore/6a1040600000000008003174?xsec_token=ABmF47MS_SOxITI-y5lzUvfjjQtT6gWLCMz-hr5J4K2XA=&xsec_source=pc_search,对方主动 我热情回应后他又会已读不回 是什么意思,探测词：领导不回消息该不该追问,
2026-08-02,https://www.xiaohongshu.com/explore/6a1040600000000008003174?xsec_token=ABmF47MS_SOxITI-y5lzUvfjjQtT6gWLCMz-hr5J4K2XA=&xsec_source=pc_search,也可能是有毒关系里的自我救赎,探测词：领导不回消息该不该追问,
2026-08-02,https://www.xiaohongshu.com/explore/6a1040600000000008003174?xsec_token=ABmF47MS_SOxITI-y5lzUvfjjQtT6gWLCMz-hr5J4K2XA=&xsec_source=pc_search,为什么要用上位者和下位者来描述一段关系？纯好奇无恶意,探测词：领导不回消息该不该追问,
2026-08-02,https://www.xiaohongshu.com/explore/6a1040600000000008003174?xsec_token=ABmF47MS_SOxITI-y5lzUvfjjQtT6gWLCMz-hr5J4K2XA=&xsec_source=pc_search,问题对方阶层比我还低 只是她自认为比我高而已,探测词：领导不回消息该不该追问,
2026-08-02,https://www.xiaohongshu.com/explore/6a1040600000000008003174?xsec_token=ABmF47MS_SOxITI-y5lzUvfjjQtT6gWLCMz-hr5J4K2XA=&xsec_source=pc_search,我能不能直接转发给不回复我的人,探测词：领导不回消息该不该追问,
2026-08-02,https://www.xiaohongshu.com/explore/69a6deb3000000001a02689c?xsec_token=ABCpguclt_Dz_w21uDLe6NS9EX9sF8wRrpkv3bwbnXGXk=&xsec_source=pc_search,领导不回就不该做，他嫌烦是他的事，说不清就不推进呗，看谁急,探测词：领导不回消息该不该追问,
2026-08-02,https://www.xiaohongshu.com/explore/69a6deb3000000001a02689c?xsec_token=ABCpguclt_Dz_w21uDLe6NS9EX9sF8wRrpkv3bwbnXGXk=&xsec_source=pc_search,他不回就直接做吗 回头会不会就说 那我都没确认你怎么就退进了呢,探测词：领导不回消息该不该追问,
2026-08-02,https://www.xiaohongshu.com/explore/69a6deb3000000001a02689c?xsec_token=ABCpguclt_Dz_w21uDLe6NS9EX9sF8wRrpkv3bwbnXGXk=&xsec_source=pc_search,顶撞领导现在都是大罪了吗，跟袭警一样了是吧。,探测词：领导不回消息该不该追问,
2026-08-02,https://www.xiaohongshu.com/explore/69a6deb3000000001a02689c?xsec_token=ABCpguclt_Dz_w21uDLe6NS9EX9sF8wRrpkv3bwbnXGXk=&xsec_source=pc_search,执行层搞什么七七八八的人情世故。问领导执行哪个？确定后开始推进，凡是打迷糊的都强行确认完在推进。要不然明确告知没确定下来所以不进行执行就好了,探测词：领导不回消息该不该追问,
2026-08-02,https://www.xiaohongshu.com/explore/69a6deb3000000001a02689c?xsec_token=ABCpguclt_Dz_w21uDLe6NS9EX9sF8wRrpkv3bwbnXGXk=&xsec_source=pc_search,麻烦您改成B，然后他一直不回，后面追责的时候说这么重要的事情你怎么没得到我回复就做了？,探测词：领导不回消息该不该追问,
2026-08-02,https://www.xiaohongshu.com/explore/69a6deb3000000001a02689c?xsec_token=ABCpguclt_Dz_w21uDLe6NS9EX9sF8wRrpkv3bwbnXGXk=&xsec_source=pc_search,我还以为这些都是基本常识，在任何场景下都不应该试图行使自己没有的权力。我有点好奇的是对于老板来说为什么要花大钱请一个不愿意做决策的所谓领导，就当个肉喇叭吗,探测词：领导不回消息该不该追问,
2026-08-02,https://www.xiaohongshu.com/explore/69a6deb3000000001a02689c?xsec_token=ABCpguclt_Dz_w21uDLe6NS9EX9sF8wRrpkv3bwbnXGXk=&xsec_source=pc_search,不明确就不推进嘛问责下来也是领导他先被叼,探测词：领导不回消息该不该追问,
2026-08-02,https://www.xiaohongshu.com/explore/69a6deb3000000001a02689c?xsec_token=ABCpguclt_Dz_w21uDLe6NS9EX9sF8wRrpkv3bwbnXGXk=&xsec_source=pc_search,但凡是这样。。最后都背锅了呢。,探测词：领导不回消息该不该追问,
2026-08-02,https://www.xiaohongshu.com/explore/69a6deb3000000001a02689c?xsec_token=ABCpguclt_Dz_w21uDLe6NS9EX9sF8wRrpkv3bwbnXGXk=&xsec_source=pc_search,@虾仁不加盐 我每天经历的 每天做阅读理解题,探测词：领导不回消息该不该追问,
2026-08-03,https://www.xiaohongshu.com/explore/69b6805b0000000021005dfe,那如果上一份工作是服务业，交了三个月的社保怎么圆啊,"编造/包装工作经历时与真实社保记录对不上,担心被HR查出破绽",编造工作经历和社保记录对不上怎么解释
2026-08-03,https://www.xiaohongshu.com/explore/6a5e2dc40000000014004207?xsec_token=ABoihdyoCA0DQjoIvzznrui1OaVBQc-r02jBNHIGckk-0=&xsec_source=pc_search,话术太学生了！！,有工作经验的人发现网传面试话术是应届生口吻，拿到总经理面前用不了,面试话术太学生气怎么改
2026-08-03,https://www.xiaohongshu.com/explore/6a5e2dc40000000014004207?xsec_token=ABoihdyoCA0DQjoIvzznrui1OaVBQc-r02jBNHIGckk-0=&xsec_source=pc_search,我两年没工作咋说,有两年职业空窗，终面被追问这两年在干什么时不知道怎么答,终面被问空窗两年怎么回答
2026-08-03,https://www.xiaohongshu.com/explore/69bbc73e0000000023013694?xsec_token=ABBXvTO4K_SJeOdSOn7tMHbBZWuFIF7h6-20JFfC3Ka1M=&xsec_source=pc_search,紧张声音发颤怎么办,讲PPT时声音发抖，前排讲方法不讲生理反应,讲PPT声音发抖怎么控制
2026-08-03,https://www.xiaohongshu.com/explore/6978c4c0000000000b011e92?xsec_token=ABcxaMN_pdcA4UCoxHwpc0SI6fBT3_HGpm-0rCPfD4Egk=&xsec_source=pc_search,连续10年拿c怎么办,长期稳定被打C，单次面谈话术对其无意义,每年都拿C怎么办
2026-08-03,https://www.xiaohongshu.com/explore/6a3538cc00000000060206f6?xsec_token=AB8ExxAlRaSUujw_MzX6z1__R3IlNoGUSxYTHpFR_jT78=&xsec_source=pc_search,有些孤立都是领导默许的,孤立由领导默许纵容，前排针对平级同事的招式失去作用,领导默许的孤立怎么办
2026-08-03,https://www.xiaohongshu.com/explore/6a3538cc00000000060206f6?xsec_token=AB8ExxAlRaSUujw_MzX6z1__R3IlNoGUSxYTHpFR_jT78=&xsec_source=pc_search,如果领导也是羊呢,领导本人随大流参与孤立，向上求助这条路直接断掉,领导带头孤立我怎么办
2026-08-04,https://www.xiaohongshu.com/search_result/6a700def0000000033019fff?xsec_token=ABnCC_PiY2A3rz63JL1aQa6NL4AEZ9gvfYsBBJsKoO5oM=&xsec_source=,随心一点吧，就那几个钱，上班已经够累了，装出来的终究不长久，领导也不傻，做自己就好,不想刻意讨好领导又怕被认为不合群/不会来事,不想讨好领导会被说不合群吗
2026-08-04,https://www.xiaohongshu.com/search_result/6a700def0000000033019fff?xsec_token=ABnCC_PiY2A3rz63JL1aQa6NL4AEZ9gvfYsBBJsKoO5oM=&xsec_source=,我工资不到一万，用不到💰,低薪打工人觉得向上管理/讨好领导话术门槛太高用不上,工资低还要学向上管理话术吗
2026-08-04,https://www.xiaohongshu.com/search_result/6a5ed006000000000a03a609?xsec_token=ABoihdyoCA0DQjoIvzznruix1KofY_SLV0907kCN3ehpI=&xsec_source=,还有我是强制实习，根据他们公司规定，强制实习比自愿实习工资低很多，这样我是不是有希望拿下这个机会啊,强制实习生纠结低工资是否反而增加录用机会,强制实习工资低是不是更容易转正
2026-08-04,https://www.xiaohongshu.com/search_result/6a5ed006000000000a03a609?xsec_token=ABoihdyoCA0DQjoIvzznruix1KofY_SLV0907kCN3ehpI=&xsec_source=,今年的面试80%都是这种啊，面试俩小时，我想结束都很难，这些都谈到了，但是可能给不到薪资，平薪也给不到，但是我的薪资明明在市场上就是很入门的经理级别薪资啊,面试冗长两小时但薪资谈不拢，身心俱疲又不甘心结束,面试聊了两小时最后说给不到薪资怎么办
2026-08-04,https://www.xiaohongshu.com/search_result/6a5ed006000000000a03a609?xsec_token=ABoihdyoCA0DQjoIvzznruix1KofY_SLV0907kCN3ehpI=&xsec_source=,救命，没让我反问也没问我啥时候能入职,面试官没给反问机会也没问入职时间，担心是否代表没戏,面试官没让反问是不是没戏
2026-08-04,https://www.xiaohongshu.com/search_result/66bad1a30000000025030fba?xsec_token=ABJvlLXNWJN7IOZhqs5IfwjAZU9LIDzFTMrID0vAKMOWM=&xsec_source=pc_search,我薪资都谈好了走流程了被他们领导驳回了，嫌给我的工资高，人家觉得不如低薪多招几个人,薪资已谈妥走流程却被对方领导临时驳回，归因是嫌薪资高,薪资谈好被领导驳回怎么办
2026-08-04,https://www.xiaohongshu.com/search_result/66bad1a30000000025030fba?xsec_token=ABJvlLXNWJN7IOZhqs5IfwjAZU9LIDzFTMrID0vAKMOWM=&xsec_source=pc_search,工资流水没有那么多也没告诉HR呢,背调工资流水与面试所说薪资对不上，担心offer黄,背调工资流水对不上怎么办
2026-08-05,https://www.xiaohongshu.com/explore/6993b5360000000009039469?xsec_token=ABuHx3cTLpzVPo7zC50kIU1FfpxtCeh0m2HQLXZHXTT0w=&xsec_source=pc_search,那我问了面试结果，他说人事会通知我的。这种呢🥲,主动问了面试结果，对方说人事会通知，不确定这算不算已经被拒,HR说会通知你结果是不是就是被拒了
2026-08-05,https://www.xiaohongshu.com/explore/6993b5360000000009039469?xsec_token=ABuHx3cTLpzVPo7zC50kIU1FfpxtCeh0m2HQLXZHXTT0w=&xsec_source=pc_search,靠，难怪面完来句辛苦了🥲🥲🥲，是不是没戏,面试结束时对方说了句辛苦了，担心这是没戏的暗示,面试官说辛苦了是不是暗示没戏
2026-08-05,https://www.xiaohongshu.com/explore/6993b5360000000009039469?xsec_token=ABuHx3cTLpzVPo7zC50kIU1FfpxtCeh0m2HQLXZHXTT0w=&xsec_source=pc_search,我聊了4-5个小时 后面来一句综合评估回复你，主动跟我说给结果的时间，现在都快过去感觉凉了,长时间面试后只得到综合评估的套话回复，承诺的结果时间已过仍无消息,面试官说综合评估回复你且约定时间过了没消息还有希望吗
2026-08-05,https://www.xiaohongshu.com/explore/6a71b84f000000002800be3f?xsec_token=ABJ67AJwpaEbbSDyndwOBnXirXZapApSOzDFyRRjlf5ng=&xsec_source=pc_search,我见过最恶心的谈薪是，我当时是14薪，hr说我，好的我这边觉得你期望应该是最少持平，那我们是16到18薪所以月base会降，被我骂回去了,"HR用薪制口径差异(14薪vs16-18薪)包装成""持平""实际变相压低月基本工资，候选人识破后表达不满",HR用总包对比压低月薪怎么识别
2026-08-05,https://www.xiaohongshu.com/explore/6a71b84f000000002800be3f?xsec_token=ABJ67AJwpaEbbSDyndwOBnXirXZapApSOzDFyRRjlf5ng=&xsec_source=pc_search,其实打直球也可以的，我就一点技巧没有直接聊：我现在年包xx万，预期xx万，公司能给到吗？如果在他们预算范围内的话就麻烦继续推进,不确定谈薪时直接坦率报价(打直球)这种简化方式是否可行有效,谈薪可以直接说预期薪资吗
2026-08-05,https://www.xiaohongshu.com/explore/686e3aec000000002203178b?xsec_token=ABy33jbnrbPALlf0ypFk9SUX7Ow_aq3y7Ab_G_db4LRXA=&xsec_source=pc_feed,请问一下 现在还没有辞职的人 出去面试能不能不填写原公司人员信息给面试公司啊，我怕他们背调打电话还不大想被原公司知道我想走,在职裸辞前偷偷面试，担心背调打草惊蛇让原公司发现自己想离职,在职找工作背调不想让原公司知道怎么办
2026-08-05,https://www.xiaohongshu.com/explore/686e3aec000000002203178b?xsec_token=ABy33jbnrbPALlf0ypFk9SUX7Ow_aq3y7Ab_G_db4LRXA=&xsec_source=pc_feed,我最近面试了好多，一直在推销自己...结果呢...也是默拒...甚至有个工作和三位面试官聊的依依不舍，整个氛围磁场都好好！结果呢...说真的，你们选人能告知失败的原因吗？,面试氛围融洽、自我感觉良好却被默拒，求而不得且不知道具体败因，反复受挫后自我怀疑,面试聊得很好但被拒能问HR原因吗
2026-08-06,https://www.xiaohongshu.com/search_result/67c1b93e0000000009039ace?xsec_token=AB9bpz6ye-BlkqyjIkh3hJNtDwukV9cmgypI5uGGpux-E=&xsec_source=,面的公司 下面都已经打出来了 签字就承认你同意背调了 服了 不过我加了个不字 想知道这样真的不犯法吗,"面试登记表下方预先印好""同意背调""字样，被迫签字担心留下法律隐患",面试登记表被要求签字同意背调怎么办
2026-08-06,https://www.xiaohongshu.com/search_result/67c1b93e0000000009039ace?xsec_token=AB9bpz6ye-BlkqyjIkh3hJNtDwukV9cmgypI5uGGpux-E=&xsec_source=,今天遇到一个要填身份证号的，我问他不填可以吗，他说不行，公司要查你的征信，我当时把表拿过来直接撕了，然后转身就走,面试登记表被强制要求填写身份证号用于查征信，最终愤而离场,面试要求填身份证号查征信怎么办
2026-08-06,https://www.xiaohongshu.com/explore/6a5711ea0000000017028fe9?xsec_token=AB0Jap9cngF1TJIj_gyas9rgROXvgcpPaQHRB6clPv5PM=&xsec_source=pc_search,叫我回去等通知的最后都给我发offer了啊 / 叫我等通知的都没offer,"HR说""回去等通知""结果因人而异,求职者无法从这句话本身判断真实指向",hr说回去等通知是不是没戏了
2026-08-06,https://www.xiaohongshu.com/explore/6a5711ea0000000017028fe9?xsec_token=AB0Jap9cngF1TJIj_gyas9rgROXvgcpPaQHRB6clPv5PM=&xsec_source=pc_search,OK刚面完 回去等通知 我的天 感觉和出高考成绩一样……,"等待面试结果期间的焦虑感被具象类比为等高考成绩,情绪煎熬无处安放",面试后等结果的煎熬心态怎么调整
2026-08-07,https://www.xiaohongshu.com/explore/69d61733000000002200e98e,学到了 那后面对方有问要给上家流水吗 有给吗还是怎么回答,面试/谈薪中被追问提供上一家工资流水证明，不知如何应对,面试被要求出示上家工资流水怎么办
2026-08-07,https://www.xiaohongshu.com/explore/69d61733000000002200e98e,现在这行情，跳槽要20%的涨薪？？直接gap到退休了,对当前跳槽涨薪预期与市场行情落差的焦虑与自嘲,现在跳槽涨薪行情大概多少
2026-08-07,https://www.xiaohongshu.com/explore/6601988e0000000013025a78,我面试好有十次了吧，一直都不过，麻了麻了,反复面试屡战屡败后的疲惫麻木感,面试屡次不过怎么调整心态
2026-08-07,https://www.xiaohongshu.com/explore/6601988e0000000013025a78,今天面试紧张到话都说不清楚了，我搞不懂自己，面试前想着无所谓也不是啥好岗位也没有紧张，可是不知道为啥一到面试自我介绍我就磕磕绊绊的,平时告诉自己不紧张，但一到自我介绍环节就语无伦次的困惑,面试自我介绍紧张说不清楚怎么办
2026-08-07,https://www.xiaohongshu.com/explore/6601988e0000000013025a78,面试了两个多小时，总经理一直跟我聊公司发展愿景，我主打一个真诚，实话实说，也不知道结果咋样,长时间被聊愿景型面试后，无法判断是否有戏的忐忑,面试官一直聊愿景是不是没戏
2026-08-07,https://www.xiaohongshu.com/explore/6a71b84f000000002800be3f,应届生需要谈薪吗…？,应届生对是否该在校招阶段主动谈薪存在认知空白与犹豫,应届生需要谈薪吗
2026-08-07,https://www.xiaohongshu.com/explore/6a71b84f000000002800be3f,很多时候比如说告诉你这个岗位的total package是60。然后你实际在前司呆了5年公司内部涨幅不高导致你的薪资可能偏低于市场价这个时候你要求25%的涨幅一年能有55也没有超过他们的,涨薪诉求接近或低于package总额上限时如何判断合理区间的谈判顾虑,涨薪要求接近package上限还能谈吗
2026-08-07,https://www.xiaohongshu.com/explore/6a6f585e000000002c001401?xsec_token=ABm3GkBVyqKC5r5Zn83HChcLn0ilvfKpw5dGSMIPYCSKo=&xsec_source=pc_search,还是很想请问 被问expected salary的时候怎样很好的不回答。感觉有的H不喜欢被反问budget,"面试被问期望薪资(expected salary)时不知如何礼貌回避/不直接报价,担心反问HR预算区间会引起对方反感",面试被问expected salary怎么礼貌不直接回答
2026-08-08,https://www.xiaohongshu.com/explore/69abf6df0000000028009902?xsec_token=ABnKti2O_OHU3FClrBkxVLewe6Y_DOxSRwI8_adk7E6p8=&xsec_source=pc_search,为什么不给，又不带骗人的,"担心拒绝提供工资流水会被公司认为说谎/不诚实,不确定拒绝的后果",不给工资流水会被认为说谎吗
2026-08-08,https://www.xiaohongshu.com/explore/69abf6df0000000028009902?xsec_token=ABnKti2O_OHU3FClrBkxVLewe6Y_DOxSRwI8_adk7E6p8=&xsec_source=pc_search,只听了第一句，就准备划走，不过还是提醒一下，少信xhs上博主这样劝这也不给那也不给的话吧，现实是现实,"对网络博主教的拒绝话术不信任,认为现实中HR仍会强硬要求提供工资流水",工资流水不给HR会怎么样
2026-08-08,https://www.xiaohongshu.com/explore/6a4236e60000000022016319?xsec_token=ABZdg4jLfG95cv9GFWKhUycNvt2D778JZ_WsoS73hoDtg=&xsec_source=pc_search,别内耗，有个说初面通过了，副总出差半个月才回来，哈哈我就知道没戏了。,"初面被告知已通过,但后续要等更高层领导出差回来才能定夺,漫长等待中开始怀疑是否已经没戏",初面说通过了但要等领导出差回来定是不是没戏
2026-08-08,https://www.xiaohongshu.com/explore/69f32aca000000003603320c?xsec_token=ABvjXng2EjCiS1emry2jzk84b7yYlxSdDFhzFUigqK7D0=&xsec_source=pc_search,能说入职后发现部门所在的人全都离职，感觉部门流动性太大不利于长期发展吗,"犹豫离职原因能否直说是因为发现团队离职率过高,担心这个理由在HR听来是否合适/会不会显得在说前公司坏话",入职后发现部门都离职流动性大能说吗
2026-08-09,https://www.xiaohongshu.com/explore/65b74425000000002c036426?xsec_token=ABkH44Xactgq95qnJ9hzEsuNKy9hALfaQOoEv2zRFcLDU=&xsec_source=pc_search,招聘岗位上如果有标明待遇区间，岗位要求职责和福利，这样的回答只会让HR感觉，投递简历之前并没有详细了解岗位要求，有海投的嫌疑，如果待遇区间离自己期望待遇差异太大，为什么又要投递呢？说明你有接受的准备。楼主的视频只适合哪些标注为面谈的岗位，这种套路的视频未必会给应聘者带来好处，只能是建议而已，求职者还是需要有自我认知，不然可能会失去一个工作机会,投的岗位 JD 已写明薪资区间，照搬「先反问 HR 预算、不先报数」的话术被 HR 读成没看岗位要求、海投，反而丢掉机会,岗位写明薪资区间还能谈吗
2026-08-09,https://www.xiaohongshu.com/explore/65b74425000000002c036426?xsec_token=ABkH44Xactgq95qnJ9hzEsuNKy9hALfaQOoEv2zRFcLDU=&xsec_source=pc_search,最烦那种问了一句话都不愿意透露，只说面谈真的是浪费时间,主动问薪资区间时 HR 只回一句「面谈」，不给任何数字锚点，谈判从一开始就没有可谈的基准,hr只说薪资面谈怎么问出区间
2026-08-09,https://www.xiaohongshu.com/explore/65b74425000000002c036426?xsec_token=ABkH44Xactgq95qnJ9hzEsuNKy9hALfaQOoEv2zRFcLDU=&xsec_source=pc_search,实话，我们单位一个月可以稳定给到1万多，但是，非常不喜欢一上来就问薪资的，尤其是无责任底薪的。理解底薪是为了给自己一份保障，但是也不希望只盯着那些底薪。毕竟月薪1万以上的工作，多少需要灵活变通，创造比基础岗位更大的价值。,用人方一侧的反馈：候选人开场即问底薪、只盯无责任底薪，会被判定为不愿承担价值创造，直接影响给不给到高位区间,面试一开始就问薪资会被减分吗
2026-08-09,https://www.xiaohongshu.com/explore/65b74425000000002c036426?xsec_token=ABkH44Xactgq95qnJ9hzEsuNKy9hALfaQOoEv2zRFcLDU=&xsec_source=pc_search,23年毕业，一个央企直接联系我们老师急招我们专业的人，但是这个公司跟我们的专业不符，有意向的同学不多，最后只有我面试了，我直接说我大学兼职，每个月都8k，我到你们公司专职我要每个月到手1w,岗位招不到人、竞争者极少时，跳过所有话术直接开价反而成立——但前排没人讲怎么先判断自己处在这种供需位置,怎么判断自己在面试里有没有议价权
2026-08-09,https://www.xiaohongshu.com/explore/65b74425000000002c036426?xsec_token=ABkH44Xactgq95qnJ9hzEsuNKy9hALfaQOoEv2zRFcLDU=&xsec_source=pc_search,关键你说的基数我都不懂是个啥,话术里的薪酬结构术语（基数、包、责任底薪）本身没学会，还没到谈判环节就被术语挡在门外,谈薪说的基数是什么意思
2026-08-09,https://www.xiaohongshu.com/explore/6a5e2dc40000000014004207?xsec_token=ABoihdyoCA0DQjoIvzznrui8M68qVbLMZJ2_92zEa_sGY=&xsec_source=pc_search,我就学了这个，被人家说是AI,照搬网上的面试话术模板作答，被面试官当场评价为像AI背稿,面试回答被说像背的怎么办
2026-08-09,https://www.xiaohongshu.com/explore/6905e8d6000000000503832e?xsec_token=AB84sasz062iliiZsocpecpEZE2Ue6W4jJ0Fof1Jd6bAY=&xsec_source=pc_search,喝喝 上次被问职业规划 说过了x年要往更高层发展 他说他们公司结构很扁平没有发展的空间,按标准答案回答职业规划，被面试官用公司实际情况当场顶回来，不知道怎么接下一句,面试答职业规划被面试官反驳怎么接
2026-08-09,https://www.xiaohongshu.com/explore/6905e8d6000000000503832e?xsec_token=AB84sasz062iliiZsocpecpEZE2Ue6W4jJ0Fof1Jd6bAY=&xsec_source=pc_search,前两天去小象面试分拣，她问我之前做行政的为什么突然要做分拣，我说没吃过苦。结果以我年前过渡为由不给通过面试,跨行降薪求职被追问动机，说了实话反被判定为临时过渡而刷掉,跨行降级面试被问为什么怎么答
2026-08-09,https://www.xiaohongshu.com/explore/6905e8d6000000000503832e?xsec_token=AB84sasz062iliiZsocpecpEZE2Ue6W4jJ0Fof1Jd6bAY=&xsec_source=pc_search,未婚的担心结婚 已婚未育担心怀孕 已婚已育担心孩子太小照顾家庭无法专心工作 请问公司到底想要什么样的,女性求职者被问婚育状况，无论处于哪个阶段都被当作风险，怎么答都是错,面试被问婚育情况怎么回答
2026-08-09,https://www.xiaohongshu.com/explore/6905e8d6000000000503832e?xsec_token=AB84sasz062iliiZsocpecpEZE2Ue6W4jJ0Fof1Jd6bAY=&xsec_source=pc_search,你能接受加班吗？加班可是没工资,面试当场被要求表态接受无薪加班，说不接受可能直接出局,面试被问能不能接受无薪加班怎么回
2026-08-09,https://www.xiaohongshu.com/explore/6905e8d6000000000503832e?xsec_token=AB84sasz062iliiZsocpecpEZE2Ue6W4jJ0Fof1Jd6bAY=&xsec_source=pc_search,之前面试让我们两个面试的人互相评价对方,群面被要求当场评价同场竞争者，说好说坏都可能被扣分,群面被要求评价其他候选人怎么说
2026-08-09,https://www.xiaohongshu.com/explore/6a5e2dc40000000014004207?xsec_token=ABoihdyoCA0DQjoIvzznrui8M68qVbLMZJ2_92zEa_sGY=&xsec_source=pc_search,我两年没工作咋说,两年空窗期，被问期间在做什么时无话可说,空窗两年面试怎么解释
2026-08-09,https://www.xiaohongshu.com/explore/6a5e2dc40000000014004207?xsec_token=ABoihdyoCA0DQjoIvzznrui8M68qVbLMZJ2_92zEa_sGY=&xsec_source=pc_search,对面问薪资该如何回答 ，我是这样回答 期望薪资在你们的写的范围内,被问期望薪资时只敢贴着招聘范围报，怕报高出局又怕报低吃亏,面试问期望薪资怎么报不吃亏
2026-08-09,https://www.xiaohongshu.com/explore/6a5e2dc40000000014004207?xsec_token=ABoihdyoCA0DQjoIvzznrui8M68qVbLMZJ2_92zEa_sGY=&xsec_source=pc_search,觉得还有什么想问的这句话，有时候可能是面试官想结束面试了,分不清最后一问是给机会还是在下逐客令，不知道该追问还是收场,面试官问还有什么想问的是想结束吗
2026-08-09,https://www.xiaohongshu.com/explore/6a5e2dc40000000014004207?xsec_token=ABoihdyoCA0DQjoIvzznrui8M68qVbLMZJ2_92zEa_sGY=&xsec_source=pc_search,都是虚的 有的能力强的就是懒得说客套话。会说客套话的不一定做的好。作为老板认不清这一点趁早关了公司找个班儿上，一天天的净整这些虚的,有实际能力但不愿也不擅长说面试套话，认定这套话术筛掉的正是能干活的人,不会说面试套话能力强怎么面
2026-08-09,https://www.xiaohongshu.com/explore/6905e8d6000000000503832e?xsec_token=AB84sasz062iliiZsocpecpEZE2Ue6W4jJ0Fof1Jd6bAY=&xsec_source=pc_search,问我有没有结婚，会不会创业，为什么进这个公司，产量达不到咋办，接不接受穿无尘服，以前底薪多少，加班几小时，加班以后工资多少，学习抗压能力强不强,工厂类岗位面试被连珠炮式追问私人与条件类问题，一整串问题没有一个有现成答法,工厂面试连着问一堆问题怎么答
2026-08-09,https://www.xiaohongshu.com/explore/6905e8d6000000000503832e?xsec_token=AB84sasz062iliiZsocpecpEZE2Ue6W4jJ0Fof1Jd6bAY=&xsec_source=pc_search,想请你的，也不会问太多，问太多的都是不请的[坏笑R],从面试官提问数量反推录用意向，怀疑话术准备再多也改变不了结果,面试问得多是不是就没戏
2026-08-09,https://www.xiaohongshu.com/explore/6673ddc5000000001d01497d?xsec_token=ABcVDdlbEe3cMxK4jJsxOss-3UoTWmIiakZBMOuNTIduY=&xsec_source=pc_search,上个月面试了一家外企，面试官(中国人)说反馈可能1个月起步，因为他的老板(澳洲人)休假了，不知道休多久。面试没有表现一般，事后三天发了主题为interview follow up 的邮件，hr问我要了英文简历，最后回复说预计一周后反馈，但一周已过去，并没有收到。我想争取一下，也想知道最后结果，博主有什么建议吗？,已发过一次follow up邮件、HR承诺一周内反馈但逾期未回，不知道第二次该不该再问、怎么问,hr说一周给答复过了没消息怎么问
2026-08-09,https://www.xiaohongshu.com/explore/6673ddc5000000001d01497d?xsec_token=ABcVDdlbEe3cMxK4jJsxOss-3UoTWmIiakZBMOuNTIduY=&xsec_source=pc_search,小哥哥..我在面试过程中专业术语表现的不是很好..但是工作流程细节说的很好..HR也说在下周会给我消息..是不是会凉了,面试有明显短板、HR只给了「下周给消息」这类模糊承诺，在等待期靠猜测判断自己是否已被淘汰,hr说下周给消息是不是凉了
2026-08-09,https://www.xiaohongshu.com/explore/6673ddc5000000001d01497d?xsec_token=ABcVDdlbEe3cMxK4jJsxOss-3UoTWmIiakZBMOuNTIduY=&xsec_source=pc_search,letter 中间提及的多个点和每个段落的写作逻辑是很不错的，我之后自己应该也会用在我的感谢信里。不过需要提醒大家的是，很多岗位现在你都不是可以接触到面试你的那个人的 email.... 所以能通过介绍信拿到 offer 的机会比之前大大减少了,想按前排方法发感谢信/追问，但整个招聘流程只有系统投递入口，拿不到面试官或HR的联系方式,拿不到面试官邮箱怎么问结果
2026-08-09,https://www.xiaohongshu.com/explore/665740c700000000160100db?xsec_token=ABNMOJN3sZoZUYlh_7ws57eAbKdVt7KYu024FW0TGe4s8=&xsec_source=pc_search,说实话 我自己面试过别人 这招没用 基本面完一轮就知道要谁了,面试官视角反馈：追问/感谢信对决策无影响，前排「主动就能争取」的承诺被从供给侧否认,主动问面试结果真的有用吗
2026-08-09,https://www.xiaohongshu.com/explore/665740c700000000160100db?xsec_token=ABNMOJN3sZoZUYlh_7ws57eAbKdVt7KYu024FW0TGe4s8=&xsec_source=pc_search,试过了，但最近国内这个行情没啥用,照前排方法追问过但没有效果，怀疑这套话术只在国外/好行情下成立,国内追问面试结果没回复
2026-08-09,https://www.xiaohongshu.com/explore/665740c700000000160100db?xsec_token=ABNMOJN3sZoZUYlh_7ws57eAbKdVt7KYu024FW0TGe4s8=&xsec_source=pc_search,国际服不适合国服,前排高赞内容是北美/海外求职语境，国内求职者无法照搬其邮件式追问方式,国内面试后微信怎么问结果
2026-08-09,https://www.xiaohongshu.com/explore/665740c700000000160100db?xsec_token=ABNMOJN3sZoZUYlh_7ws57eAbKdVt7KYu024FW0TGe4s8=&xsec_source=pc_search,面试后通过还是不通过都给个回复不应该是HR最基本的礼貌吗？,被HR已读不回/静默淘汰后，只剩情绪但不知道还能不能要一个明确答复,面试后hr不回复还要不要再问
2026-08-09,https://www.xiaohongshu.com/explore/69bc0932000000001a0204e6?xsec_token=ABGc6s9hoZ_Jl_3-7aUB_fymq1th915Q_plbabkMhFJfU=&xsec_source=pc_search,最后这个问题非常危险 没有想要拒绝你的人都会因为这个问题开始想你的不足,按前排话术当场问「如果没过我还能争取吗」，反而把面试官引向挑自己毛病,问面试结果反而减分吗
2026-08-09,https://www.xiaohongshu.com/explore/69bc0932000000001a0204e6?xsec_token=ABGc6s9hoZ_Jl_3-7aUB_fymq1th915Q_plbabkMhFJfU=&xsec_source=pc_search,我问了我的面试官，她说通过面试对我的了解并不够，具体要看我入职后的情况，她现在并不能给我任何建议,照模板问了，对方给出一段等于没说的官方回答，不知道这是委婉拒绝还是流程话术,面试官回答很官方是委婉拒绝吗
2026-08-09,https://www.xiaohongshu.com/explore/69bc0932000000001a0204e6?xsec_token=ABGc6s9hoZ_Jl_3-7aUB_fymq1th915Q_plbabkMhFJfU=&xsec_source=pc_search,真的有反问环节力挽狂澜的么？我面试近100场感觉前边说的不好，到反问人家基本是走流程的提问了（态度能感觉出来）。反问认真和我探讨的，是我前边也聊的不错的。,面试量极大的老手实测：话术只在本来就要过的场次里起作用，对已经聊崩的场次无效,面试聊崩了还能挽回吗
2026-08-09,https://www.xiaohongshu.com/explore/69bc0932000000001a0204e6?xsec_token=ABGc6s9hoZ_Jl_3-7aUB_fymq1th915Q_plbabkMhFJfU=&xsec_source=pc_search,作为面试官，并不想被问这些,面试官侧明确表达对这类追问话术的反感，前排推荐的问法存在踩雷风险,面试官反感的追问方式
2026-08-09,https://www.xiaohongshu.com/explore/69bc0932000000001a0204e6?xsec_token=ABGc6s9hoZ_Jl_3-7aUB_fymq1th915Q_plbabkMhFJfU=&xsec_source=pc_search,我上次问挑战人家说没有挑战（因为招的是实习生）。。。,实习生/初级岗位场景下，前排面向正式岗的问法被对方一句话堵死,实习生面试结束怎么问结果
2026-08-09,https://www.xiaohongshu.com/explore/6777d837000000000b020c11?xsec_token=ABGAg8JJvWzncX9eVZNhnfnmfrBc7gim7GR9LyGIOFBAM=&xsec_source=pc_search,将围绕三个关键词听起来好尴尬呀，真的会有人这么介绍吗？,照着前排的自我介绍模板念，自己先觉得假、张不开嘴,自我介绍模板说不出口怎么改
2026-08-09,https://www.xiaohongshu.com/explore/6777d837000000000b020c11?xsec_token=ABGAg8JJvWzncX9eVZNhnfnmfrBc7gim7GR9LyGIOFBAM=&xsec_source=pc_search,不想要你的怎么答都没用,怀疑岗位早已内定，认为话术层面的努力不改变结果,面试是不是内定了怎么判断
2026-08-09,https://www.xiaohongshu.com/explore/6777d837000000000b020c11?xsec_token=ABGAg8JJvWzncX9eVZNhnfnmfrBc7gim7GR9LyGIOFBAM=&xsec_source=pc_search,大家都真诚一点不好吗，公司死装面试的也要装。,抵触按模板扮演人设，但又怕不装就被淘汰,面试不想装人设还能不能过
2026-08-09,https://www.xiaohongshu.com/explore/6777d837000000000b020c11?xsec_token=ABGAg8JJvWzncX9eVZNhnfnmfrBc7gim7GR9LyGIOFBAM=&xsec_source=pc_search,做过hr的表示我听到第三种开头直接开始脚趾抓地,HR 一侧已经听腻了网传模板开场白，模板本身成了减分项,hr听腻的面试开场白有哪些
2026-08-09,https://www.xiaohongshu.com/explore/695ed1f0000000002103f47a?xsec_token=ABFfV6A0As8ZPK4LAEpUvQGCiAPR7sSHwid8kW3AHmHFQ=&xsec_source=pc_search,我经理： 为什么要做这个工作？ 我：我想要个简单工作，没有兴趣升职或跳槽。第二天：我被录取了（其他几个都被拒了）,说了前排明令禁止的大实话，结果反而是唯一被录取的人,面试说实话反而被录取是为什么
2026-08-09,https://www.xiaohongshu.com/explore/695ed1f0000000002103f47a?xsec_token=ABFfV6A0As8ZPK4LAEpUvQGCiAPR7sSHwid8kW3AHmHFQ=&xsec_source=pc_search,new grad该怎么回答呢,应届生没有可讲的项目和履历，套不进以工作经验为前提的答案模板,应届生没经验面试怎么回答动机题
2026-08-09,https://www.xiaohongshu.com/explore/695ed1f0000000002103f47a?xsec_token=ABFfV6A0As8ZPK4LAEpUvQGCiAPR7sSHwid8kW3AHmHFQ=&xsec_source=pc_search,两个候选人，没有选大厂那个的最直接原因应该是太贵了，跟回答并没有任何直接关系,落选被归因于话术，但真实原因可能是薪资预期超预算,面试没过是话术问题还是要价太高
2026-08-09,https://www.xiaohongshu.com/explore/695ed1f0000000002103f47a?xsec_token=ABFfV6A0As8ZPK4LAEpUvQGCiAPR7sSHwid8kW3AHmHFQ=&xsec_source=pc_search,我当时就说公司离我家太近了,动机题只答得出通勤方便这种现实理由，怕被判定为不上进,面试动机题只有离家近这个理由怎么说
2026-08-09,https://www.xiaohongshu.com/explore/66ee7c42000000002700576d?xsec_token=ABTXLwdpZTRks1ThBWcOwy0DUIRjrrwiiUP-QQP2qqlts=&xsec_source=pc_search,前几天面试有一个问题让我印象极其深刻，我面试设计助理，结果被问“你怎么理解商业”，我？？？？这怎么回答啊啊啊,面基层岗位却被问远超岗位层级的大问题，禁语清单完全帮不上忙,面试被问超出岗位的大问题怎么答
2026-08-09,https://www.xiaohongshu.com/explore/66ee7c42000000002700576d?xsec_token=ABTXLwdpZTRks1ThBWcOwy0DUIRjrrwiiUP-QQP2qqlts=&xsec_source=pc_search,不晓得就是不晓得啊，再问一遍也没用,真的不会答，拖延技巧只是把尴尬延后，无法解决知识空白,面试真的不会答该怎么说
2026-08-09,https://www.xiaohongshu.com/explore/66ee7c42000000002700576d?xsec_token=ABTXLwdpZTRks1ThBWcOwy0DUIRjrrwiiUP-QQP2qqlts=&xsec_source=pc_search,我感觉英语面试更适用我有时候也会问面试官能不能解释一下某个单词或短语是什么意思，但是中文里面就没办法，毕竟是母语,中文面试里没法用「请再解释一下」争取思考时间，前排技巧在母语场景失效,中文面试怎么争取思考时间
2026-08-09,https://www.xiaohongshu.com/explore/669625d5000000000a007040?xsec_token=ABTe0mJyPL2iXxuvzE41hdcD5By7EvcNiWC-xNqKG6I9Q=&xsec_source=pc_search,手势太多怎么克制？,照教程练了手势之后，实际面试时手势用得过量、自己意识到但停不下来,面试手势太多怎么克制
2026-08-09,https://www.xiaohongshu.com/explore/669625d5000000000a007040?xsec_token=ABTe0mJyPL2iXxuvzE41hdcD5By7EvcNiWC-xNqKG6I9Q=&xsec_source=pc_search,手一直要在这里端着吗,学会了标准手位但不知道要维持多久、什么时候可以放下，全程端着导致僵硬,面试标准手位要一直端着吗
2026-08-09,https://www.xiaohongshu.com/explore/669625d5000000000a007040?xsec_token=ABTe0mJyPL2iXxuvzE41hdcD5By7EvcNiWC-xNqKG6I9Q=&xsec_source=pc_search,试讲的时候会面无表情，语言平淡没有气势怎么办啊,教资试讲现场，动作要领知道但表情和语调调不动，整个人是平的,试讲面无表情语调平淡怎么改
2026-08-09,https://www.xiaohongshu.com/explore/669625d5000000000a007040?xsec_token=ABTe0mJyPL2iXxuvzE41hdcD5By7EvcNiWC-xNqKG6I9Q=&xsec_source=pc_search,一上去就紧张怎么办,练习时能做到，一站上考场的最初几秒身体就失控,面试一上场前30秒紧张怎么办
2026-08-09,https://www.xiaohongshu.com/explore/6601988e0000000013025a78?xsec_token=ABgPNmgHz7UoWWiQ0GfxedfyL6ktomLN8PANAFN3ozGgk=&xsec_source=pc_search,我因为松弛被挂了,照着「表演松弛」的建议做了，反而被面试官判定为不够重视这个机会而淘汰,面试太松弛被挂怎么办
2026-08-09,https://www.xiaohongshu.com/explore/6601988e0000000013025a78?xsec_token=ABgPNmgHz7UoWWiQ0GfxedfyL6ktomLN8PANAFN3ozGgk=&xsec_source=pc_search,我太松弛了 松弛到问出了HR的感情史,松弛过头越过了面试的场合边界，把对话带到了不该聊的私人话题上,面试松弛的分寸在哪里
2026-08-09,https://www.xiaohongshu.com/explore/69417421000000001f00ad20?xsec_token=ABsRuN_ut8SAos9jLeezmkbZMrPvxxjLOELxYoj6iYtkY=&xsec_source=pc_search,实际上中式礼仪是不要反手进关门和反手出关门,前排 8.1 万赞的进门关门示范被指与中式场合的礼仪相反，看完不知道该照哪套做,面试进门关门中式礼仪怎么做
2026-08-09,https://www.xiaohongshu.com/explore/69417421000000001f00ad20?xsec_token=ABsRuN_ut8SAos9jLeezmkbZMrPvxxjLOELxYoj6iYtkY=&xsec_source=pc_search,面试销售会注意这些吗,不确定这套精致仪态在自己应聘的岗位（销售）上是否成立、会不会反而显得端着,销售岗面试肢体语言和别的岗位一样吗
2026-08-09,https://www.xiaohongshu.com/explore/6601988e0000000013025a78?xsec_token=ABgPNmgHz7UoWWiQ0GfxedfyL6ktomLN8PANAFN3ozGgk=&xsec_source=pc_search,我个人经验，对面几家公司，各种各样的面试问题都准备过答案后，面试自然而然松弛了。这也就是说，最想去的公司别先投简历，先投几家不想去的练练手,靠真实面试次数堆出松弛，而不是靠动作训练；说明前排的动作教学解决不了状态问题,最想去的公司应该第几个面
2026-08-09,https://www.xiaohongshu.com/explore/6601988e0000000013025a78?xsec_token=ABgPNmgHz7UoWWiQ0GfxedfyL6ktomLN8PANAFN3ozGgk=&xsec_source=pc_search,我面试好有十次了吧，一直都不过，麻了麻了,连续多轮面试被拒后不知道问题出在哪，动作类教程无法定位失败原因,面试十次都没过怎么复盘
2026-08-09,https://www.xiaohongshu.com/explore/6601988e0000000013025a78?xsec_token=ABgPNmgHz7UoWWiQ0GfxedfyL6ktomLN8PANAFN3ozGgk=&xsec_source=pc_search,我面试美的，他问我愿不愿意到非洲去基建，我说不愿意，后来也是没过,面试中被问到无法接受的硬性条件，如实回答就被淘汰，肢体语言帮不上忙,面试被问不能接受的条件怎么答
2026-08-09,https://www.xiaohongshu.com/explore/6601988e0000000013025a78?xsec_token=ABgPNmgHz7UoWWiQ0GfxedfyL6ktomLN8PANAFN3ozGgk=&xsec_source=pc_search,就是因为一个回答被pass了,整场面试表现正常，只因单个回答出问题被淘汰，无法归因到肢体语言,面试一句话说错就被pass
2026-08-09,https://www.xiaohongshu.com/explore/69590ece000000001e031db8?xsec_token=AB-j_be7PnV7WetEb_mnqt2LTbeFJ-ptAbeZ6xv9oBgYE=&xsec_source=pc_search,因果颠倒，不是有这种动作才自信，而是自信才有这种动作,直接否定动作训练的有效性，指出前排教学的因果链是反的,练了自信动作还是不自信
2026-08-09,https://www.xiaohongshu.com/explore/69590ece000000001e031db8?xsec_token=AB-j_be7PnV7WetEb_mnqt2LTbeFJ-ptAbeZ6xv9oBgYE=&xsec_source=pc_search,自信就是能做到不在意别人的目光，怎么舒服怎么来，而不是他这种表演自信,对「表演型自信」教学的直接失效反馈，认为学了也只是演,表演自信和真自信的区别
2026-08-09,https://www.xiaohongshu.com/explore/69590ece000000001e031db8?xsec_token=AB-j_be7PnV7WetEb_mnqt2LTbeFJ-ptAbeZ6xv9oBgYE=&xsec_source=pc_search,上级面前这么自信其实不太好！,在有上下级关系的场合，标准「自信姿态」会被视为冒犯，教程没给分场景版本,在领导面前太自信会怎样
2026-08-09,https://www.xiaohongshu.com/explore/6601988e0000000013025a78?xsec_token=ABgPNmgHz7UoWWiQ0GfxedfyL6ktomLN8PANAFN3ozGgk=&xsec_source=pc_search,面试就是看谁会吹，谁会演,把面试整体判定为表演竞赛，对技巧类内容持犬儒态度,
2026-08-09,https://www.xiaohongshu.com/explore/6a32967b0000000007027216?xsec_token=ABWceEXMDSPnNzKm9DzMPEjyzMhG_1_WyStafIeL7Lxdg=&xsec_source=pc_search,然后面试官立马反问你，你看过岗位JD了，你觉得核心是什么呢？你觉得这个岗位要做到让领导认可的优秀特质是哪些呢？我问出一些问题的时候，面试官立刻反问我,按模板问出反问后，面试官把同一个问题原样抛回来，候选人当场没有准备好的回答,面试反问被面试官反问回来怎么接
2026-08-09,https://www.xiaohongshu.com/explore/6a32967b0000000007027216?xsec_token=ABWceEXMDSPnNzKm9DzMPEjyzMhG_1_WyStafIeL7Lxdg=&xsec_source=pc_search,我都背过，但是觉得两个人对着讲官话太尬了，讲不出来,模板问题都背下来了，但在真实对话里觉得像念稿子，开不了口,面试反问怎么问才不像背稿
2026-08-09,https://www.xiaohongshu.com/explore/6a32967b0000000007027216?xsec_token=ABWceEXMDSPnNzKm9DzMPEjyzMhG_1_WyStafIeL7Lxdg=&xsec_source=pc_search,妈啊 作为面试官天天听这样的反问都要听腻了,面试官侧反馈：网传模板问题已被大量候选人重复使用，失去区分度,面试官听腻的反问有哪些
2026-08-09,https://www.xiaohongshu.com/explore/6a32967b0000000007027216?xsec_token=ABWceEXMDSPnNzKm9DzMPEjyzMhG_1_WyStafIeL7Lxdg=&xsec_source=pc_search,小公司问了也没用,面试的是小公司，认为大厂式反问模板在这种组织里得不到实质信息,小公司面试反问该问什么
2026-08-09,https://www.xiaohongshu.com/explore/6a71b84f000000002800be3f?xsec_token=ABJ67AJwpaEbbSDyndwOBnXuxBhHix-IY85Z9NWRYFkM0=&xsec_source=pc_search,妈耶，谁懂对方主动拉满15％之后，我就不知道怎么争取了，但我其实还是期望更高一些，，也没有很好的理由了,HR 主动给到公司上限涨幅后，候选人想再要更多却找不到开口的理由,对方主动给到涨幅上限后还能怎么谈
2026-08-11,https://www.xiaohongshu.com/explore/67cda512000000000900c8f9,刚刚经历过一个群面，十二个人进去甚至没有编号，第一个需求是阐述自己的看法，第二个才是群体讨论给出一个方案，然而场面乱的简直没法说，一个人还没发言完毕已经有两三个人准备抢话了,无领导小组群面人数多且无编号时发言秩序混乱，想发言却被反复抢话，不知如何在这种失控场面里争取存在感,无领导小组群面十几人不编号发言混乱抢话怎么办
2026-08-11,https://www.xiaohongshu.com/explore/6a7975f90000000033036c74?xsec_token=ABiy_APxfNb7nebX5V17ZNnbvYN8yaMagP9H95tRoDl4Y=&xsec_source=pc_search,问这么简单吗，哪家公司，我也想去。面试面的快吐了,看到别人分享的面试题偏简单产生羡慕心理，同时暴露自己密集刷面试到疲惫厌烦的状态,面试面太多好累怎么调整
2026-08-11,https://www.xiaohongshu.com/explore/684bbbb30000000023017095?xsec_token=ABuKQhfAua_9UAJyy_GpmCHOpZieoIkqkd5zxBNsQTKZw=&xsec_source=pc_search,有一家我没填身份证号，人事看到后让我填上，说档案什么的，最后面试也没过,照攻略留白身份证号，被 HR 当场以「归档」为由要求补填，让步后仍被刷,面试不填身份证号会被刷吗
2026-08-11,https://www.xiaohongshu.com/explore/684bbbb30000000023017095?xsec_token=ABuKQhfAua_9UAJyy_GpmCHOpZieoIkqkd5zxBNsQTKZw=&xsec_source=pc_search,这些东西说不认真填写嘛，他那里就说如果说不认真填写，就一旦查清就不嗯录用，那怎么搞嘞？,登记表上印着「填写不实一经查实不予录用」，不敢留白也不敢照实填，卡在表前无法下笔,面试登记表写着填写不实不予录用怎么办
2026-08-11,https://www.xiaohongshu.com/explore/684bbbb30000000023017095?xsec_token=ABuKQhfAua_9UAJyy_GpmCHOpZieoIkqkd5zxBNsQTKZw=&xsec_source=pc_search,之前有个面试问我父母那栏为什么只写一个人的信息，是单亲家庭吗？搞笑的是初面人事问这个问题，复面老总也问这个问题,家庭成员栏只填一人，反被初面和复面两轮追问家庭结构，留白本身成了被审问的入口,面试填家庭成员只写一个被追问怎么回答
2026-08-11,https://www.xiaohongshu.com/explore/684bbbb30000000023017095?xsec_token=ABuKQhfAua_9UAJyy_GpmCHOpZieoIkqkd5zxBNsQTKZw=&xsec_source=pc_search,紧急联络人也不要填了，等正式入职之后再来填，谁知道公司是不是在收集信息呢？,怀疑面试环节的登记表只是收集信息，自行把紧急联系人推迟到入职后再给,面试紧急联系人可以不填吗
2026-08-11,https://www.xiaohongshu.com/explore/684bbbb30000000023017095?xsec_token=ABuKQhfAua_9UAJyy_GpmCHOpZieoIkqkd5zxBNsQTKZw=&xsec_source=pc_search,我每次面试前天填这个表的，十次填十次都面不过,反复遇到面试前先填详表的流程，填完就没有下文，怀疑填表与结果相关,面试前填登记表就没下文
2026-08-11,https://www.xiaohongshu.com/explore/684bbbb30000000023017095?xsec_token=ABuKQhfAua_9UAJyy_GpmCHOpZieoIkqkd5zxBNsQTKZw=&xsec_source=pc_search,凡是要填面试签到表的最后大概率都寄了 都是假的,把「要求填签到表」当作公司岗位不真实的判断信号,面试要求填签到表是不是假岗位
2026-08-11,https://www.xiaohongshu.com/explore/684bbbb30000000023017095?xsec_token=ABuKQhfAua_9UAJyy_GpmCHOpZieoIkqkd5zxBNsQTKZw=&xsec_source=pc_search,这种表正常吗、正常能这么问吗,拿到表当场分不清哪些栏目属于正常招聘所需、哪些已经越界,面试登记表哪些问题属于越界
2026-08-11,https://www.xiaohongshu.com/explore/684bbbb30000000023017095?xsec_token=ABuKQhfAua_9UAJyy_GpmCHOpZieoIkqkd5zxBNsQTKZw=&xsec_source=pc_search,太诚实，之前找工作基本上全填了,此前多家公司的登记表已经全部如实填完，事后才意识到信息已经交出去,面试表已经全填了怎么补救
2026-08-11,https://www.xiaohongshu.com/explore/65e46c4100000000030366fe?xsec_token=ABXnCBDn-3H9zfy-qLvglx_3dHv_2W43oAkOiTrM1RNKQ=&xsec_source=pc_search,……呃…如果是我面一些高职位的candidate…他们按照你说的这样回答我可能会直接刷掉他们… 这些答案只适合非常junior的职位,面试官视角指出网传缺点模板只适用于初级岗，资深候选人照抄会被直接刷掉,senior岗面试问缺点怎么答
2026-08-11,https://www.xiaohongshu.com/explore/65e46c4100000000030366fe?xsec_token=ABXnCBDn-3H9zfy-qLvglx_3dHv_2W43oAkOiTrM1RNKQ=&xsec_source=pc_search,需要回答的是你如何通过自我反省认识到自己的不足并尝试解决的这么一个过程。什么样的问题都是可以被接受的，问题的关键在于自我反省和改善的过程。另外提一句，在于管理层的面试中，这个问题回答得不好有可能直接就挂了。,面管理层岗位时，缺点这题答不好会直接淘汰，但没人讲管理层该怎么答,管理层面试缺点回答
2026-08-11,https://www.xiaohongshu.com/explore/67cd8efd000000000603cf83?xsec_token=ABN7GisP2IJs0EgUXiy6rrlrU5gW8sMSurll_i_aSW4ko=&xsec_source=pc_search,第一个答案，我上次面试就这么说的，而且已经是三面线下了，而且措辞还更好点，结果给我搁池子里，从去年秋招泡到现在春招了,照抄高赞笔记的答案在三面线下用过，结果被放进人才池长期悬置，跨过秋招到春招,面试三面后被放进人才池怎么办
2026-08-11,https://www.xiaohongshu.com/explore/65e46c4100000000030366fe?xsec_token=ABXnCBDn-3H9zfy-qLvglx_3dHv_2W43oAkOiTrM1RNKQ=&xsec_source=pc_search,senior我不懂但是new grad的话，正确这俩其实没问题，我们学校career service给的示例答案就是exactly这俩。这种问题反正也都是虚的，想在这个答案上加分太难了，不整太烦人就行,应届生层面模板已被 career service 标准化到人尽皆知，但 senior 层面无人能给答案,工作五年后面试问缺点还能说不会拒绝人吗
2026-08-11,https://www.xiaohongshu.com/explore/67cd8efd000000000603cf83?xsec_token=ABN7GisP2IJs0EgUXiy6rrlrU5gW8sMSurll_i_aSW4ko=&xsec_source=pc_search,说和本职工作无关的缺点，比如面试的是会计专员岗，可以说自己不擅长在公开场合发言，会觉得没自信压力大等等，真诚又不踩雷，因为会计专员的JD压根不会要求演讲能力。,自行摸索出按 JD 反推安全缺点的方法，说明前排通用模板不能解决「我这个岗位说什么才安全」,按岗位JD选面试说什么缺点
2026-08-11,https://www.xiaohongshu.com/explore/65e46c4100000000030366fe?xsec_token=ABXnCBDn-3H9zfy-qLvglx_3dHv_2W43oAkOiTrM1RNKQ=&xsec_source=pc_search,public speaking最好不要说 🙅 很多岗位需要communication,同一个缺点在不同岗位下安全性相反，读者被两套互相矛盾的建议夹住,面试说不擅长公开发言会踩雷吗
2026-08-11,https://www.xiaohongshu.com/explore/699e42870000000015039da9?xsec_token=ABxfTz5Lfe-7hKLXXQnBcyvQPy7li1f_J6oucjcqbdEUw=&xsec_source=pc_search,面试官问缺点根本不是想听你真的缺点，是想看你的情商和反思能力。之前因为说“我没缺点”直接被刷，太亏了,答过「我没缺点」被当场刷掉后才反推出这题的真实考察点,
2026-08-11,https://www.xiaohongshu.com/explore/699e42870000000015039da9?xsec_token=ABxfTz5Lfe-7hKLXXQnBcyvQPy7li1f_J6oucjcqbdEUw=&xsec_source=pc_search,如果继续问你 你收到的negative feedback是什么呢,面试官在缺点之后追问「你收到过什么负面反馈」，前排答案止步于第一问，追问环节无人给答案,面试被追问收到过什么负面反馈怎么答
2026-08-11,https://www.xiaohongshu.com/explore/699e42870000000015039da9?xsec_token=ABxfTz5Lfe-7hKLXXQnBcyvQPy7li1f_J6oucjcqbdEUw=&xsec_source=pc_search,我不喜欢这个回答 太长了 inerviewer没有时间听,按范文背下的完整答案在真实面试里过长，面试官没耐心听完,面试回答缺点说多长合适
2026-08-11,https://www.xiaohongshu.com/explore/67cd8efd000000000603cf83?xsec_token=ABN7GisP2IJs0EgUXiy6rrlrU5gW8sMSurll_i_aSW4ko=&xsec_source=pc_search,第一个 提前担忧型，说自己心理素质不是特别好，他会不会认为你抗压能力差啊,照着高赞笔记准备时不敢用其中一个答案，怕被判定抗压能力差，无人回应,面试说自己心理素质不好会被认为抗压差吗
2026-08-11,https://www.xiaohongshu.com/explore/6a2390340000000007024dd3?xsec_token=AB76IfDxIdEPICpwQlmfp5ETGg5l127jui42K3m9liRR4=&xsec_source=pc_search,同事我倒是可以这样 其他部门或者更高级别的领导问我工资怎么办啊。。。,跨部门或更高级别领导打探自己工资，不敢用对付平级同事的反问话术,领导问我工资怎么回答
2026-08-11,https://www.xiaohongshu.com/explore/6a2390340000000007024dd3?xsec_token=AB76IfDxIdEPICpwQlmfp5ETGg5l127jui42K3m9liRR4=&xsec_source=pc_search,我也被问：听说你是靠关系进来的。但是不是同事，是另一个部门领导，我怎么回啊。难道我也回：怎么了和你有什么关系,被别的部门领导当面质疑靠关系进公司，对方级别高于自己不能硬顶,被领导说靠关系进来的怎么回
2026-08-11,https://www.xiaohongshu.com/explore/6a2390340000000007024dd3?xsec_token=AB76IfDxIdEPICpwQlmfp5ETGg5l127jui42K3m9liRR4=&xsec_source=pc_search,最后你会彻底被孤立，不要问我为什么知道,照前排话术反问同事一段时间后在办公室被孤立,在公司被孤立了怎么办
2026-08-11,https://www.xiaohongshu.com/explore/6a2390340000000007024dd3?xsec_token=AB76IfDxIdEPICpwQlmfp5ETGg5l127jui42K3m9liRR4=&xsec_source=pc_search,這種模式就被定義為刺頭,用反问话术挡同事后被公司定义成刺头,被贴上刺头标签怎么办
2026-08-11,https://www.xiaohongshu.com/explore/6a2390340000000007024dd3?xsec_token=AB76IfDxIdEPICpwQlmfp5ETGg5l127jui42K3m9liRR4=&xsec_source=pc_search,老这么反问怎么啦 会被人烦,反问句式重复使用后同事产生反感，找不到第二套说法,除了反问还能怎么挡同事打探
2026-08-11,https://www.xiaohongshu.com/explore/6a2390340000000007024dd3?xsec_token=AB76IfDxIdEPICpwQlmfp5ETGg5l127jui42K3m9liRR4=&xsec_source=pc_search,这种回复方法就是树敌，而且是到处树敌。因为你的前台词就是把对方问你的话当成是敌意，是一种比较敏感的自保加攻击。其实正常情况有的时候大家只是相互用这种方法套近乎或者增加一下话，以及交流的契机。最好的方法就是装糊涂，或者大大方方的讲这个还真的不太清楚，关心的反问一句这里面有什么情况吗？这样其实能套近乎，而且还能可能有额外的收益。,把同事的日常套近乎误判为打探，用防御话术回应后到处树敌,怎么分辨同事是打探还是套近乎
2026-08-11,https://www.xiaohongshu.com/explore/6a2390340000000007024dd3?xsec_token=AB76IfDxIdEPICpwQlmfp5ETGg5l127jui42K3m9liRR4=&xsec_source=pc_search,邻居问我有多少存款，她说她有二十万，问我有多少。我该怎么回答？,邻居先自曝存款数额再反问自己，职场话术搬到熟人场景不适用,邻居问我有多少存款怎么回答
2026-08-11,https://www.xiaohongshu.com/explore/6a5ef5ad0000000010029d10?xsec_token=ABoihdyoCA0DQjoIvzznruiyJQ--Ci3k131SyAQAa5e-k=&xsec_source=pc_search,其实我听不出来，只会哈哈哈尬笑，然后整个场面就变得特别尴尬,当场识别不出对方在套话，只能尬笑，反应过后才明白,听不出别人话里有话怎么办
2026-08-11,https://www.xiaohongshu.com/explore/6a5ef5ad0000000010029d10?xsec_token=ABoihdyoCA0DQjoIvzznruiyJQ--Ci3k131SyAQAa5e-k=&xsec_source=pc_search,老师，特别容易被套话怎么办啊,自己是被套话的一方，前排只教怎么套别人不教怎么防,容易被套话怎么办
2026-08-11,https://www.xiaohongshu.com/explore/6a5ef5ad0000000010029d10?xsec_token=ABoihdyoCA0DQjoIvzznruiyJQ--Ci3k131SyAQAa5e-k=&xsec_source=pc_search,如果对方无中生有怎么办？就比如说你明明什么都没说，他就到处说你说了什么什么什么，这种怎么办？,同事捏造自己没说过的话在办公室传播，话术挡不住已经发生的传谣,同事造谣我说过的话怎么办
2026-08-11,https://www.xiaohongshu.com/explore/6a001da70000000007012273?xsec_token=ABUYlOWQvG2fKaA_rc3RirFzq4g_QBQnokxPUYB__R5E8=&xsec_source=pc_search,看似聪明，但大家都聪明，时间长了迅速就知道这个人戒备心重，不宜深交，只能维持表面关系,长期使用防御话术后被同事判定戒备心重，只剩表面关系,职场话术用久了没朋友怎么办
2026-08-11,https://www.xiaohongshu.com/explore/6a001da70000000007012273?xsec_token=ABUYlOWQvG2fKaA_rc3RirFzq4g_QBQnokxPUYB__R5E8=&xsec_source=pc_search,在体制内能交到朋友吗？,体制内环境下不确定该不该对同事设防,体制内能不能交同事朋友
2026-08-11,https://www.xiaohongshu.com/explore/69663f79000000000b01308a?xsec_token=AB56QnQbA7zpVe-W616xJeb0Buv7tcdOqcpFSucGtPWWs=&xsec_source=pc_search,一面试就紧张，一紧张就大脑空白，这个问题怎么解决啊,看完「能力差信号」清单后直接追问临场紧张导致大脑空白该怎么处理，前排无人回答,面试一紧张就大脑空白怎么办
2026-08-11,https://www.xiaohongshu.com/explore/6a2290d3000000003502aad3?xsec_token=AB2-zK3TMjQ9weQqJFH3vJ870hJIl0ch7zEJ5rwzdU-NI=&xsec_source=pc_search,i人面试真的觉得很难不磕绊再熟悉的东西也需要思考再表达 停顿就很像磕绊了,内向者答自己熟悉的内容也需要先组织语言，中间的停顿被面试官读成磕绊、当成能力不足,i人面试停顿被当成答不上来怎么办
2026-08-11,https://www.xiaohongshu.com/explore/6a2290d3000000003502aad3?xsec_token=AB2-zK3TMjQ9weQqJFH3vJ870hJIl0ch7zEJ5rwzdU-NI=&xsec_source=pc_search,面试说话表现的不好，不代表不会做不能做（不是能力问题），就是沟通麻烦点，会说不代表会做。,实际能干活但面试表达不好的人，被前排的判定标准直接归类为能力差，没人给这类人可用的应对,会做但不会说面试怎么证明自己
2026-08-11,https://www.xiaohongshu.com/explore/6a2290d3000000003502aad3?xsec_token=AB2-zK3TMjQ9weQqJFH3vJ870hJIl0ch7zEJ5rwzdU-NI=&xsec_source=pc_search,软件销售面试被问对方不打算买你的软件怎么办，我这种门外汉直接大脑宕机，完全答不出要点（月薪3000,跨行转岗者被问岗位专业情景题，当场答不出要点，事后也不知道该怎么答,转行面试被问专业情景题答不上来
2026-08-11,https://www.xiaohongshu.com/explore/6a2290d3000000003502aad3?xsec_token=AB2-zK3TMjQ9weQqJFH3vJ870hJIl0ch7zEJ5rwzdU-NI=&xsec_source=pc_search,我上周刚面试完，已经触犯第二条和第四条了,已经面完才对照清单发现自己踩了雷，面后补救这一段前排完全没有内容,面试完发现自己答砸了还有没有补救机会
2026-08-11,https://www.xiaohongshu.com/explore/6a2290d3000000003502aad3?xsec_token=AB2-zK3TMjQ9weQqJFH3vJ870hJIl0ch7zEJ5rwzdU-NI=&xsec_source=pc_search,我感觉我的面试表现很差，之前也没什么工作经验，但我们老板聊了一会就让我入职了，甚至一些问题回答不出，他还会帮我找理由，公司在该领域也算是大公司,实际经历与前排判定标准相反——问题答不出照样被录用，说明这套信号清单存在明显失效边界,面试表现差还能拿到offer吗
2026-08-11,https://www.xiaohongshu.com/explore/6a2290d3000000003502aad3?xsec_token=AB2-zK3TMjQ9weQqJFH3vJ870hJIl0ch7zEJ5rwzdU-NI=&xsec_source=pc_search,面试官真的能看透的话，咋不去做心理医生……不是同工种出来的其实就是看对方能不能吹，性格外不外向,遇到不懂本岗位业务的面试官，评判实际落在会不会吹和性格外不外向上，候选人不知道这种局面怎么打,面试官不懂业务只看表达怎么应对
2026-08-11,https://www.xiaohongshu.com/explore/69663f79000000000b01308a?xsec_token=AB56QnQbA7zpVe-W616xJeb0Buv7tcdOqcpFSucGtPWWs=&xsec_source=pc_search,请问这样的要求工资能给到多少呢？是月薪20k还是30k？如果这样的要求月薪只有10k以下的话，还挑这个那个问题，那让大家来评评理,低薪岗位提出高标准筛选要求，求职者质疑要不要为这种岗位做准备,低薪岗位面试要求很高要不要去
2026-08-11,https://www.xiaohongshu.com/explore/6a2290d3000000003502aad3?xsec_token=AB2-zK3TMjQ9weQqJFH3vJ870hJIl0ch7zEJ5rwzdU-NI=&xsec_source=pc_search,我们就一面，门口走进来坐下，大概能看出咋样[捂嘴笑R]。聊下天也就八九不离十合不合适。。。我一般聊完直接告诉结果，大家不浪费时间[坏笑R],中小公司只有一面、进门几分钟就已定调，候选人没有第二轮修正机会,面试开场几分钟就被定了结果怎么办
2026-08-11,https://www.xiaohongshu.com/explore/6a7b32f200000000330130a0,今年秋招问我为什么空窗，我说我去年在这个工作是异地地方，想回家发展，这样有理有据也会让HR知道你想留在报考比较稳定,应届/社招求职者担心空窗期+异地工作经历如何在面试中合理化解释,面试空窗期怎么解释异地工作
2026-08-11,https://www.xiaohongshu.com/explore/6a7b32f200000000330130a0,请问面试官如果接着问你异地岗为什么没交社保的话怎么办,担心HR追问社保缴纳记录与户籍/异地经历不符被拆穿,面试被问异地没交社保怎么解释
2026-08-12,https://www.xiaohongshu.com/explore/6959beec000000002103c238?xsec_token=AB-j_be7PnV7WetEb_mnqt2Ls0UhKD1VBUqwus2SRMpcA=&xsec_source=pc_search,我做年终汇报，也是这个思路，但是作为助理，我的领导不听我的建议，他只认同自己的思路。。。所以。我无能为力,助理岗按标准思路准备年终述职，但直属领导只认同自己的方案，下属的判断和建议进不去,领导只认自己的思路 汇报还有用吗
2026-08-12,https://www.xiaohongshu.com/explore/6959beec000000002103c238?xsec_token=AB-j_be7PnV7WetEb_mnqt2Ls0UhKD1VBUqwus2SRMpcA=&xsec_source=pc_search,好有道理。不过负责职能部门的 真的发愁不知道写什么， 感觉前瞻性建议也不受重视,职能部门负责人年终述职没有业务数字可讲，提前瞻建议又不被采纳,职能部门年终述职没有业绩数字怎么写
2026-08-12,https://www.xiaohongshu.com/explore/6752b2d8000000000202fba0?xsec_token=AB0Wnc9UNb9YhuSUBhrKEEDEaF8LWrA8WeLpDYOff32XY=&xsec_source=pc_search,在大公司和国企，这样汇报早就活不下去了,在大公司和国企按「讲认知讲问题」的方式汇报会踩雷，前排方法直接失效,国企向上汇报和民企有什么不一样
2026-08-12,https://www.xiaohongshu.com/explore/6752b2d8000000000202fba0?xsec_token=AB0Wnc9UNb9YhuSUBhrKEEDEaF8LWrA8WeLpDYOff32XY=&xsec_source=pc_search,如果领导只喜欢听好话，这种反映问题和要害的报告，是不是就不行了,领导只接受好消息，下属要汇报真实问题时不知道怎么开口,领导只爱听好话 问题怎么汇报
2026-08-12,https://www.xiaohongshu.com/explore/6752b2d8000000000202fba0?xsec_token=AB0Wnc9UNb9YhuSUBhrKEEDEaF8LWrA8WeLpDYOff32XY=&xsec_source=pc_search,千万不要照搬，不是每位领导都喜欢听“问题”，因为他们会不知道问题的存在吗？还是要看领导,照搬通用汇报模板在自己领导身上不成立，需要先判断领导类型再决定讲什么,汇报前怎么判断领导是哪种类型
2026-08-12,https://www.xiaohongshu.com/explore/6752b2d8000000000202fba0?xsec_token=AB0Wnc9UNb9YhuSUBhrKEEDEaF8LWrA8WeLpDYOff32XY=&xsec_source=pc_search,这种分单位，有的单位领导会觉得喧宾夺主,体制内单位里下属在汇报中讲判断、给建议，会被领导视为越界抢戏,汇报讲建议被领导觉得喧宾夺主
2026-08-12,https://www.xiaohongshu.com/explore/6752b2d8000000000202fba0?xsec_token=AB0Wnc9UNb9YhuSUBhrKEEDEaF8LWrA8WeLpDYOff32XY=&xsec_source=pc_search,财务学不来 降本增效基本是业务部门的事,财务岗没有降本增效这类可归功于自己的结果，汇报时找不到能讲的业务价值,财务岗向上汇报讲什么价值
2026-08-12,https://www.xiaohongshu.com/explore/6997e29a000000000c035afb?xsec_token=ABfRCPq9rJHXALRI_kHTSIxGlvuj1w6pRmINoVkzSshBw=&xsec_source=pc_search,有没有想过一个问题 就像你说的几个层面 很多人只能想到事务层 是因为信息不对称 不是领导多高瞻远瞩 是他知道更多信息,下属拿不到上层信息，所以汇报时讲不出前排要求的「战略层」内容,拿不到信息 汇报怎么讲出高度
2026-08-12,https://www.xiaohongshu.com/explore/6997e29a000000000c035afb?xsec_token=ABfRCPq9rJHXALRI_kHTSIxGlvuj1w6pRmINoVkzSshBw=&xsec_source=pc_search,如果员工极其靠谱会有一个问题，就是领导直接把一摊工作给你，不操任何心，只想你要结果，拿了结果没有一个字的谢，转头就找他的领导去邀功，但是直接领导是没有任何人事权和奖金分配权，资源也只会对那些给他干私活的小兵倾斜。这种情况怎么破解，请各位大佬指点。,干得越靠谱越吃亏：直属领导拿走成果去上一级邀功，且本身没有人事权和奖金分配权，汇报做得再好也换不到回报,直属领导没有人事权 汇报给谁看
2026-08-12,https://www.xiaohongshu.com/explore/6997e29a000000000c035afb?xsec_token=ABfRCPq9rJHXALRI_kHTSIxGlvuj1w6pRmINoVkzSshBw=&xsec_source=pc_search,啊太真实了。我每次直接问问题，基本上都得不到答复。但一旦我自己加入了分析呈现过去一个选择题是，很快几天收到了答复 并且顺利推进下去,直接抛问题给领导拿不到回复，改成带分析的选择题才能推动决策,领导不回消息 汇报改成选择题
2026-08-12,https://www.xiaohongshu.com/explore/67c1b93e0000000009039ace?xsec_token=AB9bpz6ye-BlkqyjIkh3hJNuy-EXU4KnBn_i2YuP4eLLY=&xsec_source=pc_search,那天去面试，登记表写得不太完整，然后面试官就说我为什么地址只写小区不写完前面的（她说她不是本地人不知道具体位置）看我通勤距离，然后家庭主要成员我只写了我妈，她又说我为什么不写完 会让人误以为我是单亲家庭，说这些要放进公司档案的，一直在挑剔我写的不好,登记表故意留白后，被面试官当场逐项追问为什么不写完，只能被动挨批,面试登记表没填完被面试官追问怎么回答
2026-08-12,https://www.xiaohongshu.com/explore/67c1b93e0000000009039ace?xsec_token=AB9bpz6ye-BlkqyjIkh3hJNuy-EXU4KnBn_i2YuP4eLLY=&xsec_source=pc_search,今天遇到一个要我填身份证号的我问他不填可以吗，他说不行，公司要查你的征信，我当时把表拿过来直接撕了，然后转身就走,拒填身份证号被HR以「要查征信」为由驳回，只能用撕表走人这种极端方式收场,面试要求填身份证号说要查征信可以拒绝吗
2026-08-12,https://www.xiaohongshu.com/explore/65961b1b000000001101d5b6?xsec_token=ABt5Q0HP6ZjH1CEQ_Dkf6rqqxhP_L1_1UyxLO5in1bAfQ=&xsec_source=pc_search,我就是乱填的改了数字 然后公司说要背调后发offer 我说我那个信息需要修改因为怕暴露隐私我就没写准确的 然后就让我回去了结果也没背调就告诉我有机会下次合作 感觉他们还挺介意我不写正确的好像我故意骗他们似的,按网上说的乱填身份证号，到了发offer前要背调时被识破，被当成故意欺骗而丢掉机会,面试登记表乱填身份证号后果
2026-08-12,https://www.xiaohongshu.com/explore/693fccbd000000001f008b88?xsec_token=ABhiiSjkmOVZkBr79voZBrRrd8jnrQjvPi6b13CLFgbxA=&xsec_source=pc_search,这种不写完，对方会觉得态度不好，写完了，信息都被对方知道了,面对登记表陷入两难：留白被判定态度差，填满则隐私尽失，前排只给「别填」没给这一步的解法,面试登记表不填完会不会被认为态度不好
2026-08-12,https://www.xiaohongshu.com/explore/65961b1b000000001101d5b6?xsec_token=ABt5Q0HP6ZjH1CEQ_Dkf6rqqxhP_L1_1UyxLO5in1bAfQ=&xsec_source=pc_search,没有关系的，只要你直接跟对方说出于个人信息保护，你暂时不填，如果面试成功了我会补充完整。HR也会谅解。但是也有部分HR觉得你不配合，太麻烦，面试完直接out,已给出拒填话术，但同一条自己承认对部分HR无效、会被直接刷掉，失效边界没人接着讲,面试暂时不填个人信息的说法会不会被刷
2026-08-12,https://www.xiaohongshu.com/explore/67c1b93e0000000009039ace?xsec_token=AB9bpz6ye-BlkqyjIkh3hJNuy-EXU4KnBn_i2YuP4eLLY=&xsec_source=pc_search,面的公司 下面都已经打出来了 签字就承认你同意背调了 服了 不过我加了个不字 想知道这样真的不犯法吗,登记表底部预印背调授权声明，签名即视为同意，改动条款后担心法律责任,面试登记表背调授权签字可以不签吗
2026-08-12,https://www.xiaohongshu.com/explore/693fccbd000000001f008b88?xsec_token=ABhiiSjkmOVZkBr79voZBrRrd8jnrQjvPi6b13CLFgbxA=&xsec_source=pc_search,全写了真实的，难怪能把我精准诈骗一年辛苦工资全没了,面试如实填写全部信息后遭遇精准诈骗，损失一年工资,面试填的个人信息被拿去精准诈骗
2026-08-12,https://www.xiaohongshu.com/explore/65961b1b000000001101d5b6?xsec_token=ABt5Q0HP6ZjH1CEQ_Dkf6rqqxhP_L1_1UyxLO5in1bAfQ=&xsec_source=pc_search,还没有面试就这么不配合，这个不提供，那个也不提供，也不带个人资料文件。这是面试不是相亲啊,招聘方视角的反向压力：拒填被直接定性为不配合，说明拒填动作本身有被淘汰的成本,面试不提供个人信息被HR说不配合
2026-08-12,https://www.xiaohongshu.com/explore/690177180000000007014f54?xsec_token=ABkm-sJHlVbEqo9H8cMPBhuv_7auSxjV7ZJ_BWU6jSr3E=&xsec_source=pc_search,请问行政人事怎么说清楚工作内容和流程，因为就很杂，没什么项目不项目的,行政人事岗被问工作内容和流程，日常事务零碎、没有项目制成果可讲，照清单自查全是「能力差信号」,行政人事面试怎么讲工作内容
2026-08-12,https://www.xiaohongshu.com/explore/690177180000000007014f54?xsec_token=ABkm-sJHlVbEqo9H8cMPBhuv_7auSxjV7ZJ_BWU6jSr3E=&xsec_source=pc_search,你要问核心贡献，要是没啥贡献，这咋说,被问核心贡献，但岗位上确实没有可归到自己名下的量化成果,面试被问核心贡献没有成绩怎么回答
2026-08-12,https://www.xiaohongshu.com/explore/6a2290d3000000003502aad3?xsec_token=AB2-zK3TMjQ9weQqJFH3vJ81It6jB8XxXSHVmZZ5TV-EM=&xsec_source=pc_search,i人面试真的觉得很难不磕绊再熟悉的东西也需要思考再表达 停顿就很像磕绊了,答题前需要停顿组织语言，熟悉的业务也被面试官读成不熟练、反应慢,面试回答前停顿会被当成能力差吗
2026-08-12,https://www.xiaohongshu.com/explore/690177180000000007014f54?xsec_token=ABkm-sJHlVbEqo9H8cMPBhuv_7auSxjV7ZJ_BWU6jSr3E=&xsec_source=pc_search,我面试没啥问题，投得基本都过，但问题是我有时候不敢去，我太能胡诌了,靠表达能力顺利过面，但清楚自己讲的超出实际能力，不敢入职,面试讲过头了怕入职接不住怎么办
2026-08-12,https://www.xiaohongshu.com/explore/690177180000000007014f54?xsec_token=ABkm-sJHlVbEqo9H8cMPBhuv_7auSxjV7ZJ_BWU6jSr3E=&xsec_source=pc_search,会干活的人就是不会吹 会吹的人闲不下心干活 先定位好公司需要什么样的人才吧,实干型求职者认定这套判人标准筛的是表达而非能力，对前排清单直接否认,不会包装自己的人面试怎么讲实绩
2026-08-12,https://www.xiaohongshu.com/explore/6a2290d3000000003502aad3?xsec_token=AB2-zK3TMjQ9weQqJFH3vJ81It6jB8XxXSHVmZZ5TV-EM=&xsec_source=pc_search,我上周刚面试完，已经触犯第二条和第四条了,面试已结束，看完清单才发现自己中招，不知道结果出来前还能不能补救,面试答砸了之后还能补救吗
2026-08-12,https://www.xiaohongshu.com/explore/6a2290d3000000003502aad3?xsec_token=AB2-zK3TMjQ9weQqJFH3vJ81It6jB8XxXSHVmZZ5TV-EM=&xsec_source=pc_search,我感觉我的面试表现很差，之前也没什么工作经验，但我们老板聊了一会就让我入职了，甚至一些问题回答不出，他还会帮我找理由，公司在该领域也算是大公司,答不出问题却拿到 offer，说明前排清单在小团队/老板亲面场景下失效,老板亲自面试和HR面试标准差别
2026-08-12,https://www.xiaohongshu.com/explore/6a465c300000000015026c90?xsec_token=ABpOtIMLDH4jJTZZrsOXw4pTMzR3ULZF2CyFCyijLeOzM=&xsec_source=pc_search,学姐，我是26应届生，目前这个工作在外地然后我去的话需要一点时间租房，这种情况怎么说呀,跨城入职，到岗前必须先请假去当地租房，真实到岗时间被搬家占掉,外地工作需要租房 面试怎么说到岗时间
2026-08-12,https://www.xiaohongshu.com/explore/6a465c300000000015026c90?xsec_token=ABpOtIMLDH4jJTZZrsOXw4pTMzR3ULZF2CyFCyijLeOzM=&xsec_source=pc_search,我是26应届的，然后并且外地，这种情况我可以和HR说，一到两周不超过两周到岗嘛手里一份面试不太敢贸然行动,手里只有这一个面试机会，外地应届生不敢报一到两周，怕报长了直接丢掉唯一的offer,只有一个面试机会 到岗时间说两周会被刷吗
2026-08-12,https://www.xiaohongshu.com/explore/6a0c3b91000000000702f41d?xsec_token=ABWJDd_4jGj5nVdhrGghVBn9V2MpJL41cfu1hB44NVeak=&xsec_source=pc_search,今天面了一家，面试的时候问我下周一入职行不行，到boss上面又叫我明天入职了。我说要个3-4天才可以，他就说找别人了，这正常吗？有这么急的吗,面试当场约的是下周一，事后HR在BOSS上改口要明天到岗，回答3-4天即被换人,面试说好下周一入职 HR又让明天入职
2026-08-12,https://www.xiaohongshu.com/explore/6a0c3b91000000000702f41d?xsec_token=ABWJDd_4jGj5nVdhrGghVBn9V2MpJL41cfu1hB44NVeak=&xsec_source=pc_search,我上一家我看过招人的，面试的说要一个星期准备，经理说好，人走了叫人事继续面，或者约可以尽快入职的，最后那个通知不用来了,面试官当面答应一周准备期，转头继续约能立刻到岗的人，候选人事后才被通知不用来,面试官当面答应到岗时间 后来不用去了
2026-08-12,https://www.xiaohongshu.com/explore/6a0c3b91000000000702f41d?xsec_token=ABWJDd_4jGj5nVdhrGghVBn9V2MpJL41cfu1hB44NVeak=&xsec_source=pc_search,已离职的建议说三个工作日，你说1-2个星期用人单位肯定会选别人，你说明天就来上班说明你没有其他筹码会被压价,已离职空窗状态，报得长丢机会、报得短暴露没退路被压薪资,已离职说随时入职会被压价吗
2026-08-12,https://www.xiaohongshu.com/explore/68a7c184000000001d01b5e0?xsec_token=ABEZN3dsWtU5SfgZNqA3Z1AdvT_BeO39HSRITFvknCTdU=&xsec_source=pc_search,能随时入职的，HR会觉得，面试者急需一份工作 不能随时入职的，HR会觉得，浪费时间,同一个问题两头都是减分，候选人找不到既不显得急也不显得拖的答法,随时入职和不能随时入职都减分怎么答
2026-08-12,https://www.xiaohongshu.com/explore/68a7c184000000001d01b5e0?xsec_token=ABEZN3dsWtU5SfgZNqA3Z1AdvT_BeO39HSRITFvknCTdU=&xsec_source=pc_search,这套说法，现实中的HR还没听腻吗？,前排模板话术已被大量求职者复用，HR一听就知道是背的，模板本身失效,面试模板话术被HR听腻了怎么办
2026-08-12,https://www.xiaohongshu.com/explore/6a0c3b91000000000702f41d?xsec_token=ABWJDd_4jGj5nVdhrGghVBn9V2MpJL41cfu1hB44NVeak=&xsec_source=pc_search,店长面试问了什么时候入职 但是还有二面,一面就被问到岗时间，但流程后面还有二面，不知道该不该给准信,一面就问入职时间 但还有二面怎么答
2026-08-12,https://www.xiaohongshu.com/explore/6a465c300000000015026c90?xsec_token=ABpOtIMLDH4jJTZZrsOXw4pTMzR3ULZF2CyFCyijLeOzM=&xsec_source=pc_search,小白无经验的应届生，找了快半个月没有找到工作，这种该怎么回答,空窗半个月零经验的应届生，随时能到岗反而成了「没人要」的信号,应届生待业半个月 面试问到岗时间怎么说
2026-08-12,https://www.xiaohongshu.com/explore/65e807c5000000000b00c444?xsec_token=AB6S-YdISZIaMyJwfwRhPsdVp8qIuUsdQoJEPRprFaJUA=&xsec_source=pc_search,我也本着真诚打动人心的原则，为自己主动争取了一下，结果二次被拒，问原因已读不回,照着「真诚争取」的方法做完后被二次拒绝，追问原因时HR已读不回，不知道还能做什么,面试后主动争取又被拒 问原因已读不回怎么办
2026-08-12,https://www.xiaohongshu.com/explore/65e807c5000000000b00c444?xsec_token=AB6S-YdISZIaMyJwfwRhPsdVp8qIuUsdQoJEPRprFaJUA=&xsec_source=pc_search,上次有个岗位真的非常想去，于是跟hr争取了，hr回复我说跟公司领导申请一下，之后告诉我通过了，薪资多少多少，等领导审批完给我发offer，叫我关注邮箱，等了两三天还没给我发，然后我问了下hr告知，已经安排别人入职了，都来上班了，气死我了,HR已口头告知通过并谈了薪资，等待正式offer期间岗位被别人顶替,hr说通过了却迟迟不发offer 怎么办
2026-08-12,https://www.xiaohongshu.com/explore/65e807c5000000000b00c444?xsec_token=AB6S-YdISZIaMyJwfwRhPsdVp8qIuUsdQoJEPRprFaJUA=&xsec_source=pc_search,我昨天上午面试，我能感受出来人事总监态度不错，财务经理可能想找点有点经验我是应届生。说的是三天内给答复，我今天上午争取了一下没回复我。然后我面试了另一家公司，要求我尽快入职。但我很想去第一家，想问怎么办,心仪的第一家承诺三天答复但争取后没回音，同时第二家催促尽快入职，被迫在截止时间内二选一,想去的公司还没回复 另一家催入职怎么办
2026-08-12,https://www.xiaohongshu.com/explore/65e807c5000000000b00c444?xsec_token=AB6S-YdISZIaMyJwfwRhPsdVp8qIuUsdQoJEPRprFaJUA=&xsec_source=pc_search,我也是有个工作很想争取一下，但是已经跟hr发过一段话了，对方说根据综合考虑和比对后给我结果，我不知道还要不要再说了，怕对方觉得烦,已经发过一次争取信息、HR回了套话，不确定要不要二次跟进、怕被判定为骚扰,面试后跟进几次不算烦
2026-08-12,https://www.xiaohongshu.com/explore/684fb0d4000000002202810d?xsec_token=ABFsmDlWxDSCePV3wIW5XShOYLX8UKUF_3HYvW9jsA1Fc=&xsec_source=pc_search,但是很多公司的面试官不会这样问你呀。只是最后给你说 你没有通过，原因可能也就是不匹配、不合适这些语言呀,现实中面试官根本不问这一题，只在结束后给「不匹配/不合适」的模糊结论，话术模板用不上,面试被拒只说不合适 怎么问出真实原因
2026-08-12,https://www.xiaohongshu.com/explore/68a68def000000001b01fb25?xsec_token=ABzMt8MyHEI6SrozO9xhZuqWel7yrkSz3Kw9Jd550FBRA=&xsec_source=pc_search,太官话了，人家只会觉得你装，不真诚,照搬前排的标准话术在真实面试里被面试官判定为装、不真诚,面试话术太模板化显得假怎么改
2026-08-12,https://www.xiaohongshu.com/explore/684fb0d4000000002202810d?xsec_token=ABFsmDlWxDSCePV3wIW5XShOYLX8UKUF_3HYvW9jsA1Fc=&xsec_source=pc_search,刷到这个视频还蛮唏嘘的，我是今年应届生，去年秋招面了一个待遇好的铁路局，我学校是有铁路背景的，但是我本人不是铁路子女且是女生，从一开始就有点否定自己，整个面试自我感觉状态不是很好，但是也比较诚恳，可能因为我本身成绩比较好，面试问了蛮多的，但也有很多离谱的，包括你能不能吃苦上夜班，要是部门要你爬杆你能接受吗，最后结束的问题就是你视频里的这个，但是我当时已经觉得无了，就比较消极说了你里面的反面案例回答，结束意料之中的无了,应届生秋招时因非「关系户」身份提前自我否定，面试中途放弃、在最后一问上给出消极回答导致落选,面试中途觉得没戏了 还要不要好好答最后一问
2026-08-12,https://www.xiaohongshu.com/explore/684fb0d4000000002202810d?xsec_token=ABFsmDlWxDSCePV3wIW5XShOYLX8UKUF_3HYvW9jsA1Fc=&xsec_source=pc_search,碰到问这种问题的公司还面啥，赶紧跑啊都没入职就开始pua，净整没用的,把这一问视为公司PUA信号，考虑的是要不要继续这场面试而不是怎么答,面试被问这种问题 是不是该直接放弃这家公司
2026-08-12,https://www.xiaohongshu.com/explore/65e46c4100000000030366fe?xsec_token=ABXnCBDn-3H9zfy-qLvglx_7m8724t5QkH1uBvmlh8Tv4=&xsec_source=pc_search,……呃…如果是我面一些高职位的candidate…他们按照你说的这样回答我可能会直接刷掉他们… 这些答案只适合非常junior的职位,面试官视角指出网传缺点模板只适配 junior 岗，高职位候选人照抄会被直接淘汰,senior岗位面试问缺点怎么答
2026-08-12,https://www.xiaohongshu.com/explore/65e46c4100000000030366fe?xsec_token=ABXnCBDn-3H9zfy-qLvglx_7m8724t5QkH1uBvmlh8Tv4=&xsec_source=pc_search,需要回答的是你如何通过自我反省认识到自己的不足并尝试解决的这么一个过程。什么样的问题都是可以被接受的，问题的关键在于自我反省和改善的过程。另外提一句，在于管理层的面试中，这个问题回答得不好有可能直接就挂了。,管理层面试中这道题是淘汰题而非送分题，但没有笔记讲管理岗该怎么答,管理层面试缺点问题怎么答
2026-08-12,https://www.xiaohongshu.com/explore/65e46c4100000000030366fe?xsec_token=ABXnCBDn-3H9zfy-qLvglx_7m8724t5QkH1uBvmlh8Tv4=&xsec_source=pc_search,senior我不懂但是new grad的话，正确这俩其实没问题，我们学校career service给的示例答案就是exactly这俩。这种问题反正也都是虚的，想在这个答案上加分太难了，不整太烦人就行,应届生用学校 career service 模板答题，自己也明确说不知道 senior 该怎么办,应届生和社招面试回答缺点的区别
2026-08-12,https://www.xiaohongshu.com/explore/65e46c4100000000030366fe?xsec_token=ABXnCBDn-3H9zfy-qLvglx_7m8724t5QkH1uBvmlh8Tv4=&xsec_source=pc_search,这个绿色✅的答案跟红色❌的有啥不同,读者看完正反例仍分不清判定边界，说明前排给的是结论不是判据,面试缺点回答正反例区别在哪
2026-08-12,https://www.xiaohongshu.com/explore/65e46c4100000000030366fe?xsec_token=ABXnCBDn-3H9zfy-qLvglx_7m8724t5QkH1uBvmlh8Tv4=&xsec_source=pc_search,public speaking最好不要说 🙅 很多岗位需要communication,缺点选择需按岗位 JD 排除禁区，但前排给的是通用答案不区分岗位,不同岗位面试不能说的缺点
2026-08-12,https://www.xiaohongshu.com/explore/699e42870000000015039da9?xsec_token=ABxfTz5Lfe-7hKLXXQnBcyvX8V032FB_cJxZaZWh_VyA0=&xsec_source=pc_search,如果继续问你 你收到的negative feedback是什么呢,面试官追问下一层，前排只教第一轮答案没教被追问时怎么接,面试缺点被追问negative feedback怎么答
2026-08-12,https://www.xiaohongshu.com/explore/699e42870000000015039da9?xsec_token=ABxfTz5Lfe-7hKLXXQnBcyvX8V032FB_cJxZaZWh_VyA0=&xsec_source=pc_search,我不喜欢这个回答 太长了 inerviewer没有时间听,高赞示范答案实际长度超出面试现场可接受时长,面试回答缺点控制在多少秒
2026-08-12,https://www.xiaohongshu.com/explore/699e42870000000015039da9?xsec_token=ABxfTz5Lfe-7hKLXXQnBcyvX8V032FB_cJxZaZWh_VyA0=&xsec_source=pc_search,"面试官问缺点根本不是想听你真的缺点，是想看你的情商和反思能力。之前因为说""我没缺点""直接被刷，太亏了","真实被刷经历：答""我没缺点""当场出局",面试说我没有缺点会怎么样
2026-08-12,https://www.xiaohongshu.com/explore/65e46c4100000000030366fe?xsec_token=ABXnCBDn-3H9zfy-qLvglx_7m8724t5QkH1uBvmlh8Tv4=&xsec_source=pc_search,我一般就说英语是我的第二语言，很多时候想表达的东西表达不出来。 当然这么说的前提条件要是你的英语在沟通中本身没有大问题。,外企/英文面试中拿语言当缺点，需要前置条件判断能不能用,英文面试说英语是缺点行不行
2026-08-12,https://www.xiaohongshu.com/explore/699e42870000000015039da9?xsec_token=ABxfTz5Lfe-7hKLXXQnBcyvX8V032FB_cJxZaZWh_VyA0=&xsec_source=pc_search,應聘者回答完畢這種問題後也可以反問一下這個面試官：請問 貴司的有哪些缺點？如何克服？,候选人想把提问权反转回去，但不确定什么场合能这么干,面试反问面试官公司缺点合适吗
2026-08-09,https://www.xiaohongshu.com/explore/69bc0932000000001a0204e6?xsec_token=ABGc6s9hoZ_Jl_3-7aUB_fypbkJ8aJOp8w8ziMmcBB4ic=&xsec_source=pc_search,真的有反问环节力挽狂澜的么？我面试近100场感觉前边说的不好，到反问人家基本是走流程的提问了（态度能感觉出来）。反问认真和我探讨的，是我前边也聊的不错的。,面试前段表现不佳时，反问环节被面试官走流程敷衍，套路话术失效,面试前面表现不好反问有用吗
2026-08-09,https://www.xiaohongshu.com/explore/69bc0932000000001a0204e6?xsec_token=ABGc6s9hoZ_Jl_3-7aUB_fypbkJ8aJOp8w8ziMmcBB4ic=&xsec_source=pc_search,我问了我的面试官，她说通过面试对我的了解并不够，具体要看我入职后的情况，她现在并不能给我任何建议,在反问环节试图套话挖顾虑，被面试官用‘了解不够’当场推回太极,面试反问被打太极怎么办
2026-08-09,https://www.xiaohongshu.com/explore/684fb0d4000000002202810d?xsec_token=ABFsmDlWxDSCePV3wIW5XShP8DHyK5zmeIPZxUHzDP1Dg=&xsec_source=pc_search,特别讨厌面试官问这些问题，对于情商高一点的人可能还能应付，但对于那些有能力有本事情商却没那么高的人这样问真的很恶心,技术或专业能力强但缺乏面经情商的求职者，极度抗拒背虚伪套路应付压力测试,技术岗面试压力测试怎么回答
2026-08-10,https://www.xiaohongshu.com/explore/65e46c4100000000030366fe?xsec_token=ABXnCBDn-3H9zfy-qLvglx_0_qfGQM0BQSTTlu2D_1xIM=&xsec_source=pc_search,……呃…如果是我面一些高职位的candidate…他们按照你说的这样回答我可能会直接刷掉他们… 这些答案只适合非常junior的职位,中高阶/Senior岗位面试时，套用初级模板回答缺点面临直接被淘汰的风险,高阶岗位面试缺点
2026-08-10,https://www.xiaohongshu.com/explore/699e42870000000015039da9?xsec_token=ABxfTz5Lfe-7hKLXXQnBcyvedGbQLZzfXPDxIcH0zB9ew=&xsec_source=pc_search,如果继续问你 你收到的negative feedback是什么呢,回答完缺点后被面试官紧接着深入追问具体负面反馈，不知如何应对,面试追问negative feedback
2026-08-10,https://www.xiaohongshu.com/explore/699e42870000000015039da9?xsec_token=ABxfTz5Lfe-7hKLXXQnBcyvedGbQLZzfXPDxIcH0zB9ew=&xsec_source=pc_search,面试官问缺点根本不是想听你真的缺点，是想看你的情商和反思能力。之前因为说“我没缺点”直接被刷，太亏了,误以为回答“无缺点”能体现完美或自信，导致面试直接失败,面试回答我没有缺点
2026-08-12,https://www.xiaohongshu.com/search_result/65e46c4100000000030366fe?xsec_token=ABXnCBDn-3H9zfy-qLvglx_0o6Dq02jY1NEpXY9Ln_CjE=&xsec_source=,……呃…如果是我面一些高职位的candidate…他们按照你说的这样回答我可能会直接刷掉他们… 这些答案只适合非常junior的职位,高阶岗位求职者套用通用模板回答缺点，会被面试官识破并判定为缺乏深度自我认知而直接淘汰,高阶岗位面试回答缺点
2026-08-12,https://www.xiaohongshu.com/search_result/69a7e614000000002800a1e5?xsec_token=AB85Uh-IWg1HxTu-xEf9ZmO0Qhg40qZKY8tiXYpARgQcM=&xsec_source=,比较容易焦虑该怎么说[完啦R]我遇到一件事情之前很容易提前焦虑，要把所有可能发生的结果都罗列出来然后想出相应的对策才能稍微放心一点。结果事情真的发生了反而没有我想象中那么严重，导致我前面做的所有准备和心里预设都白费了,求职者习惯事前过度焦虑和做无效预案，不知道如何向HR表达这种内耗型心理倾向,面试回答缺点 容易焦虑内耗
2026-08-12,https://www.xiaohongshu.com/search_result/69a7e614000000002800a1e5?xsec_token=AB85Uh-IWg1HxTu-xEf9ZmO0Qhg40qZKY8tiXYpARgQcM=&xsec_source=,实际上我在工作的时候的最大的缺点真的是过于追求完美过份扣细节，导致拖稿或者熬得太累。时间长了人熬得特别疲惫，拖稿也会特别焦虑。,真实缺点确实是扣细节导致拖延疲惫，但因被网上博主归为伪缺点而不知道该如何真实且得体地表达,真实缺点是扣细节拖延怎么回答
2026-08-12,https://www.xiaohongshu.com/search_result/6a2390340000000007024dd3?xsec_token=AB76IfDxIdEPICpwQlmfp5ESA_ySKnCyXJhpXhCOcc4c8=&xsec_source=,同事我倒是可以这样 其他部门或者更高级别的领导问我工资怎么办啊。。。,跨部门或高阶领导打听薪资等敏感隐私，常规对同级的反问硬怼话术失效,领导打听工资怎么回答
2026-08-12,https://www.xiaohongshu.com/search_result/6a2390340000000007024dd3?xsec_token=AB76IfDxIdEPICpwQlmfp5ESA_ySKnCyXJhpXhCOcc4c8=&xsec_source=,我也被问：听说你是靠关系进来的。但是不是同事，是另一个部门领导，我怎么回啊。难道我也回：怎么了和你有什么关系,被跨部门领导当面用敏感流言试探，硬怼会直接得罪高层,被领导问是不是靠关系进来的怎么回
2026-08-12,https://www.xiaohongshu.com/search_result/6a5ef5ad0000000010029d10?xsec_token=ABoihdyoCA0DQjoIvzznrui-s968abQnTEgsYoO5-9BlU=&xsec_source=,如果对方无中生有怎么办？就比如说你明明什么都没说，他就到处说你说了什么什么什么，这种怎么办？,被同事无中生有捏造言论并在背后传播造谣,同事无中生有造谣怎么反击
2026-08-12,https://www.xiaohongshu.com/search_result/6a5ef5ad0000000010029d10?xsec_token=ABoihdyoCA0DQjoIvzznrui-s968abQnTEgsYoO5-9BlU=&xsec_source=,其实我听不出来，只会哈哈哈尬笑，然后整个场面就变得特别尴尬,现场无法听出对方的套话潜台词，只能尴尬尬笑应对,听不懂职场潜台词怎么办
2026-08-12,https://www.xiaohongshu.com/search_result/6a6c6ef20000000005029946?xsec_token=ABp8CWnbmqsjLbLoJdRzqNNHHLLH244lM2bJKvdDUsOUI=&xsec_source=,可是你说这些不符合现实啊，你不 填她特意提醒你不能不写不能划斜杠，我是真遇见过，我不想啥都填，她专门说不填不行,面试填表时HR现场强硬监督必须每一项都填不能划斜杠,面试HR强制要求填所有个人信息怎么办
2026-08-12,https://www.xiaohongshu.com/search_result/6a6cc324000000002403f9e0?xsec_token=ABp8CWnbmqsjLbLoJdRzqNNP7ye7TA66Fqelql_jrZgow=&xsec_source=,关键不写，人家不让面试,面试登记表不填完整个人信息被直接拒绝面试,面试登记表不写身份证不让面试
2026-08-12,https://www.xiaohongshu.com/search_result/67c1b93e0000000009039ace?xsec_token=AB9bpz6ye-BlkqyjIkh3hJNpjPhTtPdesYpiTLoui_82A=&xsec_source=,今天遇到一个要我填身份证号的我问他不填可以吗，他说不行，公司要查你的征信，我当时把表拿过来直接撕了，然后转身就走,面试时HR以查征信为由强硬要求填写身份证号,面试强制填身份证号怎么办
2026-08-12,https://www.xiaohongshu.com/search_result/65961b1b000000001101d5b6?xsec_token=ABt5Q0HP6ZjH1CEQ_Dkf6rqhAfNKPSY6Qq5nktRAHc9-E=&xsec_source=,我就是乱填的改了数字 然后公司说要背调后发offer 我说我那个信息需要修改因为怕暴露隐私我就没写准确的 然后就让我回去了结果也没背调就告诉我有机会下次合作 感觉他们还挺介意我不写正确的好像我故意骗他们似的,面试填表故意写错身份证号码，后续背调解释时被HR认定诚信有问题而拒录,面试登记表填假身份证号被发现
2026-08-12,https://www.xiaohongshu.com/search_result/6a2290d3000000003502aad3?xsec_token=AB2-zK3TMjQ9weQqJFH3vJ80nqs4fu_WSk31hhecg-AAA=&xsec_source=,面试说话表现的不好，不代表不会做不能做（不是能力问题），就是沟通麻烦点，会说不代表会做。,面试表达不佳但实际业务能力强的求职者被误判,面试说话表现不好但能干活怎么办
2026-08-12,https://www.xiaohongshu.com/search_result/6a2290d3000000003502aad3?xsec_token=AB2-zK3TMjQ9weQqJFH3vJ80nqs4fu_WSk31hhecg-AAA=&xsec_source=,i人面试真的觉得很难不磕绊再熟悉的东西也需要思考再表达 停顿就很像磕绊了,i人因思考停顿被面试官误认为能力不行的困境,i人面试说话磕磕绊绊怎么办
2026-08-12,https://www.xiaohongshu.com/search_result/688e10880000000023018cbd?xsec_token=ABkh15xb2_igEmJc_J5S6gxf-kMbNAgf1bWWMjXGlUG1Y=&xsec_source=,可是社恐怎么办，我当时临近毕业，视频面试，给我紧张坏了，说话也说的不是很利索，有的还不是特别懂，有的说话说一半，当时面试官可能都看出来我的窘迫了，他有时候他会替我解围，没人懂我,应届生社恐视频面试紧张导致说话说一半,社恐视频面试紧张说不出话怎么办
2026-08-12,https://www.xiaohongshu.com/search_result/684fb0d4000000002202810d?xsec_token=ABFsmDlWxDSCePV3wIW5XShDDnKL90aJooPvpycSBWQTk=&xsec_source=,碰到问这种问题的公司还面啥，赶紧跑啊都没入职就开始pua，净整没用的,面试时遭遇假设性被拒提问，感到被面试官提前PUA和耍官威刁难,面试被PUA怎么反击
2026-08-12,https://www.xiaohongshu.com/search_result/68a68def000000001b01fb25?xsec_token=ABzMt8MyHEI6SrozO9xhZuqfZAO5bDleBQpWDAmo9qS0c=&xsec_source=,太官话了，人家只会觉得你装，不真诚,背诵网上传授的高情商套话模板，被面试官看穿觉得虚伪套路,面试回答太套路怎么办
2026-08-12,https://www.xiaohongshu.com/search_result/685012d30000000022029c9f?xsec_token=AByNLmAQ4T90Ku2TWfyJ1tb6jWAT7FmnZtw-11cBaxAfo=&xsec_source=,那能把我彩打的简历还给我吗？下家公司我还要用,面试被问尴尬提问感到无望且反感，想当场要回自费彩打的纸质简历,面试觉得没希望要回简历
2026-08-13,https://www.xiaohongshu.com/explore/6a7c3be3000000002500d6a1?xsec_token=ABu9w4TY3esZ6mS9kPHvnXTxqOGsA5VHE6Ie2zpRmje7M=&xsec_source=pc_search,全中，但是如果领导要也不想弄这些形式主义。有kpi有量化结果，能运转就行我不想看过程怎么样。我不喜欢会汇报的也不喜欢老问的,反感职场过度汇报文化，认为结果导向比过程可见更重要，不认同'凡事有交代件件有着落'式的形式主义汇报要求,不想事事汇报只想要结果说得通吗
2026-08-13,https://www.xiaohongshu.com/explore/6a7c3be3000000002500d6a1?xsec_token=ABu9w4TY3esZ6mS9kPHvnXTxqOGsA5VHE6Ie2zpRmje7M=&xsec_source=pc_search,我都不知道我要跟谁汇报,不清楚工作汇报对象，在扁平化或跨部门协作环境下搞不清该向谁汇报进展,不知道工作该跟谁汇报怎么办
2026-08-13,https://www.xiaohongshu.com/explore/697354e0000000002202274d?xsec_token=AB9MGmeLRHmTHL5UNEZ0twtdo56bogmeh7jOC0OatrnoE=&xsec_source=pc_feed,问题是互相讨厌这种的还要共事，合作成本是指数增加的，各种软钉子不谈，还得防挖坑，我要这个合作空间干毛线,"与讨厌的同事被迫共事，合作成本高企，还要提防被同事挖坑穿小鞋，对""忍受即可""的建议表示不满",跟讨厌的同事共事怎么办
2026-08-13,https://www.xiaohongshu.com/explore/697354e0000000002202274d?xsec_token=AB9MGmeLRHmTHL5UNEZ0twtdo56bogmeh7jOC0OatrnoE=&xsec_source=pc_feed,我还会自我怀疑，会想是不是真的在挖坑，我会担心自己过于敏感，可能别人只是表达方式有问题,面对同事言行时反复自我怀疑，担心自己解读过度敏感而误判他人善意,职场怀疑自己太敏感是不是想多了
2026-08-13,https://www.xiaohongshu.com/search_result/68006d90000000001e0060e4?xsec_token=AB52wtiI_BSQNzpsbLbNL-qw0A80yz9m55XGQi3tgCmdo=&xsec_source=,对我也有同样的体验 国内的面试 面试官没有给予我尊重,面试中感觉不被尊重/得不到基本礼貌对待,面试官不尊重人怎么办
2026-08-13,https://www.xiaohongshu.com/search_result/68006d90000000001e0060e4?xsec_token=AB52wtiI_BSQNzpsbLbNL-qw0A80yz9m55XGQi3tgCmdo=&xsec_source=,要我国内时间下午面试🙃逆天,跨时区/工作时间被要求配合不合理的面试安排,面试时间安排不合理怎么办
2026-08-13,https://www.xiaohongshu.com/search_result/6a32967b0000000007027216?xsec_token=ABWceEXMDSPnNzKm9DzMPEjy_E_z2OxQLqog3kXaIb-cY=&xsec_source=,我去，这些我都在面试的时候无意识讲过，怪不得那些主管都说我很有想法，只有我自己知道自己真不一定行，最后选了会培养新人的地方，可惜对方也是在画饼，培养也培养，就是看运气,面试表现被夸有想法但自己心虚不确定真实能力，选择了承诺培养新人的公司结果对方也是画饼,面试说得好但自己心里没底怎么判断
2026-08-13,https://www.xiaohongshu.com/search_result/6a32967b0000000007027216?xsec_token=ABWceEXMDSPnNzKm9DzMPEjy_E_z2OxQLqog3kXaIb-cY=&xsec_source=,然后面试官立马反问你，你看过岗位JD了，你觉得核心是什么呢？你觉得这个岗位要做到让领导认可的优秀特质是哪些呢？我问出一些问题的时候，面试官立刻反问我,主动反问面试官后被面试官反问回来，不知道如何接招的窘境,反问面试官时被反问回来怎么办
2026-08-14,https://www.xiaohongshu.com/search_result/68a5da9d000000001c0314ee?xsec_token=ABE_Y5KbewGU7fwCfehavj91yuPKJsBIiqyauXUsb3x04=&xsec_source=,我碰上过让介绍三个优缺点的，我只准备了一个，一整个瞎编,面试官临时要求回答3个缺点，备用话术储备不足,面试被问三个缺点怎么回答
2026-08-14,https://www.xiaohongshu.com/search_result/699e42870000000015039da9?xsec_token=ABxfTz5Lfe-7hKLXXQnBcyvaw0eZYuCwGRYlz89KCiuR8=&xsec_source=,如果继续问你 你收到的negative feedback是什么呢,面试被追问过往评价中最差的负面反馈是什么,面试被问negative feedback怎么回答
2026-08-14,https://www.xiaohongshu.com/search_result/68ee5e92000000000700e22e?xsec_token=AB9m6nVI2-zUwPnziJv7aXX3qDId82foSne5etO_KqAW8=&xsec_source=,那内向然后又有一点轻微泪失禁怎么办，一和别人（就很严厉的那种……我有点说不上来）说话眼睛就红了，眼泪要流不流的,内向且泪失禁体质，面对严厉面试官询问缺点时不知如何应对,泪失禁面试缺点
2026-08-14,https://www.xiaohongshu.com/search_result/65e46c4100000000030366fe?xsec_token=ABXnCBDn-3H9zfy-qLvglx_wkY95duXFJUPvFhR5zTCJc=&xsec_source=,……呃…如果是我面一些高职位的candidate…他们按照你说的这样回答我可能会直接刷掉他们… 这些答案只适合非常junior的职位,高级岗位面试官认为网传缺点回答套路过于幼稚，中高阶候选人套用会被直接淘汰,资深职场人面试被问缺点
2026-08-14,https://www.xiaohongshu.com/search_result/67cd8efd000000000603cf83?xsec_token=ABN7GisP2IJs0EgUXiy6rrlmWpM111YZMl0T6LUDYg38g=&xsec_source=,第一个 提前担忧型，说自己心理素质不是特别好，他会不会认为你抗压能力差啊,尝试按博主推荐回答“提前担忧型缺点”时，担心被HR判定为抗压能力差,面试回答缺点怎么避免显得抗压差
2026-08-14,https://www.xiaohongshu.com/search_result/69df675b000000001a02e2ac?xsec_token=ABf3JjLoQKrGXJfqWJrx7e0-tV1IFlTOsGShrrfRbK3rs=&xsec_source=,我说领导能力差，之前在团队中更喜欢做一个协作者，但是管理团队经验较少，这个可以吗,想要回答“缺乏管理经验/领导力弱”作为缺点，但不确定是否会踩雷,管理经验不足怎么当缺点回答
2026-08-14,https://www.xiaohongshu.com/search_result/6646a397000000001e02e1bf?xsec_token=ABSbxCpVd2fDv71Qyn9ftSEv-PBKebQm7hNaf_HypsLLY=&xsec_source=,总经理面试呢，只是个普通财务岗，但要到总经理级别，会问点什么怎么应对，自我介绍应该注意和侧重什么,基础岗位求职者面对高层/总经理跨级终面，不知如何调整自我介绍重点与应对偏好,总经理面试普通岗位话术
2026-08-14,https://www.xiaohongshu.com/search_result/6a2512cd000000000803318a?xsec_token=ABoGqkTEi5uSr-Aru_6YamWkIUxg3R1WCHQuzUoo5jx2w=&xsec_source=,第一句是最真实的，当初刚开始找工作的时候印象很深刻，问了我一下会不会用一个工具我说可以学立马就不合适了,面试被问未接触过的业务工具，回答“可以学”被面试官直接判定不匹配淘汰,面试被问不会工具怎么回答
2026-08-14,https://www.xiaohongshu.com/search_result/6646a397000000001e02e1bf?xsec_token=ABSbxCpVd2fDv71Qyn9ftSEv-PBKebQm7hNaf_HypsLLY=&xsec_source=,要是我目前的实际工作跟岗位没那么符合，二面怎么介绍自己？,过往实际工作经历与目标岗位要求不符时，二面难以进行有效自我介绍,经历不匹配二面自我介绍
2026-08-14,https://www.xiaohongshu.com/search_result/6a3e64b9000000000f01ca64?xsec_token=ABxm3-cF08tTEhqkuZg6DPPGoeK7hoMxqR-jqSlL9-6Pw=&xsec_source=,已婚几年无娃，面试被问及生育规划的话应该咋回答啊？,已婚未育女性求职者在面试中被HR追问生育规划不知如何得体应答,面试被问生育规划怎么回答
2026-08-14,https://www.xiaohongshu.com/search_result/6a4236e60000000022016319?xsec_token=ABZdg4jLfG95cv9GFWKhUycNBCH8cFNArHl6UpT7wY6cU=&xsec_source=,上周沟通薪资的时候，HR让我出示别的offer截图，我没给，之后又反复追问我的整体年薪和薪资明细，没完没了地刨根问底。,谈薪环节被HR强行要求提供其他offer截图并刨根问底追问上一份薪资明细,HR要看别的offer截图怎么拒绝
2026-08-14,https://www.xiaohongshu.com/search_result/67d29b5e000000000b014eab?xsec_token=ABWssxQLtDmo0R4UnOKnO9-gTSrqtORsecltEjCCl0sdU=&xsec_source=,形式大于内容。昨天面一个，面试官说“给你一个提问的机会，想问什么都可以”。我说社保这些多久开始交呐。他说“这个问题不重要，你可以重新提一个”。无语 你猜我还想了解啥,面试最后提问环节询问社保缴纳等核心利益问题被面试官否定和驳回,面试提问环节能问社保吗
2026-08-14,https://www.xiaohongshu.com/search_result/6841e40c000000001101fd5c?xsec_token=ABBVpWOD7BfPYgImvzX2TDCyWCM27QhoDU2tOCLQgVN8Q=&xsec_source=,可是如果频繁换工作，在筛选简历的时候人家就把你否了，根本不会有让你面试面对面“解释”的机会啊,简历频繁跳槽面临直接被 HR 过滤筛选掉的处境,简历频繁跳槽怎么写离职原因
2026-08-14,https://www.xiaohongshu.com/search_result/688e3d820000000003026edc?xsec_token=ABkh15xb2_igEmJc_J5S6gxWttSJ-ZF0zIpmTeOic67lA=&xsec_source=,我说的是老东家团队都特别好 对我也很好 但今年五个月就发了半个月工资,老东家团队氛围好但严重拖欠工资时的离职原因表达,公司拖欠工资离职原因怎么说
2026-08-14,https://www.xiaohongshu.com/search_result/67594fae000000000103cf96?xsec_token=ABph5EPOfRIZ72ZdpWSXU71-N5tM2mR9hTgbtDuOCNgcE=&xsec_source=,olga姐姐，目前拿到了新offer，但是新东家要求两周内入职，老东家有不放人估计得等一个月，请问这样怎么办呢？目前各方谈下来都比较强硬。,拿新 offer 后老东家不放人且新东家要求两周内入职的时间冲突处境,新公司要求两周内入职老东家不放人怎么办
2026-08-14,https://www.xiaohongshu.com/search_result/65e46c4100000000030366fe?xsec_token=ABXnCBDn-3H9zfy-qLvglx_1p-mZF0vl_ioER08-kNJz0=&xsec_source=,……呃…如果是我面一些高职位的candidate…他们按照你说的这样回答我可能会直接刷掉他们… 这些答案只适合非常junior的职位,资深/高阶岗位面试时套用通用缺点套路导致被面试官直接判定为缺乏自我认知而刷掉,资深岗位面试被问缺点
2026-08-14,https://www.xiaohongshu.com/search_result/67cd8efd000000000603cf83?xsec_token=ABN7GisP2IJs0EgUXiy6rrliMQKT26D9kaCAzJLcBkek0=&xsec_source=,第一个答案，我上次面试就这么说的，而且已经是三面线下了，而且措辞还更好点，结果给我搁池子里，从去年秋招泡到现在春招了,终面/三面阶段套用网络热门真诚缺点模板，结果面试未通过被泡池子,终面被问缺点
2026-08-14,https://www.xiaohongshu.com/search_result/699e42870000000015039da9?xsec_token=ABxfTz5Lfe-7hKLXXQnBcyvVqVq1yNbBPght94w2vQlcY=&xsec_source=,如果继续问你 你收到的negative feedback是什么呢,面试官不满足于表面缺点回答，进一步追问具体的 negative feedback 时无法应对,面试被问 negative feedback
2026-08-14,https://www.xiaohongshu.com/search_result/67cd8efd000000000603cf83?xsec_token=ABN7GisP2IJs0EgUXiy6rrliMQKT26D9kaCAzJLcBkek0=&xsec_source=,说和本职工作无关的缺点，比如面试的是会计专员岗，可以说自己不擅长在公开场合发言，会觉得没自信压力大等等，真诚又不踩雷，因为会计专员的JD压根不会要求演讲能力。,根据具体岗位JD匹配无害缺点的实用落地技巧,按岗位JD答面试缺点
2026-08-14,https://www.xiaohongshu.com/search_result/6997e29a000000000c035afb?xsec_token=ABfRCPq9rJHXALRI_kHTSIxMPKtkoKuSM6smVvXFmZcR4=&xsec_source=,如果员工极其靠谱会有一个问题，就是领导直接把一摊工作给你，不操任何心，只想你要结果，拿了结果没有一个字的谢，转头就找他的领导去邀功，但是直接领导是没有任何人事权和奖金分配权，资源也只会对那些给他干私活的小兵倾斜。这种情况怎么破解，请各位大佬指点。,基层靠谱员工干完活被直接领导抢功且资源分配不公,靠谱员工被领导抢功怎么办
2026-08-14,https://www.xiaohongshu.com/search_result/6a4b6191000000002100b7a1?xsec_token=AB78zpW53s2LixtvzaoSp1XtaxdYCNvqBsO40PKzBzPE8=&xsec_source=,老板和老板不一样，我老板只需要我听话，哪怕他给的指令违法,面对要求执行违法指令的强势老板无法有效向上沟通,领导指令违法怎么拒绝
2026-08-14,https://www.xiaohongshu.com/search_result/6a4b6191000000002100b7a1?xsec_token=AB78zpW53s2LixtvzaoSp1XtaxdYCNvqBsO40PKzBzPE8=&xsec_source=,“大家还有什么不同的建议，没有的话此次会议结束 ” 这是老板的客套话，千万不要傻乎乎的回答“我有”。 其他同事都会向你投来异样的目光,开会时被老板客套询问意见却陷入同事排挤的职场陷阱,开会时老板问有没有意见怎么回答
2026-08-14,https://www.xiaohongshu.com/search_result/695b352c000000001d03b471?xsec_token=ABcjedrsIZlS8gN2S3WugLW8E7uEpF00cs9RYZXIsW--4=&xsec_source=,我他妈一个平平的底层牛马没钱没权的 也要去述职 真是丈二和尚,没有资源和团队的底层员工面对公司强制要求年终述职感到无从下手,底层员工年终述职怎么讲
2026-08-14,https://www.xiaohongshu.com/search_result/67d7f73c00000000090384c2?xsec_token=AB0RdNEQJ6mrU0h9zEoTUF7SbRbHK_b-pMTiBmolhFTkc=&xsec_source=,我是太简洁。讲的时候不太能展开，给人感觉讲不完整，思维跳跃。请问有好的方法提升吗,说话过于简洁导致展开困难思维跳跃,说话太简洁如何展开
2026-08-14,https://www.xiaohongshu.com/search_result/67d7f73c00000000090384c2?xsec_token=AB0RdNEQJ6mrU0h9zEoTUF7SbRbHK_b-pMTiBmolhFTkc=&xsec_source=,我感觉我自己就是输入的东西太少了，脑子里面输入的东西太少，所以就无法做到输出，感觉词不达意的感觉，然后自己心里面有想法，但是就是不能通过文字表达出来,心里有想法但因输入少导致词不达意无法文字表达,心里有想法但表达不出来怎么办
2026-08-14,https://www.xiaohongshu.com/search_result/67d7f73c00000000090384c2?xsec_token=AB0RdNEQJ6mrU0h9zEoTUF7SbRbHK_b-pMTiBmolhFTkc=&xsec_source=,说着说着就想不起来词了,,说话说到一半想不起词怎么办
2026-08-14,https://www.xiaohongshu.com/search_result/68d4a4da000000000b03e258?xsec_token=ABj5o48JiyLThpMwvRRgMjmI74_Qkmh4LRKR_A16c8BG0=&xsec_source=,但也可能只是肩周炎或者颈椎病才缩肩膀,因患有肩周炎或颈椎病导致体态含胸缩脖子被误认为不自信,颈椎病怎么改善猥琐体态
2026-08-14,https://www.xiaohongshu.com/search_result/68d4a4da000000000b03e258?xsec_token=ABj5o48JiyLThpMwvRRgMjmI74_Qkmh4LRKR_A16c8BG0=&xsec_source=,短脖子的人可怎麼辦,天生短脖子体型在模仿伸展脖子增加气场时遇到困境,短脖子怎么练气场
2026-08-14,https://www.xiaohongshu.com/search_result/6a43c889000000000f031410?xsec_token=AByYuHoVekbQdRDDu7CdKqQNwceK9S_8wpEZRV4L_6ERQ=&xsec_source=,肩后束看着简单，没人教自己尝试初期很难很难，找不到感觉,普通人尝试自己练习改善体态动作时找不到发力肌肉,体态矫正动作找不到发力点怎么办
2026-08-14,https://www.xiaohongshu.com/search_result/6874fbe6000000002203d201?xsec_token=ABISl2mgtCFyLIUHO7wJgmiO7UZlXw1tBFPVO1Ulzvbc8=&xsec_source=,提前准备好，但是上家卡着社保公积金年经，用工关系不办转出怎么办。,离职时原公司卡着社保公积金转出及用工关系不给办,原公司卡着社保不转出怎么办
2026-08-14,https://www.xiaohongshu.com/search_result/667d5822000000001d01920d?xsec_token=ABabgvajoi18M6yBVlf56yTDSD3gsKgTUXTdckEyKuQR0=&xsec_source=,可是只是面试一个小的财务，也要上升到一以贯之的战略目标吗？这样会不会有点教老板做事了,基层非管理岗位（如初级财务）面对高大上战略框架时觉得过于夸大且不切实际,基层岗位老板终面怎么答
2026-08-14,https://www.xiaohongshu.com/search_result/69d9ae6e000000001a0251ee?xsec_token=ABQli8oI2gtFYS50tAemYC1KBGFbbdn58NcYnHdaedUys=&xsec_source=,感谢一出，满满的虚假感噌就出来了,性格反感虚伪客套套路，觉得背诵场面话显得不真诚,不讲客套话面试怎么显得真诚
2026-08-14,https://www.xiaohongshu.com/search_result/66ee7c42000000002700576d?xsec_token=ABTXLwdpZTRks1ThBWcOwy0AUoeHDedmljpKx9t6N2UkE=&xsec_source=,前几天面试有一个问题让我印象极其深刻，我面试设计助理，结果被问“你怎么理解商业”，我？？？？这怎么回答啊啊啊,初级技术岗位在终面被老板突然问到宏观抽象大问题（如“怎么理解商业”）时不知所措,设计助理面试被问怎么理解商业
2026-08-14,https://www.xiaohongshu.com/search_result/69b295470000000015021028?xsec_token=ABdb0EnkF1RuquHphATtQx02uS_fGrMZvegiL1xWGJTMA=&xsec_source=,近三份工作都没6个月都是不同行业岗位，还中间都有3-5个月空窗期，这种很难用“个人规划”来解释怎么办，buff叠满了,连续短期跳槽且伴随空窗期被面试追问,短期跳槽频繁空窗期离职原因怎么说
2026-08-14,https://www.xiaohongshu.com/search_result/69e20b71000000002202890d?xsec_token=ABl8J5BOXTqEffNiE-vyOPW3IIZsj1fCXcc0qCkzYiKSk=&xsec_source=,因为加班太多了实在受不了离职了呢，而且gap期还比较长,因不堪重负加班离职且面临较长gap期,因加班太多离职面试怎么说
2026-08-14,https://www.xiaohongshu.com/search_result/6841e40c000000001101fd5c?xsec_token=ABBVpWOD7BfPYgImvzX2TDCyBwPNRgmE3-9HhK-KeKYpI=&xsec_source=,被调岗 新岗位不符合我的职业发展规划 咋说,遭遇公司强制调岗被迫离职,公司调岗离职原因怎么说
2026-08-14,https://www.xiaohongshu.com/search_result/69aa8b240000000015030851?xsec_token=ABZFjQnGbg_RkjkDRMRB5TYv2_4iz1L_4tgo7qH00GX7k=&xsec_source=,现在公司很精，不让hr和你聊，让同事和你聊。让你留不下任何有效的证据。,公司派普通同事而非HR出面进行裁员面谈并试图规避录音取证,公司让同事谈裁员录音有用吗
2026-08-14,https://www.xiaohongshu.com/search_result/67b7d24a000000000900e83a?xsec_token=ABNNROWMZA2pMSzKMa5HygUbIl0mCbaVb1JLHqEvxgvNU=&xsec_source=,我们公司都没有明确的hr啊 只有老总和他家人,小微企业无标准HR架构由老总或家属直接出面约谈裁员,小公司老板谈裁员怎么录音
2026-08-14,https://www.xiaohongshu.com/search_result/6a4df65800000000170084f7?xsec_token=ABhX6-v4szBDyryvmfy-uK8yzUJCA3_OXzcOPOukDHI0c=&xsec_source=,HR又不傻，口风又紧态度又强硬，人家发现你在套话肯定就打断了呀,HR警惕性高且态度强硬导致常规套话话术被当场识破打断,HR发现录音打断怎么应对
2026-08-14,https://www.xiaohongshu.com/search_result/682c6801000000000c03acf7?xsec_token=ABDcRHDQy2NipNGRPbzpco_jIzSz08-ZAUHWCOfE6AEwc=&xsec_source=,会吹，但是他万一深挖就露馅了,面试时为了摆脱学生气而临时吹牛，但被面试官追问业务细节时无法自圆其说,面试被深挖简历怎么应对
2026-08-14,https://www.xiaohongshu.com/search_result/682c6801000000000c03acf7?xsec_token=ABDcRHDQy2NipNGRPbzpco_jIzSz08-ZAUHWCOfE6AEwc=&xsec_source=,问到细节的时候就答不上来了,面试回答流于表面，遇到专业或经历细节考核时当场卡壳,面试被问到细节答不上来怎么办
2026-08-14,https://www.xiaohongshu.com/search_result/6a2290d3000000003502aad3?xsec_token=AB2-zK3TMjQ9weQqJFH3vJ81J_hcf6xf-4v9QNeqCQEMY=&xsec_source=,软件销售面试被问对方不打算买你的软件怎么办，我这种门外汉直接大脑宕机，完全答不出要点（月薪3000,低薪岗位新人面对突发情境题或专业刁难时直接大脑空白,面试突发问题大脑空白话术
2026-08-15,https://www.xiaohongshu.com/explore/692455e3000000001e0047f0,他也回你一个不得不回答的回答（2435赞）,按模板反问后被面试官原样反问回来，候选人当场无接话方案,面试反问后面试官又反问回来怎么办
2026-08-15,https://www.xiaohongshu.com/explore/692455e3000000001e0047f0,面试官：这个问题不错！那你觉得你需要达到哪些成绩呢？（1696赞）,面试官把反问原封不动抛回，候选人需要即时自答自己的绩效标准,面试反问后面试官又反问回来怎么办
2026-08-15,https://www.xiaohongshu.com/explore/692455e3000000001e0047f0,我问了 对方答不出来 贼尴尬（175赞）,反问反而问倒了面试官，现场陷入尴尬无人给出救场话术,面试反问对方答不上来怎么办
2026-08-15,https://www.xiaohongshu.com/explore/692455e3000000001e0047f0,理论上这个问题环节不会对录取结果本身产生任何影响…简而言之，问好了不加分，问不好扣分（67赞）,对反问环节价值存在认知分歧，需要一个非对称风险判断框架,面试反问不提问会减分吗
2026-08-15,https://www.xiaohongshu.com/explore/692455e3000000001e0047f0,"我有点不懂这个句子，可以说是""在我入职一年内，您希望我能取得什么样的成绩吗？""（35赞）","照搬英文模板但中文语序拿不准，暴露""模板会背不会说""的落地障碍",面试反问模板中文怎么说
2026-08-15,https://www.xiaohongshu.com/explore/6785b40e000000000900fa81,"一般这种情况 老外最喜欢先说一句""thats a good question"" 然后再考虑怎么bullshit一下(101赞)","被问到不会答的问题时需要一句垫场话拖延思考时间,但没人教中文场景该说什么",面试答不上来时先说一句什么来拖时间
2026-08-15,https://www.xiaohongshu.com/explore/6785b40e000000000900fa81,"想问大家遇到那种知道部分答案的情况。比如对方问一年几个季节,你只记得有春天和夏天…那这个时候如何措辞呢？(51赞)","""部分知道但不完整""这一最常见的处境完全没有现成措辞模板,直接说忘记/不知道又不行",面试只知道部分答案该怎么措辞
2026-08-15,https://www.xiaohongshu.com/explore/6785b40e000000000900fa81,"我记得我当时回答是我不清楚具体定义,但是接触过,如果给我五分钟google一下,我能马上给你讲明白。这个策略过了一半fail了一半(29赞)","求助式/求缓冲式回答成功率不稳定,用户自己也不知道边界在哪",面试被问不会的问题可以说给我五分钟查一下吗
2026-08-15,https://www.xiaohongshu.com/explore/6785b40e000000000900fa81,如果有好几题都不会呢(7赞),"连续多题答不上来的极端处境无解法,现有内容只覆盖单题",面试有好几道题都不会怎么办
2026-08-15,https://www.xiaohongshu.com/explore/6785b40e000000000900fa81,"如果是终面或者聊天那种,可以从自己过往的project里面找related的,说good question,我以前做过一个这样的project,share screen,把主动权拉回自己手里","用户自发总结出""把主动权拉回自己手里""的打法,但仅1赞,说明该框架尚未被内容化",面试被追问细节怎么把主动权拉回自己手里
2026-08-15,https://www.xiaohongshu.com/explore/6785b40e000000000900fa81,蹲一个标准回答,"评论区直接表态现有内容没有给出标准答案,是答案空缺的直接证据",面试遇到完全不会的问题标准回答
2026-08-15,https://www.xiaohongshu.com/search_result/6996e555000000001a01e430?xsec_token=ABZbczxCyLonLyjISSwTalyxpoEYXOZrUCyZMPAiMureQ=&xsec_source=,對不起 聽起來很像念稿子 其實HR都看得出來 只是不講出來,套用网络谈薪话术公式在实际面试中产生明显的背稿念稿感被考官识破,面试谈薪怎么避免念稿感
2026-08-15,https://www.xiaohongshu.com/search_result/6a71b84f000000002800be3f?xsec_token=ABJ67AJwpaEbbSDyndwOBnXpgcktD6lXU_8a5Qvu9v9Ig=&xsec_source=,妈耶，谁懂对方主动拉满15％之后，我就不知道怎么争取了，但我其实还是期望更高一些，，也没有很好的理由了,对方主动给到常规涨幅上限后，缺乏合理理由进一步争取更高薪资,HR给到涨幅上限怎么继续争取
2026-08-15,https://www.xiaohongshu.com/search_result/6a71b84f000000002800be3f?xsec_token=ABJ67AJwpaEbbSDyndwOBnXpgcktD6lXU_8a5Qvu9v9Ig=&xsec_source=,很多时候比如说，告诉你这个岗位的total package 是60。然后你实际在前司呆了5年，公司内部涨幅不高，导致你的薪资可能偏低于市场价，这个时候你要求25%的涨幅，一年能有55，也没有超过他们的预算60。但对方会说公司规定涨幅在20%以内，所以给不了……HR又不愿意走特批，说是内部流程比较困难,前司薪资偏低导致被新公司内部20%涨幅上限硬性限制且HR拒绝走特批流程,前司薪资低被卡涨幅上限怎么破
2026-08-15,https://www.xiaohongshu.com/search_result/68e9e931000000000402b496?xsec_token=AB9avAddVT2TN56-T6O8TdxFLWNuswAcCyhjbaotXCiOI=&xsec_source=,1w左右的薪资不满意谈了一下加了1000，但是加了之后有点后悔加少了，这种情况还有救吗,初步议价成功后发现加价偏低，后悔希望二次开口争取,谈薪答应后后悔了还能再要吗
2026-08-15,https://www.xiaohongshu.com/search_result/69566aec000000001e004db0?xsec_token=ABO84CvCYPKF47bvE6W9b48rF4JpKbr0tkOuoZr7_0sIU=&xsec_source=,年前没定目标，就是一边做领导一边发任务，年终总结,年初无明确既定目标、被动执行日常任务的岗位缺少业务理解与数据呈现维度的提炼方法,无目标 述职 业务理解
2026-08-15,https://www.xiaohongshu.com/search_result/6862aeb20000000017033638?xsec_token=ABAKmzpae19WDZ-vSWwxB8RgzDo-3cCjDVGdp-iGr5zbo=&xsec_source=,有没有业绩未达成的汇报总结,业务理解与成果板块遇到业绩未达标时不知道如何呈现数据,业绩未达成 述职数据
2026-08-15,https://www.xiaohongshu.com/search_result/69566aec000000001e004db0?xsec_token=ABO84CvCYPKF47bvE6W9b48rF4JpKbr0tkOuoZr7_0sIU=&xsec_source=,就5分钟的我竟然看完了,述职答辩时间被严重压缩在5分钟内，无法展开讲长篇逻辑和复杂框架,5分钟晋升述职怎么写
2026-08-15,https://www.xiaohongshu.com/search_result/695b352c000000001d03b471?xsec_token=ABcjedrsIZlS8gN2S3WugLW85_U7OLE3AVD1ZoC65G1J8=&xsec_source=,我他妈一个平平的底层牛马没钱没权的 也要去述职 真是丈二和尚,无项目、无资源、无职权且无晋升可能性的底层员工被强制要求述职,底层牛马无亮点述职
2026-08-15,https://www.xiaohongshu.com/search_result/686d3ad3000000002203e695?xsec_token=ABa8rvMArHxjFwGwVgfy1o2chtsXLgFKWbn3Nw04_kvsc=&xsec_source=,姿态更低了,按网传技巧向面试官积极表态或重新发邮件争取，反而显得卑微讨好、失去对等对话筹码,终面怎么表达意愿才不显得卑微
2026-08-15,https://www.xiaohongshu.com/search_result/686d3ad3000000002203e695?xsec_token=ABa8rvMArHxjFwGwVgfy1o2chtsXLgFKWbn3Nw04_kvsc=&xsec_source=,今天刚举报了一个HR。因为我大方热情又积极，给我一个比岗位JD上低5k的offer，还说是用人部门不想要我，她看在我积极的份上跟用人部门争取的。都是千年的狐狸，演什么聊斋呢，我最近面的人没有100也有80，HR只起到一个通知的作用，什么时候HR也能左右用人部门的想法了，想压薪就直说。果断拉黑+投诉举报了,终面展示热情积极后被HR看透迫切心理并借机压薪,终面表现太积极被压薪怎么办
2026-08-15,https://www.xiaohongshu.com/search_result/692e6443000000001b032902?xsec_token=AB_g6Bv1DWvk2u46KDfHFrvIYx__sYc28NY8EB9GHc9lw=&xsec_source=,非常有用，另外博主可以出一期，如果被专业问题卡壳，或者发现如果面试官重复了两三遍甚至rephrase 了几次我都还不能理解的话，我该怎么办的情况吗？,终面遇到大领导换词重复提问但自己仍听不懂时，因慌乱不知如何回应而显得低人一等,终面听不懂大领导问题怎么接话
2026-08-15,https://www.xiaohongshu.com/search_result/67d98097000000001d019f58?xsec_token=AB31KlO1mKh9hn4Am4auUz_ikmFRpxIc5fPh-WtdlWogI=&xsec_source=,终面跟好几个中小型公司ceo聊 基本都是他们在说 自己说的机会不多,终面面对强势CEO被全程单向输出压制，找不到话口对等插话表达,终面CEO全程自己说怎么对等交流
2026-08-15,https://www.xiaohongshu.com/search_result/686d3ad3000000002203e695?xsec_token=ABa8rvMArHxjFwGwVgfy1o2chtsXLgFKWbn3Nw04_kvsc=&xsec_source=,找工作非常看运气，曾经试过花几个小时车程去东莞面试，一开始要做一张逻辑题试卷，做了，面试也聊了至少半个小时，面试官挺热情的，我也最后表达了不在乎太多薪资问题只想争取个机会的意愿也被无情pass了，说白了，一样的动机虚伪完全看运气看遇到什么样的人有大相径庭的不同结果,试图用降薪降姿态来换取入职机会，反而被面试官判定为低价值候选人惨遭淘汰,终面表达不在乎薪资为什么反而被拒
2026-08-15,https://www.xiaohongshu.com/search_result/6943d57f000000000d00e739?xsec_token=ABKpuEOma-nj7naBiaRe37PPr56ZESAUOU8o28P1D7BuI=&xsec_source=,其实我很讨厌这种“汇报的艺术”。明明做的是一样的事情。甚至有的不做事。只要会说会包装就行了。但领导就喜欢这种包装。这也是我为啥混不好的原因。,实干型员工只做了基础工作但不擅长虚浮包装，面临述职考核心理抗拒,做了事不会写述职汇报
2026-08-15,https://www.xiaohongshu.com/search_result/695b352c000000001d03b471?xsec_token=ABcjedrsIZlS8gN2S3WugLW85_U7OLE3AVD1ZoC65G1J8=&xsec_source=,但，利益至上的管理者，宁要那几千的业绩，也不要方法论。,缺乏宏大业务成果或方法论，领导只盯硬性业绩数字的实用主义职场处境,业绩不好怎么写工作价值
2026-08-16,https://www.xiaohongshu.com/explore/69e9eed10000000020039b88,问业务是什么，答业务比较大，问实习生做什么，答实习生跟正式工干一样的活（6赞）,反问环节面试官整段敷衍，候选人拿不到任何有效信息也不知道该不该追问,面试反问环节面试官回答的很敷衍
2026-08-16,https://www.xiaohongshu.com/explore/69e9eed10000000020039b88,面试官是不能透露太多业务信息的（评论区反驳）,候选人分不清敷衍是合规限制还是态度问题，因此不敢追问,面试官不方便说的问题怎么换个问法
2026-08-16,https://www.xiaohongshu.com/explore/69e9eed10000000020039b88,要是这样，那面试人也不必透露技术细节（28赞，本条最高赞）,被敷衍后只有情绪反弹，没有体面的对等话术出口,被面试官敷衍后怎么体面收尾
2026-08-16,https://www.xiaohongshu.com/explore/69e9eed10000000020039b88,我也碰到了，隔天就挂了，还是三面，浪费好多时间,把'反问被敷衍'当成已挂的信号，需要判读方法,反问被敷衍是不是代表已经挂了
2026-08-16,https://www.xiaohongshu.com/explore/69e9eed10000000020039b88,大概率是面下来不太感兴趣。但是这位态度也太差了，好不尊重人,需要一套从面试官反应反推结果的判读框架,怎么从面试官态度判断面试结果
2026-08-16,https://www.xiaohongshu.com/explore/69e9eed10000000020039b88,这种情况会脏面评吗，手撕了两题，第一题撕出来了，但第二题磕磕碰碰一开始思路都错了,答砸之后担心留下永久负面记录、影响以后再投,面试答砸了会脏面评吗
2026-08-16,https://www.xiaohongshu.com/explore/69afbf57000000001d027f5a,面试完之后，加了微信，确定要我，然后说帮我约体检，之后一天没联系，这样正常吗？（33赞）,口头确定录用+约体检后突然失联，不知是流程慢还是变卦，也不敢催,面试说要我了又没消息
2026-08-16,https://www.xiaohongshu.com/explore/69afbf57000000001d027f5a,不正常，现在吊着人，然后再面试的很多，你可以催一下，另外接着投简历去面试，直到入职（63赞）,"高赞回复只给""可以催一下""的结论，完全没给怎么开口催的原话——本轮最大空缺",面试怎么催HR结果
2026-08-16,https://www.xiaohongshu.com/explore/69afbf57000000001d027f5a,面试都要聊的长才算稳吗。。二面只给我说了关键考核工作节奏，问了一些关键问题，业务负责人面的，10来分钟就结束了，那不是很悬了（32赞）,"用""面试时长""当判读依据，短面即焦虑",面试时间短是不是没戏
2026-08-16,https://www.xiaohongshu.com/explore/69afbf57000000001d027f5a,面试20分钟，第二天直接过（5赞）,"反证：时长判读并不成立，前排笔记的""面试短=凉""结论被评论区证伪",面试多久算稳
2026-08-16,https://www.xiaohongshu.com/explore/69afbf57000000001d027f5a,这种是在被横向对比嘛（3赞）,怀疑自己是备胎/陪跑，但不知道该不该问、怎么问,面试是不是在当备胎
2026-08-16,https://www.xiaohongshu.com/explore/69afbf57000000001d027f5a,今天一面人资经理聊了十分钟不到，跟我说要把简历给用人部门看，合适的话最多下周一会联系二面，如果下周一还没收到通知就不用等了，然后夸了我一堆说什么性格蛮好蛮优秀的他们也会尽力推荐，感觉没希望了（5赞）,"HR给了""夸奖+时间截点""组合，用户判定为委婉拒绝",hr夸我但没给offer
2026-08-16,https://www.xiaohongshu.com/explore/69afbf57000000001d027f5a,周一说五个工作日出结果还有希望吗,"HR给了明确工作日数仍焦虑，需要""到期怎么问""的话术",五个工作日没消息怎么问
2026-08-16,https://www.xiaohongshu.com/explore/6a06d47b000000003600211a,21年本科面试代码没写出来被留下面评代码写的稀烂，25年面试的时候还在被面试官问为什么当年面试官这么说（22赞）,★四年后被新面试官当场追问旧面评，需要现场回应话术——XHS/web两侧供给为零,面试被问起以前的面评怎么回答
2026-08-16,https://www.xiaohongshu.com/explore/6a06d47b000000003600211a,我也是，挂了三次一面，字节完全不是拿来练手的，应该试过所有大厂后再投的（148赞）,投递顺序焦虑：怕把心仪公司当练手浪费掉,大厂面试投递顺序
2026-08-16,https://www.xiaohongshu.com/explore/6a06d47b000000003600211a,体感节的正常面评不会很影响的，顶多反映和岗位匹配度不高，除非评价差得离谱（69赞）,"内部人视角给出""匹配度""这一去污名化框架，可作为成稿的判读依据",面评到底影响多大
2026-08-16,https://www.xiaohongshu.com/explore/6a06d47b000000003600211a,省了一条命（131赞）,"把面试机会当""命""的稀缺心态，是脏面评焦虑的底层情绪",面试机会珍贵怎么准备
2026-08-16,https://www.xiaohongshu.com/explore/6a06d47b000000003600211a,永久应该不至于吧我记得+1说有时间期限的？具体是多久就不知道了…除非是之前有红线问题 Show offer又拒了这种好像也就才两年不能面试吧？（5赞）,规则不透明导致猜测，用户需要可核实的时效说明,脏面评多久能消
2026-08-16,https://www.xiaohongshu.com/explore/6a06d47b000000003600211a,没事我的也脏很多次 最后也被捞上岸了（19赞）,幸存者反例，可作为文案里的宽慰锚点,面评脏了还能进吗
2026-08-16,https://www.xiaohongshu.com/search_result/6958db2b000000001e00bf12?xsec_token=AB8Fl6InCDWchO7RrlK0-YJlNyaq5BFefLz-1QgSIHFMU=&xsec_source=,问完我自己，更自我怀疑了，怎么办……我都不想雇佣我自己。,自我介绍时被高标准反问导致严重自我怀疑,自我介绍反问自我怀疑怎么办
2026-08-16,https://www.xiaohongshu.com/search_result/6959beec000000002103c238?xsec_token=AB-j_be7PnV7WetEb_mnqt2BYmNTnIQ6ZfJ4Tldzd31CI=&xsec_source=,好有道理。不过负责职能部门的 真的发愁不知道写什么， 感觉前瞻性建议也不受重视,职能部门做年终汇报时前瞻性建议不受领导重视,职能部门述职怎么写前瞻性建议
2026-08-16,https://www.xiaohongshu.com/search_result/6959beec000000002103c238?xsec_token=AB-j_be7PnV7WetEb_mnqt2BYmNTnIQ6ZfJ4Tldzd31CI=&xsec_source=,我做年终汇报，也是这个思路，但是作为助理，我的领导不听我的建议，他只认同自己的思路。。。所以。我无能为力,助理做年终汇报时领导不听建议只认同自己思路,助理年终汇报领导不听建议怎么办
2026-08-16,https://www.xiaohongshu.com/search_result/6752b2d8000000000202fba0?xsec_token=AB0Wnc9UNb9YhuSUBhrKEEDN9wlGm0HfAJtL_zaBa5r30=&xsec_source=,在大公司和国企，这样汇报早就活不下去了,国企或大公司员工直接套用互联网通用汇报框架行不通,国企汇报用什么模版
2026-08-16,https://www.xiaohongshu.com/search_result/6752b2d8000000000202fba0?xsec_token=AB0Wnc9UNb9YhuSUBhrKEEDN9wlGm0HfAJtL_zaBa5r30=&xsec_source=,这种分单位，有的单位领导会觉得喧宾夺主,按模版讲得太好或太出彩遭到领导反感排挤,向上汇报太优秀领导反感怎么办
2026-08-16,https://www.xiaohongshu.com/search_result/68350b2c00000000120047a3?xsec_token=ABnItfnlKtrdmsZAyljOayrqdVZ19xJI4gl7bxe_DUZ0c=&xsec_source=,不过作为金融 IT 狗，感觉互联网的汇报风格和我们差别还挺大，我们更看重合规、风险和数据口径的严谨性,金融IT等强合规行业员工无法直接套用互联网业务汇报模版,金融行业怎么做汇报
2026-08-16,https://www.xiaohongshu.com/search_result/670f7831000000001b03fced?xsec_token=ABBaZB92wE9gsp9NTq_Hg0C3f9vyoyy5rVTUabYr2cEx8=&xsec_source=,体制内国企国有控股企业非省会城市及以下家族企业员工听听就可以，那不是职场,身处非省会城市及以下体制内或家族企业面临常规职场方法论失效,体制内答辩怎么讲重点
2026-08-16,https://www.xiaohongshu.com/search_result/669da3a60000000025015d37?xsec_token=AB-uZA6FTojrv1MqzCQGaQroPcB-vatvaYRRXznnAMAHM=&xsec_source=,我现在就是大不了不干这种情况，入职三个月天天唯唯诺诺战战兢兢都融不入圈子，生怕做错一点被围攻，这感觉好难熬,入职三个月的新人，战战兢兢唯唯诺诺生怕做错被围攻,入职三个月天天唯唯诺诺怎么办
2026-08-16,https://www.xiaohongshu.com/search_result/669da3a60000000025015d37?xsec_token=AB-uZA6FTojrv1MqzCQGaQroPcB-vatvaYRRXznnAMAHM=&xsec_source=,最近我也是犯了一点基本错误，但是是我和其他部门同事各50的责任，我们都写了检讨书，但是我们院领导却只骂我，而且当着很多人骂我，很难听。,被领导当众大骂且背锅,被领导当众批评怎么化解
2026-08-16,https://www.xiaohongshu.com/search_result/65e125d7000000000102ae3f?xsec_token=ABn-uQqyxXlyL2_fJWMnm5Q00wsFGVp9iyBBmaA0IKaqQ=&xsec_source=,我也常常打断人家，我总以为人家说完了，等了一秒钟，然后我开始讲了，结果对方又继续讲了，尴尬……怎么样才能知道对方有没有讲完救命……,自己经常不小心打断别人说话导致尴尬,怎么判断别人有没有把话说完
2026-08-18,（无·笔记详情页 /explore/{id} 连续第5轮被重定向回信息流）,—,—,—
2026-08-18,https://www.xiaohongshu.com/search_result/69789188000000000d00a7a3?xsec_token=ABcxaMN_pdcA4UCoxHwpc0SJBQ2PwdTW2g_FbRuw-1P5Y=&xsec_source=,面试前问那么多，hr会不耐烦吧。正常这些都是和业务面完，和hr沟通吧,求职者担心在面试前或跟HR沟通时问太多问题招致反感,面试前问薪资HR会不会不耐烦
2026-08-18,https://www.xiaohongshu.com/search_result/69789188000000000d00a7a3?xsec_token=ABcxaMN_pdcA4UCoxHwpc0SJBQ2PwdTW2g_FbRuw-1P5Y=&xsec_source=,济南这里全是带有试岗期的公司，问了一个1000人的一个企业，有没有试岗期，人家居然回你有没有工作过？哪有公司没有试岗期的？,求职者向大公司询问试岗期合规性时遭到HR的嘲讽和反问,面试问有没有试岗期被HR嘲讽
2026-08-18,https://www.xiaohongshu.com/search_result/6a3e8cf7000000000803c3e5?xsec_token=ABxm3-cF08tTEhqkuZg6DPPNYRZWR3Tqy8OE-fxW-WhQ4=&xsec_source=,可是，面试前一问五险一金缴纳基数比例，薪资结构的，就不理人了,求职者面试前询问社保基数和薪资结构直接导致被HR冷处理,面试前问社保基数被HR无视
2026-08-18,https://www.xiaohongshu.com/search_result/695ed1f0000000002103f47a?xsec_token=ABFfV6A0As8ZPK4LAEpUvQGHVBB0CP_vaba6VGQjaZMjQ=&xsec_source=,她其实答非所问。你问他问什么来你们公司，她回答她为什么是你们公司需要的。但是她一点都没提到她为啥要去。,发现主流话术仅在包装能力匹配，未能解决求职者自身真实动机的表述需求,面试为什么想来我们公司真实原因
2026-08-18,https://www.xiaohongshu.com/search_result/695ed1f0000000002103f47a?xsec_token=ABFfV6A0As8ZPK4LAEpUvQGHVBB0CP_vaba6VGQjaZMjQ=&xsec_source=,new grad该怎么回答呢,无工作经验的应届毕业生面对选择该公司原因时不知如何找切入点,应届生面试为什么想来我们公司
2026-08-18,https://www.xiaohongshu.com/search_result/6903371b00000000050033fe?xsec_token=ABpETBY3b6RyD_UxgkVYe7rVAmSw2tES5_yixy1ynfPKM=&xsec_source=,我其实每次被问这个问题都会蒙，我还真以为夸夸他们公司就好了，结果还过不了，没想到光夸不够，看了主包前面的才知道还不能说上一家坏话，原来都有套路,面试时只会盲目夸赞目标公司或抱怨前东家导致屡屡面试失败,
2026-08-18,https://www.xiaohongshu.com/search_result/66d82df5000000001e01b8bb?xsec_token=ABVgbUmu2IOkEHUcTmqerDxc5n4m7oq14U-_EqRd1RVuQ=&xsec_source=,呜呜呜今天用了这个模板，被面试官说太生硬了太模版化了,套用网传自我介绍万能模板去面试，被面试官当场指出太生硬模版化,面试套用模板被说太生硬怎么办
2026-08-18,https://www.xiaohongshu.com/search_result/66d82df5000000001e01b8bb?xsec_token=ABVgbUmu2IOkEHUcTmqerDxc5n4m7oq14U-_EqRd1RVuQ=&xsec_source=,没有经验刚毕业的应届生怎么说我很好呀,零实习零项目经验的应届生在终面自我介绍环节不知道如何阐述个人优势,无实习经验应届生HR面自我介绍
2026-08-18,https://www.xiaohongshu.com/search_result/6a5e2dc40000000014004207?xsec_token=ABoihdyoCA0DQjoIvzznruiyIARqvoD_jJ7KIuWA9OjXM=&xsec_source=,我就学了这个，被人家说是AI,背诵网传标准面试套路回答HR，被面试官质疑像AI生成的内容,HR面怎么避免回答像背答案
2026-08-18,https://www.xiaohongshu.com/search_result/68c2b427000000001d01fda6?xsec_token=ABd_shnGdcntKzBozskSnnXHc4XynreoXPXMjTklyWYc8=&xsec_source=,天呐我面游戏科学的时候也是这么回答的。。但hr继续反复让我具体说，说白了就是非要想要听到那种模版化的答案。。,面试时未按常规套路回答，被HR连续追问要求给出符合预期的具体细节,HR面被反复追问细节怎么答
2026-08-18,https://www.xiaohongshu.com/search_result/69bc0932000000001a0204e6?xsec_token=ABGc6s9hoZ_Jl_3-7aUB_fyjmPI32f92Ol4WH0vX3dv4c=&xsec_source=,真的有反问环节力挽狂澜的么？我面试近100场感觉前边说的不好，到反问人家基本是走流程的提问了（态度能感觉出来）。反问认真和我探讨的，是我前边也聊的不错的。,前面环节表现欠佳时尝试靠反问环节挽回，但发现面试官早已失去兴趣开始敷衍走流程,面试反问真的能挽回局面吗
2026-08-18,https://www.xiaohongshu.com/search_result/6a5e2dc40000000014004207?xsec_token=ABoihdyoCA0DQjoIvzznruiyIARqvoD_jJ7KIuWA9OjXM=&xsec_source=,对面问薪资该如何回答 ，我是这样回答 期望薪资在你们的写的范围内,终面被问期望薪资时不敢喊价或不知道如何表达，只能被动套用招聘公告范围回答,私企HR问期望薪资怎么回答
2026-08-18,https://www.xiaohongshu.com/search_result/66f17118000000002a0370f7?xsec_token=AB7lQ4fGatvgvI_C--14Q905mMU9oQ8pvUUKCFKe2JR7w=&xsec_source=,真的不能辩，我辩了两句话直接二辩了,答辩被老师质疑时现场据理力争解释，被判定态度恶劣直接送二辩,答辩辩解被二辩
2026-08-18,https://www.xiaohongshu.com/search_result/66f17118000000002a0370f7?xsec_token=AB7lQ4fGatvgvI_C--14Q905mMU9oQ8pvUUKCFKe2JR7w=&xsec_source=,经常看到只答不辩，但是问啥我都道歉的话，老师会不会认为我啥也不会直接让我二辩啊，我好怕这个啊,听到只答不辩建议后陷入焦虑，害怕一味道歉被老师误判学术水平极差而二辩,答辩只答不辩会被二辩吗
2026-08-18,https://www.xiaohongshu.com/search_result/6804abbf000000001202fc49?xsec_token=ABAMDPOW4mSyAq7BNqXhmo3wvF5VMaevislHS0W3q1m3Q=&xsec_source=,我说到了一半，老师就让我说直接说结论，我紧张的啊，本来好好思路全没了，什么稿子上的tips全看不进去，就只会照着PPT念。,自述阶段突然被老师打断要求直接说结论，节奏被打乱导致大脑空白,答辩老师让直接说结论怎么办
2026-08-18,https://www.xiaohongshu.com/explore/66cfce5b000000001f03d27f?xsec_token=AB6XRvREq18FU1LUxAEp4rWpfov9l6rovxuKxCzVWC-do=,HR说给我发offer，让我确认24小时内给回复，我最近真的有事儿最快也要下周一才能入职，我跟HR说了但对方不松口说有同事等着交接转岗不能再拖了，我表明了很想去这家公司但入职时间太赶，希望帮忙和领导沟通给下周入职的机会，结果HR只回了一个好的，我觉得可能没有后话了,"offer限时24小时确认但本人客观原因无法立刻到岗,协商延迟入职后被HR已读不回式冷处理,担心offer黄了",offer要求限时确认但暂时无法到岗怎么办/协商延迟入职被hr已读不回还有救吗
2026-08-18,https://www.xiaohongshu.com/explore/66cfce5b000000001f03d27f?xsec_token=AB6XRvREq18FU1LUxAEp4rWpfov9l6rovxuKxCzVWC-do=,请问下 如果出现情景二先接offerA的话就是后面要拖延入职时间吗😅😅,"已经接受offerA之后又想拖延入职时间去等更好的offerB,担心操作是否可行/是否留下不良记录",接了offer后可以申请延迟入职吗/先接offer后能拖多久入职
2026-08-18,https://www.xiaohongshu.com/search_result/68cfd1790000000013012b76?xsec_token=ABdyMahy2jX7Dur_s8cR4isfeO9SodqauTnYG82KzHLkY=&xsec_source=,如果连我们都知道要说什么也忘了呢,卡壳紧张时连准备好的万能救场套话也一并忘干净,救场套话也忘了怎么办
2026-08-18,https://www.xiaohongshu.com/search_result/68cfd1790000000013012b76?xsec_token=ABdyMahy2jX7Dur_s8cR4isfeO9SodqauTnYG82KzHLkY=&xsec_source=,有时候是断片……我是唱歌考试，老师说不记得歌词了也不要停，继续往下唱，可是我是忘记刚刚唱的是什么了,考核/发言中瞬间断片，完全记不起上句讲了什么,演讲瞬间断片怎么救
2026-08-18,https://www.xiaohongshu.com/search_result/671a100a0000000026034277?xsec_token=ABSjMxFOmEqbBbTnMmukBvdDkCeXkpTYRy3N0AnTcGIHA=&xsec_source=,喜欢慧慧多分享这种类型的视频每次突发状况我都会愣住，大脑一片空白,遇突发状况陷入情绪僵直、大脑完全无法思考,大脑一片空白怎么应急
2026-08-18,https://www.xiaohongshu.com/search_result/67e6b4b5000000001d00bdb6?xsec_token=ABf5bY4Fu2kv9NfvtiCxweL0SF6-eEyoqI0789MMH1RF8=&xsec_source=,马上一起聊天的时候全忘了,平时背的话术急救包在真正临场开口时瞬间全部忘光,背的话术临场全忘了
2026-08-18,https://www.xiaohongshu.com/search_result/6804abbf000000001202fc49?xsec_token=ABAMDPOW4mSyAq7BNqXhmo3wvF5VMaevislHS0W3q1m3Q=&xsec_source=,可以不准备自述稿吗？直接照着ppt念，行不行呀？好烦，突然看见小红薯说要准备自述稿,临近答辩未写自述稿，纠结能否仅照PPT读取过关,答辩不准备自述稿直接念ppt行吗
2026-08-18,https://www.xiaohongshu.com/search_result/6804abbf000000001202fc49?xsec_token=ABAMDPOW4mSyAq7BNqXhmo3wvF5VMaevislHS0W3q1m3Q=&xsec_source=,想问一下有没有试过答辩前把论文喂给ds或者豆包让它预测答辩问题的，准不准啊我去试了一下感觉那些问题都挺像要问的，但是我是英专生，ai给的答案是中文的背起来就有点困难了更别说还要翻译成英文,英专学生用AI预测答辩问题遇到中英转换与背诵困难,AI预测答辩问题
2026-08-18,https://www.xiaohongshu.com/search_result/663c3a1c000000001e039032?xsec_token=ABjG-QlWlOnmN9HeZi2uovoet4uC0mEBewx_alh-dXuVQ=&xsec_source=,老师根本不听 我上去直接念稿没人管 念完就给我说说哪写的不行就过了 简单得很 还不如教资面试,答辩现场老师不关注自述内容，念稿即可直接进入批评环节,
2026-08-18,https://www.xiaohongshu.com/search_result/6804abbf000000001202fc49?xsec_token=ABAMDPOW4mSyAq7BNqXhmo3wvF5VMaevislHS0W3q1m3Q=&xsec_source=,PPT做了，老师当场说不用，直接说创新点，然后给你提两个问题，你准备一下，再回来自述，后面老师给意见，批判各种问题,答辩自述被老师中断并要求直接切入创新点,答辩老师不让讲PPT
2026-08-18,https://www.xiaohongshu.com/search_result/69c7cc30000000001d01d71e?xsec_token=ABrjsq6WiHOaVo2ybkKrUD3ZbJ-bTww3XFloB-8pt8B7I=&xsec_source=,明明准备好了发言稿，可是说着说着就紧张了，都能听到自己的颤音,背了稿子但上台依旧紧张到声音发颤,答辩背了稿子上去还是紧张发颤怎么办
2026-08-18,https://www.xiaohongshu.com/search_result/6a0495e1000000003701f9d7?xsec_token=ABl_RGf4B4Bap1PoFDb5avJukVq8Uzl8YKdHxbe-k6evM=&xsec_source=,我没有创新性怎么办，选题就很常规，也做不到创新，我是工科生学不明白，别说创新了,工科选题常规且无创新点面临答辩追问,工科毕业论文选题太常规没有创新怎么回答
2026-08-18,https://www.xiaohongshu.com/search_result/69e4a824000000002103a7c2?xsec_token=ABC4DSa-OjjOdSsq0bq2UOfpPKYsDEwPnTHz3n-bVH7Ng=&xsec_source=,选题太大这个要怎么回答呀？我之前开题报告的时候就被说选题太大了，但是我这个题目是我导师给我定的,被质疑选题太大但题目是导师定的不知如何甩锅或解释,导师给的选题太大答辩怎么回答
2026-08-22,https://www.xiaohongshu.com/search_result/6763c423000000000800de78?xsec_token=ABIHgnmaz_piRITqENYMxO_vvLd7VAcONWgWfvBLuJ2Uo=&xsec_source=,我在体制内，但是领导找我谈话也是这个意思。说我明年产假的6个多月，没有绩效，只给我算我产假前在岗的那一点绩效。一直以为体制内不会这样,体制内休产假被领导以未在岗无产出为由直接扣减半年绩效,体制内休产假被扣绩效怎么办
2026-08-22,https://www.xiaohongshu.com/search_result/697223f50000000021028c3b?xsec_token=ABHp_V9QzCetKEsXKNofzZZqzNwPPbcqa-36rCThNtKtU=&xsec_source=,电脑内部系统上确认，不用签字没有纸质文件，怎么搞,公司通过线上OA系统无纸质确认直接认定低绩效，员工无法当面拒绝签字留痕,线上绩效考核确认怎么留存证据
2026-08-22,https://www.xiaohongshu.com/search_result/69982593000000000e03fa7c?xsec_token=ABfB440pe0u0Hpc_ViYSZB99-a3yvSbDEVswJqpxwiGv4=&xsec_source=,国企绩效被打了D不胜任工作，之前合同到期时就跟我谈不想续签，现在直接给D，给的依据是什么工作不主动，态度差，工作不积极，提了异议邮件，估计年后就要跟我谈绩效了,国企合同到期前被领导以态度差等主观理由打D判定不胜任工作逼迫离职,国企被打D不胜任工作怎么处理
2026-08-22,https://www.xiaohongshu.com/search_result/6a4e29810000000007013076?xsec_token=ABRx_IccmX9kdD97OzyHFV2H53Qx3Nvf4v0XWBF0PZx6E=&xsec_source=,我不是主动离职却让我写离职申请，我是被劝退的，说我业绩不达标啊啊啊,被HR或领导以业绩不达标为由劝退并强迫填写主动离职申请书,业绩不达标被逼写主动离职申请怎么办
2026-08-22,https://www.xiaohongshu.com/search_result/69a291b2000000001a035fbe?xsec_token=ABuh5W_BVBEiAo9drNwer9OtNfcDnlRmuKMCb8Czi86Js=&xsec_source=,不胜任工作会不会不给赔偿？,被公司扣上不胜任工作帽子后误以为无法索要经济补偿金,不胜任工作被辞退有赔偿吗
2026-08-22,https://www.xiaohongshu.com/search_result/68d0320f000000000e022c0b?xsec_token=ABSiCysZ5HhsT4S1_y6woZlxB5rq9bESPurqKsVGqpgdM=&xsec_source=,发了邮件后不回复。根本不理不睬,书面拒绝恶意降薪或申诉绩效后被公司冷处理置之不理,拒绝降薪发邮件公司不理不睬怎么办
2026-08-22,https://www.xiaohongshu.com/search_result/6a091b90000000003501f4aa?xsec_token=ABm9TeirOI0swHM7r_ieMORGxdC8MamqUXu5_otv3K5Dg=&xsec_source=,聊了，聊不成又说不辞我了，但是一直给我穿小鞋，我也不想干了直接发了被迫解除劳动合同通知书,面谈离职赔偿未达成一致后被公司穿小鞋逼迫自离,谈离职赔偿谈崩了被穿小鞋怎么办
2026-08-22,https://www.xiaohongshu.com/search_result/6978c4c0000000000b011e92?xsec_token=ABcxaMN_pdcA4UCoxHwpc0SGGS_t3m6mJKWhxZy3P0VZQ=&xsec_source=,新领导与旧领导不合，之前新领导负责其他地区，现在统管了。我被打上旧领导的标签。新领导直接说之前我的ppcd打的太高了，以后要给其他人轮流来，干的再好也没用。,新领导上任清洗前朝旧部并明确告知干再好也轮流打低绩效,被贴前任领导标签被打低绩效
2026-08-22,https://www.xiaohongshu.com/search_result/68ad8bdd000000001c03f5ad?xsec_token=ABT3bEFzZf3aL0c4V1XUKD4-5LFqx1_TZcoTDB17CgSBs=&xsec_source=,您好，博主，我想请问一下要是我的组长给我打了C然后说我234月份表现不佳，56月份表现没问题，但是打C不影响我全年的评级，就提前和我说一下免得影响我积极性，上面是组长的原话，我后面查了一下公司关于绩效的说明发现如果连续两次打C的话公司会调岗降薪，关键是我是2月底才入职的公司，4月份转到这个组长下面，6月底转正的而且半年内变更了三次工作内容，这种情况我应该继续申诉嘛,新入职试用期内频繁变更工作内容被组长以旧账理由打C并口头安抚,新入职频繁换组被打C要不要申诉
2026-08-22,https://www.xiaohongshu.com/search_result/68ad8bdd000000001c03f5ad?xsec_token=ABT3bEFzZf3aL0c4V1XUKD4-5LFqx1_TZcoTDB17CgSBs=&xsec_source=,请问博主，公司依轮流评C，我工号第一个为由给我打C，半年奖一分没有，这种情况能仲裁吗,部门实行轮流打C制度且因工号靠前被首批强行背C影响奖金,公司部门轮流打C怎么应对
2026-08-22,https://www.xiaohongshu.com/search_result/6a76921c000000003302ce7c?xsec_token=ABC0KjOQhCTlEqm5Yv0HXR34EEv5d5JHIDTHftAdeUaE0=&xsec_source=,如果对方观点和你的观点完全相反，怎么接话？,发言被打断且插话者持直接对立观点时不知如何回应接话,对方观点相反怎么接话
2026-08-22,https://www.xiaohongshu.com/search_result/6a76921c000000003302ce7c?xsec_token=ABC0KjOQhCTlEqm5Yv0HXR34EEv5d5JHIDTHftAdeUaE0=&xsec_source=,直接喝止！烂人用烂法治！,遭遇恶意打断时情绪激化想要当场硬性反制,
2026-08-22,https://www.xiaohongshu.com/search_result/686fc42d0000000010012ee1?xsec_token=ABCVtRQj0SAIteDHi-_aKBO67ov9vDw2y4fdG5rwz-D1k=&xsec_source=,本来不用你干的活，说了这些话全到你头上了。,套用通用话术回答非本职工作细节，导致原本不属于自己的职责和工作强行落到自己头上,领导问非本职工作细节怎么回答
2026-08-22,https://www.xiaohongshu.com/search_result/686fc42d0000000010012ee1?xsec_token=ABCVtRQj0SAIteDHi-_aKBO67ov9vDw2y4fdG5rwz-D1k=&xsec_source=,说实话，这些话术在现实里根本来不及想——领导问你话的时候你只有3秒反应时间。所以与其背模板，不如练一个底层能力：听到问题先别急着给答案，先给自己争取3秒钟思考空间。这3秒比任何话术都管用。,被突袭提问时只有3秒反应时间，高压下无法检索和套用复杂的话术模板,被领导突击提问只有3秒反应时间怎么办
2026-08-22,https://www.xiaohongshu.com/search_result/6a5caf0e000000001102ea26?xsec_token=AB5Sx3z4B70zoA5Cj58-eSgbeJOHpJJNdASh8sI532F60=&xsec_source=,有些领导真是老阴阳怪气了，你说你手头忙，事情优先级，人家就问忙些什么，哪有那么忙,尝试用按优先级排期的标准话术回应加活时，被领导追问细节并否定工作量,被领导质疑工作量太少怎么回
2026-08-22,https://www.xiaohongshu.com/search_result/68ad8bdd000000001c03f5ad?xsec_token=ABT3bEFzZf3aL0c4V1XUKD4-5LFqx1_TZcoTDB17CgSBs=&xsec_source=,卧槽不是通知吗怎么成谈判了,遭遇单方面绩效结果告知，缺乏双向沟通博弈空间,
2026-08-22,https://www.xiaohongshu.com/search_result/68ad8bdd000000001c03f5ad?xsec_token=ABT3bEFzZf3aL0c4V1XUKD4-5LFqx1_TZcoTDB17CgSBs=&xsec_source=,可以问一下博主，就是我8月份转正，然后8月只给我发了基本工资，没有绩效，8月公司很忙，工作量都很多，这种应该如何去和领导沟通,转正当月高工作量却被克扣绩效仅发底薪,转正没有绩效怎么跟领导沟通
2026-08-22,https://www.xiaohongshu.com/search_result/68b80ef4000000001b022e73?xsec_token=ABHfP6NEoW4C9j31CPal8crxL6sJHJz0U2KCIzphj1BCY=&xsec_source=,请问面试时对方要知道你上一份工作的工资，是为了压工资吗？我认为工资是由工作量跟能力挂钩的，跟上一份工作的工资无关，而且那是个人隐私，企业无权知道，还有问家庭情况的，问是否已婚已育也算了，为什么还要问父母，兄弟姐妹职业,面试被HR强行盘问上一份薪资及家庭背景信息,面试被问上一份薪资怎么拒绝
2026-08-22,https://www.xiaohongshu.com/search_result/6942186b000000001e037100?xsec_token=ABilTjcczIAhSdcPVuAl6EilWLqWuLVWZm7UQ7ogcoA3o=&xsec_source=,因为休产假 连续两年被打c,休产假复工后连续两年遭遇公司绩效打C,产假复工连续拿C怎么办
2026-08-22,https://www.xiaohongshu.com/search_result/6942186b000000001e037100?xsec_token=ABilTjcczIAhSdcPVuAl6EilWLqWuLVWZm7UQ7ogcoA3o=&xsec_source=,连续两年被打c跟直属磨合不了,与直属领导长期无法磨合导致连续两年拿低绩效,领导不对付连续拿C怎么办
2026-08-22,https://www.xiaohongshu.com/search_result/6942186b000000001e037100?xsec_token=ABilTjcczIAhSdcPVuAl6EilWLqWuLVWZm7UQ7ogcoA3o=&xsec_source=,请问绩效还没下来，未公布，口头说是低绩效，现在要我签和我工作不符的Pip怎么应对。,口头被告知低绩效并被要求签署不符工作的PIP,绩效被打C被逼签PIP怎么办
2026-08-22,https://www.xiaohongshu.com/search_result/68ad8bdd000000001c03f5ad?xsec_token=ABT3bEFzZf3aL0c4V1XUKD4-5LFqx1_TZcoTDB17CgSBs=&xsec_source=,如果是b，领导会说，你自己连目标都没有吗？自己不应该反思一下吗,在绩效面谈中按通用话术反问领导反被压制,绩效面谈怎么反问领导
2026-08-22,https://www.xiaohongshu.com/search_result/677fbc60000000000b0213ba?xsec_token=AB-wqfSN_BqCZyAIrdzmPnUs9MadGpKicLoteWYm93P_8=&xsec_source=,我们领导只会说:你干嘛不反省自己为啥人缘那么差不同的老板用人完全不同，我们领导是那种你能干，就使劲压你工作量，理由是你能干，就要多操心多管事。如果我反抗，就说我格局不够。怎么破局,被领导以能干为由压榨工作量并反咬人缘差格局不够,领导用人缘差压工作量怎么反驳
2026-08-22,https://www.xiaohongshu.com/search_result/694a4e5a000000001b0315f8?xsec_token=ABIjVZ_p-g9_yIERiX75cLQFXlMDmghsy75VI2qZmGZfo=&xsec_source=,现实是他给我一堆难啃的活，同时绩效考核倒数第一呢,背负难啃的工作却在绩效考核中被打倒数第一,干重活却被绩效打低分怎么应对
2026-08-22,https://www.xiaohongshu.com/search_result/694a4e5a000000001b0315f8?xsec_token=ABIjVZ_p-g9_yIERiX75cLQFXlMDmghsy75VI2qZmGZfo=&xsec_source=,专业做到极致，领导pua你的管理沟通能力，如何接招,业务专业但被领导借口沟通能力或管理能力不足进行打压,领导说沟通能力差怎么反驳
2026-08-23,https://www.xiaohongshu.com/search_result/68ad8bdd000000001c03f5ad?xsec_token=ABT3bEFzZf3aL0c4V1XUKD43PwiFyCf_vE6jKNEml7jWM=&xsec_source=,如果是b，领导会说，你自己连目标都没有吗？自己不应该反思一下吗,向领导质疑绩效目标合理性并要求明确标准时，被领导反向PUA质问自身能力与态度,绩效目标太高怎么反驳领导PUA
2026-08-23,https://www.xiaohongshu.com/search_result/68ad8bdd000000001c03f5ad?xsec_token=ABT3bEFzZf3aL0c4V1XUKD43PwiFyCf_vE6jKNEml7jWM=&xsec_source=,您好，博主，我想请问一下要是我的组长给我打了C然后说我234月份表现不佳，56月份表现没问题，但是打C不影响我全年的评级，就提前和我说一下免得影响我积极性，上面是组长的原话，我后面查了一下公司关于绩效的说明发现如果连续两次打C的话公司会调岗降薪，关键是我是2月底才入职的公司，4月份转到这个组长下面，6月底转正的而且半年内变更了三次工作内容，这种情况我应该继续申诉嘛,入职半年频繁更换岗位职责，转正不久被下套打C且组长用虚假口头安抚掩盖调岗降薪风险,频繁换岗被打C要不要申诉
2026-08-23,https://www.xiaohongshu.com/search_result/6752d1b3000000000203aab8?xsec_token=AB0Wnc9UNb9YhuSUBhrKEEDL8uc0uNJqrWmMWfRHwq9L0=&xsec_source=,用流程来push back，别个人去顶就行。,面对不合理绩效目标不敢以个人身份正面顶撞领导，寻找制度或流程工具作为护身符反推,如何用流程反推不合理KPI
2026-08-23,https://www.xiaohongshu.com/search_result/6978c4c0000000000b011e92?xsec_token=ABcxaMN_pdcA4UCoxHwpc0SHcg9OuRUUFxku55QsrkP1w=&xsec_source=,新领导与旧领导不合，之前新领导负责其他地区，现在统管了。我被打上旧领导的标签。新领导直接说之前我的ppcd打的太高了，以后要给其他人轮流来，干的再好也没用。,新老领导交替被贴旧标签，沦为部门内轮流分配低绩效指标的牺牲品,新领导上任被轮流打低绩效
2026-08-23,https://www.xiaohongshu.com/search_result/68ad8bdd000000001c03f5ad?xsec_token=ABT3bEFzZf3aL0c4V1XUKD43PwiFyCf_vE6jKNEml7jWM=&xsec_source=,请问博主，公司依轮流评C，我工号第一个为由给我打C，半年奖一分没有，这种情况能仲裁吗,公司按工号排位/指标轮流强行打低绩效，导致奖金损失,公司轮流打C能仲裁吗
2026-08-23,https://www.xiaohongshu.com/search_result/6978c4c0000000000b011e92?xsec_token=ABcxaMN_pdcA4UCoxHwpc0SHcg9OuRUUFxku55QsrkP1w=&xsec_source=,2和3好像同时有 但感觉你无法叫醒一个装睡的人 ie老板没能力给团队涨资源 所以除了离职没其他解,边缘部门领导自身缺乏资源与话语权，下属做再多也无法改变低绩效结局,领导没资源绩效怎么谈
2026-08-23,https://www.xiaohongshu.com/search_result/681f0691000000000303a3d0?xsec_token=ABCnVVylPa49Wwwf5ZLjypMRgvQtSDOUdwH7SMBxAGwXA=&xsec_source=,硬钢之后领导不惹我了，但总觉得他在背后憋着坏，这种怎么避免被暗算？,正面硬刚后表面暂时相安无事，但缺乏防范领导背地穿小鞋/暗中捣鬼的具体应对手段,职场硬刚领导后怎么防暗算
2026-08-23,https://www.xiaohongshu.com/search_result/694a4e5a000000001b0315f8?xsec_token=ABIjVZ_p-g9_yIERiX75cLQO0PIeZ8kazint-0jlXk2sU=&xsec_source=,专业做到极致，领导pua你的管理沟通能力，如何接招,业务过硬无可挑剔，但被领导用无法量化的主观指标（沟通能力/管理沟通）作打压借口,领导拿沟通能力PUA你怎么反驳
2026-08-23,https://www.xiaohongshu.com/search_result/6802ef56000000001c004e70?xsec_token=ABmcpREBfabf4E-4yZO92UDiioy0V8QCE4a7cG46R4Kz4=&xsec_source=,在某企三级工资一线员工，每个月应发7000，在今年2月3月分别扣我4千，就说我24年12月底的绩效是按全额发，发多了，说我24年 绩效考核结果 C，要扣钱，但是24年已经提请劳动仲裁，请问我能赢吗？ 24年到年底没有年度考核标准，也没有员工的签字，25年3月10号发工资，扣钱了后面才告诉我去年绩效考核结果是C，也没有我的签字。我要求公司提供24年关于绩效考核的民主程序的证据，他们不回答。,公司事后强行打C扣钱且不给任何评定依据，员工追问证据时公司保持沉默拒绝回应,绩效打C不给依据被扣钱怎么办
2026-08-23,https://www.xiaohongshu.com/search_result/68d0320f000000000e022c0b?xsec_token=ABSiCysZ5HhsT4S1_y6woZl1tKXGEEiX3XcxjrwNusO08=&xsec_source=,你好，请问连续几个月被恶意降薪，每个月也回复了不认可金额，要求补足工资的邮件，公司无任何回复。请问下一步该怎么走？是仲裁要求讨回原来的金额还是要求赔偿金？谢谢,发邮件对降薪表达不认可后公司装聋作哑不回复,绩效异议邮件公司不回复怎么办
2026-08-23,https://www.xiaohongshu.com/search_result/68ad8bdd000000001c03f5ad?xsec_token=ABT3bEFzZf3aL0c4V1XUKD43PwiFyCf_vE6jKNEml7jWM=&xsec_source=,您里面提到的申诉是去哪里申诉呢？公司内部申诉还是一样的结果。,尝试走公司内部绩效申诉流程但流于形式无果,公司内部绩效申诉有用吗
2026-08-23,https://www.xiaohongshu.com/search_result/69982593000000000e03fa7c?xsec_token=ABfB440pe0u0Hpc_ViYSZB9wIwnKM-1F6iaeExU-DDQzw=&xsec_source=,留下仲裁记录找下份工作会不利,面对低绩效不敢轻易仲裁，担心影响后续跳槽背调,绩效仲裁会影响背调吗
2026-08-23,https://www.xiaohongshu.com/search_result/698f3405000000001503376a?xsec_token=ABkM2MRcxAeGvLiqBYWQk9h4ostE7gIwgSq4UUepInHTg=&xsec_source=,没有一个博主讲怎么主动出击，都是教人稳住心态，稳住心态没错，但是每年还是你的绩效最低，你是一直吃亏，利用阳谋阴谋算计他才是正解,盲目听信稳心态建议导致连续绩效垫底持续吃亏，缺乏主动防御与破解阳谋打压的手段,领导用阳谋打压你怎么反击
2026-08-23,https://www.xiaohongshu.com/search_result/698f3405000000001503376a?xsec_token=ABkM2MRcxAeGvLiqBYWQk9h4ostE7gIwgSq4UUepInHTg=&xsec_source=,那如果报销之类的程序反复卡你咋办，卡到真的没法工作了，都不是心态的问题了，是真的工作卡顿了,领导通过卡报销等日常行政流程实施隐形孤立，直接导致业务停滞与工作无法开展,领导卡报销流程怎么破
2026-08-23,https://www.xiaohongshu.com/search_result/6714e045000000001b0125f9?xsec_token=ABGmy81JVZEcza9Z5eBVX3PZ0K9ocl86tfifmhqsGDpEE=&xsec_source=,老板不发工资，我的活他找别人干，又让别人转交给我（就是明明他可以直接给我发微信讲的，但是他发给别人，让别人发给我）这种还有必要待吗？很久之前开会说现在谁离职他都批,领导拒绝直接沟通，故意通过中间同事转交工作实施冷暴力孤立与心理逼退,领导故意不和你直接沟通
2026-08-23,https://www.xiaohongshu.com/search_result/6a3538cc00000000060206f6?xsec_token=AB8ExxAlRaSUujw_MzX6z1_16aWbauAZxttnT0RHVKnsY=&xsec_source=,有能力当然不怕孤立，但是自身能力不太足又该怎么办呢,自身工作能力平平，无法依赖“提升不可替代性”这一常规方案来应对孤立,能力平平被领导孤立怎么办
2026-08-23,https://www.xiaohongshu.com/search_result/69afdb3b000000001600bbce?xsec_token=AB_Ikwr_oU4Dcge5T9H1i0waWA8ZU_BLGyAJXr95RjBbo=&xsec_source=,你不理他，他拿刀架脖子上呢？,面对采取极端人身威胁行为的小人无法抽身,遇到极端小人威胁怎么办
2026-08-23,https://www.xiaohongshu.com/search_result/69afdb3b000000001600bbce?xsec_token=AB_Ikwr_oU4Dcge5T9H1i0waWA8ZU_BLGyAJXr95RjBbo=&xsec_source=,别人跟风骂我丑，怎么办？我想远离，但谣言可怕。我直接骂回去，再释怀。,遭受群体造谣攻击且选择隐忍会被误认为懦弱,被造谣中伤不理会还是骂回去
2026-08-23,https://www.xiaohongshu.com/search_result/69afdb3b000000001600bbce?xsec_token=AB_Ikwr_oU4Dcge5T9H1i0waWA8ZU_BLGyAJXr95RjBbo=&xsec_source=,可偏偏我就是亲自去把所有都做了一遍（讲理 包容 忍让 温暖）才亲身验证了对方真的是这样的人，还被继续一次次诋毁。,尝试讲理包容后仍被持续诋毁且已经深陷局中,包容忍让后小人变本加厉怎么办
2026-08-23,https://www.xiaohongshu.com/search_result/681f5e00000000000303eb1d?xsec_token=ABCnVVylPa49Wwwf5ZLjypMbnIVEe5L8EepGT3TWBDYbs=&xsec_source=,如果是昨天刚发生，明天就是周一了，如果周一去了有体育课到时候好滴被骂求大师支招现在不敢去学校了,刚被孤立面临次日就要去学校/公司面对集体活动和公开排挤的极度恐慌期,明天要上班不敢去公司怎么办
2026-08-23,https://www.xiaohongshu.com/search_result/6714e045000000001b0125f9?xsec_token=ABGmy81JVZEcza9Z5eBVX3PZ0K9ocl86tfifmhqsGDpEE=&xsec_source=,就想安安静静的上个班，不想每天忍着恶心,每天进公司前就生理性厌恶但又迫于生计不得不维持出勤的隐忍状态,上班恶心内耗怎么调整心态
2026-08-23,https://www.xiaohongshu.com/search_result/67c318d5000000002903f44c?xsec_token=AB3eRkPiDwAjoYVmfm_3EfIV55XxFvdOuHBZ-TaXKJRm4=&xsec_source=,我是在那里，没人理我，他们在一边说说笑笑，叫奶茶，我融不进去。后来想通了，这工作轻松，我就只拿工资，我也不理他们，一个人玩,工位周围被小团体排挤、茶水间融不进去的日常边缘化状态,办公室被孤立一个人怎么熬过一天
2026-08-23,https://www.xiaohongshu.com/search_result/676ea5c9000000000800c4fa?xsec_token=ABMmd7KwxZlXc7QkqZUIUfxQQzvpkVLAOMhOfNwUb5aV0=&xsec_source=,有能力当然不怕孤立，但是自身能力不太足又该怎么办呢,自身能力一般且遭到同事孤立不知如何应对,能力不足被同事孤立怎么办
2026-08-23,https://www.xiaohongshu.com/search_result/676ea5c9000000000800c4fa?xsec_token=ABMmd7KwxZlXc7QkqZUIUfxQQzvpkVLAOMhOfNwUb5aV0=&xsec_source=,老师，那被小人去告状，领导也开始打压了，后面发现那个领导比小人还小人,遭同事恶意告状且领导联合打压,被同事告状领导打压怎么办
2026-08-23,https://www.xiaohongshu.com/search_result/68dbb26a000000000302e76a?xsec_token=ABWvdoXiHRdzUkga6s3M7z1Xy6J5CGqJtL8087HQgQ6Qw=&xsec_source=,想拿赔偿走人，但公司不辞退就是玩这些手段逼你走怎么办,公司通过恶意孤立手段逼迫员工主动离职以逃避赔偿,公司用孤立手段逼员工离职怎么办
2026-08-23,https://www.xiaohongshu.com/search_result/694fbacc000000001e029af0?xsec_token=ABvgxdy7XZSIeIan8M4kUzYz1rmSiX7qEBre-oGqx3zTs=&xsec_source=,不给工作，年底考核差评。冷板凳坐不住啊,被领导边缘化不给工作导致年底绩效考核垫底,被领导边缘化不给工作绩效垫底怎么办
2026-08-23,https://www.xiaohongshu.com/search_result/6714e045000000001b0125f9?xsec_token=ABGmy81JVZEcza9Z5eBVX3PZ0K9ocl86tfifmhqsGDpEE=&xsec_source=,姐妹们，你们是怎么应对的，没想到我31了，职场多年出来找新的工作被排挤了，刚开始是同事，后面找领导说明情况，他还觉得我不够主动，觉得我太放不开，然后现在领导也打压我，当众说我能力不行，说我是项目经理，这点问题都处理不了，其实就是嫌弃我不够强势，没有足够的资源，给我的项目要么就是之前做死了的要么就是一直存在的问题很难完成的，然后现在我觉得我认真做事就是个der ，人家不需要，招个人就觉得可以随便对待的，我本来想怼回去的，又暂时想不到什么，因为我跟他汇报的，他总是拿我没做的事情来怼我，我竖着汇报，他就横的来怼我，我都懒得出声了，现在做的也不开心，不知道应该怎么应对了,31岁跳槽新公司遭遇排挤和领导联合打压且被分配做死项目,新入职被领导和同事联合排挤怎么办
2026-08-24,https://www.xiaohongshu.com/search_result/68e1e8bd000000000301359b?xsec_token=ABAjkPi-adWny2upDcwGX4eAXULI15ixC4ZLRaUKxUR7o=&xsec_source=,可是面对低素质人群你不回应他就认为你好欺负，下次他还会欺负你，他们认知层高没这么高，还是得看情况，及时回怼，他就知道你也硬不好欺负，下次不敢惹你了,面对低素质人群不回应反而被当作软弱可欺,低素质人群怎么回怼
2026-08-24,https://www.xiaohongshu.com/search_result/68e1e8bd000000000301359b?xsec_token=ABAjkPi-adWny2upDcwGX4eAXULI15ixC4ZLRaUKxUR7o=&xsec_source=,遇到哪种不回应他他就得寸进尺欺负你的人怎么办,实行不回应策略后对方得寸进尺变本加厉,不回应得寸进尺怎么办
2026-08-24,https://www.xiaohongshu.com/search_result/68e1e8bd000000000301359b?xsec_token=ABAjkPi-adWny2upDcwGX4eAXULI15ixC4ZLRaUKxUR7o=&xsec_source=,那如果对方喋喋不休 就是要激怒你 就是要让你承认就是你的问题 不罢休的那种 该怎么办？也不回应吗,被对方喋喋不休故意激怒强行甩锅,被故意激怒怎么反击
2026-08-24,https://www.xiaohongshu.com/search_result/67b1c89c000000001800bc1f?xsec_token=ABPZq7llca2paRniOaeULCbCybdM0LSy_0x3NR9HRiEw4=&xsec_source=,还好看到了这段话，庆幸没有回应同事的恶意。办公室就我俩的时候，同事把计算器、订书机、办公手机、自己的茶杯……摔得啪啪响（安静的办公室，时不时的来声巨响，糟心!）有时候真想回应。但感觉纠缠不清，冤冤相报何时了。看了下面这段话，我更加坚定自己的内心。不搭理就完了，全部反弹,同事在办公室通过摔东西制造噪声进行被动攻击,同事故意摔东西阴阳怪气怎么办
2026-08-24,https://www.xiaohongshu.com/search_result/67b1c89c000000001800bc1f?xsec_token=ABPZq7llca2paRniOaeULCbCybdM0LSy_0x3NR9HRiEw4=&xsec_source=,能做到不回应，其实有个大前提，是本身就已经如如不动了。如果行为上不回应，可是内在已经被气得半死。这个时候，行为上可以不回应，而需要做的是去看自己的“动气”和觉察这个动气，进而治愈这个动气。不做这个自我疗愈的动作，外在动作上的不回应，内在更加憋闷住自己。无论外在是否回应，内在的如如不动是核心。如果内在如如不动，外在做回应回击，也是ok. 不回应更多是内在的不回应。,行为上强忍不回应但内心被气得半死憋闷内耗,不回应内耗严重怎么办
2026-08-24,https://www.xiaohongshu.com/search_result/677fbc60000000000b0213ba?xsec_token=AB-wqfSN_BqCZyAIrdzmPnUqroTaMaslbod8AWKqJpO04=&xsec_source=,碰到那种在领导面前上蹿下跳，领了活分给别人干的同事怎么办？,同事在领导面前揽功后把具体工作甩给他人,同事揽功甩锅怎么办
2026-08-24,https://www.xiaohongshu.com/search_result/677fbc60000000000b0213ba?xsec_token=AB-wqfSN_BqCZyAIrdzmPnUqroTaMaslbod8AWKqJpO04=&xsec_source=,请教大家，有个工作需要每个月联系别的部门领导填表，我作为小兵，一直都跟其他部门领导很尊敬客气的发信息，其他部门也都是让自己的下属填好了反馈给我。只有一个部门领导永远不回信息不反馈，我无论怎么发信息，甚至最后没办法了说大领导着急看这个表，对方都不回应，我打电话偶尔也接，态度很好说这就填，但是就是不发给我。,跨部门催工作对方领导口头答应但持续拖延不给,跨部门同事拖延配合怎么办
2026-08-24,https://www.xiaohongshu.com/search_result/6825fa3a0000000022029e5b?xsec_token=ABo979dg0d_JakTxtVtlUQKtQDN0E05v-KAHoRPEAS1nM=&xsec_source=,请问 升等级涨工资 强行被同事要求请客 算不算霸凌 算不算服从性测试 该如何应对呢,加薪升职后被同事强行要挟请客,被同事强行要求请客怎么拒绝
2026-08-24,https://www.xiaohongshu.com/search_result/6825fa3a0000000022029e5b?xsec_token=ABo979dg0d_JakTxtVtlUQKtQDN0E05v-KAHoRPEAS1nM=&xsec_source=,想反击又不想树敌，太难了，心里真憋屈,被同事越界打压想反击立界限又害怕树敌,职场立界限如何不树敌
2026-08-24,https://www.xiaohongshu.com/search_result/677fbc60000000000b0213ba?xsec_token=AB-wqfSN_BqCZyAIrdzmPnUqroTaMaslbod8AWKqJpO04=&xsec_source=,有的人她不是不干，简单的活干的时候每一步问你八遍，结果导致你自己都干不了了,同事通过装不会和频繁提问变相把工作推回给自己,同事装不会变相推卸工作怎么办
2026-08-24,https://www.xiaohongshu.com/search_result/692d5578000000001e03603e?xsec_token=ABMWZn9-thbApgrS1RMcAepVzg5mQV7xFm8jXwFUxTodM=&xsec_source=,第三个万一对方回怼:最起码我结婚了，我有后代了，你呢，打光棍，还没钱。,怼回去后对方不正面回应，反而转移话题上升到人身攻击与道德绑架,怼回去对方人身攻击怎么回
2026-08-24,https://www.xiaohongshu.com/search_result/68a81fcd000000001b03d1c8?xsec_token=AB8QiBTl5VierUHw5jSzkSTixhCwnrBvcqUc-cpQucx0I=&xsec_source=,我的经验，如果我沉默的话的，对面就会更嚣张:你看!他都不说话了，代表我说的是对的!他没办法反驳我!,尝试用沉默冷处理时，对方当场向旁人宣称自己胜出并以此为依据继续嚣张,沉默对方更嚣张怎么应对
2026-08-24,https://www.xiaohongshu.com/search_result/68a81fcd000000001b03d1c8?xsec_token=AB8QiBTl5VierUHw5jSzkSTixhCwnrBvcqUc-cpQucx0I=&xsec_source=,我试过用沉默，然后对方暴跳了起来，非常生气的说，喂，我在跟你说话。,尝试用不搭理来应对挑衅时，对方因被无视而气急败坏并当面逼迫回应,对方说喂我在跟你说话怎么回
2026-08-24,https://www.xiaohongshu.com/search_result/6966832f000000000a0291cb?xsec_token=AB56QnQbA7zpVe-W616xJebyKiDTJaW-gV5QwH-wldOIk=&xsec_source=,我有个朋友就是在职场一直默默忍受，有天突然爆发在群里指责同事，结果所有人都觉得她不可理喻，老板甚至觉得她是trouble maker，但她自己满腹委屈,长期默默忍受隐性霸凌后突然爆发，反而被老板和同事定性为trouble maker,职场被针对被当成trouble maker怎么办
2026-08-24,https://www.xiaohongshu.com/search_result/695f5cd8000000000b0080ee?xsec_token=ABj343CwTqawbvcrAxEkpKdLoC9BIkVlBjLmU-ndjVpaQ=&xsec_source=,你说的简直太真实了 我过去三年经历的就是这样一模一样 “miss communication”这次出来我真的气笑。不过我们是集体投诉 有工会 有third party investigation，还是耗了两年，直到工会通知公司一个月之内这人还在，就要legal action了。两周后，这人终于被开了。,向公司或HR投诉霸凌被用“沟通误解”定性敷衍拖延,找HR投诉被说是误会怎么办
2026-08-24,https://www.xiaohongshu.com/search_result/6a3f6c90000000002103e691?xsec_token=ABcOVXPzCS70dqRb2ZrnWFbEhUNL8mjNp4sPaO-V7Keeg=&xsec_source=,我现在遇到的就是这个情况 然后我已经適応障害了 问题是你可以自保 可以走 但是你走是要成本的啊 不是能立刻找到下家 也不一定能保证找到好的下家 还要自己准备面试 而且下家不一定在你住的范围周边 保不齐还要搬家 太多成本了啊,遭受霸凌已被逼出心理问题，但因找不到下家和离职成本过高而无法离开,被职场霸凌但没法立刻离职怎么办
2026-08-24,https://www.xiaohongshu.com/search_result/6966832f000000000a0291cb?xsec_token=AB56QnQbA7zpVe-W616xJebyKiDTJaW-gV5QwH-wldOIk=&xsec_source=,如果面对职场有人穿小鞋，周围的吹狗哨精神bully这种行为是不是也可以用这种方式，实在是很难想象会有人说yes但也不知道怎么能阻止这种行为,面对同事穿小鞋和吹狗哨精神霸凌，无确凿证据无法阻止,职场被吹狗哨穿小鞋怎么反击
2026-08-24,https://www.xiaohongshu.com/search_result/670f3aac000000001402f6ed?xsec_token=ABBaZB92wE9gsp9NTq_Hg0C0g_764Gcru2TH3FKDVWjI4=&xsec_source=,我吃饭也一个人吃，同事有群也不加我，他们聊天的内容我都不知道，点奶茶也不叫我，但是在这不用加班，交社保，跳槽也烦，只能苟活,职场日常社交（用餐、小群、点奶茶）被全员排斥，但因岗位不加班且有社保不敢轻易跳槽,被同事孤立但不敢辞职怎么办
2026-08-24,https://www.xiaohongshu.com/search_result/67ac4a280000000029036692?xsec_token=AB6tLLM5fPFZieWIus-VDCqpqiy962oERrL3e7qrO08c4=&xsec_source=,领导隔三差五不回消息，群里@，单独私信，都已读不回，当面沟通，就说太忙了，有更重要的事，从一月到现在，好多次了，我真的受不了了,被直属领导长期已读不回消息、当面敷衍冷暴力,领导故意已读不回消息怎么应对
2026-08-24,https://www.xiaohongshu.com/search_result/67ac4a280000000029036692?xsec_token=AB6tLLM5fPFZieWIus-VDCqpqiy962oERrL3e7qrO08c4=&xsec_source=,现在真的每天都在消耗，心悸，38了有种被公司卸磨杀驴的感觉，天天逼你主动提离职,大龄员工遭受公司冷暴力逼迫主动离职,38岁被公司逼迫主动离职怎么办
2026-08-24,https://www.xiaohongshu.com/search_result/670f3aac000000001402f6ed?xsec_token=ABBaZB92wE9gsp9NTq_Hg0C0g_764Gcru2TH3FKDVWjI4=&xsec_source=,正在被孤立，被搞小动作。还没走。 因为交际花（会聊，职级也高，有权有势）事先挑起战争，我正经应对。空降的领导也得靠他巩固地位，当时不出声，默认她的做法。 再加上领导会有事没事当众挑我毛病，大家就开始站队啊，谁都能来踩一脚。 在自己身上找原因的话，一是岗位没什么价值，二是遇到事我会反馈，反馈几次没人管，我就随缘。三，我不是咋咋呼呼的性格，也不会在领导面前说别人不好（太多了）。,在团队中被高职级交际花与新领导联合站队打压排挤,被领导和同事联合排挤怎么破
2026-08-24,https://www.xiaohongshu.com/search_result/67583531000000000603949c?xsec_token=ABDZA00R4ZGt_GIbtUvSFDUQm6Y_Uk5rRfgXwoh7QKscE=&xsec_source=,那如果老板直接说你做的不好呢？频繁的打压你无视你呢？,在职场遭老板直接批评打压或冷暴力无视,被老板打压怎么平静回应
2026-08-24,https://www.xiaohongshu.com/search_result/67288a5e0000000019015de3?xsec_token=ABHGD2tiNRa4TM__I6-TYGDM8BQffFmDPqvWLtToYi6-0=&xsec_source=,刚到职场，本来就是非常社恐的人，回什么消息该怎么说话，打电话该用什么样的语气都要斟酌半天，。处理一件事情都要问东问西，问了怕别人觉得我烦，不问心里又不安。就比如说我刚进这个单位，上面的领导让我核实回复一件事情，我不知道该怎么处理，我就去问我科室的主任，但由于我在外面党校培训学习，来不及赶回去，我只能发消息给主任，但是主任从下午就没回我了。我心里就一直在想，主任是不是觉得我烦，早上给他发了去党校消息，他回了，是不是下午嫌我烦。又在想是不是这件事情没有那么紧急，所以他觉得回不回无所谓，想让我星期一再去做。这样的情绪让我这一个下午乃至现在都很难受。不知道怎么克服自己这种心理，或者说我要怎么样做才对。,职场新人发消息给领导未获回复陷入严重猜疑恐慌,领导不回微信怎么克服内耗
2026-08-24,https://www.xiaohongshu.com/search_result/67288a5e0000000019015de3?xsec_token=ABHGD2tiNRa4TM__I6-TYGDM8BQffFmDPqvWLtToYi6-0=&xsec_source=,但是我觉得好奇怪呀，这种问题的帖子明明标题都是“如何解决”这种内耗，但给出的办法却总是“去忍受”，那不就是没解决吗？就是说让自己泡在这种内耗里等着被时间治愈？,阅读干货后发现全在教精神忍耐而缺少实操破局动作,
2026-08-24,https://www.xiaohongshu.com/search_result/67583531000000000603949c?xsec_token=ABDZA00R4ZGt_GIbtUvSFDUQm6Y_Uk5rRfgXwoh7QKscE=&xsec_source=,我是执法站发违章号的，因为上次有个人想投诉我，导致发错号了。接下来几天我发号都在想，我发错了吗，这样处理行不行呢，感觉自己挺害怕的。甚至因为那次发错号，导致这有个同事不信任我了，本来我可以长时间在那发号，因为那件事，只要他在，就他发号了,工作失误后陷入持续自我怀疑并面临同事的不信任,工作失误后陷入自我怀疑怎么办
2026-08-24,https://www.xiaohongshu.com/search_result/676ea5c9000000000800c4fa?xsec_token=ABMmd7KwxZlXc7QkqZUIUfxSX4-Z7lBOmXjk672IWU-Bc=&xsec_source=,老师，那被小人去告状，领导也开始打压了，后面发现那个领导比小人还小人,向领导告状后领导加入打压行列,向领导告状后领导跟着打压怎么办
2026-08-24,https://www.xiaohongshu.com/search_result/66a268b3000000000500778d?xsec_token=ABwTpSMFypwguB6kROzTDCXw5ktFqrutWoH0UjZrvBEmc=&xsec_source=,但是如果每天都有工作要打交道怎么ban,每天必须工作对接但遇到讨厌同事无法彻底远离,每天要打交道的同事讨厌怎么处理
2026-08-24,https://www.xiaohongshu.com/search_result/6869141a000000001d00e57f?xsec_token=AB_K1X1AUFFMc1akVvGz1Cev1cNp8Fy5gWEkBwmZXIGEA=&xsec_source=,经常回过头才反应过来自己没发挥好,当场被冒犯时大脑宕机无法及时反应事后陷入懊恼,当场被冒犯没发挥好怎么办
2026-08-24,https://www.xiaohongshu.com/search_result/691ac226000000000700802e?xsec_token=ABl_2J-veqzh7UENk5kLvSC7sWqxgmsFEXAEZOxjD93Wk=&xsec_source=,这个人是你每天工作对接的+1怎么办,每天必须工作对接的人经常言语冒犯但无法撕破脸,每天工作对接的人冒犯我怎么办
2026-08-24,https://www.xiaohongshu.com/search_result/68f202d3000000000501242f?xsec_token=ABo626Kyma7LvkdnLZT_VaHoFAT_8fqIvSdKSim0s5qiM=&xsec_source=,感觉这个不适用于我被领导骂了啊,面对直属领导当众批评时无法套用平级回击话术,被领导当众骂了怎么回怼
2026-08-24,https://www.xiaohongshu.com/search_result/69e3554a0000000023024f7c?xsec_token=ABh3qgHxAi1UbiKdt7RGo76Dn0xACFQJABDjddL6Yv-2g=&xsec_source=,在房间外面指桑骂槐怎么解，有一点不如她意就这样,同事不在当面指责而是在暗处指桑骂槐,同事暗地里指桑骂槐怎么反击
2026-08-24,https://www.xiaohongshu.com/search_result/681c6da0000000000303af64?xsec_token=ABPWjEIy5kW4zKsfuFi_midEA4F8Sl2bxeSANBFZKUets=&xsec_source=,你好 我同事一直追问我什么时侯领证？出去玩问我是不是度蜜月？我都很老实解释回复为什么还没领证，出去玩是和朋友。对方反而还很不高兴。该怎么回复,面对同事越界打听隐私并因老实解释陷入被动,同事打听隐私怎么高情商拒绝
